ISO-10303-21;
HEADER;
FILE_DESCRIPTION(('FreeCAD Model'),'2;1');
FILE_NAME('Open CASCADE Shape Model','2026-05-21T14:45:49',('Author'),(
    ''),'Open CASCADE STEP processor 7.8','FreeCAD','Unknown');
FILE_SCHEMA(('AUTOMOTIVE_DESIGN { 1 0 10303 214 1 1 1 1 }'));
ENDSEC;
DATA;
#1 = APPLICATION_PROTOCOL_DEFINITION('international standard',
  'automotive_design',2000,#2);
#2 = APPLICATION_CONTEXT(
  'core data for automotive mechanical design processes');
#3 = SHAPE_DEFINITION_REPRESENTATION(#4,#10);
#4 = PRODUCT_DEFINITION_SHAPE('','',#5);
#5 = PRODUCT_DEFINITION('design','',#6,#9);
#6 = PRODUCT_DEFINITION_FORMATION('','',#7);
#7 = PRODUCT('Unnamed','Unnamed','',(#8));
#8 = PRODUCT_CONTEXT('',#2,'mechanical');
#9 = PRODUCT_DEFINITION_CONTEXT('part definition',#2,'design');
#10 = SHAPE_REPRESENTATION('',(#11,#15,#19,#23,#27,#31,#35,#39,#43,#47,
    #51,#55,#59,#63,#67,#71,#75,#79,#83,#87,#91,#95,#99,#103,#107,#111,
    #115,#119),#123);
#11 = AXIS2_PLACEMENT_3D('',#12,#13,#14);
#12 = CARTESIAN_POINT('',(0.,0.,0.));
#13 = DIRECTION('',(0.,0.,1.));
#14 = DIRECTION('',(1.,0.,-0.));
#15 = AXIS2_PLACEMENT_3D('',#16,#17,#18);
#16 = CARTESIAN_POINT('',(0.,0.,0.));
#17 = DIRECTION('',(0.,0.,1.));
#18 = DIRECTION('',(1.,0.,0.));
#19 = AXIS2_PLACEMENT_3D('',#20,#21,#22);
#20 = CARTESIAN_POINT('',(0.,0.,0.));
#21 = DIRECTION('',(0.,0.,1.));
#22 = DIRECTION('',(1.,0.,0.));
#23 = AXIS2_PLACEMENT_3D('',#24,#25,#26);
#24 = CARTESIAN_POINT('',(0.,0.,0.));
#25 = DIRECTION('',(0.,0.,1.));
#26 = DIRECTION('',(1.,0.,0.));
#27 = AXIS2_PLACEMENT_3D('',#28,#29,#30);
#28 = CARTESIAN_POINT('',(0.,0.,0.));
#29 = DIRECTION('',(0.,0.,1.));
#30 = DIRECTION('',(1.,0.,0.));
#31 = AXIS2_PLACEMENT_3D('',#32,#33,#34);
#32 = CARTESIAN_POINT('',(0.,0.,0.));
#33 = DIRECTION('',(0.,0.,1.));
#34 = DIRECTION('',(1.,0.,0.));
#35 = AXIS2_PLACEMENT_3D('',#36,#37,#38);
#36 = CARTESIAN_POINT('',(0.,0.,0.));
#37 = DIRECTION('',(0.,0.,1.));
#38 = DIRECTION('',(1.,0.,0.));
#39 = AXIS2_PLACEMENT_3D('',#40,#41,#42);
#40 = CARTESIAN_POINT('',(0.,0.,0.));
#41 = DIRECTION('',(0.,0.,1.));
#42 = DIRECTION('',(1.,0.,0.));
#43 = AXIS2_PLACEMENT_3D('',#44,#45,#46);
#44 = CARTESIAN_POINT('',(0.,0.,0.));
#45 = DIRECTION('',(0.,0.,1.));
#46 = DIRECTION('',(1.,0.,0.));
#47 = AXIS2_PLACEMENT_3D('',#48,#49,#50);
#48 = CARTESIAN_POINT('',(0.,0.,0.));
#49 = DIRECTION('',(0.,0.,1.));
#50 = DIRECTION('',(1.,0.,0.));
#51 = AXIS2_PLACEMENT_3D('',#52,#53,#54);
#52 = CARTESIAN_POINT('',(0.,0.,0.));
#53 = DIRECTION('',(0.,0.,1.));
#54 = DIRECTION('',(1.,0.,0.));
#55 = AXIS2_PLACEMENT_3D('',#56,#57,#58);
#56 = CARTESIAN_POINT('',(0.,0.,0.));
#57 = DIRECTION('',(0.,0.,1.));
#58 = DIRECTION('',(1.,0.,0.));
#59 = AXIS2_PLACEMENT_3D('',#60,#61,#62);
#60 = CARTESIAN_POINT('',(0.,0.,0.));
#61 = DIRECTION('',(0.,0.,1.));
#62 = DIRECTION('',(1.,0.,0.));
#63 = AXIS2_PLACEMENT_3D('',#64,#65,#66);
#64 = CARTESIAN_POINT('',(0.,0.,0.));
#65 = DIRECTION('',(0.,0.,1.));
#66 = DIRECTION('',(1.,0.,0.));
#67 = AXIS2_PLACEMENT_3D('',#68,#69,#70);
#68 = CARTESIAN_POINT('',(0.,0.,0.));
#69 = DIRECTION('',(0.,0.,1.));
#70 = DIRECTION('',(1.,0.,0.));
#71 = AXIS2_PLACEMENT_3D('',#72,#73,#74);
#72 = CARTESIAN_POINT('',(0.,0.,0.));
#73 = DIRECTION('',(0.,0.,1.));
#74 = DIRECTION('',(1.,0.,0.));
#75 = AXIS2_PLACEMENT_3D('',#76,#77,#78);
#76 = CARTESIAN_POINT('',(0.,0.,0.));
#77 = DIRECTION('',(0.,0.,1.));
#78 = DIRECTION('',(1.,0.,0.));
#79 = AXIS2_PLACEMENT_3D('',#80,#81,#82);
#80 = CARTESIAN_POINT('',(0.,0.,0.));
#81 = DIRECTION('',(0.,0.,1.));
#82 = DIRECTION('',(1.,0.,0.));
#83 = AXIS2_PLACEMENT_3D('',#84,#85,#86);
#84 = CARTESIAN_POINT('',(0.,0.,0.));
#85 = DIRECTION('',(0.,0.,1.));
#86 = DIRECTION('',(1.,0.,0.));
#87 = AXIS2_PLACEMENT_3D('',#88,#89,#90);
#88 = CARTESIAN_POINT('',(0.,0.,0.));
#89 = DIRECTION('',(0.,0.,1.));
#90 = DIRECTION('',(1.,0.,0.));
#91 = AXIS2_PLACEMENT_3D('',#92,#93,#94);
#92 = CARTESIAN_POINT('',(0.,0.,0.));
#93 = DIRECTION('',(0.,0.,1.));
#94 = DIRECTION('',(1.,0.,0.));
#95 = AXIS2_PLACEMENT_3D('',#96,#97,#98);
#96 = CARTESIAN_POINT('',(0.,0.,0.));
#97 = DIRECTION('',(0.,0.,1.));
#98 = DIRECTION('',(1.,0.,0.));
#99 = AXIS2_PLACEMENT_3D('',#100,#101,#102);
#100 = CARTESIAN_POINT('',(0.,0.,0.));
#101 = DIRECTION('',(0.,0.,1.));
#102 = DIRECTION('',(1.,0.,0.));
#103 = AXIS2_PLACEMENT_3D('',#104,#105,#106);
#104 = CARTESIAN_POINT('',(0.,0.,0.));
#105 = DIRECTION('',(0.,0.,1.));
#106 = DIRECTION('',(1.,0.,0.));
#107 = AXIS2_PLACEMENT_3D('',#108,#109,#110);
#108 = CARTESIAN_POINT('',(0.,0.,0.));
#109 = DIRECTION('',(0.,0.,1.));
#110 = DIRECTION('',(1.,0.,0.));
#111 = AXIS2_PLACEMENT_3D('',#112,#113,#114);
#112 = CARTESIAN_POINT('',(0.,0.,0.));
#113 = DIRECTION('',(0.,0.,1.));
#114 = DIRECTION('',(1.,0.,0.));
#115 = AXIS2_PLACEMENT_3D('',#116,#117,#118);
#116 = CARTESIAN_POINT('',(0.,0.,0.));
#117 = DIRECTION('',(0.,0.,1.));
#118 = DIRECTION('',(1.,0.,0.));
#119 = AXIS2_PLACEMENT_3D('',#120,#121,#122);
#120 = CARTESIAN_POINT('',(0.,0.,0.));
#121 = DIRECTION('',(0.,0.,1.));
#122 = DIRECTION('',(1.,0.,0.));
#123 = ( GEOMETRIC_REPRESENTATION_CONTEXT(3) 
GLOBAL_UNCERTAINTY_ASSIGNED_CONTEXT((#127)) GLOBAL_UNIT_ASSIGNED_CONTEXT
((#124,#125,#126)) REPRESENTATION_CONTEXT('Context #1',
  '3D Context with UNIT and UNCERTAINTY') );
#124 = ( LENGTH_UNIT() NAMED_UNIT(*) SI_UNIT(.MILLI.,.METRE.) );
#125 = ( NAMED_UNIT(*) PLANE_ANGLE_UNIT() SI_UNIT($,.RADIAN.) );
#126 = ( NAMED_UNIT(*) SI_UNIT($,.STERADIAN.) SOLID_ANGLE_UNIT() );
#127 = UNCERTAINTY_MEASURE_WITH_UNIT(LENGTH_MEASURE(1.E-07),#124,
  'distance_accuracy_value','confusion accuracy');
#128 = PRODUCT_RELATED_PRODUCT_CATEGORY('part',$,(#7));
#129 = SHAPE_DEFINITION_REPRESENTATION(#130,#136);
#130 = PRODUCT_DEFINITION_SHAPE('','',#131);
#131 = PRODUCT_DEFINITION('design','',#132,#135);
#132 = PRODUCT_DEFINITION_FORMATION('','',#133);
#133 = PRODUCT('Y-junction v025','Y-junction v025','',(#134));
#134 = PRODUCT_CONTEXT('',#2,'mechanical');
#135 = PRODUCT_DEFINITION_CONTEXT('part definition',#2,'design');
#136 = ADVANCED_BREP_SHAPE_REPRESENTATION('',(#11,#137),#287);
#137 = MANIFOLD_SOLID_BREP('',#138);
#138 = CLOSED_SHELL('',(#139,#179,#210,#241,#263,#275));
#139 = ADVANCED_FACE('',(#140),#174,.T.);
#140 = FACE_BOUND('',#141,.T.);
#141 = EDGE_LOOP('',(#142,#152,#160,#168));
#142 = ORIENTED_EDGE('',*,*,#143,.T.);
#143 = EDGE_CURVE('',#144,#146,#148,.T.);
#144 = VERTEX_POINT('',#145);
#145 = CARTESIAN_POINT('',(2.20091034656,3.E-02,-2.258038475775));
#146 = VERTEX_POINT('',#147);
#147 = CARTESIAN_POINT('',(2.252910346559,3.E-02,-2.167971833781));
#148 = LINE('',#149,#150);
#149 = CARTESIAN_POINT('',(2.20091034656,3.E-02,-2.258038475775));
#150 = VECTOR('',#151,1.);
#151 = DIRECTION('',(0.499999999991,0.,0.86602540379));
#152 = ORIENTED_EDGE('',*,*,#153,.T.);
#153 = EDGE_CURVE('',#146,#154,#156,.T.);
#154 = VERTEX_POINT('',#155);
#155 = CARTESIAN_POINT('',(2.252910346559,4.E-02,-2.167971833781));
#156 = LINE('',#157,#158);
#157 = CARTESIAN_POINT('',(2.252910346559,3.E-02,-2.167971833781));
#158 = VECTOR('',#159,1.);
#159 = DIRECTION('',(0.,1.,0.));
#160 = ORIENTED_EDGE('',*,*,#161,.F.);
#161 = EDGE_CURVE('',#162,#154,#164,.T.);
#162 = VERTEX_POINT('',#163);
#163 = CARTESIAN_POINT('',(2.20091034656,4.E-02,-2.258038475775));
#164 = LINE('',#165,#166);
#165 = CARTESIAN_POINT('',(2.20091034656,4.E-02,-2.258038475775));
#166 = VECTOR('',#167,1.);
#167 = DIRECTION('',(0.499999999991,0.,0.86602540379));
#168 = ORIENTED_EDGE('',*,*,#169,.F.);
#169 = EDGE_CURVE('',#144,#162,#170,.T.);
#170 = LINE('',#171,#172);
#171 = CARTESIAN_POINT('',(2.20091034656,3.E-02,-2.258038475775));
#172 = VECTOR('',#173,1.);
#173 = DIRECTION('',(0.,1.,0.));
#174 = PLANE('',#175);
#175 = AXIS2_PLACEMENT_3D('',#176,#177,#178);
#176 = CARTESIAN_POINT('',(2.20091034656,3.E-02,-2.258038475775));
#177 = DIRECTION('',(-0.86602540379,0.,0.499999999991));
#178 = DIRECTION('',(0.499999999991,0.,0.86602540379));
#179 = ADVANCED_FACE('',(#180),#205,.T.);
#180 = FACE_BOUND('',#181,.T.);
#181 = EDGE_LOOP('',(#182,#190,#191,#199));
#182 = ORIENTED_EDGE('',*,*,#183,.T.);
#183 = EDGE_CURVE('',#184,#144,#186,.T.);
#184 = VERTEX_POINT('',#185);
#185 = CARTESIAN_POINT('',(2.261532124825,3.E-02,-2.293038475774));
#186 = LINE('',#187,#188);
#187 = CARTESIAN_POINT('',(2.261532124825,3.E-02,-2.293038475774));
#188 = VECTOR('',#189,1.);
#189 = DIRECTION('',(-0.86602540379,0.,0.499999999991));
#190 = ORIENTED_EDGE('',*,*,#169,.T.);
#191 = ORIENTED_EDGE('',*,*,#192,.F.);
#192 = EDGE_CURVE('',#193,#162,#195,.T.);
#193 = VERTEX_POINT('',#194);
#194 = CARTESIAN_POINT('',(2.261532124825,4.E-02,-2.293038475774));
#195 = LINE('',#196,#197);
#196 = CARTESIAN_POINT('',(2.261532124825,4.E-02,-2.293038475774));
#197 = VECTOR('',#198,1.);
#198 = DIRECTION('',(-0.86602540379,0.,0.499999999991));
#199 = ORIENTED_EDGE('',*,*,#200,.F.);
#200 = EDGE_CURVE('',#184,#193,#201,.T.);
#201 = LINE('',#202,#203);
#202 = CARTESIAN_POINT('',(2.261532124825,3.E-02,-2.293038475774));
#203 = VECTOR('',#204,1.);
#204 = DIRECTION('',(0.,1.,0.));
#205 = PLANE('',#206);
#206 = AXIS2_PLACEMENT_3D('',#207,#208,#209);
#207 = CARTESIAN_POINT('',(2.261532124825,3.E-02,-2.293038475774));
#208 = DIRECTION('',(-0.499999999991,0.,-0.86602540379));
#209 = DIRECTION('',(-0.86602540379,0.,0.499999999991));
#210 = ADVANCED_FACE('',(#211),#236,.T.);
#211 = FACE_BOUND('',#212,.T.);
#212 = EDGE_LOOP('',(#213,#221,#222,#230));
#213 = ORIENTED_EDGE('',*,*,#214,.T.);
#214 = EDGE_CURVE('',#215,#184,#217,.T.);
#215 = VERTEX_POINT('',#216);
#216 = CARTESIAN_POINT('',(2.313532124825,3.E-02,-2.202971833781));
#217 = LINE('',#218,#219);
#218 = CARTESIAN_POINT('',(2.313532124825,3.E-02,-2.202971833781));
#219 = VECTOR('',#220,1.);
#220 = DIRECTION('',(-0.499999999998,0.,-0.866025403786));
#221 = ORIENTED_EDGE('',*,*,#200,.T.);
#222 = ORIENTED_EDGE('',*,*,#223,.F.);
#223 = EDGE_CURVE('',#224,#193,#226,.T.);
#224 = VERTEX_POINT('',#225);
#225 = CARTESIAN_POINT('',(2.313532124825,4.E-02,-2.202971833781));
#226 = LINE('',#227,#228);
#227 = CARTESIAN_POINT('',(2.313532124825,4.E-02,-2.202971833781));
#228 = VECTOR('',#229,1.);
#229 = DIRECTION('',(-0.499999999998,0.,-0.866025403786));
#230 = ORIENTED_EDGE('',*,*,#231,.F.);
#231 = EDGE_CURVE('',#215,#224,#232,.T.);
#232 = LINE('',#233,#234);
#233 = CARTESIAN_POINT('',(2.313532124825,3.E-02,-2.202971833781));
#234 = VECTOR('',#235,1.);
#235 = DIRECTION('',(0.,1.,0.));
#236 = PLANE('',#237);
#237 = AXIS2_PLACEMENT_3D('',#238,#239,#240);
#238 = CARTESIAN_POINT('',(2.313532124825,3.E-02,-2.202971833781));
#239 = DIRECTION('',(0.866025403786,0.,-0.499999999998));
#240 = DIRECTION('',(-0.499999999998,0.,-0.866025403786));
#241 = ADVANCED_FACE('',(#242),#258,.T.);
#242 = FACE_BOUND('',#243,.T.);
#243 = EDGE_LOOP('',(#244,#250,#251,#257));
#244 = ORIENTED_EDGE('',*,*,#245,.T.);
#245 = EDGE_CURVE('',#146,#215,#246,.T.);
#246 = LINE('',#247,#248);
#247 = CARTESIAN_POINT('',(2.252910346559,3.E-02,-2.167971833781));
#248 = VECTOR('',#249,1.);
#249 = DIRECTION('',(0.866025403789,0.,-0.499999999991));
#250 = ORIENTED_EDGE('',*,*,#231,.T.);
#251 = ORIENTED_EDGE('',*,*,#252,.F.);
#252 = EDGE_CURVE('',#154,#224,#253,.T.);
#253 = LINE('',#254,#255);
#254 = CARTESIAN_POINT('',(2.252910346559,4.E-02,-2.167971833781));
#255 = VECTOR('',#256,1.);
#256 = DIRECTION('',(0.866025403789,0.,-0.499999999991));
#257 = ORIENTED_EDGE('',*,*,#153,.F.);
#258 = PLANE('',#259);
#259 = AXIS2_PLACEMENT_3D('',#260,#261,#262);
#260 = CARTESIAN_POINT('',(2.252910346559,3.E-02,-2.167971833781));
#261 = DIRECTION('',(0.499999999991,0.,0.866025403789));
#262 = DIRECTION('',(0.866025403789,0.,-0.499999999991));
#263 = ADVANCED_FACE('',(#264),#270,.T.);
#264 = FACE_BOUND('',#265,.T.);
#265 = EDGE_LOOP('',(#266,#267,#268,#269));
#266 = ORIENTED_EDGE('',*,*,#252,.T.);
#267 = ORIENTED_EDGE('',*,*,#223,.T.);
#268 = ORIENTED_EDGE('',*,*,#192,.T.);
#269 = ORIENTED_EDGE('',*,*,#161,.T.);
#270 = PLANE('',#271);
#271 = AXIS2_PLACEMENT_3D('',#272,#273,#274);
#272 = CARTESIAN_POINT('',(2.257221235693,4.E-02,-2.230505154778));
#273 = DIRECTION('',(0.,1.,0.));
#274 = DIRECTION('',(0.,-0.,1.));
#275 = ADVANCED_FACE('',(#276),#282,.F.);
#276 = FACE_BOUND('',#277,.T.);
#277 = EDGE_LOOP('',(#278,#279,#280,#281));
#278 = ORIENTED_EDGE('',*,*,#245,.F.);
#279 = ORIENTED_EDGE('',*,*,#143,.F.);
#280 = ORIENTED_EDGE('',*,*,#183,.F.);
#281 = ORIENTED_EDGE('',*,*,#214,.F.);
#282 = PLANE('',#283);
#283 = AXIS2_PLACEMENT_3D('',#284,#285,#286);
#284 = CARTESIAN_POINT('',(2.257221235693,3.E-02,-2.230505154778));
#285 = DIRECTION('',(0.,1.,0.));
#286 = DIRECTION('',(1.,0.,0.));
#287 = ( GEOMETRIC_REPRESENTATION_CONTEXT(3) 
GLOBAL_UNCERTAINTY_ASSIGNED_CONTEXT((#291)) GLOBAL_UNIT_ASSIGNED_CONTEXT
((#288,#289,#290)) REPRESENTATION_CONTEXT('Context #1',
  '3D Context with UNIT and UNCERTAINTY') );
#288 = ( LENGTH_UNIT() NAMED_UNIT(*) SI_UNIT(.MILLI.,.METRE.) );
#289 = ( NAMED_UNIT(*) PLANE_ANGLE_UNIT() SI_UNIT($,.RADIAN.) );
#290 = ( NAMED_UNIT(*) SI_UNIT($,.STERADIAN.) SOLID_ANGLE_UNIT() );
#291 = UNCERTAINTY_MEASURE_WITH_UNIT(LENGTH_MEASURE(1.E-07),#288,
  'distance_accuracy_value','confusion accuracy');
#292 = CONTEXT_DEPENDENT_SHAPE_REPRESENTATION(#293,#295);
#293 = ( REPRESENTATION_RELATIONSHIP('','',#136,#10) 
REPRESENTATION_RELATIONSHIP_WITH_TRANSFORMATION(#294) 
SHAPE_REPRESENTATION_RELATIONSHIP() );
#294 = ITEM_DEFINED_TRANSFORMATION('','',#11,#15);
#295 = PRODUCT_DEFINITION_SHAPE('Placement','Placement of an item',#296
  );
#296 = NEXT_ASSEMBLY_USAGE_OCCURRENCE('1','Y-junction v025','',#5,#131,$
  );
#297 = PRODUCT_RELATED_PRODUCT_CATEGORY('part',$,(#133));
#298 = SHAPE_DEFINITION_REPRESENTATION(#299,#305);
#299 = PRODUCT_DEFINITION_SHAPE('','',#300);
#300 = PRODUCT_DEFINITION('design','',#301,#304);
#301 = PRODUCT_DEFINITION_FORMATION('','',#302);
#302 = PRODUCT('Y-junction v032','Y-junction v032','',(#303));
#303 = PRODUCT_CONTEXT('',#2,'mechanical');
#304 = PRODUCT_DEFINITION_CONTEXT('part definition',#2,'design');
#305 = ADVANCED_BREP_SHAPE_REPRESENTATION('',(#11,#306),#456);
#306 = MANIFOLD_SOLID_BREP('',#307);
#307 = CLOSED_SHELL('',(#308,#348,#379,#410,#432,#444));
#308 = ADVANCED_FACE('',(#309),#343,.T.);
#309 = FACE_BOUND('',#310,.T.);
#310 = EDGE_LOOP('',(#311,#321,#329,#337));
#311 = ORIENTED_EDGE('',*,*,#312,.T.);
#312 = EDGE_CURVE('',#313,#315,#317,.T.);
#313 = VERTEX_POINT('',#314);
#314 = CARTESIAN_POINT('',(2.326484030109,3.E-02,-2.330538475774));
#315 = VERTEX_POINT('',#316);
#316 = CARTESIAN_POINT('',(2.265862251844,3.E-02,-2.295538475774));
#317 = LINE('',#318,#319);
#318 = CARTESIAN_POINT('',(2.326484030109,3.E-02,-2.330538475774));
#319 = VECTOR('',#320,1.);
#320 = DIRECTION('',(-0.866025403789,0.,0.499999999991));
#321 = ORIENTED_EDGE('',*,*,#322,.T.);
#322 = EDGE_CURVE('',#315,#323,#325,.T.);
#323 = VERTEX_POINT('',#324);
#324 = CARTESIAN_POINT('',(2.265862251844,4.E-02,-2.295538475774));
#325 = LINE('',#326,#327);
#326 = CARTESIAN_POINT('',(2.265862251844,3.E-02,-2.295538475774));
#327 = VECTOR('',#328,1.);
#328 = DIRECTION('',(0.,1.,0.));
#329 = ORIENTED_EDGE('',*,*,#330,.F.);
#330 = EDGE_CURVE('',#331,#323,#333,.T.);
#331 = VERTEX_POINT('',#332);
#332 = CARTESIAN_POINT('',(2.326484030109,4.E-02,-2.330538475774));
#333 = LINE('',#334,#335);
#334 = CARTESIAN_POINT('',(2.326484030109,4.E-02,-2.330538475774));
#335 = VECTOR('',#336,1.);
#336 = DIRECTION('',(-0.866025403789,0.,0.499999999991));
#337 = ORIENTED_EDGE('',*,*,#338,.F.);
#338 = EDGE_CURVE('',#313,#331,#339,.T.);
#339 = LINE('',#340,#341);
#340 = CARTESIAN_POINT('',(2.326484030109,3.E-02,-2.330538475774));
#341 = VECTOR('',#342,1.);
#342 = DIRECTION('',(0.,1.,0.));
#343 = PLANE('',#344);
#344 = AXIS2_PLACEMENT_3D('',#345,#346,#347);
#345 = CARTESIAN_POINT('',(2.326484030109,3.E-02,-2.330538475774));
#346 = DIRECTION('',(-0.499999999991,0.,-0.866025403789));
#347 = DIRECTION('',(-0.866025403789,0.,0.499999999991));
#348 = ADVANCED_FACE('',(#349),#374,.T.);
#349 = FACE_BOUND('',#350,.T.);
#350 = EDGE_LOOP('',(#351,#359,#360,#368));
#351 = ORIENTED_EDGE('',*,*,#352,.T.);
#352 = EDGE_CURVE('',#353,#313,#355,.T.);
#353 = VERTEX_POINT('',#354);
#354 = CARTESIAN_POINT('',(2.378484030108,3.E-02,-2.24047183378));
#355 = LINE('',#356,#357);
#356 = CARTESIAN_POINT('',(2.378484030108,3.E-02,-2.24047183378));
#357 = VECTOR('',#358,1.);
#358 = DIRECTION('',(-0.499999999991,0.,-0.86602540379));
#359 = ORIENTED_EDGE('',*,*,#338,.T.);
#360 = ORIENTED_EDGE('',*,*,#361,.F.);
#361 = EDGE_CURVE('',#362,#331,#364,.T.);
#362 = VERTEX_POINT('',#363);
#363 = CARTESIAN_POINT('',(2.378484030108,4.E-02,-2.24047183378));
#364 = LINE('',#365,#366);
#365 = CARTESIAN_POINT('',(2.378484030108,4.E-02,-2.24047183378));
#366 = VECTOR('',#367,1.);
#367 = DIRECTION('',(-0.499999999991,0.,-0.86602540379));
#368 = ORIENTED_EDGE('',*,*,#369,.F.);
#369 = EDGE_CURVE('',#353,#362,#370,.T.);
#370 = LINE('',#371,#372);
#371 = CARTESIAN_POINT('',(2.378484030108,3.E-02,-2.24047183378));
#372 = VECTOR('',#373,1.);
#373 = DIRECTION('',(0.,1.,0.));
#374 = PLANE('',#375);
#375 = AXIS2_PLACEMENT_3D('',#376,#377,#378);
#376 = CARTESIAN_POINT('',(2.378484030108,3.E-02,-2.24047183378));
#377 = DIRECTION('',(0.86602540379,0.,-0.499999999991));
#378 = DIRECTION('',(-0.499999999991,0.,-0.86602540379));
#379 = ADVANCED_FACE('',(#380),#405,.T.);
#380 = FACE_BOUND('',#381,.T.);
#381 = EDGE_LOOP('',(#382,#390,#391,#399));
#382 = ORIENTED_EDGE('',*,*,#383,.T.);
#383 = EDGE_CURVE('',#384,#353,#386,.T.);
#384 = VERTEX_POINT('',#385);
#385 = CARTESIAN_POINT('',(2.317862251843,3.E-02,-2.20547183378));
#386 = LINE('',#387,#388);
#387 = CARTESIAN_POINT('',(2.317862251843,3.E-02,-2.20547183378));
#388 = VECTOR('',#389,1.);
#389 = DIRECTION('',(0.866025403789,0.,-0.499999999991));
#390 = ORIENTED_EDGE('',*,*,#369,.T.);
#391 = ORIENTED_EDGE('',*,*,#392,.F.);
#392 = EDGE_CURVE('',#393,#362,#395,.T.);
#393 = VERTEX_POINT('',#394);
#394 = CARTESIAN_POINT('',(2.317862251843,4.E-02,-2.20547183378));
#395 = LINE('',#396,#397);
#396 = CARTESIAN_POINT('',(2.317862251843,4.E-02,-2.20547183378));
#397 = VECTOR('',#398,1.);
#398 = DIRECTION('',(0.866025403789,0.,-0.499999999991));
#399 = ORIENTED_EDGE('',*,*,#400,.F.);
#400 = EDGE_CURVE('',#384,#393,#401,.T.);
#401 = LINE('',#402,#403);
#402 = CARTESIAN_POINT('',(2.317862251843,3.E-02,-2.20547183378));
#403 = VECTOR('',#404,1.);
#404 = DIRECTION('',(0.,1.,0.));
#405 = PLANE('',#406);
#406 = AXIS2_PLACEMENT_3D('',#407,#408,#409);
#407 = CARTESIAN_POINT('',(2.317862251843,3.E-02,-2.20547183378));
#408 = DIRECTION('',(0.499999999991,0.,0.866025403789));
#409 = DIRECTION('',(0.866025403789,0.,-0.499999999991));
#410 = ADVANCED_FACE('',(#411),#427,.T.);
#411 = FACE_BOUND('',#412,.T.);
#412 = EDGE_LOOP('',(#413,#419,#420,#426));
#413 = ORIENTED_EDGE('',*,*,#414,.T.);
#414 = EDGE_CURVE('',#315,#384,#415,.T.);
#415 = LINE('',#416,#417);
#416 = CARTESIAN_POINT('',(2.265862251844,3.E-02,-2.295538475774));
#417 = VECTOR('',#418,1.);
#418 = DIRECTION('',(0.499999999991,0.,0.866025403789));
#419 = ORIENTED_EDGE('',*,*,#400,.T.);
#420 = ORIENTED_EDGE('',*,*,#421,.F.);
#421 = EDGE_CURVE('',#323,#393,#422,.T.);
#422 = LINE('',#423,#424);
#423 = CARTESIAN_POINT('',(2.265862251844,4.E-02,-2.295538475774));
#424 = VECTOR('',#425,1.);
#425 = DIRECTION('',(0.499999999991,0.,0.866025403789));
#426 = ORIENTED_EDGE('',*,*,#322,.F.);
#427 = PLANE('',#428);
#428 = AXIS2_PLACEMENT_3D('',#429,#430,#431);
#429 = CARTESIAN_POINT('',(2.265862251844,3.E-02,-2.295538475774));
#430 = DIRECTION('',(-0.866025403789,0.,0.499999999991));
#431 = DIRECTION('',(0.499999999991,0.,0.866025403789));
#432 = ADVANCED_FACE('',(#433),#439,.T.);
#433 = FACE_BOUND('',#434,.T.);
#434 = EDGE_LOOP('',(#435,#436,#437,#438));
#435 = ORIENTED_EDGE('',*,*,#421,.T.);
#436 = ORIENTED_EDGE('',*,*,#392,.T.);
#437 = ORIENTED_EDGE('',*,*,#361,.T.);
#438 = ORIENTED_EDGE('',*,*,#330,.T.);
#439 = PLANE('',#440);
#440 = AXIS2_PLACEMENT_3D('',#441,#442,#443);
#441 = CARTESIAN_POINT('',(2.322173140976,4.E-02,-2.268005154777));
#442 = DIRECTION('',(0.,1.,0.));
#443 = DIRECTION('',(0.,-0.,1.));
#444 = ADVANCED_FACE('',(#445),#451,.F.);
#445 = FACE_BOUND('',#446,.T.);
#446 = EDGE_LOOP('',(#447,#448,#449,#450));
#447 = ORIENTED_EDGE('',*,*,#414,.F.);
#448 = ORIENTED_EDGE('',*,*,#312,.F.);
#449 = ORIENTED_EDGE('',*,*,#352,.F.);
#450 = ORIENTED_EDGE('',*,*,#383,.F.);
#451 = PLANE('',#452);
#452 = AXIS2_PLACEMENT_3D('',#453,#454,#455);
#453 = CARTESIAN_POINT('',(2.322173140976,3.E-02,-2.268005154777));
#454 = DIRECTION('',(0.,1.,0.));
#455 = DIRECTION('',(1.,0.,0.));
#456 = ( GEOMETRIC_REPRESENTATION_CONTEXT(3) 
GLOBAL_UNCERTAINTY_ASSIGNED_CONTEXT((#460)) GLOBAL_UNIT_ASSIGNED_CONTEXT
((#457,#458,#459)) REPRESENTATION_CONTEXT('Context #1',
  '3D Context with UNIT and UNCERTAINTY') );
#457 = ( LENGTH_UNIT() NAMED_UNIT(*) SI_UNIT(.MILLI.,.METRE.) );
#458 = ( NAMED_UNIT(*) PLANE_ANGLE_UNIT() SI_UNIT($,.RADIAN.) );
#459 = ( NAMED_UNIT(*) SI_UNIT($,.STERADIAN.) SOLID_ANGLE_UNIT() );
#460 = UNCERTAINTY_MEASURE_WITH_UNIT(LENGTH_MEASURE(1.E-07),#457,
  'distance_accuracy_value','confusion accuracy');
#461 = CONTEXT_DEPENDENT_SHAPE_REPRESENTATION(#462,#464);
#462 = ( REPRESENTATION_RELATIONSHIP('','',#305,#10) 
REPRESENTATION_RELATIONSHIP_WITH_TRANSFORMATION(#463) 
SHAPE_REPRESENTATION_RELATIONSHIP() );
#463 = ITEM_DEFINED_TRANSFORMATION('','',#11,#19);
#464 = PRODUCT_DEFINITION_SHAPE('Placement','Placement of an item',#465
  );
#465 = NEXT_ASSEMBLY_USAGE_OCCURRENCE('2','Y-junction v032','',#5,#300,$
  );
#466 = PRODUCT_RELATED_PRODUCT_CATEGORY('part',$,(#302));
#467 = SHAPE_DEFINITION_REPRESENTATION(#468,#474);
#468 = PRODUCT_DEFINITION_SHAPE('','',#469);
#469 = PRODUCT_DEFINITION('design','',#470,#473);
#470 = PRODUCT_DEFINITION_FORMATION('','',#471);
#471 = PRODUCT('Y-junction v021','Y-junction v021','',(#472));
#472 = PRODUCT_CONTEXT('',#2,'mechanical');
#473 = PRODUCT_DEFINITION_CONTEXT('part definition',#2,'design');
#474 = ADVANCED_BREP_SHAPE_REPRESENTATION('',(#11,#475),#625);
#475 = MANIFOLD_SOLID_BREP('',#476);
#476 = CLOSED_SHELL('',(#477,#517,#548,#579,#601,#613));
#477 = ADVANCED_FACE('',(#478),#512,.T.);
#478 = FACE_BOUND('',#479,.T.);
#479 = EDGE_LOOP('',(#480,#490,#498,#506));
#480 = ORIENTED_EDGE('',*,*,#481,.T.);
#481 = EDGE_CURVE('',#482,#484,#486,.T.);
#482 = VERTEX_POINT('',#483);
#483 = CARTESIAN_POINT('',(2.330814157128,3.E-02,-2.333038475774));
#484 = VERTEX_POINT('',#485);
#485 = CARTESIAN_POINT('',(2.382814157127,3.E-02,-2.24297183378));
#486 = LINE('',#487,#488);
#487 = CARTESIAN_POINT('',(2.330814157128,3.E-02,-2.333038475774));
#488 = VECTOR('',#489,1.);
#489 = DIRECTION('',(0.499999999991,0.,0.866025403789));
#490 = ORIENTED_EDGE('',*,*,#491,.T.);
#491 = EDGE_CURVE('',#484,#492,#494,.T.);
#492 = VERTEX_POINT('',#493);
#493 = CARTESIAN_POINT('',(2.382814157127,4.E-02,-2.24297183378));
#494 = LINE('',#495,#496);
#495 = CARTESIAN_POINT('',(2.382814157127,3.E-02,-2.24297183378));
#496 = VECTOR('',#497,1.);
#497 = DIRECTION('',(0.,1.,0.));
#498 = ORIENTED_EDGE('',*,*,#499,.F.);
#499 = EDGE_CURVE('',#500,#492,#502,.T.);
#500 = VERTEX_POINT('',#501);
#501 = CARTESIAN_POINT('',(2.330814157128,4.E-02,-2.333038475774));
#502 = LINE('',#503,#504);
#503 = CARTESIAN_POINT('',(2.330814157128,4.E-02,-2.333038475774));
#504 = VECTOR('',#505,1.);
#505 = DIRECTION('',(0.499999999991,0.,0.866025403789));
#506 = ORIENTED_EDGE('',*,*,#507,.F.);
#507 = EDGE_CURVE('',#482,#500,#508,.T.);
#508 = LINE('',#509,#510);
#509 = CARTESIAN_POINT('',(2.330814157128,3.E-02,-2.333038475774));
#510 = VECTOR('',#511,1.);
#511 = DIRECTION('',(0.,1.,0.));
#512 = PLANE('',#513);
#513 = AXIS2_PLACEMENT_3D('',#514,#515,#516);
#514 = CARTESIAN_POINT('',(2.330814157128,3.E-02,-2.333038475774));
#515 = DIRECTION('',(-0.866025403789,0.,0.499999999991));
#516 = DIRECTION('',(0.499999999991,0.,0.866025403789));
#517 = ADVANCED_FACE('',(#518),#543,.T.);
#518 = FACE_BOUND('',#519,.T.);
#519 = EDGE_LOOP('',(#520,#528,#529,#537));
#520 = ORIENTED_EDGE('',*,*,#521,.T.);
#521 = EDGE_CURVE('',#522,#482,#524,.T.);
#522 = VERTEX_POINT('',#523);
#523 = CARTESIAN_POINT('',(2.391435935394,3.E-02,-2.368038475773));
#524 = LINE('',#525,#526);
#525 = CARTESIAN_POINT('',(2.391435935394,3.E-02,-2.368038475773));
#526 = VECTOR('',#527,1.);
#527 = DIRECTION('',(-0.866025403789,0.,0.499999999991));
#528 = ORIENTED_EDGE('',*,*,#507,.T.);
#529 = ORIENTED_EDGE('',*,*,#530,.F.);
#530 = EDGE_CURVE('',#531,#500,#533,.T.);
#531 = VERTEX_POINT('',#532);
#532 = CARTESIAN_POINT('',(2.391435935394,4.E-02,-2.368038475773));
#533 = LINE('',#534,#535);
#534 = CARTESIAN_POINT('',(2.391435935394,4.E-02,-2.368038475773));
#535 = VECTOR('',#536,1.);
#536 = DIRECTION('',(-0.866025403789,0.,0.499999999991));
#537 = ORIENTED_EDGE('',*,*,#538,.F.);
#538 = EDGE_CURVE('',#522,#531,#539,.T.);
#539 = LINE('',#540,#541);
#540 = CARTESIAN_POINT('',(2.391435935394,3.E-02,-2.368038475773));
#541 = VECTOR('',#542,1.);
#542 = DIRECTION('',(0.,1.,0.));
#543 = PLANE('',#544);
#544 = AXIS2_PLACEMENT_3D('',#545,#546,#547);
#545 = CARTESIAN_POINT('',(2.391435935394,3.E-02,-2.368038475773));
#546 = DIRECTION('',(-0.499999999991,0.,-0.866025403789));
#547 = DIRECTION('',(-0.866025403789,0.,0.499999999991));
#548 = ADVANCED_FACE('',(#549),#574,.T.);
#549 = FACE_BOUND('',#550,.T.);
#550 = EDGE_LOOP('',(#551,#559,#560,#568));
#551 = ORIENTED_EDGE('',*,*,#552,.T.);
#552 = EDGE_CURVE('',#553,#522,#555,.T.);
#553 = VERTEX_POINT('',#554);
#554 = CARTESIAN_POINT('',(2.443435935393,3.E-02,-2.277971833779));
#555 = LINE('',#556,#557);
#556 = CARTESIAN_POINT('',(2.443435935393,3.E-02,-2.277971833779));
#557 = VECTOR('',#558,1.);
#558 = DIRECTION('',(-0.499999999991,0.,-0.86602540379));
#559 = ORIENTED_EDGE('',*,*,#538,.T.);
#560 = ORIENTED_EDGE('',*,*,#561,.F.);
#561 = EDGE_CURVE('',#562,#531,#564,.T.);
#562 = VERTEX_POINT('',#563);
#563 = CARTESIAN_POINT('',(2.443435935393,4.E-02,-2.277971833779));
#564 = LINE('',#565,#566);
#565 = CARTESIAN_POINT('',(2.443435935393,4.E-02,-2.277971833779));
#566 = VECTOR('',#567,1.);
#567 = DIRECTION('',(-0.499999999991,0.,-0.86602540379));
#568 = ORIENTED_EDGE('',*,*,#569,.F.);
#569 = EDGE_CURVE('',#553,#562,#570,.T.);
#570 = LINE('',#571,#572);
#571 = CARTESIAN_POINT('',(2.443435935393,3.E-02,-2.277971833779));
#572 = VECTOR('',#573,1.);
#573 = DIRECTION('',(0.,1.,0.));
#574 = PLANE('',#575);
#575 = AXIS2_PLACEMENT_3D('',#576,#577,#578);
#576 = CARTESIAN_POINT('',(2.443435935393,3.E-02,-2.277971833779));
#577 = DIRECTION('',(0.86602540379,0.,-0.499999999991));
#578 = DIRECTION('',(-0.499999999991,0.,-0.86602540379));
#579 = ADVANCED_FACE('',(#580),#596,.T.);
#580 = FACE_BOUND('',#581,.T.);
#581 = EDGE_LOOP('',(#582,#588,#589,#595));
#582 = ORIENTED_EDGE('',*,*,#583,.T.);
#583 = EDGE_CURVE('',#484,#553,#584,.T.);
#584 = LINE('',#585,#586);
#585 = CARTESIAN_POINT('',(2.382814157127,3.E-02,-2.24297183378));
#586 = VECTOR('',#587,1.);
#587 = DIRECTION('',(0.866025403789,0.,-0.499999999991));
#588 = ORIENTED_EDGE('',*,*,#569,.T.);
#589 = ORIENTED_EDGE('',*,*,#590,.F.);
#590 = EDGE_CURVE('',#492,#562,#591,.T.);
#591 = LINE('',#592,#593);
#592 = CARTESIAN_POINT('',(2.382814157127,4.E-02,-2.24297183378));
#593 = VECTOR('',#594,1.);
#594 = DIRECTION('',(0.866025403789,0.,-0.499999999991));
#595 = ORIENTED_EDGE('',*,*,#491,.F.);
#596 = PLANE('',#597);
#597 = AXIS2_PLACEMENT_3D('',#598,#599,#600);
#598 = CARTESIAN_POINT('',(2.382814157127,3.E-02,-2.24297183378));
#599 = DIRECTION('',(0.499999999991,0.,0.866025403789));
#600 = DIRECTION('',(0.866025403789,0.,-0.499999999991));
#601 = ADVANCED_FACE('',(#602),#608,.T.);
#602 = FACE_BOUND('',#603,.T.);
#603 = EDGE_LOOP('',(#604,#605,#606,#607));
#604 = ORIENTED_EDGE('',*,*,#590,.T.);
#605 = ORIENTED_EDGE('',*,*,#561,.T.);
#606 = ORIENTED_EDGE('',*,*,#530,.T.);
#607 = ORIENTED_EDGE('',*,*,#499,.T.);
#608 = PLANE('',#609);
#609 = AXIS2_PLACEMENT_3D('',#610,#611,#612);
#610 = CARTESIAN_POINT('',(2.38712504626,4.E-02,-2.305505154776));
#611 = DIRECTION('',(0.,1.,0.));
#612 = DIRECTION('',(0.,-0.,1.));
#613 = ADVANCED_FACE('',(#614),#620,.F.);
#614 = FACE_BOUND('',#615,.T.);
#615 = EDGE_LOOP('',(#616,#617,#618,#619));
#616 = ORIENTED_EDGE('',*,*,#583,.F.);
#617 = ORIENTED_EDGE('',*,*,#481,.F.);
#618 = ORIENTED_EDGE('',*,*,#521,.F.);
#619 = ORIENTED_EDGE('',*,*,#552,.F.);
#620 = PLANE('',#621);
#621 = AXIS2_PLACEMENT_3D('',#622,#623,#624);
#622 = CARTESIAN_POINT('',(2.38712504626,3.E-02,-2.305505154776));
#623 = DIRECTION('',(0.,1.,0.));
#624 = DIRECTION('',(1.,0.,0.));
#625 = ( GEOMETRIC_REPRESENTATION_CONTEXT(3) 
GLOBAL_UNCERTAINTY_ASSIGNED_CONTEXT((#629)) GLOBAL_UNIT_ASSIGNED_CONTEXT
((#626,#627,#628)) REPRESENTATION_CONTEXT('Context #1',
  '3D Context with UNIT and UNCERTAINTY') );
#626 = ( LENGTH_UNIT() NAMED_UNIT(*) SI_UNIT(.MILLI.,.METRE.) );
#627 = ( NAMED_UNIT(*) PLANE_ANGLE_UNIT() SI_UNIT($,.RADIAN.) );
#628 = ( NAMED_UNIT(*) SI_UNIT($,.STERADIAN.) SOLID_ANGLE_UNIT() );
#629 = UNCERTAINTY_MEASURE_WITH_UNIT(LENGTH_MEASURE(1.E-07),#626,
  'distance_accuracy_value','confusion accuracy');
#630 = CONTEXT_DEPENDENT_SHAPE_REPRESENTATION(#631,#633);
#631 = ( REPRESENTATION_RELATIONSHIP('','',#474,#10) 
REPRESENTATION_RELATIONSHIP_WITH_TRANSFORMATION(#632) 
SHAPE_REPRESENTATION_RELATIONSHIP() );
#632 = ITEM_DEFINED_TRANSFORMATION('','',#11,#23);
#633 = PRODUCT_DEFINITION_SHAPE('Placement','Placement of an item',#634
  );
#634 = NEXT_ASSEMBLY_USAGE_OCCURRENCE('3','Y-junction v021','',#5,#469,$
  );
#635 = PRODUCT_RELATED_PRODUCT_CATEGORY('part',$,(#471));
#636 = SHAPE_DEFINITION_REPRESENTATION(#637,#643);
#637 = PRODUCT_DEFINITION_SHAPE('','',#638);
#638 = PRODUCT_DEFINITION('design','',#639,#642);
#639 = PRODUCT_DEFINITION_FORMATION('','',#640);
#640 = PRODUCT('Y-junction v035','Y-junction v035','',(#641));
#641 = PRODUCT_CONTEXT('',#2,'mechanical');
#642 = PRODUCT_DEFINITION_CONTEXT('part definition',#2,'design');
#643 = ADVANCED_BREP_SHAPE_REPRESENTATION('',(#11,#644),#794);
#644 = MANIFOLD_SOLID_BREP('',#645);
#645 = CLOSED_SHELL('',(#646,#686,#717,#748,#770,#782));
#646 = ADVANCED_FACE('',(#647),#681,.T.);
#647 = FACE_BOUND('',#648,.T.);
#648 = EDGE_LOOP('',(#649,#659,#667,#675));
#649 = ORIENTED_EDGE('',*,*,#650,.T.);
#650 = EDGE_CURVE('',#651,#653,#655,.T.);
#651 = VERTEX_POINT('',#652);
#652 = CARTESIAN_POINT('',(2.395766062413,3.E-02,-2.370538475773));
#653 = VERTEX_POINT('',#654);
#654 = CARTESIAN_POINT('',(2.447766062412,3.E-02,-2.280471833779));
#655 = LINE('',#656,#657);
#656 = CARTESIAN_POINT('',(2.395766062413,3.E-02,-2.370538475773));
#657 = VECTOR('',#658,1.);
#658 = DIRECTION('',(0.499999999991,0.,0.86602540379));
#659 = ORIENTED_EDGE('',*,*,#660,.T.);
#660 = EDGE_CURVE('',#653,#661,#663,.T.);
#661 = VERTEX_POINT('',#662);
#662 = CARTESIAN_POINT('',(2.447766062412,4.E-02,-2.280471833779));
#663 = LINE('',#664,#665);
#664 = CARTESIAN_POINT('',(2.447766062412,3.E-02,-2.280471833779));
#665 = VECTOR('',#666,1.);
#666 = DIRECTION('',(0.,1.,0.));
#667 = ORIENTED_EDGE('',*,*,#668,.F.);
#668 = EDGE_CURVE('',#669,#661,#671,.T.);
#669 = VERTEX_POINT('',#670);
#670 = CARTESIAN_POINT('',(2.395766062413,4.E-02,-2.370538475773));
#671 = LINE('',#672,#673);
#672 = CARTESIAN_POINT('',(2.395766062413,4.E-02,-2.370538475773));
#673 = VECTOR('',#674,1.);
#674 = DIRECTION('',(0.499999999991,0.,0.86602540379));
#675 = ORIENTED_EDGE('',*,*,#676,.F.);
#676 = EDGE_CURVE('',#651,#669,#677,.T.);
#677 = LINE('',#678,#679);
#678 = CARTESIAN_POINT('',(2.395766062413,3.E-02,-2.370538475773));
#679 = VECTOR('',#680,1.);
#680 = DIRECTION('',(0.,1.,0.));
#681 = PLANE('',#682);
#682 = AXIS2_PLACEMENT_3D('',#683,#684,#685);
#683 = CARTESIAN_POINT('',(2.395766062413,3.E-02,-2.370538475773));
#684 = DIRECTION('',(-0.86602540379,0.,0.499999999991));
#685 = DIRECTION('',(0.499999999991,0.,0.86602540379));
#686 = ADVANCED_FACE('',(#687),#712,.T.);
#687 = FACE_BOUND('',#688,.T.);
#688 = EDGE_LOOP('',(#689,#697,#698,#706));
#689 = ORIENTED_EDGE('',*,*,#690,.F.);
#690 = EDGE_CURVE('',#651,#691,#693,.T.);
#691 = VERTEX_POINT('',#692);
#692 = CARTESIAN_POINT('',(2.443397459615,3.E-02,-2.39803847577));
#693 = LINE('',#694,#695);
#694 = CARTESIAN_POINT('',(2.395766062413,3.E-02,-2.370538475773));
#695 = VECTOR('',#696,1.);
#696 = DIRECTION('',(0.866025403781,0.,-0.500000000006));
#697 = ORIENTED_EDGE('',*,*,#676,.T.);
#698 = ORIENTED_EDGE('',*,*,#699,.F.);
#699 = EDGE_CURVE('',#700,#669,#702,.T.);
#700 = VERTEX_POINT('',#701);
#701 = CARTESIAN_POINT('',(2.443397459615,4.E-02,-2.39803847577));
#702 = LINE('',#703,#704);
#703 = CARTESIAN_POINT('',(2.395766062413,4.E-02,-2.370538475773));
#704 = VECTOR('',#705,1.);
#705 = DIRECTION('',(-0.866025403781,0.,0.500000000006));
#706 = ORIENTED_EDGE('',*,*,#707,.F.);
#707 = EDGE_CURVE('',#691,#700,#708,.T.);
#708 = LINE('',#709,#710);
#709 = CARTESIAN_POINT('',(2.443397459615,3.E-02,-2.39803847577));
#710 = VECTOR('',#711,1.);
#711 = DIRECTION('',(0.,1.,0.));
#712 = PLANE('',#713);
#713 = AXIS2_PLACEMENT_3D('',#714,#715,#716);
#714 = CARTESIAN_POINT('',(2.443397459615,3.E-02,-2.39803847577));
#715 = DIRECTION('',(-0.500000000006,0.,-0.866025403781));
#716 = DIRECTION('',(-0.866025403781,0.,0.500000000006));
#717 = ADVANCED_FACE('',(#718),#743,.T.);
#718 = FACE_BOUND('',#719,.T.);
#719 = EDGE_LOOP('',(#720,#728,#729,#737));
#720 = ORIENTED_EDGE('',*,*,#721,.F.);
#721 = EDGE_CURVE('',#691,#722,#724,.T.);
#722 = VERTEX_POINT('',#723);
#723 = CARTESIAN_POINT('',(2.495397459614,3.E-02,-2.307971833776));
#724 = LINE('',#725,#726);
#725 = CARTESIAN_POINT('',(2.443397459615,3.E-02,-2.39803847577));
#726 = VECTOR('',#727,1.);
#727 = DIRECTION('',(0.499999999991,0.,0.866025403789));
#728 = ORIENTED_EDGE('',*,*,#707,.T.);
#729 = ORIENTED_EDGE('',*,*,#730,.F.);
#730 = EDGE_CURVE('',#731,#700,#733,.T.);
#731 = VERTEX_POINT('',#732);
#732 = CARTESIAN_POINT('',(2.495397459614,4.E-02,-2.307971833776));
#733 = LINE('',#734,#735);
#734 = CARTESIAN_POINT('',(2.443397459615,4.E-02,-2.39803847577));
#735 = VECTOR('',#736,1.);
#736 = DIRECTION('',(-0.499999999991,0.,-0.866025403789));
#737 = ORIENTED_EDGE('',*,*,#738,.F.);
#738 = EDGE_CURVE('',#722,#731,#739,.T.);
#739 = LINE('',#740,#741);
#740 = CARTESIAN_POINT('',(2.495397459614,3.E-02,-2.307971833776));
#741 = VECTOR('',#742,1.);
#742 = DIRECTION('',(0.,1.,0.));
#743 = PLANE('',#744);
#744 = AXIS2_PLACEMENT_3D('',#745,#746,#747);
#745 = CARTESIAN_POINT('',(2.495397459614,3.E-02,-2.307971833776));
#746 = DIRECTION('',(0.866025403789,0.,-0.499999999991));
#747 = DIRECTION('',(-0.499999999991,0.,-0.866025403789));
#748 = ADVANCED_FACE('',(#749),#765,.T.);
#749 = FACE_BOUND('',#750,.T.);
#750 = EDGE_LOOP('',(#751,#757,#758,#764));
#751 = ORIENTED_EDGE('',*,*,#752,.T.);
#752 = EDGE_CURVE('',#653,#722,#753,.T.);
#753 = LINE('',#754,#755);
#754 = CARTESIAN_POINT('',(2.447766062412,3.E-02,-2.280471833779));
#755 = VECTOR('',#756,1.);
#756 = DIRECTION('',(0.866025403781,0.,-0.500000000006));
#757 = ORIENTED_EDGE('',*,*,#738,.T.);
#758 = ORIENTED_EDGE('',*,*,#759,.F.);
#759 = EDGE_CURVE('',#661,#731,#760,.T.);
#760 = LINE('',#761,#762);
#761 = CARTESIAN_POINT('',(2.447766062412,4.E-02,-2.280471833779));
#762 = VECTOR('',#763,1.);
#763 = DIRECTION('',(0.866025403781,0.,-0.500000000006));
#764 = ORIENTED_EDGE('',*,*,#660,.F.);
#765 = PLANE('',#766);
#766 = AXIS2_PLACEMENT_3D('',#767,#768,#769);
#767 = CARTESIAN_POINT('',(2.447766062412,3.E-02,-2.280471833779));
#768 = DIRECTION('',(0.500000000006,0.,0.866025403781));
#769 = DIRECTION('',(0.866025403781,0.,-0.500000000006));
#770 = ADVANCED_FACE('',(#771),#777,.T.);
#771 = FACE_BOUND('',#772,.T.);
#772 = EDGE_LOOP('',(#773,#774,#775,#776));
#773 = ORIENTED_EDGE('',*,*,#759,.T.);
#774 = ORIENTED_EDGE('',*,*,#730,.T.);
#775 = ORIENTED_EDGE('',*,*,#699,.T.);
#776 = ORIENTED_EDGE('',*,*,#668,.T.);
#777 = PLANE('',#778);
#778 = AXIS2_PLACEMENT_3D('',#779,#780,#781);
#779 = CARTESIAN_POINT('',(2.445581761013,4.E-02,-2.339255154775));
#780 = DIRECTION('',(0.,1.,0.));
#781 = DIRECTION('',(0.,-0.,1.));
#782 = ADVANCED_FACE('',(#783),#789,.F.);
#783 = FACE_BOUND('',#784,.T.);
#784 = EDGE_LOOP('',(#785,#786,#787,#788));
#785 = ORIENTED_EDGE('',*,*,#752,.F.);
#786 = ORIENTED_EDGE('',*,*,#650,.F.);
#787 = ORIENTED_EDGE('',*,*,#690,.T.);
#788 = ORIENTED_EDGE('',*,*,#721,.T.);
#789 = PLANE('',#790);
#790 = AXIS2_PLACEMENT_3D('',#791,#792,#793);
#791 = CARTESIAN_POINT('',(2.445581761013,3.E-02,-2.339255154775));
#792 = DIRECTION('',(0.,1.,0.));
#793 = DIRECTION('',(1.,0.,0.));
#794 = ( GEOMETRIC_REPRESENTATION_CONTEXT(3) 
GLOBAL_UNCERTAINTY_ASSIGNED_CONTEXT((#798)) GLOBAL_UNIT_ASSIGNED_CONTEXT
((#795,#796,#797)) REPRESENTATION_CONTEXT('Context #1',
  '3D Context with UNIT and UNCERTAINTY') );
#795 = ( LENGTH_UNIT() NAMED_UNIT(*) SI_UNIT(.MILLI.,.METRE.) );
#796 = ( NAMED_UNIT(*) PLANE_ANGLE_UNIT() SI_UNIT($,.RADIAN.) );
#797 = ( NAMED_UNIT(*) SI_UNIT($,.STERADIAN.) SOLID_ANGLE_UNIT() );
#798 = UNCERTAINTY_MEASURE_WITH_UNIT(LENGTH_MEASURE(1.E-07),#795,
  'distance_accuracy_value','confusion accuracy');
#799 = CONTEXT_DEPENDENT_SHAPE_REPRESENTATION(#800,#802);
#800 = ( REPRESENTATION_RELATIONSHIP('','',#643,#10) 
REPRESENTATION_RELATIONSHIP_WITH_TRANSFORMATION(#801) 
SHAPE_REPRESENTATION_RELATIONSHIP() );
#801 = ITEM_DEFINED_TRANSFORMATION('','',#11,#27);
#802 = PRODUCT_DEFINITION_SHAPE('Placement','Placement of an item',#803
  );
#803 = NEXT_ASSEMBLY_USAGE_OCCURRENCE('4','Y-junction v035','',#5,#638,$
  );
#804 = PRODUCT_RELATED_PRODUCT_CATEGORY('part',$,(#640));
#805 = SHAPE_DEFINITION_REPRESENTATION(#806,#812);
#806 = PRODUCT_DEFINITION_SHAPE('','',#807);
#807 = PRODUCT_DEFINITION('design','',#808,#811);
#808 = PRODUCT_DEFINITION_FORMATION('','',#809);
#809 = PRODUCT('Y-junction v012','Y-junction v012','',(#810));
#810 = PRODUCT_CONTEXT('',#2,'mechanical');
#811 = PRODUCT_DEFINITION_CONTEXT('part definition',#2,'design');
#812 = ADVANCED_BREP_SHAPE_REPRESENTATION('',(#11,#813),#1064);
#813 = MANIFOLD_SOLID_BREP('',#814);
#814 = CLOSED_SHELL('',(#815,#855,#886,#917,#948,#981,#1012,#1034,#1049)
  );
#815 = ADVANCED_FACE('',(#816),#850,.T.);
#816 = FACE_BOUND('',#817,.T.);
#817 = EDGE_LOOP('',(#818,#828,#836,#844));
#818 = ORIENTED_EDGE('',*,*,#819,.F.);
#819 = EDGE_CURVE('',#820,#822,#824,.T.);
#820 = VERTEX_POINT('',#821);
#821 = CARTESIAN_POINT('',(2.551999999999,3.E-02,-2.400695753699));
#822 = VERTEX_POINT('',#823);
#823 = CARTESIAN_POINT('',(2.499999999999,3.E-02,-2.310629111705));
#824 = LINE('',#825,#826);
#825 = CARTESIAN_POINT('',(2.551999999999,3.E-02,-2.400695753699));
#826 = VECTOR('',#827,1.);
#827 = DIRECTION('',(-0.499999999998,0.,0.866025403786));
#828 = ORIENTED_EDGE('',*,*,#829,.T.);
#829 = EDGE_CURVE('',#820,#830,#832,.T.);
#830 = VERTEX_POINT('',#831);
#831 = CARTESIAN_POINT('',(2.551999999999,4.E-02,-2.400695753699));
#832 = LINE('',#833,#834);
#833 = CARTESIAN_POINT('',(2.551999999999,3.E-02,-2.400695753699));
#834 = VECTOR('',#835,1.);
#835 = DIRECTION('',(0.,1.,0.));
#836 = ORIENTED_EDGE('',*,*,#837,.F.);
#837 = EDGE_CURVE('',#838,#830,#840,.T.);
#838 = VERTEX_POINT('',#839);
#839 = CARTESIAN_POINT('',(2.499999999999,4.E-02,-2.310629111705));
#840 = LINE('',#841,#842);
#841 = CARTESIAN_POINT('',(2.551999999999,4.E-02,-2.400695753699));
#842 = VECTOR('',#843,1.);
#843 = DIRECTION('',(0.499999999998,0.,-0.866025403786));
#844 = ORIENTED_EDGE('',*,*,#845,.F.);
#845 = EDGE_CURVE('',#822,#838,#846,.T.);
#846 = LINE('',#847,#848);
#847 = CARTESIAN_POINT('',(2.499999999999,3.E-02,-2.310629111705));
#848 = VECTOR('',#849,1.);
#849 = DIRECTION('',(0.,1.,0.));
#850 = PLANE('',#851);
#851 = AXIS2_PLACEMENT_3D('',#852,#853,#854);
#852 = CARTESIAN_POINT('',(2.499999999999,3.E-02,-2.310629111705));
#853 = DIRECTION('',(0.866025403786,0.,0.499999999998));
#854 = DIRECTION('',(0.499999999998,0.,-0.866025403786));
#855 = ADVANCED_FACE('',(#856),#881,.T.);
#856 = FACE_BOUND('',#857,.T.);
#857 = EDGE_LOOP('',(#858,#866,#867,#875));
#858 = ORIENTED_EDGE('',*,*,#859,.T.);
#859 = EDGE_CURVE('',#860,#822,#862,.T.);
#860 = VERTEX_POINT('',#861);
#861 = CARTESIAN_POINT('',(2.448,3.E-02,-2.400695753699));
#862 = LINE('',#863,#864);
#863 = CARTESIAN_POINT('',(2.448,3.E-02,-2.400695753699));
#864 = VECTOR('',#865,1.);
#865 = DIRECTION('',(0.499999999989,0.,0.866025403791));
#866 = ORIENTED_EDGE('',*,*,#845,.T.);
#867 = ORIENTED_EDGE('',*,*,#868,.F.);
#868 = EDGE_CURVE('',#869,#838,#871,.T.);
#869 = VERTEX_POINT('',#870);
#870 = CARTESIAN_POINT('',(2.448,4.E-02,-2.400695753699));
#871 = LINE('',#872,#873);
#872 = CARTESIAN_POINT('',(2.448,4.E-02,-2.400695753699));
#873 = VECTOR('',#874,1.);
#874 = DIRECTION('',(0.499999999989,0.,0.866025403791));
#875 = ORIENTED_EDGE('',*,*,#876,.F.);
#876 = EDGE_CURVE('',#860,#869,#877,.T.);
#877 = LINE('',#878,#879);
#878 = CARTESIAN_POINT('',(2.448,3.E-02,-2.400695753699));
#879 = VECTOR('',#880,1.);
#880 = DIRECTION('',(0.,1.,0.));
#881 = PLANE('',#882);
#882 = AXIS2_PLACEMENT_3D('',#883,#884,#885);
#883 = CARTESIAN_POINT('',(2.448,3.E-02,-2.400695753699));
#884 = DIRECTION('',(-0.866025403791,0.,0.499999999989));
#885 = DIRECTION('',(0.499999999989,0.,0.866025403791));
#886 = ADVANCED_FACE('',(#887),#912,.T.);
#887 = FACE_BOUND('',#888,.T.);
#888 = EDGE_LOOP('',(#889,#897,#898,#906));
#889 = ORIENTED_EDGE('',*,*,#890,.F.);
#890 = EDGE_CURVE('',#860,#891,#893,.T.);
#891 = VERTEX_POINT('',#892);
#892 = CARTESIAN_POINT('',(2.463038475772,3.E-02,-2.409378221734));
#893 = LINE('',#894,#895);
#894 = CARTESIAN_POINT('',(2.448,3.E-02,-2.400695753699));
#895 = VECTOR('',#896,1.);
#896 = DIRECTION('',(0.866025403791,0.,-0.499999999989));
#897 = ORIENTED_EDGE('',*,*,#876,.T.);
#898 = ORIENTED_EDGE('',*,*,#899,.F.);
#899 = EDGE_CURVE('',#900,#869,#902,.T.);
#900 = VERTEX_POINT('',#901);
#901 = CARTESIAN_POINT('',(2.463038475772,4.E-02,-2.409378221734));
#902 = LINE('',#903,#904);
#903 = CARTESIAN_POINT('',(2.448,4.E-02,-2.400695753699));
#904 = VECTOR('',#905,1.);
#905 = DIRECTION('',(-0.866025403791,0.,0.499999999989));
#906 = ORIENTED_EDGE('',*,*,#907,.F.);
#907 = EDGE_CURVE('',#891,#900,#908,.T.);
#908 = LINE('',#909,#910);
#909 = CARTESIAN_POINT('',(2.463038475772,3.E-02,-2.409378221734));
#910 = VECTOR('',#911,1.);
#911 = DIRECTION('',(0.,1.,0.));
#912 = PLANE('',#913);
#913 = AXIS2_PLACEMENT_3D('',#914,#915,#916);
#914 = CARTESIAN_POINT('',(2.463038475772,3.E-02,-2.409378221734));
#915 = DIRECTION('',(-0.499999999989,0.,-0.866025403791));
#916 = DIRECTION('',(-0.866025403791,0.,0.499999999989));
#917 = ADVANCED_FACE('',(#918),#943,.T.);
#918 = FACE_BOUND('',#919,.T.);
#919 = EDGE_LOOP('',(#920,#928,#929,#937));
#920 = ORIENTED_EDGE('',*,*,#921,.F.);
#921 = EDGE_CURVE('',#891,#922,#924,.T.);
#922 = VERTEX_POINT('',#923);
#923 = CARTESIAN_POINT('',(2.497401923789,3.E-02,-2.468897459621));
#924 = LINE('',#925,#926);
#925 = CARTESIAN_POINT('',(2.463038475772,3.E-02,-2.409378221734));
#926 = VECTOR('',#927,1.);
#927 = DIRECTION('',(0.500000000007,0.,-0.866025403781));
#928 = ORIENTED_EDGE('',*,*,#907,.T.);
#929 = ORIENTED_EDGE('',*,*,#930,.F.);
#930 = EDGE_CURVE('',#931,#900,#933,.T.);
#931 = VERTEX_POINT('',#932);
#932 = CARTESIAN_POINT('',(2.497401923789,4.E-02,-2.468897459621));
#933 = LINE('',#934,#935);
#934 = CARTESIAN_POINT('',(2.463038475772,4.E-02,-2.409378221734));
#935 = VECTOR('',#936,1.);
#936 = DIRECTION('',(-0.500000000007,0.,0.866025403781));
#937 = ORIENTED_EDGE('',*,*,#938,.F.);
#938 = EDGE_CURVE('',#922,#931,#939,.T.);
#939 = LINE('',#940,#941);
#940 = CARTESIAN_POINT('',(2.497401923789,3.E-02,-2.468897459621));
#941 = VECTOR('',#942,1.);
#942 = DIRECTION('',(0.,1.,0.));
#943 = PLANE('',#944);
#944 = AXIS2_PLACEMENT_3D('',#945,#946,#947);
#945 = CARTESIAN_POINT('',(2.497401923789,3.E-02,-2.468897459621));
#946 = DIRECTION('',(-0.866025403781,0.,-0.500000000007));
#947 = DIRECTION('',(-0.500000000007,0.,0.866025403781));
#948 = ADVANCED_FACE('',(#949),#976,.T.);
#949 = FACE_BOUND('',#950,.T.);
#950 = EDGE_LOOP('',(#951,#960,#961,#970));
#951 = ORIENTED_EDGE('',*,*,#952,.T.);
#952 = EDGE_CURVE('',#953,#922,#955,.T.);
#953 = VERTEX_POINT('',#954);
#954 = CARTESIAN_POINT('',(2.502598076211,3.E-02,-2.468897459621));
#955 = CIRCLE('',#956,3.000000000001E-03);
#956 = AXIS2_PLACEMENT_3D('',#957,#958,#959);
#957 = CARTESIAN_POINT('',(2.5,3.E-02,-2.467397459621));
#958 = DIRECTION('',(0.,1.,0.));
#959 = DIRECTION('',(0.866025403786,0.,-0.499999999998));
#960 = ORIENTED_EDGE('',*,*,#938,.T.);
#961 = ORIENTED_EDGE('',*,*,#962,.F.);
#962 = EDGE_CURVE('',#963,#931,#965,.T.);
#963 = VERTEX_POINT('',#964);
#964 = CARTESIAN_POINT('',(2.502598076211,4.E-02,-2.468897459621));
#965 = CIRCLE('',#966,3.000000000001E-03);
#966 = AXIS2_PLACEMENT_3D('',#967,#968,#969);
#967 = CARTESIAN_POINT('',(2.5,4.E-02,-2.467397459621));
#968 = DIRECTION('',(0.,1.,0.));
#969 = DIRECTION('',(0.866025403786,0.,-0.499999999998));
#970 = ORIENTED_EDGE('',*,*,#971,.F.);
#971 = EDGE_CURVE('',#953,#963,#972,.T.);
#972 = LINE('',#973,#974);
#973 = CARTESIAN_POINT('',(2.502598076211,3.E-02,-2.468897459621));
#974 = VECTOR('',#975,1.);
#975 = DIRECTION('',(0.,1.,0.));
#976 = CYLINDRICAL_SURFACE('',#977,3.000000000001E-03);
#977 = AXIS2_PLACEMENT_3D('',#978,#979,#980);
#978 = CARTESIAN_POINT('',(2.5,3.E-02,-2.467397459621));
#979 = DIRECTION('',(0.,1.,0.));
#980 = DIRECTION('',(0.866025403786,0.,-0.499999999998));
#981 = ADVANCED_FACE('',(#982),#1007,.T.);
#982 = FACE_BOUND('',#983,.T.);
#983 = EDGE_LOOP('',(#984,#992,#993,#1001));
#984 = ORIENTED_EDGE('',*,*,#985,.T.);
#985 = EDGE_CURVE('',#986,#953,#988,.T.);
#986 = VERTEX_POINT('',#987);
#987 = CARTESIAN_POINT('',(2.537057164459,3.E-02,-2.40932300382));
#988 = LINE('',#989,#990);
#989 = CARTESIAN_POINT('',(2.537057164459,3.E-02,-2.40932300382));
#990 = VECTOR('',#991,1.);
#991 = DIRECTION('',(-0.500694671068,0.,-0.865623963603));
#992 = ORIENTED_EDGE('',*,*,#971,.T.);
#993 = ORIENTED_EDGE('',*,*,#994,.F.);
#994 = EDGE_CURVE('',#995,#963,#997,.T.);
#995 = VERTEX_POINT('',#996);
#996 = CARTESIAN_POINT('',(2.537057164459,4.E-02,-2.40932300382));
#997 = LINE('',#998,#999);
#998 = CARTESIAN_POINT('',(2.537057164459,4.E-02,-2.40932300382));
#999 = VECTOR('',#1000,1.);
#1000 = DIRECTION('',(-0.500694671068,0.,-0.865623963603));
#1001 = ORIENTED_EDGE('',*,*,#1002,.F.);
#1002 = EDGE_CURVE('',#986,#995,#1003,.T.);
#1003 = LINE('',#1004,#1005);
#1004 = CARTESIAN_POINT('',(2.537057164459,3.E-02,-2.40932300382));
#1005 = VECTOR('',#1006,1.);
#1006 = DIRECTION('',(0.,1.,0.));
#1007 = PLANE('',#1008);
#1008 = AXIS2_PLACEMENT_3D('',#1009,#1010,#1011);
#1009 = CARTESIAN_POINT('',(2.537057164459,3.E-02,-2.40932300382));
#1010 = DIRECTION('',(0.865623963603,0.,-0.500694671068));
#1011 = DIRECTION('',(-0.500694671068,0.,-0.865623963603));
#1012 = ADVANCED_FACE('',(#1013),#1029,.T.);
#1013 = FACE_BOUND('',#1014,.T.);
#1014 = EDGE_LOOP('',(#1015,#1021,#1022,#1028));
#1015 = ORIENTED_EDGE('',*,*,#1016,.T.);
#1016 = EDGE_CURVE('',#820,#986,#1017,.T.);
#1017 = LINE('',#1018,#1019);
#1018 = CARTESIAN_POINT('',(2.551999999999,3.E-02,-2.400695753699));
#1019 = VECTOR('',#1020,1.);
#1020 = DIRECTION('',(-0.866025403778,0.,-0.500000000011));
#1021 = ORIENTED_EDGE('',*,*,#1002,.T.);
#1022 = ORIENTED_EDGE('',*,*,#1023,.F.);
#1023 = EDGE_CURVE('',#830,#995,#1024,.T.);
#1024 = LINE('',#1025,#1026);
#1025 = CARTESIAN_POINT('',(2.551999999999,4.E-02,-2.400695753699));
#1026 = VECTOR('',#1027,1.);
#1027 = DIRECTION('',(-0.866025403778,0.,-0.500000000011));
#1028 = ORIENTED_EDGE('',*,*,#829,.F.);
#1029 = PLANE('',#1030);
#1030 = AXIS2_PLACEMENT_3D('',#1031,#1032,#1033);
#1031 = CARTESIAN_POINT('',(2.551999999999,3.E-02,-2.400695753699));
#1032 = DIRECTION('',(0.500000000011,0.,-0.866025403778));
#1033 = DIRECTION('',(-0.866025403778,0.,-0.500000000011));
#1034 = ADVANCED_FACE('',(#1035),#1044,.T.);
#1035 = FACE_BOUND('',#1036,.T.);
#1036 = EDGE_LOOP('',(#1037,#1038,#1039,#1040,#1041,#1042,#1043));
#1037 = ORIENTED_EDGE('',*,*,#1023,.T.);
#1038 = ORIENTED_EDGE('',*,*,#994,.T.);
#1039 = ORIENTED_EDGE('',*,*,#962,.T.);
#1040 = ORIENTED_EDGE('',*,*,#930,.T.);
#1041 = ORIENTED_EDGE('',*,*,#899,.T.);
#1042 = ORIENTED_EDGE('',*,*,#868,.T.);
#1043 = ORIENTED_EDGE('',*,*,#837,.T.);
#1044 = PLANE('',#1045);
#1045 = AXIS2_PLACEMENT_3D('',#1046,#1047,#1048);
#1046 = CARTESIAN_POINT('',(2.499999999999,4.E-02,-2.3754346467));
#1047 = DIRECTION('',(0.,1.,0.));
#1048 = DIRECTION('',(1.,0.,0.));
#1049 = ADVANCED_FACE('',(#1050),#1059,.F.);
#1050 = FACE_BOUND('',#1051,.T.);
#1051 = EDGE_LOOP('',(#1052,#1053,#1054,#1055,#1056,#1057,#1058));
#1052 = ORIENTED_EDGE('',*,*,#1016,.F.);
#1053 = ORIENTED_EDGE('',*,*,#819,.T.);
#1054 = ORIENTED_EDGE('',*,*,#859,.F.);
#1055 = ORIENTED_EDGE('',*,*,#890,.T.);
#1056 = ORIENTED_EDGE('',*,*,#921,.T.);
#1057 = ORIENTED_EDGE('',*,*,#952,.F.);
#1058 = ORIENTED_EDGE('',*,*,#985,.F.);
#1059 = PLANE('',#1060);
#1060 = AXIS2_PLACEMENT_3D('',#1061,#1062,#1063);
#1061 = CARTESIAN_POINT('',(2.499999999999,3.E-02,-2.3754346467));
#1062 = DIRECTION('',(0.,1.,0.));
#1063 = DIRECTION('',(1.,0.,0.));
#1064 = ( GEOMETRIC_REPRESENTATION_CONTEXT(3) 
GLOBAL_UNCERTAINTY_ASSIGNED_CONTEXT((#1068)) 
GLOBAL_UNIT_ASSIGNED_CONTEXT((#1065,#1066,#1067)) REPRESENTATION_CONTEXT
('Context #1','3D Context with UNIT and UNCERTAINTY') );
#1065 = ( LENGTH_UNIT() NAMED_UNIT(*) SI_UNIT(.MILLI.,.METRE.) );
#1066 = ( NAMED_UNIT(*) PLANE_ANGLE_UNIT() SI_UNIT($,.RADIAN.) );
#1067 = ( NAMED_UNIT(*) SI_UNIT($,.STERADIAN.) SOLID_ANGLE_UNIT() );
#1068 = UNCERTAINTY_MEASURE_WITH_UNIT(LENGTH_MEASURE(1.E-07),#1065,
  'distance_accuracy_value','confusion accuracy');
#1069 = CONTEXT_DEPENDENT_SHAPE_REPRESENTATION(#1070,#1072);
#1070 = ( REPRESENTATION_RELATIONSHIP('','',#812,#10) 
REPRESENTATION_RELATIONSHIP_WITH_TRANSFORMATION(#1071) 
SHAPE_REPRESENTATION_RELATIONSHIP() );
#1071 = ITEM_DEFINED_TRANSFORMATION('','',#11,#31);
#1072 = PRODUCT_DEFINITION_SHAPE('Placement','Placement of an item',
  #1073);
#1073 = NEXT_ASSEMBLY_USAGE_OCCURRENCE('5','Y-junction v012','',#5,#807,
  $);
#1074 = PRODUCT_RELATED_PRODUCT_CATEGORY('part',$,(#809));
#1075 = SHAPE_DEFINITION_REPRESENTATION(#1076,#1082);
#1076 = PRODUCT_DEFINITION_SHAPE('','',#1077);
#1077 = PRODUCT_DEFINITION('design','',#1078,#1081);
#1078 = PRODUCT_DEFINITION_FORMATION('','',#1079);
#1079 = PRODUCT('Y-junction v038','Y-junction v038','',(#1080));
#1080 = PRODUCT_CONTEXT('',#2,'mechanical');
#1081 = PRODUCT_DEFINITION_CONTEXT('part definition',#2,'design');
#1082 = ADVANCED_BREP_SHAPE_REPRESENTATION('',(#11,#1083),#1233);
#1083 = MANIFOLD_SOLID_BREP('',#1084);
#1084 = CLOSED_SHELL('',(#1085,#1125,#1156,#1187,#1209,#1221));
#1085 = ADVANCED_FACE('',(#1086),#1120,.T.);
#1086 = FACE_BOUND('',#1087,.T.);
#1087 = EDGE_LOOP('',(#1088,#1098,#1106,#1114));
#1088 = ORIENTED_EDGE('',*,*,#1089,.F.);
#1089 = EDGE_CURVE('',#1090,#1092,#1094,.T.);
#1090 = VERTEX_POINT('',#1091);
#1091 = CARTESIAN_POINT('',(2.552233937586,3.E-02,-2.280471833778));
#1092 = VERTEX_POINT('',#1093);
#1093 = CARTESIAN_POINT('',(2.504602540384,3.E-02,-2.307971833776));
#1094 = LINE('',#1095,#1096);
#1095 = CARTESIAN_POINT('',(2.552233937586,3.E-02,-2.280471833778));
#1096 = VECTOR('',#1097,1.);
#1097 = DIRECTION('',(-0.866025403778,0.,-0.500000000011));
#1098 = ORIENTED_EDGE('',*,*,#1099,.T.);
#1099 = EDGE_CURVE('',#1090,#1100,#1102,.T.);
#1100 = VERTEX_POINT('',#1101);
#1101 = CARTESIAN_POINT('',(2.552233937586,4.E-02,-2.280471833778));
#1102 = LINE('',#1103,#1104);
#1103 = CARTESIAN_POINT('',(2.552233937586,3.E-02,-2.280471833778));
#1104 = VECTOR('',#1105,1.);
#1105 = DIRECTION('',(0.,1.,0.));
#1106 = ORIENTED_EDGE('',*,*,#1107,.F.);
#1107 = EDGE_CURVE('',#1108,#1100,#1110,.T.);
#1108 = VERTEX_POINT('',#1109);
#1109 = CARTESIAN_POINT('',(2.504602540384,4.E-02,-2.307971833776));
#1110 = LINE('',#1111,#1112);
#1111 = CARTESIAN_POINT('',(2.552233937586,4.E-02,-2.280471833778));
#1112 = VECTOR('',#1113,1.);
#1113 = DIRECTION('',(0.866025403778,0.,0.500000000011));
#1114 = ORIENTED_EDGE('',*,*,#1115,.F.);
#1115 = EDGE_CURVE('',#1092,#1108,#1116,.T.);
#1116 = LINE('',#1117,#1118);
#1117 = CARTESIAN_POINT('',(2.504602540384,3.E-02,-2.307971833776));
#1118 = VECTOR('',#1119,1.);
#1119 = DIRECTION('',(0.,1.,0.));
#1120 = PLANE('',#1121);
#1121 = AXIS2_PLACEMENT_3D('',#1122,#1123,#1124);
#1122 = CARTESIAN_POINT('',(2.504602540384,3.E-02,-2.307971833776));
#1123 = DIRECTION('',(-0.500000000011,0.,0.866025403778));
#1124 = DIRECTION('',(0.866025403778,0.,0.500000000011));
#1125 = ADVANCED_FACE('',(#1126),#1151,.T.);
#1126 = FACE_BOUND('',#1127,.T.);
#1127 = EDGE_LOOP('',(#1128,#1136,#1137,#1145));
#1128 = ORIENTED_EDGE('',*,*,#1129,.T.);
#1129 = EDGE_CURVE('',#1130,#1092,#1132,.T.);
#1130 = VERTEX_POINT('',#1131);
#1131 = CARTESIAN_POINT('',(2.556602540384,3.E-02,-2.39803847577));
#1132 = LINE('',#1133,#1134);
#1133 = CARTESIAN_POINT('',(2.556602540384,3.E-02,-2.39803847577));
#1134 = VECTOR('',#1135,1.);
#1135 = DIRECTION('',(-0.5,0.,0.866025403784));
#1136 = ORIENTED_EDGE('',*,*,#1115,.T.);
#1137 = ORIENTED_EDGE('',*,*,#1138,.F.);
#1138 = EDGE_CURVE('',#1139,#1108,#1141,.T.);
#1139 = VERTEX_POINT('',#1140);
#1140 = CARTESIAN_POINT('',(2.556602540384,4.E-02,-2.39803847577));
#1141 = LINE('',#1142,#1143);
#1142 = CARTESIAN_POINT('',(2.556602540384,4.E-02,-2.39803847577));
#1143 = VECTOR('',#1144,1.);
#1144 = DIRECTION('',(-0.5,0.,0.866025403784));
#1145 = ORIENTED_EDGE('',*,*,#1146,.F.);
#1146 = EDGE_CURVE('',#1130,#1139,#1147,.T.);
#1147 = LINE('',#1148,#1149);
#1148 = CARTESIAN_POINT('',(2.556602540384,3.E-02,-2.39803847577));
#1149 = VECTOR('',#1150,1.);
#1150 = DIRECTION('',(0.,1.,0.));
#1151 = PLANE('',#1152);
#1152 = AXIS2_PLACEMENT_3D('',#1153,#1154,#1155);
#1153 = CARTESIAN_POINT('',(2.556602540384,3.E-02,-2.39803847577));
#1154 = DIRECTION('',(-0.866025403784,0.,-0.5));
#1155 = DIRECTION('',(-0.5,0.,0.866025403784));
#1156 = ADVANCED_FACE('',(#1157),#1182,.T.);
#1157 = FACE_BOUND('',#1158,.T.);
#1158 = EDGE_LOOP('',(#1159,#1167,#1168,#1176));
#1159 = ORIENTED_EDGE('',*,*,#1160,.T.);
#1160 = EDGE_CURVE('',#1161,#1130,#1163,.T.);
#1161 = VERTEX_POINT('',#1162);
#1162 = CARTESIAN_POINT('',(2.604233937586,3.E-02,-2.370538475772));
#1163 = LINE('',#1164,#1165);
#1164 = CARTESIAN_POINT('',(2.604233937586,3.E-02,-2.370538475772));
#1165 = VECTOR('',#1166,1.);
#1166 = DIRECTION('',(-0.866025403778,0.,-0.50000000001));
#1167 = ORIENTED_EDGE('',*,*,#1146,.T.);
#1168 = ORIENTED_EDGE('',*,*,#1169,.F.);
#1169 = EDGE_CURVE('',#1170,#1139,#1172,.T.);
#1170 = VERTEX_POINT('',#1171);
#1171 = CARTESIAN_POINT('',(2.604233937586,4.E-02,-2.370538475772));
#1172 = LINE('',#1173,#1174);
#1173 = CARTESIAN_POINT('',(2.604233937586,4.E-02,-2.370538475772));
#1174 = VECTOR('',#1175,1.);
#1175 = DIRECTION('',(-0.866025403778,0.,-0.50000000001));
#1176 = ORIENTED_EDGE('',*,*,#1177,.F.);
#1177 = EDGE_CURVE('',#1161,#1170,#1178,.T.);
#1178 = LINE('',#1179,#1180);
#1179 = CARTESIAN_POINT('',(2.604233937586,3.E-02,-2.370538475772));
#1180 = VECTOR('',#1181,1.);
#1181 = DIRECTION('',(0.,1.,0.));
#1182 = PLANE('',#1183);
#1183 = AXIS2_PLACEMENT_3D('',#1184,#1185,#1186);
#1184 = CARTESIAN_POINT('',(2.604233937586,3.E-02,-2.370538475772));
#1185 = DIRECTION('',(0.50000000001,0.,-0.866025403778));
#1186 = DIRECTION('',(-0.866025403778,0.,-0.50000000001));
#1187 = ADVANCED_FACE('',(#1188),#1204,.T.);
#1188 = FACE_BOUND('',#1189,.T.);
#1189 = EDGE_LOOP('',(#1190,#1196,#1197,#1203));
#1190 = ORIENTED_EDGE('',*,*,#1191,.F.);
#1191 = EDGE_CURVE('',#1161,#1090,#1192,.T.);
#1192 = LINE('',#1193,#1194);
#1193 = CARTESIAN_POINT('',(2.604233937586,3.E-02,-2.370538475772));
#1194 = VECTOR('',#1195,1.);
#1195 = DIRECTION('',(-0.5,0.,0.866025403784));
#1196 = ORIENTED_EDGE('',*,*,#1177,.T.);
#1197 = ORIENTED_EDGE('',*,*,#1198,.F.);
#1198 = EDGE_CURVE('',#1100,#1170,#1199,.T.);
#1199 = LINE('',#1200,#1201);
#1200 = CARTESIAN_POINT('',(2.604233937586,4.E-02,-2.370538475772));
#1201 = VECTOR('',#1202,1.);
#1202 = DIRECTION('',(0.5,0.,-0.866025403784));
#1203 = ORIENTED_EDGE('',*,*,#1099,.F.);
#1204 = PLANE('',#1205);
#1205 = AXIS2_PLACEMENT_3D('',#1206,#1207,#1208);
#1206 = CARTESIAN_POINT('',(2.552233937586,3.E-02,-2.280471833778));
#1207 = DIRECTION('',(0.866025403784,0.,0.5));
#1208 = DIRECTION('',(0.5,0.,-0.866025403784));
#1209 = ADVANCED_FACE('',(#1210),#1216,.T.);
#1210 = FACE_BOUND('',#1211,.T.);
#1211 = EDGE_LOOP('',(#1212,#1213,#1214,#1215));
#1212 = ORIENTED_EDGE('',*,*,#1198,.T.);
#1213 = ORIENTED_EDGE('',*,*,#1169,.T.);
#1214 = ORIENTED_EDGE('',*,*,#1138,.T.);
#1215 = ORIENTED_EDGE('',*,*,#1107,.T.);
#1216 = PLANE('',#1217);
#1217 = AXIS2_PLACEMENT_3D('',#1218,#1219,#1220);
#1218 = CARTESIAN_POINT('',(2.554418238985,4.E-02,-2.339255154774));
#1219 = DIRECTION('',(0.,1.,0.));
#1220 = DIRECTION('',(0.,-0.,1.));
#1221 = ADVANCED_FACE('',(#1222),#1228,.F.);
#1222 = FACE_BOUND('',#1223,.T.);
#1223 = EDGE_LOOP('',(#1224,#1225,#1226,#1227));
#1224 = ORIENTED_EDGE('',*,*,#1191,.T.);
#1225 = ORIENTED_EDGE('',*,*,#1089,.T.);
#1226 = ORIENTED_EDGE('',*,*,#1129,.F.);
#1227 = ORIENTED_EDGE('',*,*,#1160,.F.);
#1228 = PLANE('',#1229);
#1229 = AXIS2_PLACEMENT_3D('',#1230,#1231,#1232);
#1230 = CARTESIAN_POINT('',(2.554418238985,3.E-02,-2.339255154774));
#1231 = DIRECTION('',(0.,1.,0.));
#1232 = DIRECTION('',(1.,0.,0.));
#1233 = ( GEOMETRIC_REPRESENTATION_CONTEXT(3) 
GLOBAL_UNCERTAINTY_ASSIGNED_CONTEXT((#1237)) 
GLOBAL_UNIT_ASSIGNED_CONTEXT((#1234,#1235,#1236)) REPRESENTATION_CONTEXT
('Context #1','3D Context with UNIT and UNCERTAINTY') );
#1234 = ( LENGTH_UNIT() NAMED_UNIT(*) SI_UNIT(.MILLI.,.METRE.) );
#1235 = ( NAMED_UNIT(*) PLANE_ANGLE_UNIT() SI_UNIT($,.RADIAN.) );
#1236 = ( NAMED_UNIT(*) SI_UNIT($,.STERADIAN.) SOLID_ANGLE_UNIT() );
#1237 = UNCERTAINTY_MEASURE_WITH_UNIT(LENGTH_MEASURE(1.E-07),#1234,
  'distance_accuracy_value','confusion accuracy');
#1238 = CONTEXT_DEPENDENT_SHAPE_REPRESENTATION(#1239,#1241);
#1239 = ( REPRESENTATION_RELATIONSHIP('','',#1082,#10) 
REPRESENTATION_RELATIONSHIP_WITH_TRANSFORMATION(#1240) 
SHAPE_REPRESENTATION_RELATIONSHIP() );
#1240 = ITEM_DEFINED_TRANSFORMATION('','',#11,#35);
#1241 = PRODUCT_DEFINITION_SHAPE('Placement','Placement of an item',
  #1242);
#1242 = NEXT_ASSEMBLY_USAGE_OCCURRENCE('6','Y-junction v038','',#5,#1077
  ,$);
#1243 = PRODUCT_RELATED_PRODUCT_CATEGORY('part',$,(#1079));
#1244 = SHAPE_DEFINITION_REPRESENTATION(#1245,#1251);
#1245 = PRODUCT_DEFINITION_SHAPE('','',#1246);
#1246 = PRODUCT_DEFINITION('design','',#1247,#1250);
#1247 = PRODUCT_DEFINITION_FORMATION('','',#1248);
#1248 = PRODUCT('Y-junction v024','Y-junction v024','',(#1249));
#1249 = PRODUCT_CONTEXT('',#2,'mechanical');
#1250 = PRODUCT_DEFINITION_CONTEXT('part definition',#2,'design');
#1251 = ADVANCED_BREP_SHAPE_REPRESENTATION('',(#11,#1252),#1402);
#1252 = MANIFOLD_SOLID_BREP('',#1253);
#1253 = CLOSED_SHELL('',(#1254,#1294,#1325,#1356,#1378,#1390));
#1254 = ADVANCED_FACE('',(#1255),#1289,.T.);
#1255 = FACE_BOUND('',#1256,.T.);
#1256 = EDGE_LOOP('',(#1257,#1267,#1275,#1283));
#1257 = ORIENTED_EDGE('',*,*,#1258,.F.);
#1258 = EDGE_CURVE('',#1259,#1261,#1263,.T.);
#1259 = VERTEX_POINT('',#1260);
#1260 = CARTESIAN_POINT('',(2.556564064605,3.E-02,-2.277971833778));
#1261 = VERTEX_POINT('',#1262);
#1262 = CARTESIAN_POINT('',(2.608564064605,3.E-02,-2.368038475772));
#1263 = LINE('',#1264,#1265);
#1264 = CARTESIAN_POINT('',(2.556564064605,3.E-02,-2.277971833778));
#1265 = VECTOR('',#1266,1.);
#1266 = DIRECTION('',(0.5,0.,-0.866025403784));
#1267 = ORIENTED_EDGE('',*,*,#1268,.T.);
#1268 = EDGE_CURVE('',#1259,#1269,#1271,.T.);
#1269 = VERTEX_POINT('',#1270);
#1270 = CARTESIAN_POINT('',(2.556564064605,4.E-02,-2.277971833778));
#1271 = LINE('',#1272,#1273);
#1272 = CARTESIAN_POINT('',(2.556564064605,3.E-02,-2.277971833778));
#1273 = VECTOR('',#1274,1.);
#1274 = DIRECTION('',(0.,1.,0.));
#1275 = ORIENTED_EDGE('',*,*,#1276,.F.);
#1276 = EDGE_CURVE('',#1277,#1269,#1279,.T.);
#1277 = VERTEX_POINT('',#1278);
#1278 = CARTESIAN_POINT('',(2.608564064605,4.E-02,-2.368038475772));
#1279 = LINE('',#1280,#1281);
#1280 = CARTESIAN_POINT('',(2.556564064605,4.E-02,-2.277971833778));
#1281 = VECTOR('',#1282,1.);
#1282 = DIRECTION('',(-0.5,0.,0.866025403784));
#1283 = ORIENTED_EDGE('',*,*,#1284,.F.);
#1284 = EDGE_CURVE('',#1261,#1277,#1285,.T.);
#1285 = LINE('',#1286,#1287);
#1286 = CARTESIAN_POINT('',(2.608564064605,3.E-02,-2.368038475772));
#1287 = VECTOR('',#1288,1.);
#1288 = DIRECTION('',(0.,1.,0.));
#1289 = PLANE('',#1290);
#1290 = AXIS2_PLACEMENT_3D('',#1291,#1292,#1293);
#1291 = CARTESIAN_POINT('',(2.608564064605,3.E-02,-2.368038475772));
#1292 = DIRECTION('',(-0.866025403784,0.,-0.5));
#1293 = DIRECTION('',(-0.5,0.,0.866025403784));
#1294 = ADVANCED_FACE('',(#1295),#1320,.T.);
#1295 = FACE_BOUND('',#1296,.T.);
#1296 = EDGE_LOOP('',(#1297,#1305,#1306,#1314));
#1297 = ORIENTED_EDGE('',*,*,#1298,.F.);
#1298 = EDGE_CURVE('',#1261,#1299,#1301,.T.);
#1299 = VERTEX_POINT('',#1300);
#1300 = CARTESIAN_POINT('',(2.66918584287,3.E-02,-2.333038475772));
#1301 = LINE('',#1302,#1303);
#1302 = CARTESIAN_POINT('',(2.608564064605,3.E-02,-2.368038475772));
#1303 = VECTOR('',#1304,1.);
#1304 = DIRECTION('',(0.866025403784,0.,0.5));
#1305 = ORIENTED_EDGE('',*,*,#1284,.T.);
#1306 = ORIENTED_EDGE('',*,*,#1307,.F.);
#1307 = EDGE_CURVE('',#1308,#1277,#1310,.T.);
#1308 = VERTEX_POINT('',#1309);
#1309 = CARTESIAN_POINT('',(2.66918584287,4.E-02,-2.333038475772));
#1310 = LINE('',#1311,#1312);
#1311 = CARTESIAN_POINT('',(2.608564064605,4.E-02,-2.368038475772));
#1312 = VECTOR('',#1313,1.);
#1313 = DIRECTION('',(-0.866025403784,0.,-0.5));
#1314 = ORIENTED_EDGE('',*,*,#1315,.F.);
#1315 = EDGE_CURVE('',#1299,#1308,#1316,.T.);
#1316 = LINE('',#1317,#1318);
#1317 = CARTESIAN_POINT('',(2.66918584287,3.E-02,-2.333038475772));
#1318 = VECTOR('',#1319,1.);
#1319 = DIRECTION('',(0.,1.,0.));
#1320 = PLANE('',#1321);
#1321 = AXIS2_PLACEMENT_3D('',#1322,#1323,#1324);
#1322 = CARTESIAN_POINT('',(2.66918584287,3.E-02,-2.333038475772));
#1323 = DIRECTION('',(0.5,0.,-0.866025403784));
#1324 = DIRECTION('',(-0.866025403784,0.,-0.5));
#1325 = ADVANCED_FACE('',(#1326),#1351,.T.);
#1326 = FACE_BOUND('',#1327,.T.);
#1327 = EDGE_LOOP('',(#1328,#1336,#1337,#1345));
#1328 = ORIENTED_EDGE('',*,*,#1329,.F.);
#1329 = EDGE_CURVE('',#1299,#1330,#1332,.T.);
#1330 = VERTEX_POINT('',#1331);
#1331 = CARTESIAN_POINT('',(2.61718584287,3.E-02,-2.242971833778));
#1332 = LINE('',#1333,#1334);
#1333 = CARTESIAN_POINT('',(2.66918584287,3.E-02,-2.333038475772));
#1334 = VECTOR('',#1335,1.);
#1335 = DIRECTION('',(-0.5,0.,0.866025403784));
#1336 = ORIENTED_EDGE('',*,*,#1315,.T.);
#1337 = ORIENTED_EDGE('',*,*,#1338,.F.);
#1338 = EDGE_CURVE('',#1339,#1308,#1341,.T.);
#1339 = VERTEX_POINT('',#1340);
#1340 = CARTESIAN_POINT('',(2.61718584287,4.E-02,-2.242971833778));
#1341 = LINE('',#1342,#1343);
#1342 = CARTESIAN_POINT('',(2.66918584287,4.E-02,-2.333038475772));
#1343 = VECTOR('',#1344,1.);
#1344 = DIRECTION('',(0.5,0.,-0.866025403784));
#1345 = ORIENTED_EDGE('',*,*,#1346,.F.);
#1346 = EDGE_CURVE('',#1330,#1339,#1347,.T.);
#1347 = LINE('',#1348,#1349);
#1348 = CARTESIAN_POINT('',(2.61718584287,3.E-02,-2.242971833778));
#1349 = VECTOR('',#1350,1.);
#1350 = DIRECTION('',(0.,1.,0.));
#1351 = PLANE('',#1352);
#1352 = AXIS2_PLACEMENT_3D('',#1353,#1354,#1355);
#1353 = CARTESIAN_POINT('',(2.61718584287,3.E-02,-2.242971833778));
#1354 = DIRECTION('',(0.866025403784,0.,0.5));
#1355 = DIRECTION('',(0.5,0.,-0.866025403784));
#1356 = ADVANCED_FACE('',(#1357),#1373,.T.);
#1357 = FACE_BOUND('',#1358,.T.);
#1358 = EDGE_LOOP('',(#1359,#1365,#1366,#1372));
#1359 = ORIENTED_EDGE('',*,*,#1360,.F.);
#1360 = EDGE_CURVE('',#1330,#1259,#1361,.T.);
#1361 = LINE('',#1362,#1363);
#1362 = CARTESIAN_POINT('',(2.61718584287,3.E-02,-2.242971833778));
#1363 = VECTOR('',#1364,1.);
#1364 = DIRECTION('',(-0.866025403784,0.,-0.5));
#1365 = ORIENTED_EDGE('',*,*,#1346,.T.);
#1366 = ORIENTED_EDGE('',*,*,#1367,.F.);
#1367 = EDGE_CURVE('',#1269,#1339,#1368,.T.);
#1368 = LINE('',#1369,#1370);
#1369 = CARTESIAN_POINT('',(2.61718584287,4.E-02,-2.242971833778));
#1370 = VECTOR('',#1371,1.);
#1371 = DIRECTION('',(0.866025403784,0.,0.5));
#1372 = ORIENTED_EDGE('',*,*,#1268,.F.);
#1373 = PLANE('',#1374);
#1374 = AXIS2_PLACEMENT_3D('',#1375,#1376,#1377);
#1375 = CARTESIAN_POINT('',(2.556564064605,3.E-02,-2.277971833778));
#1376 = DIRECTION('',(-0.5,0.,0.866025403784));
#1377 = DIRECTION('',(0.866025403784,0.,0.5));
#1378 = ADVANCED_FACE('',(#1379),#1385,.T.);
#1379 = FACE_BOUND('',#1380,.T.);
#1380 = EDGE_LOOP('',(#1381,#1382,#1383,#1384));
#1381 = ORIENTED_EDGE('',*,*,#1367,.T.);
#1382 = ORIENTED_EDGE('',*,*,#1338,.T.);
#1383 = ORIENTED_EDGE('',*,*,#1307,.T.);
#1384 = ORIENTED_EDGE('',*,*,#1276,.T.);
#1385 = PLANE('',#1386);
#1386 = AXIS2_PLACEMENT_3D('',#1387,#1388,#1389);
#1387 = CARTESIAN_POINT('',(2.612874953738,4.E-02,-2.305505154775));
#1388 = DIRECTION('',(0.,1.,0.));
#1389 = DIRECTION('',(0.,-0.,1.));
#1390 = ADVANCED_FACE('',(#1391),#1397,.F.);
#1391 = FACE_BOUND('',#1392,.T.);
#1392 = EDGE_LOOP('',(#1393,#1394,#1395,#1396));
#1393 = ORIENTED_EDGE('',*,*,#1360,.T.);
#1394 = ORIENTED_EDGE('',*,*,#1258,.T.);
#1395 = ORIENTED_EDGE('',*,*,#1298,.T.);
#1396 = ORIENTED_EDGE('',*,*,#1329,.T.);
#1397 = PLANE('',#1398);
#1398 = AXIS2_PLACEMENT_3D('',#1399,#1400,#1401);
#1399 = CARTESIAN_POINT('',(2.612874953738,3.E-02,-2.305505154775));
#1400 = DIRECTION('',(0.,1.,0.));
#1401 = DIRECTION('',(1.,0.,0.));
#1402 = ( GEOMETRIC_REPRESENTATION_CONTEXT(3) 
GLOBAL_UNCERTAINTY_ASSIGNED_CONTEXT((#1406)) 
GLOBAL_UNIT_ASSIGNED_CONTEXT((#1403,#1404,#1405)) REPRESENTATION_CONTEXT
('Context #1','3D Context with UNIT and UNCERTAINTY') );
#1403 = ( LENGTH_UNIT() NAMED_UNIT(*) SI_UNIT(.MILLI.,.METRE.) );
#1404 = ( NAMED_UNIT(*) PLANE_ANGLE_UNIT() SI_UNIT($,.RADIAN.) );
#1405 = ( NAMED_UNIT(*) SI_UNIT($,.STERADIAN.) SOLID_ANGLE_UNIT() );
#1406 = UNCERTAINTY_MEASURE_WITH_UNIT(LENGTH_MEASURE(1.E-07),#1403,
  'distance_accuracy_value','confusion accuracy');
#1407 = CONTEXT_DEPENDENT_SHAPE_REPRESENTATION(#1408,#1410);
#1408 = ( REPRESENTATION_RELATIONSHIP('','',#1251,#10) 
REPRESENTATION_RELATIONSHIP_WITH_TRANSFORMATION(#1409) 
SHAPE_REPRESENTATION_RELATIONSHIP() );
#1409 = ITEM_DEFINED_TRANSFORMATION('','',#11,#39);
#1410 = PRODUCT_DEFINITION_SHAPE('Placement','Placement of an item',
  #1411);
#1411 = NEXT_ASSEMBLY_USAGE_OCCURRENCE('7','Y-junction v024','',#5,#1246
  ,$);
#1412 = PRODUCT_RELATED_PRODUCT_CATEGORY('part',$,(#1248));
#1413 = SHAPE_DEFINITION_REPRESENTATION(#1414,#1420);
#1414 = PRODUCT_DEFINITION_SHAPE('','',#1415);
#1415 = PRODUCT_DEFINITION('design','',#1416,#1419);
#1416 = PRODUCT_DEFINITION_FORMATION('','',#1417);
#1417 = PRODUCT('Y-junction v033','Y-junction v033','',(#1418));
#1418 = PRODUCT_CONTEXT('',#2,'mechanical');
#1419 = PRODUCT_DEFINITION_CONTEXT('part definition',#2,'design');
#1420 = ADVANCED_BREP_SHAPE_REPRESENTATION('',(#11,#1421),#1571);
#1421 = MANIFOLD_SOLID_BREP('',#1422);
#1422 = CLOSED_SHELL('',(#1423,#1463,#1494,#1525,#1547,#1559));
#1423 = ADVANCED_FACE('',(#1424),#1458,.T.);
#1424 = FACE_BOUND('',#1425,.T.);
#1425 = EDGE_LOOP('',(#1426,#1436,#1444,#1452));
#1426 = ORIENTED_EDGE('',*,*,#1427,.F.);
#1427 = EDGE_CURVE('',#1428,#1430,#1432,.T.);
#1428 = VERTEX_POINT('',#1429);
#1429 = CARTESIAN_POINT('',(2.682137748154,3.E-02,-2.205471833778));
#1430 = VERTEX_POINT('',#1431);
#1431 = CARTESIAN_POINT('',(2.621515969889,3.E-02,-2.240471833778));
#1432 = LINE('',#1433,#1434);
#1433 = CARTESIAN_POINT('',(2.682137748154,3.E-02,-2.205471833778));
#1434 = VECTOR('',#1435,1.);
#1435 = DIRECTION('',(-0.866025403784,0.,-0.5));
#1436 = ORIENTED_EDGE('',*,*,#1437,.T.);
#1437 = EDGE_CURVE('',#1428,#1438,#1440,.T.);
#1438 = VERTEX_POINT('',#1439);
#1439 = CARTESIAN_POINT('',(2.682137748154,4.E-02,-2.205471833778));
#1440 = LINE('',#1441,#1442);
#1441 = CARTESIAN_POINT('',(2.682137748154,3.E-02,-2.205471833778));
#1442 = VECTOR('',#1443,1.);
#1443 = DIRECTION('',(0.,1.,0.));
#1444 = ORIENTED_EDGE('',*,*,#1445,.F.);
#1445 = EDGE_CURVE('',#1446,#1438,#1448,.T.);
#1446 = VERTEX_POINT('',#1447);
#1447 = CARTESIAN_POINT('',(2.621515969889,4.E-02,-2.240471833778));
#1448 = LINE('',#1449,#1450);
#1449 = CARTESIAN_POINT('',(2.682137748154,4.E-02,-2.205471833778));
#1450 = VECTOR('',#1451,1.);
#1451 = DIRECTION('',(0.866025403784,0.,0.5));
#1452 = ORIENTED_EDGE('',*,*,#1453,.F.);
#1453 = EDGE_CURVE('',#1430,#1446,#1454,.T.);
#1454 = LINE('',#1455,#1456);
#1455 = CARTESIAN_POINT('',(2.621515969889,3.E-02,-2.240471833778));
#1456 = VECTOR('',#1457,1.);
#1457 = DIRECTION('',(0.,1.,0.));
#1458 = PLANE('',#1459);
#1459 = AXIS2_PLACEMENT_3D('',#1460,#1461,#1462);
#1460 = CARTESIAN_POINT('',(2.621515969889,3.E-02,-2.240471833778));
#1461 = DIRECTION('',(-0.5,0.,0.866025403784));
#1462 = DIRECTION('',(0.866025403784,0.,0.5));
#1463 = ADVANCED_FACE('',(#1464),#1489,.T.);
#1464 = FACE_BOUND('',#1465,.T.);
#1465 = EDGE_LOOP('',(#1466,#1474,#1475,#1483));
#1466 = ORIENTED_EDGE('',*,*,#1467,.F.);
#1467 = EDGE_CURVE('',#1430,#1468,#1470,.T.);
#1468 = VERTEX_POINT('',#1469);
#1469 = CARTESIAN_POINT('',(2.673515969889,3.E-02,-2.330538475772));
#1470 = LINE('',#1471,#1472);
#1471 = CARTESIAN_POINT('',(2.621515969889,3.E-02,-2.240471833778));
#1472 = VECTOR('',#1473,1.);
#1473 = DIRECTION('',(0.5,0.,-0.866025403784));
#1474 = ORIENTED_EDGE('',*,*,#1453,.T.);
#1475 = ORIENTED_EDGE('',*,*,#1476,.F.);
#1476 = EDGE_CURVE('',#1477,#1446,#1479,.T.);
#1477 = VERTEX_POINT('',#1478);
#1478 = CARTESIAN_POINT('',(2.673515969889,4.E-02,-2.330538475772));
#1479 = LINE('',#1480,#1481);
#1480 = CARTESIAN_POINT('',(2.621515969889,4.E-02,-2.240471833778));
#1481 = VECTOR('',#1482,1.);
#1482 = DIRECTION('',(-0.5,0.,0.866025403784));
#1483 = ORIENTED_EDGE('',*,*,#1484,.F.);
#1484 = EDGE_CURVE('',#1468,#1477,#1485,.T.);
#1485 = LINE('',#1486,#1487);
#1486 = CARTESIAN_POINT('',(2.673515969889,3.E-02,-2.330538475772));
#1487 = VECTOR('',#1488,1.);
#1488 = DIRECTION('',(0.,1.,0.));
#1489 = PLANE('',#1490);
#1490 = AXIS2_PLACEMENT_3D('',#1491,#1492,#1493);
#1491 = CARTESIAN_POINT('',(2.673515969889,3.E-02,-2.330538475772));
#1492 = DIRECTION('',(-0.866025403784,0.,-0.5));
#1493 = DIRECTION('',(-0.5,0.,0.866025403784));
#1494 = ADVANCED_FACE('',(#1495),#1520,.T.);
#1495 = FACE_BOUND('',#1496,.T.);
#1496 = EDGE_LOOP('',(#1497,#1505,#1506,#1514));
#1497 = ORIENTED_EDGE('',*,*,#1498,.F.);
#1498 = EDGE_CURVE('',#1468,#1499,#1501,.T.);
#1499 = VERTEX_POINT('',#1500);
#1500 = CARTESIAN_POINT('',(2.734137748154,3.E-02,-2.295538475772));
#1501 = LINE('',#1502,#1503);
#1502 = CARTESIAN_POINT('',(2.673515969889,3.E-02,-2.330538475772));
#1503 = VECTOR('',#1504,1.);
#1504 = DIRECTION('',(0.866025403784,0.,0.5));
#1505 = ORIENTED_EDGE('',*,*,#1484,.T.);
#1506 = ORIENTED_EDGE('',*,*,#1507,.F.);
#1507 = EDGE_CURVE('',#1508,#1477,#1510,.T.);
#1508 = VERTEX_POINT('',#1509);
#1509 = CARTESIAN_POINT('',(2.734137748154,4.E-02,-2.295538475772));
#1510 = LINE('',#1511,#1512);
#1511 = CARTESIAN_POINT('',(2.673515969889,4.E-02,-2.330538475772));
#1512 = VECTOR('',#1513,1.);
#1513 = DIRECTION('',(-0.866025403784,0.,-0.5));
#1514 = ORIENTED_EDGE('',*,*,#1515,.F.);
#1515 = EDGE_CURVE('',#1499,#1508,#1516,.T.);
#1516 = LINE('',#1517,#1518);
#1517 = CARTESIAN_POINT('',(2.734137748154,3.E-02,-2.295538475772));
#1518 = VECTOR('',#1519,1.);
#1519 = DIRECTION('',(0.,1.,0.));
#1520 = PLANE('',#1521);
#1521 = AXIS2_PLACEMENT_3D('',#1522,#1523,#1524);
#1522 = CARTESIAN_POINT('',(2.734137748154,3.E-02,-2.295538475772));
#1523 = DIRECTION('',(0.5,0.,-0.866025403784));
#1524 = DIRECTION('',(-0.866025403784,0.,-0.5));
#1525 = ADVANCED_FACE('',(#1526),#1542,.T.);
#1526 = FACE_BOUND('',#1527,.T.);
#1527 = EDGE_LOOP('',(#1528,#1534,#1535,#1541));
#1528 = ORIENTED_EDGE('',*,*,#1529,.F.);
#1529 = EDGE_CURVE('',#1499,#1428,#1530,.T.);
#1530 = LINE('',#1531,#1532);
#1531 = CARTESIAN_POINT('',(2.734137748154,3.E-02,-2.295538475772));
#1532 = VECTOR('',#1533,1.);
#1533 = DIRECTION('',(-0.5,0.,0.866025403784));
#1534 = ORIENTED_EDGE('',*,*,#1515,.T.);
#1535 = ORIENTED_EDGE('',*,*,#1536,.F.);
#1536 = EDGE_CURVE('',#1438,#1508,#1537,.T.);
#1537 = LINE('',#1538,#1539);
#1538 = CARTESIAN_POINT('',(2.734137748154,4.E-02,-2.295538475772));
#1539 = VECTOR('',#1540,1.);
#1540 = DIRECTION('',(0.5,0.,-0.866025403784));
#1541 = ORIENTED_EDGE('',*,*,#1437,.F.);
#1542 = PLANE('',#1543);
#1543 = AXIS2_PLACEMENT_3D('',#1544,#1545,#1546);
#1544 = CARTESIAN_POINT('',(2.682137748154,3.E-02,-2.205471833778));
#1545 = DIRECTION('',(0.866025403784,0.,0.5));
#1546 = DIRECTION('',(0.5,0.,-0.866025403784));
#1547 = ADVANCED_FACE('',(#1548),#1554,.T.);
#1548 = FACE_BOUND('',#1549,.T.);
#1549 = EDGE_LOOP('',(#1550,#1551,#1552,#1553));
#1550 = ORIENTED_EDGE('',*,*,#1536,.T.);
#1551 = ORIENTED_EDGE('',*,*,#1507,.T.);
#1552 = ORIENTED_EDGE('',*,*,#1476,.T.);
#1553 = ORIENTED_EDGE('',*,*,#1445,.T.);
#1554 = PLANE('',#1555);
#1555 = AXIS2_PLACEMENT_3D('',#1556,#1557,#1558);
#1556 = CARTESIAN_POINT('',(2.677826859021,4.E-02,-2.268005154775));
#1557 = DIRECTION('',(0.,1.,0.));
#1558 = DIRECTION('',(0.,-0.,1.));
#1559 = ADVANCED_FACE('',(#1560),#1566,.F.);
#1560 = FACE_BOUND('',#1561,.T.);
#1561 = EDGE_LOOP('',(#1562,#1563,#1564,#1565));
#1562 = ORIENTED_EDGE('',*,*,#1529,.T.);
#1563 = ORIENTED_EDGE('',*,*,#1427,.T.);
#1564 = ORIENTED_EDGE('',*,*,#1467,.T.);
#1565 = ORIENTED_EDGE('',*,*,#1498,.T.);
#1566 = PLANE('',#1567);
#1567 = AXIS2_PLACEMENT_3D('',#1568,#1569,#1570);
#1568 = CARTESIAN_POINT('',(2.677826859021,3.E-02,-2.268005154775));
#1569 = DIRECTION('',(0.,1.,0.));
#1570 = DIRECTION('',(1.,0.,0.));
#1571 = ( GEOMETRIC_REPRESENTATION_CONTEXT(3) 
GLOBAL_UNCERTAINTY_ASSIGNED_CONTEXT((#1575)) 
GLOBAL_UNIT_ASSIGNED_CONTEXT((#1572,#1573,#1574)) REPRESENTATION_CONTEXT
('Context #1','3D Context with UNIT and UNCERTAINTY') );
#1572 = ( LENGTH_UNIT() NAMED_UNIT(*) SI_UNIT(.MILLI.,.METRE.) );
#1573 = ( NAMED_UNIT(*) PLANE_ANGLE_UNIT() SI_UNIT($,.RADIAN.) );
#1574 = ( NAMED_UNIT(*) SI_UNIT($,.STERADIAN.) SOLID_ANGLE_UNIT() );
#1575 = UNCERTAINTY_MEASURE_WITH_UNIT(LENGTH_MEASURE(1.E-07),#1572,
  'distance_accuracy_value','confusion accuracy');
#1576 = CONTEXT_DEPENDENT_SHAPE_REPRESENTATION(#1577,#1579);
#1577 = ( REPRESENTATION_RELATIONSHIP('','',#1420,#10) 
REPRESENTATION_RELATIONSHIP_WITH_TRANSFORMATION(#1578) 
SHAPE_REPRESENTATION_RELATIONSHIP() );
#1578 = ITEM_DEFINED_TRANSFORMATION('','',#11,#43);
#1579 = PRODUCT_DEFINITION_SHAPE('Placement','Placement of an item',
  #1580);
#1580 = NEXT_ASSEMBLY_USAGE_OCCURRENCE('8','Y-junction v033','',#5,#1415
  ,$);
#1581 = PRODUCT_RELATED_PRODUCT_CATEGORY('part',$,(#1417));
#1582 = SHAPE_DEFINITION_REPRESENTATION(#1583,#1589);
#1583 = PRODUCT_DEFINITION_SHAPE('','',#1584);
#1584 = PRODUCT_DEFINITION('design','',#1585,#1588);
#1585 = PRODUCT_DEFINITION_FORMATION('','',#1586);
#1586 = PRODUCT('Y-junction v022','Y-junction v022','',(#1587));
#1587 = PRODUCT_CONTEXT('',#2,'mechanical');
#1588 = PRODUCT_DEFINITION_CONTEXT('part definition',#2,'design');
#1589 = ADVANCED_BREP_SHAPE_REPRESENTATION('',(#11,#1590),#1740);
#1590 = MANIFOLD_SOLID_BREP('',#1591);
#1591 = CLOSED_SHELL('',(#1592,#1632,#1663,#1694,#1716,#1728));
#1592 = ADVANCED_FACE('',(#1593),#1627,.T.);
#1593 = FACE_BOUND('',#1594,.T.);
#1594 = EDGE_LOOP('',(#1595,#1605,#1613,#1621));
#1595 = ORIENTED_EDGE('',*,*,#1596,.F.);
#1596 = EDGE_CURVE('',#1597,#1599,#1601,.T.);
#1597 = VERTEX_POINT('',#1598);
#1598 = CARTESIAN_POINT('',(2.738467875173,3.E-02,-2.293038475772));
#1599 = VERTEX_POINT('',#1600);
#1600 = CARTESIAN_POINT('',(2.799089653438,3.E-02,-2.258038475772));
#1601 = LINE('',#1602,#1603);
#1602 = CARTESIAN_POINT('',(2.738467875173,3.E-02,-2.293038475772));
#1603 = VECTOR('',#1604,1.);
#1604 = DIRECTION('',(0.866025403784,0.,0.5));
#1605 = ORIENTED_EDGE('',*,*,#1606,.T.);
#1606 = EDGE_CURVE('',#1597,#1607,#1609,.T.);
#1607 = VERTEX_POINT('',#1608);
#1608 = CARTESIAN_POINT('',(2.738467875173,4.E-02,-2.293038475772));
#1609 = LINE('',#1610,#1611);
#1610 = CARTESIAN_POINT('',(2.738467875173,3.E-02,-2.293038475772));
#1611 = VECTOR('',#1612,1.);
#1612 = DIRECTION('',(0.,1.,0.));
#1613 = ORIENTED_EDGE('',*,*,#1614,.F.);
#1614 = EDGE_CURVE('',#1615,#1607,#1617,.T.);
#1615 = VERTEX_POINT('',#1616);
#1616 = CARTESIAN_POINT('',(2.799089653438,4.E-02,-2.258038475772));
#1617 = LINE('',#1618,#1619);
#1618 = CARTESIAN_POINT('',(2.738467875173,4.E-02,-2.293038475772));
#1619 = VECTOR('',#1620,1.);
#1620 = DIRECTION('',(-0.866025403784,0.,-0.5));
#1621 = ORIENTED_EDGE('',*,*,#1622,.F.);
#1622 = EDGE_CURVE('',#1599,#1615,#1623,.T.);
#1623 = LINE('',#1624,#1625);
#1624 = CARTESIAN_POINT('',(2.799089653438,3.E-02,-2.258038475772));
#1625 = VECTOR('',#1626,1.);
#1626 = DIRECTION('',(0.,1.,0.));
#1627 = PLANE('',#1628);
#1628 = AXIS2_PLACEMENT_3D('',#1629,#1630,#1631);
#1629 = CARTESIAN_POINT('',(2.799089653438,3.E-02,-2.258038475772));
#1630 = DIRECTION('',(0.5,0.,-0.866025403784));
#1631 = DIRECTION('',(-0.866025403784,0.,-0.5));
#1632 = ADVANCED_FACE('',(#1633),#1658,.T.);
#1633 = FACE_BOUND('',#1634,.T.);
#1634 = EDGE_LOOP('',(#1635,#1643,#1644,#1652));
#1635 = ORIENTED_EDGE('',*,*,#1636,.F.);
#1636 = EDGE_CURVE('',#1599,#1637,#1639,.T.);
#1637 = VERTEX_POINT('',#1638);
#1638 = CARTESIAN_POINT('',(2.747089653438,3.E-02,-2.167971833778));
#1639 = LINE('',#1640,#1641);
#1640 = CARTESIAN_POINT('',(2.799089653438,3.E-02,-2.258038475772));
#1641 = VECTOR('',#1642,1.);
#1642 = DIRECTION('',(-0.499999999999,0.,0.866025403785));
#1643 = ORIENTED_EDGE('',*,*,#1622,.T.);
#1644 = ORIENTED_EDGE('',*,*,#1645,.F.);
#1645 = EDGE_CURVE('',#1646,#1615,#1648,.T.);
#1646 = VERTEX_POINT('',#1647);
#1647 = CARTESIAN_POINT('',(2.747089653438,4.E-02,-2.167971833778));
#1648 = LINE('',#1649,#1650);
#1649 = CARTESIAN_POINT('',(2.799089653438,4.E-02,-2.258038475772));
#1650 = VECTOR('',#1651,1.);
#1651 = DIRECTION('',(0.499999999999,0.,-0.866025403785));
#1652 = ORIENTED_EDGE('',*,*,#1653,.F.);
#1653 = EDGE_CURVE('',#1637,#1646,#1654,.T.);
#1654 = LINE('',#1655,#1656);
#1655 = CARTESIAN_POINT('',(2.747089653438,3.E-02,-2.167971833778));
#1656 = VECTOR('',#1657,1.);
#1657 = DIRECTION('',(0.,1.,0.));
#1658 = PLANE('',#1659);
#1659 = AXIS2_PLACEMENT_3D('',#1660,#1661,#1662);
#1660 = CARTESIAN_POINT('',(2.747089653438,3.E-02,-2.167971833778));
#1661 = DIRECTION('',(0.866025403785,0.,0.499999999999));
#1662 = DIRECTION('',(0.499999999999,0.,-0.866025403785));
#1663 = ADVANCED_FACE('',(#1664),#1689,.T.);
#1664 = FACE_BOUND('',#1665,.T.);
#1665 = EDGE_LOOP('',(#1666,#1674,#1675,#1683));
#1666 = ORIENTED_EDGE('',*,*,#1667,.F.);
#1667 = EDGE_CURVE('',#1637,#1668,#1670,.T.);
#1668 = VERTEX_POINT('',#1669);
#1669 = CARTESIAN_POINT('',(2.686467875173,3.E-02,-2.202971833778));
#1670 = LINE('',#1671,#1672);
#1671 = CARTESIAN_POINT('',(2.747089653438,3.E-02,-2.167971833778));
#1672 = VECTOR('',#1673,1.);
#1673 = DIRECTION('',(-0.866025403784,0.,-0.5));
#1674 = ORIENTED_EDGE('',*,*,#1653,.T.);
#1675 = ORIENTED_EDGE('',*,*,#1676,.F.);
#1676 = EDGE_CURVE('',#1677,#1646,#1679,.T.);
#1677 = VERTEX_POINT('',#1678);
#1678 = CARTESIAN_POINT('',(2.686467875173,4.E-02,-2.202971833778));
#1679 = LINE('',#1680,#1681);
#1680 = CARTESIAN_POINT('',(2.747089653438,4.E-02,-2.167971833778));
#1681 = VECTOR('',#1682,1.);
#1682 = DIRECTION('',(0.866025403784,0.,0.5));
#1683 = ORIENTED_EDGE('',*,*,#1684,.F.);
#1684 = EDGE_CURVE('',#1668,#1677,#1685,.T.);
#1685 = LINE('',#1686,#1687);
#1686 = CARTESIAN_POINT('',(2.686467875173,3.E-02,-2.202971833778));
#1687 = VECTOR('',#1688,1.);
#1688 = DIRECTION('',(0.,1.,0.));
#1689 = PLANE('',#1690);
#1690 = AXIS2_PLACEMENT_3D('',#1691,#1692,#1693);
#1691 = CARTESIAN_POINT('',(2.686467875173,3.E-02,-2.202971833778));
#1692 = DIRECTION('',(-0.5,0.,0.866025403784));
#1693 = DIRECTION('',(0.866025403784,0.,0.5));
#1694 = ADVANCED_FACE('',(#1695),#1711,.T.);
#1695 = FACE_BOUND('',#1696,.T.);
#1696 = EDGE_LOOP('',(#1697,#1703,#1704,#1710));
#1697 = ORIENTED_EDGE('',*,*,#1698,.F.);
#1698 = EDGE_CURVE('',#1668,#1597,#1699,.T.);
#1699 = LINE('',#1700,#1701);
#1700 = CARTESIAN_POINT('',(2.686467875173,3.E-02,-2.202971833778));
#1701 = VECTOR('',#1702,1.);
#1702 = DIRECTION('',(0.5,0.,-0.866025403784));
#1703 = ORIENTED_EDGE('',*,*,#1684,.T.);
#1704 = ORIENTED_EDGE('',*,*,#1705,.F.);
#1705 = EDGE_CURVE('',#1607,#1677,#1706,.T.);
#1706 = LINE('',#1707,#1708);
#1707 = CARTESIAN_POINT('',(2.686467875173,4.E-02,-2.202971833778));
#1708 = VECTOR('',#1709,1.);
#1709 = DIRECTION('',(-0.5,0.,0.866025403784));
#1710 = ORIENTED_EDGE('',*,*,#1606,.F.);
#1711 = PLANE('',#1712);
#1712 = AXIS2_PLACEMENT_3D('',#1713,#1714,#1715);
#1713 = CARTESIAN_POINT('',(2.738467875173,3.E-02,-2.293038475772));
#1714 = DIRECTION('',(-0.866025403784,0.,-0.5));
#1715 = DIRECTION('',(-0.5,0.,0.866025403784));
#1716 = ADVANCED_FACE('',(#1717),#1723,.T.);
#1717 = FACE_BOUND('',#1718,.T.);
#1718 = EDGE_LOOP('',(#1719,#1720,#1721,#1722));
#1719 = ORIENTED_EDGE('',*,*,#1705,.T.);
#1720 = ORIENTED_EDGE('',*,*,#1676,.T.);
#1721 = ORIENTED_EDGE('',*,*,#1645,.T.);
#1722 = ORIENTED_EDGE('',*,*,#1614,.T.);
#1723 = PLANE('',#1724);
#1724 = AXIS2_PLACEMENT_3D('',#1725,#1726,#1727);
#1725 = CARTESIAN_POINT('',(2.742778764305,4.E-02,-2.230505154775));
#1726 = DIRECTION('',(0.,1.,0.));
#1727 = DIRECTION('',(0.,-0.,1.));
#1728 = ADVANCED_FACE('',(#1729),#1735,.F.);
#1729 = FACE_BOUND('',#1730,.T.);
#1730 = EDGE_LOOP('',(#1731,#1732,#1733,#1734));
#1731 = ORIENTED_EDGE('',*,*,#1698,.T.);
#1732 = ORIENTED_EDGE('',*,*,#1596,.T.);
#1733 = ORIENTED_EDGE('',*,*,#1636,.T.);
#1734 = ORIENTED_EDGE('',*,*,#1667,.T.);
#1735 = PLANE('',#1736);
#1736 = AXIS2_PLACEMENT_3D('',#1737,#1738,#1739);
#1737 = CARTESIAN_POINT('',(2.742778764305,3.E-02,-2.230505154775));
#1738 = DIRECTION('',(0.,1.,0.));
#1739 = DIRECTION('',(1.,0.,0.));
#1740 = ( GEOMETRIC_REPRESENTATION_CONTEXT(3) 
GLOBAL_UNCERTAINTY_ASSIGNED_CONTEXT((#1744)) 
GLOBAL_UNIT_ASSIGNED_CONTEXT((#1741,#1742,#1743)) REPRESENTATION_CONTEXT
('Context #1','3D Context with UNIT and UNCERTAINTY') );
#1741 = ( LENGTH_UNIT() NAMED_UNIT(*) SI_UNIT(.MILLI.,.METRE.) );
#1742 = ( NAMED_UNIT(*) PLANE_ANGLE_UNIT() SI_UNIT($,.RADIAN.) );
#1743 = ( NAMED_UNIT(*) SI_UNIT($,.STERADIAN.) SOLID_ANGLE_UNIT() );
#1744 = UNCERTAINTY_MEASURE_WITH_UNIT(LENGTH_MEASURE(1.E-07),#1741,
  'distance_accuracy_value','confusion accuracy');
#1745 = CONTEXT_DEPENDENT_SHAPE_REPRESENTATION(#1746,#1748);
#1746 = ( REPRESENTATION_RELATIONSHIP('','',#1589,#10) 
REPRESENTATION_RELATIONSHIP_WITH_TRANSFORMATION(#1747) 
SHAPE_REPRESENTATION_RELATIONSHIP() );
#1747 = ITEM_DEFINED_TRANSFORMATION('','',#11,#47);
#1748 = PRODUCT_DEFINITION_SHAPE('Placement','Placement of an item',
  #1749);
#1749 = NEXT_ASSEMBLY_USAGE_OCCURRENCE('9','Y-junction v022','',#5,#1584
  ,$);
#1750 = PRODUCT_RELATED_PRODUCT_CATEGORY('part',$,(#1586));
#1751 = SHAPE_DEFINITION_REPRESENTATION(#1752,#1758);
#1752 = PRODUCT_DEFINITION_SHAPE('','',#1753);
#1753 = PRODUCT_DEFINITION('design','',#1754,#1757);
#1754 = PRODUCT_DEFINITION_FORMATION('','',#1755);
#1755 = PRODUCT('Y-junction v020','Y-junction v020','',(#1756));
#1756 = PRODUCT_CONTEXT('',#2,'mechanical');
#1757 = PRODUCT_DEFINITION_CONTEXT('part definition',#2,'design');
#1758 = ADVANCED_BREP_SHAPE_REPRESENTATION('',(#11,#1759),#1909);
#1759 = MANIFOLD_SOLID_BREP('',#1760);
#1760 = CLOSED_SHELL('',(#1761,#1801,#1832,#1863,#1885,#1897));
#1761 = ADVANCED_FACE('',(#1762),#1796,.T.);
#1762 = FACE_BOUND('',#1763,.T.);
#1763 = EDGE_LOOP('',(#1764,#1774,#1782,#1790));
#1764 = ORIENTED_EDGE('',*,*,#1765,.F.);
#1765 = EDGE_CURVE('',#1766,#1768,#1770,.T.);
#1766 = VERTEX_POINT('',#1767);
#1767 = CARTESIAN_POINT('',(2.201532124826,3.E-02,-2.396961524228));
#1768 = VERTEX_POINT('',#1769);
#1769 = CARTESIAN_POINT('',(2.140910346561,3.E-02,-2.361961524228));
#1770 = LINE('',#1771,#1772);
#1771 = CARTESIAN_POINT('',(2.201532124826,3.E-02,-2.396961524228));
#1772 = VECTOR('',#1773,1.);
#1773 = DIRECTION('',(-0.866025403784,0.,0.5));
#1774 = ORIENTED_EDGE('',*,*,#1775,.T.);
#1775 = EDGE_CURVE('',#1766,#1776,#1778,.T.);
#1776 = VERTEX_POINT('',#1777);
#1777 = CARTESIAN_POINT('',(2.201532124826,4.E-02,-2.396961524228));
#1778 = LINE('',#1779,#1780);
#1779 = CARTESIAN_POINT('',(2.201532124826,3.E-02,-2.396961524228));
#1780 = VECTOR('',#1781,1.);
#1781 = DIRECTION('',(0.,1.,0.));
#1782 = ORIENTED_EDGE('',*,*,#1783,.F.);
#1783 = EDGE_CURVE('',#1784,#1776,#1786,.T.);
#1784 = VERTEX_POINT('',#1785);
#1785 = CARTESIAN_POINT('',(2.140910346561,4.E-02,-2.361961524228));
#1786 = LINE('',#1787,#1788);
#1787 = CARTESIAN_POINT('',(2.201532124826,4.E-02,-2.396961524228));
#1788 = VECTOR('',#1789,1.);
#1789 = DIRECTION('',(0.866025403784,0.,-0.5));
#1790 = ORIENTED_EDGE('',*,*,#1791,.F.);
#1791 = EDGE_CURVE('',#1768,#1784,#1792,.T.);
#1792 = LINE('',#1793,#1794);
#1793 = CARTESIAN_POINT('',(2.140910346561,3.E-02,-2.361961524228));
#1794 = VECTOR('',#1795,1.);
#1795 = DIRECTION('',(0.,1.,0.));
#1796 = PLANE('',#1797);
#1797 = AXIS2_PLACEMENT_3D('',#1798,#1799,#1800);
#1798 = CARTESIAN_POINT('',(2.140910346561,3.E-02,-2.361961524228));
#1799 = DIRECTION('',(0.5,0.,0.866025403784));
#1800 = DIRECTION('',(0.866025403784,0.,-0.5));
#1801 = ADVANCED_FACE('',(#1802),#1827,.T.);
#1802 = FACE_BOUND('',#1803,.T.);
#1803 = EDGE_LOOP('',(#1804,#1812,#1813,#1821));
#1804 = ORIENTED_EDGE('',*,*,#1805,.F.);
#1805 = EDGE_CURVE('',#1768,#1806,#1808,.T.);
#1806 = VERTEX_POINT('',#1807);
#1807 = CARTESIAN_POINT('',(2.088910346561,3.E-02,-2.452028166221));
#1808 = LINE('',#1809,#1810);
#1809 = CARTESIAN_POINT('',(2.140910346561,3.E-02,-2.361961524228));
#1810 = VECTOR('',#1811,1.);
#1811 = DIRECTION('',(-0.5,0.,-0.866025403784));
#1812 = ORIENTED_EDGE('',*,*,#1791,.T.);
#1813 = ORIENTED_EDGE('',*,*,#1814,.F.);
#1814 = EDGE_CURVE('',#1815,#1784,#1817,.T.);
#1815 = VERTEX_POINT('',#1816);
#1816 = CARTESIAN_POINT('',(2.088910346561,4.E-02,-2.452028166221));
#1817 = LINE('',#1818,#1819);
#1818 = CARTESIAN_POINT('',(2.140910346561,4.E-02,-2.361961524228));
#1819 = VECTOR('',#1820,1.);
#1820 = DIRECTION('',(0.5,0.,0.866025403784));
#1821 = ORIENTED_EDGE('',*,*,#1822,.F.);
#1822 = EDGE_CURVE('',#1806,#1815,#1823,.T.);
#1823 = LINE('',#1824,#1825);
#1824 = CARTESIAN_POINT('',(2.088910346561,3.E-02,-2.452028166221));
#1825 = VECTOR('',#1826,1.);
#1826 = DIRECTION('',(0.,1.,0.));
#1827 = PLANE('',#1828);
#1828 = AXIS2_PLACEMENT_3D('',#1829,#1830,#1831);
#1829 = CARTESIAN_POINT('',(2.088910346561,3.E-02,-2.452028166221));
#1830 = DIRECTION('',(-0.866025403784,0.,0.5));
#1831 = DIRECTION('',(0.5,0.,0.866025403784));
#1832 = ADVANCED_FACE('',(#1833),#1858,.T.);
#1833 = FACE_BOUND('',#1834,.T.);
#1834 = EDGE_LOOP('',(#1835,#1843,#1844,#1852));
#1835 = ORIENTED_EDGE('',*,*,#1836,.F.);
#1836 = EDGE_CURVE('',#1806,#1837,#1839,.T.);
#1837 = VERTEX_POINT('',#1838);
#1838 = CARTESIAN_POINT('',(2.149532124826,3.E-02,-2.487028166221));
#1839 = LINE('',#1840,#1841);
#1840 = CARTESIAN_POINT('',(2.088910346561,3.E-02,-2.452028166221));
#1841 = VECTOR('',#1842,1.);
#1842 = DIRECTION('',(0.866025403785,0.,-0.5));
#1843 = ORIENTED_EDGE('',*,*,#1822,.T.);
#1844 = ORIENTED_EDGE('',*,*,#1845,.F.);
#1845 = EDGE_CURVE('',#1846,#1815,#1848,.T.);
#1846 = VERTEX_POINT('',#1847);
#1847 = CARTESIAN_POINT('',(2.149532124826,4.E-02,-2.487028166221));
#1848 = LINE('',#1849,#1850);
#1849 = CARTESIAN_POINT('',(2.088910346561,4.E-02,-2.452028166221));
#1850 = VECTOR('',#1851,1.);
#1851 = DIRECTION('',(-0.866025403785,0.,0.5));
#1852 = ORIENTED_EDGE('',*,*,#1853,.F.);
#1853 = EDGE_CURVE('',#1837,#1846,#1854,.T.);
#1854 = LINE('',#1855,#1856);
#1855 = CARTESIAN_POINT('',(2.149532124826,3.E-02,-2.487028166221));
#1856 = VECTOR('',#1857,1.);
#1857 = DIRECTION('',(0.,1.,0.));
#1858 = PLANE('',#1859);
#1859 = AXIS2_PLACEMENT_3D('',#1860,#1861,#1862);
#1860 = CARTESIAN_POINT('',(2.149532124826,3.E-02,-2.487028166221));
#1861 = DIRECTION('',(-0.5,0.,-0.866025403785));
#1862 = DIRECTION('',(-0.866025403785,0.,0.5));
#1863 = ADVANCED_FACE('',(#1864),#1880,.T.);
#1864 = FACE_BOUND('',#1865,.T.);
#1865 = EDGE_LOOP('',(#1866,#1872,#1873,#1879));
#1866 = ORIENTED_EDGE('',*,*,#1867,.F.);
#1867 = EDGE_CURVE('',#1837,#1766,#1868,.T.);
#1868 = LINE('',#1869,#1870);
#1869 = CARTESIAN_POINT('',(2.149532124826,3.E-02,-2.487028166221));
#1870 = VECTOR('',#1871,1.);
#1871 = DIRECTION('',(0.5,0.,0.866025403784));
#1872 = ORIENTED_EDGE('',*,*,#1853,.T.);
#1873 = ORIENTED_EDGE('',*,*,#1874,.F.);
#1874 = EDGE_CURVE('',#1776,#1846,#1875,.T.);
#1875 = LINE('',#1876,#1877);
#1876 = CARTESIAN_POINT('',(2.149532124826,4.E-02,-2.487028166221));
#1877 = VECTOR('',#1878,1.);
#1878 = DIRECTION('',(-0.5,0.,-0.866025403784));
#1879 = ORIENTED_EDGE('',*,*,#1775,.F.);
#1880 = PLANE('',#1881);
#1881 = AXIS2_PLACEMENT_3D('',#1882,#1883,#1884);
#1882 = CARTESIAN_POINT('',(2.201532124826,3.E-02,-2.396961524228));
#1883 = DIRECTION('',(0.866025403784,0.,-0.5));
#1884 = DIRECTION('',(-0.5,0.,-0.866025403784));
#1885 = ADVANCED_FACE('',(#1886),#1892,.T.);
#1886 = FACE_BOUND('',#1887,.T.);
#1887 = EDGE_LOOP('',(#1888,#1889,#1890,#1891));
#1888 = ORIENTED_EDGE('',*,*,#1874,.T.);
#1889 = ORIENTED_EDGE('',*,*,#1845,.T.);
#1890 = ORIENTED_EDGE('',*,*,#1814,.T.);
#1891 = ORIENTED_EDGE('',*,*,#1783,.T.);
#1892 = PLANE('',#1893);
#1893 = AXIS2_PLACEMENT_3D('',#1894,#1895,#1896);
#1894 = CARTESIAN_POINT('',(2.145221235694,4.E-02,-2.424494845225));
#1895 = DIRECTION('',(0.,1.,0.));
#1896 = DIRECTION('',(0.,-0.,1.));
#1897 = ADVANCED_FACE('',(#1898),#1904,.F.);
#1898 = FACE_BOUND('',#1899,.T.);
#1899 = EDGE_LOOP('',(#1900,#1901,#1902,#1903));
#1900 = ORIENTED_EDGE('',*,*,#1867,.T.);
#1901 = ORIENTED_EDGE('',*,*,#1765,.T.);
#1902 = ORIENTED_EDGE('',*,*,#1805,.T.);
#1903 = ORIENTED_EDGE('',*,*,#1836,.T.);
#1904 = PLANE('',#1905);
#1905 = AXIS2_PLACEMENT_3D('',#1906,#1907,#1908);
#1906 = CARTESIAN_POINT('',(2.145221235694,3.E-02,-2.424494845225));
#1907 = DIRECTION('',(0.,1.,0.));
#1908 = DIRECTION('',(1.,0.,0.));
#1909 = ( GEOMETRIC_REPRESENTATION_CONTEXT(3) 
GLOBAL_UNCERTAINTY_ASSIGNED_CONTEXT((#1913)) 
GLOBAL_UNIT_ASSIGNED_CONTEXT((#1910,#1911,#1912)) REPRESENTATION_CONTEXT
('Context #1','3D Context with UNIT and UNCERTAINTY') );
#1910 = ( LENGTH_UNIT() NAMED_UNIT(*) SI_UNIT(.MILLI.,.METRE.) );
#1911 = ( NAMED_UNIT(*) PLANE_ANGLE_UNIT() SI_UNIT($,.RADIAN.) );
#1912 = ( NAMED_UNIT(*) SI_UNIT($,.STERADIAN.) SOLID_ANGLE_UNIT() );
#1913 = UNCERTAINTY_MEASURE_WITH_UNIT(LENGTH_MEASURE(1.E-07),#1910,
  'distance_accuracy_value','confusion accuracy');
#1914 = CONTEXT_DEPENDENT_SHAPE_REPRESENTATION(#1915,#1917);
#1915 = ( REPRESENTATION_RELATIONSHIP('','',#1758,#10) 
REPRESENTATION_RELATIONSHIP_WITH_TRANSFORMATION(#1916) 
SHAPE_REPRESENTATION_RELATIONSHIP() );
#1916 = ITEM_DEFINED_TRANSFORMATION('','',#11,#51);
#1917 = PRODUCT_DEFINITION_SHAPE('Placement','Placement of an item',
  #1918);
#1918 = NEXT_ASSEMBLY_USAGE_OCCURRENCE('10','Y-junction v020','',#5,
  #1753,$);
#1919 = PRODUCT_RELATED_PRODUCT_CATEGORY('part',$,(#1755));
#1920 = SHAPE_DEFINITION_REPRESENTATION(#1921,#1927);
#1921 = PRODUCT_DEFINITION_SHAPE('','',#1922);
#1922 = PRODUCT_DEFINITION('design','',#1923,#1926);
#1923 = PRODUCT_DEFINITION_FORMATION('','',#1924);
#1924 = PRODUCT('Y-junction v031','Y-junction v031','',(#1925));
#1925 = PRODUCT_CONTEXT('',#2,'mechanical');
#1926 = PRODUCT_DEFINITION_CONTEXT('part definition',#2,'design');
#1927 = ADVANCED_BREP_SHAPE_REPRESENTATION('',(#11,#1928),#2078);
#1928 = MANIFOLD_SOLID_BREP('',#1929);
#1929 = CLOSED_SHELL('',(#1930,#1970,#2001,#2032,#2054,#2066));
#1930 = ADVANCED_FACE('',(#1931),#1965,.T.);
#1931 = FACE_BOUND('',#1932,.T.);
#1932 = EDGE_LOOP('',(#1933,#1943,#1951,#1959));
#1933 = ORIENTED_EDGE('',*,*,#1934,.F.);
#1934 = EDGE_CURVE('',#1935,#1937,#1939,.T.);
#1935 = VERTEX_POINT('',#1936);
#1936 = CARTESIAN_POINT('',(2.153862251845,3.E-02,-2.489528166221));
#1937 = VERTEX_POINT('',#1938);
#1938 = CARTESIAN_POINT('',(2.21448403011,3.E-02,-2.524528166221));
#1939 = LINE('',#1940,#1941);
#1940 = CARTESIAN_POINT('',(2.153862251845,3.E-02,-2.489528166221));
#1941 = VECTOR('',#1942,1.);
#1942 = DIRECTION('',(0.866025403785,0.,-0.5));
#1943 = ORIENTED_EDGE('',*,*,#1944,.T.);
#1944 = EDGE_CURVE('',#1935,#1945,#1947,.T.);
#1945 = VERTEX_POINT('',#1946);
#1946 = CARTESIAN_POINT('',(2.153862251845,4.E-02,-2.489528166221));
#1947 = LINE('',#1948,#1949);
#1948 = CARTESIAN_POINT('',(2.153862251845,3.E-02,-2.489528166221));
#1949 = VECTOR('',#1950,1.);
#1950 = DIRECTION('',(0.,1.,0.));
#1951 = ORIENTED_EDGE('',*,*,#1952,.F.);
#1952 = EDGE_CURVE('',#1953,#1945,#1955,.T.);
#1953 = VERTEX_POINT('',#1954);
#1954 = CARTESIAN_POINT('',(2.21448403011,4.E-02,-2.524528166221));
#1955 = LINE('',#1956,#1957);
#1956 = CARTESIAN_POINT('',(2.153862251845,4.E-02,-2.489528166221));
#1957 = VECTOR('',#1958,1.);
#1958 = DIRECTION('',(-0.866025403785,0.,0.5));
#1959 = ORIENTED_EDGE('',*,*,#1960,.F.);
#1960 = EDGE_CURVE('',#1937,#1953,#1961,.T.);
#1961 = LINE('',#1962,#1963);
#1962 = CARTESIAN_POINT('',(2.21448403011,3.E-02,-2.524528166221));
#1963 = VECTOR('',#1964,1.);
#1964 = DIRECTION('',(0.,1.,0.));
#1965 = PLANE('',#1966);
#1966 = AXIS2_PLACEMENT_3D('',#1967,#1968,#1969);
#1967 = CARTESIAN_POINT('',(2.21448403011,3.E-02,-2.524528166221));
#1968 = DIRECTION('',(-0.5,0.,-0.866025403785));
#1969 = DIRECTION('',(-0.866025403785,0.,0.5));
#1970 = ADVANCED_FACE('',(#1971),#1996,.T.);
#1971 = FACE_BOUND('',#1972,.T.);
#1972 = EDGE_LOOP('',(#1973,#1981,#1982,#1990));
#1973 = ORIENTED_EDGE('',*,*,#1974,.F.);
#1974 = EDGE_CURVE('',#1937,#1975,#1977,.T.);
#1975 = VERTEX_POINT('',#1976);
#1976 = CARTESIAN_POINT('',(2.26648403011,3.E-02,-2.434461524228));
#1977 = LINE('',#1978,#1979);
#1978 = CARTESIAN_POINT('',(2.21448403011,3.E-02,-2.524528166221));
#1979 = VECTOR('',#1980,1.);
#1980 = DIRECTION('',(0.5,0.,0.866025403784));
#1981 = ORIENTED_EDGE('',*,*,#1960,.T.);
#1982 = ORIENTED_EDGE('',*,*,#1983,.F.);
#1983 = EDGE_CURVE('',#1984,#1953,#1986,.T.);
#1984 = VERTEX_POINT('',#1985);
#1985 = CARTESIAN_POINT('',(2.26648403011,4.E-02,-2.434461524228));
#1986 = LINE('',#1987,#1988);
#1987 = CARTESIAN_POINT('',(2.21448403011,4.E-02,-2.524528166221));
#1988 = VECTOR('',#1989,1.);
#1989 = DIRECTION('',(-0.5,0.,-0.866025403784));
#1990 = ORIENTED_EDGE('',*,*,#1991,.F.);
#1991 = EDGE_CURVE('',#1975,#1984,#1992,.T.);
#1992 = LINE('',#1993,#1994);
#1993 = CARTESIAN_POINT('',(2.26648403011,3.E-02,-2.434461524228));
#1994 = VECTOR('',#1995,1.);
#1995 = DIRECTION('',(0.,1.,0.));
#1996 = PLANE('',#1997);
#1997 = AXIS2_PLACEMENT_3D('',#1998,#1999,#2000);
#1998 = CARTESIAN_POINT('',(2.26648403011,3.E-02,-2.434461524228));
#1999 = DIRECTION('',(0.866025403784,0.,-0.5));
#2000 = DIRECTION('',(-0.5,0.,-0.866025403784));
#2001 = ADVANCED_FACE('',(#2002),#2027,.T.);
#2002 = FACE_BOUND('',#2003,.T.);
#2003 = EDGE_LOOP('',(#2004,#2012,#2013,#2021));
#2004 = ORIENTED_EDGE('',*,*,#2005,.F.);
#2005 = EDGE_CURVE('',#1975,#2006,#2008,.T.);
#2006 = VERTEX_POINT('',#2007);
#2007 = CARTESIAN_POINT('',(2.205862251845,3.E-02,-2.399461524228));
#2008 = LINE('',#2009,#2010);
#2009 = CARTESIAN_POINT('',(2.26648403011,3.E-02,-2.434461524228));
#2010 = VECTOR('',#2011,1.);
#2011 = DIRECTION('',(-0.866025403784,0.,0.5));
#2012 = ORIENTED_EDGE('',*,*,#1991,.T.);
#2013 = ORIENTED_EDGE('',*,*,#2014,.F.);
#2014 = EDGE_CURVE('',#2015,#1984,#2017,.T.);
#2015 = VERTEX_POINT('',#2016);
#2016 = CARTESIAN_POINT('',(2.205862251845,4.E-02,-2.399461524228));
#2017 = LINE('',#2018,#2019);
#2018 = CARTESIAN_POINT('',(2.26648403011,4.E-02,-2.434461524228));
#2019 = VECTOR('',#2020,1.);
#2020 = DIRECTION('',(0.866025403784,0.,-0.5));
#2021 = ORIENTED_EDGE('',*,*,#2022,.F.);
#2022 = EDGE_CURVE('',#2006,#2015,#2023,.T.);
#2023 = LINE('',#2024,#2025);
#2024 = CARTESIAN_POINT('',(2.205862251845,3.E-02,-2.399461524228));
#2025 = VECTOR('',#2026,1.);
#2026 = DIRECTION('',(0.,1.,0.));
#2027 = PLANE('',#2028);
#2028 = AXIS2_PLACEMENT_3D('',#2029,#2030,#2031);
#2029 = CARTESIAN_POINT('',(2.205862251845,3.E-02,-2.399461524228));
#2030 = DIRECTION('',(0.5,0.,0.866025403784));
#2031 = DIRECTION('',(0.866025403784,0.,-0.5));
#2032 = ADVANCED_FACE('',(#2033),#2049,.T.);
#2033 = FACE_BOUND('',#2034,.T.);
#2034 = EDGE_LOOP('',(#2035,#2041,#2042,#2048));
#2035 = ORIENTED_EDGE('',*,*,#2036,.F.);
#2036 = EDGE_CURVE('',#2006,#1935,#2037,.T.);
#2037 = LINE('',#2038,#2039);
#2038 = CARTESIAN_POINT('',(2.205862251845,3.E-02,-2.399461524228));
#2039 = VECTOR('',#2040,1.);
#2040 = DIRECTION('',(-0.5,0.,-0.866025403784));
#2041 = ORIENTED_EDGE('',*,*,#2022,.T.);
#2042 = ORIENTED_EDGE('',*,*,#2043,.F.);
#2043 = EDGE_CURVE('',#1945,#2015,#2044,.T.);
#2044 = LINE('',#2045,#2046);
#2045 = CARTESIAN_POINT('',(2.205862251845,4.E-02,-2.399461524228));
#2046 = VECTOR('',#2047,1.);
#2047 = DIRECTION('',(0.5,0.,0.866025403784));
#2048 = ORIENTED_EDGE('',*,*,#1944,.F.);
#2049 = PLANE('',#2050);
#2050 = AXIS2_PLACEMENT_3D('',#2051,#2052,#2053);
#2051 = CARTESIAN_POINT('',(2.153862251845,3.E-02,-2.489528166221));
#2052 = DIRECTION('',(-0.866025403784,0.,0.5));
#2053 = DIRECTION('',(0.5,0.,0.866025403784));
#2054 = ADVANCED_FACE('',(#2055),#2061,.T.);
#2055 = FACE_BOUND('',#2056,.T.);
#2056 = EDGE_LOOP('',(#2057,#2058,#2059,#2060));
#2057 = ORIENTED_EDGE('',*,*,#2043,.T.);
#2058 = ORIENTED_EDGE('',*,*,#2014,.T.);
#2059 = ORIENTED_EDGE('',*,*,#1983,.T.);
#2060 = ORIENTED_EDGE('',*,*,#1952,.T.);
#2061 = PLANE('',#2062);
#2062 = AXIS2_PLACEMENT_3D('',#2063,#2064,#2065);
#2063 = CARTESIAN_POINT('',(2.210173140978,4.E-02,-2.461994845225));
#2064 = DIRECTION('',(0.,1.,0.));
#2065 = DIRECTION('',(0.,-0.,1.));
#2066 = ADVANCED_FACE('',(#2067),#2073,.F.);
#2067 = FACE_BOUND('',#2068,.T.);
#2068 = EDGE_LOOP('',(#2069,#2070,#2071,#2072));
#2069 = ORIENTED_EDGE('',*,*,#2036,.T.);
#2070 = ORIENTED_EDGE('',*,*,#1934,.T.);
#2071 = ORIENTED_EDGE('',*,*,#1974,.T.);
#2072 = ORIENTED_EDGE('',*,*,#2005,.T.);
#2073 = PLANE('',#2074);
#2074 = AXIS2_PLACEMENT_3D('',#2075,#2076,#2077);
#2075 = CARTESIAN_POINT('',(2.210173140978,3.E-02,-2.461994845225));
#2076 = DIRECTION('',(0.,1.,0.));
#2077 = DIRECTION('',(1.,0.,0.));
#2078 = ( GEOMETRIC_REPRESENTATION_CONTEXT(3) 
GLOBAL_UNCERTAINTY_ASSIGNED_CONTEXT((#2082)) 
GLOBAL_UNIT_ASSIGNED_CONTEXT((#2079,#2080,#2081)) REPRESENTATION_CONTEXT
('Context #1','3D Context with UNIT and UNCERTAINTY') );
#2079 = ( LENGTH_UNIT() NAMED_UNIT(*) SI_UNIT(.MILLI.,.METRE.) );
#2080 = ( NAMED_UNIT(*) PLANE_ANGLE_UNIT() SI_UNIT($,.RADIAN.) );
#2081 = ( NAMED_UNIT(*) SI_UNIT($,.STERADIAN.) SOLID_ANGLE_UNIT() );
#2082 = UNCERTAINTY_MEASURE_WITH_UNIT(LENGTH_MEASURE(1.E-07),#2079,
  'distance_accuracy_value','confusion accuracy');
#2083 = CONTEXT_DEPENDENT_SHAPE_REPRESENTATION(#2084,#2086);
#2084 = ( REPRESENTATION_RELATIONSHIP('','',#1927,#10) 
REPRESENTATION_RELATIONSHIP_WITH_TRANSFORMATION(#2085) 
SHAPE_REPRESENTATION_RELATIONSHIP() );
#2085 = ITEM_DEFINED_TRANSFORMATION('','',#11,#55);
#2086 = PRODUCT_DEFINITION_SHAPE('Placement','Placement of an item',
  #2087);
#2087 = NEXT_ASSEMBLY_USAGE_OCCURRENCE('11','Y-junction v031','',#5,
  #1922,$);
#2088 = PRODUCT_RELATED_PRODUCT_CATEGORY('part',$,(#1924));
#2089 = SHAPE_DEFINITION_REPRESENTATION(#2090,#2096);
#2090 = PRODUCT_DEFINITION_SHAPE('','',#2091);
#2091 = PRODUCT_DEFINITION('design','',#2092,#2095);
#2092 = PRODUCT_DEFINITION_FORMATION('','',#2093);
#2093 = PRODUCT('Y-junction v026','Y-junction v026','',(#2094));
#2094 = PRODUCT_CONTEXT('',#2,'mechanical');
#2095 = PRODUCT_DEFINITION_CONTEXT('part definition',#2,'design');
#2096 = ADVANCED_BREP_SHAPE_REPRESENTATION('',(#11,#2097),#2247);
#2097 = MANIFOLD_SOLID_BREP('',#2098);
#2098 = CLOSED_SHELL('',(#2099,#2139,#2170,#2201,#2223,#2235));
#2099 = ADVANCED_FACE('',(#2100),#2134,.T.);
#2100 = FACE_BOUND('',#2101,.T.);
#2101 = EDGE_LOOP('',(#2102,#2112,#2120,#2128));
#2102 = ORIENTED_EDGE('',*,*,#2103,.F.);
#2103 = EDGE_CURVE('',#2104,#2106,#2108,.T.);
#2104 = VERTEX_POINT('',#2105);
#2105 = CARTESIAN_POINT('',(2.279435935394,3.E-02,-2.562028166221));
#2106 = VERTEX_POINT('',#2107);
#2107 = CARTESIAN_POINT('',(2.331435935394,3.E-02,-2.471961524228));
#2108 = LINE('',#2109,#2110);
#2109 = CARTESIAN_POINT('',(2.279435935394,3.E-02,-2.562028166221));
#2110 = VECTOR('',#2111,1.);
#2111 = DIRECTION('',(0.5,0.,0.866025403784));
#2112 = ORIENTED_EDGE('',*,*,#2113,.T.);
#2113 = EDGE_CURVE('',#2104,#2114,#2116,.T.);
#2114 = VERTEX_POINT('',#2115);
#2115 = CARTESIAN_POINT('',(2.279435935394,4.E-02,-2.562028166221));
#2116 = LINE('',#2117,#2118);
#2117 = CARTESIAN_POINT('',(2.279435935394,3.E-02,-2.562028166221));
#2118 = VECTOR('',#2119,1.);
#2119 = DIRECTION('',(0.,1.,0.));
#2120 = ORIENTED_EDGE('',*,*,#2121,.F.);
#2121 = EDGE_CURVE('',#2122,#2114,#2124,.T.);
#2122 = VERTEX_POINT('',#2123);
#2123 = CARTESIAN_POINT('',(2.331435935394,4.E-02,-2.471961524228));
#2124 = LINE('',#2125,#2126);
#2125 = CARTESIAN_POINT('',(2.279435935394,4.E-02,-2.562028166221));
#2126 = VECTOR('',#2127,1.);
#2127 = DIRECTION('',(-0.5,0.,-0.866025403784));
#2128 = ORIENTED_EDGE('',*,*,#2129,.F.);
#2129 = EDGE_CURVE('',#2106,#2122,#2130,.T.);
#2130 = LINE('',#2131,#2132);
#2131 = CARTESIAN_POINT('',(2.331435935394,3.E-02,-2.471961524228));
#2132 = VECTOR('',#2133,1.);
#2133 = DIRECTION('',(0.,1.,0.));
#2134 = PLANE('',#2135);
#2135 = AXIS2_PLACEMENT_3D('',#2136,#2137,#2138);
#2136 = CARTESIAN_POINT('',(2.331435935394,3.E-02,-2.471961524228));
#2137 = DIRECTION('',(0.866025403784,0.,-0.5));
#2138 = DIRECTION('',(-0.5,0.,-0.866025403784));
#2139 = ADVANCED_FACE('',(#2140),#2165,.T.);
#2140 = FACE_BOUND('',#2141,.T.);
#2141 = EDGE_LOOP('',(#2142,#2150,#2151,#2159));
#2142 = ORIENTED_EDGE('',*,*,#2143,.F.);
#2143 = EDGE_CURVE('',#2106,#2144,#2146,.T.);
#2144 = VERTEX_POINT('',#2145);
#2145 = CARTESIAN_POINT('',(2.270814157129,3.E-02,-2.436961524228));
#2146 = LINE('',#2147,#2148);
#2147 = CARTESIAN_POINT('',(2.331435935394,3.E-02,-2.471961524228));
#2148 = VECTOR('',#2149,1.);
#2149 = DIRECTION('',(-0.866025403784,0.,0.5));
#2150 = ORIENTED_EDGE('',*,*,#2129,.T.);
#2151 = ORIENTED_EDGE('',*,*,#2152,.F.);
#2152 = EDGE_CURVE('',#2153,#2122,#2155,.T.);
#2153 = VERTEX_POINT('',#2154);
#2154 = CARTESIAN_POINT('',(2.270814157129,4.E-02,-2.436961524228));
#2155 = LINE('',#2156,#2157);
#2156 = CARTESIAN_POINT('',(2.331435935394,4.E-02,-2.471961524228));
#2157 = VECTOR('',#2158,1.);
#2158 = DIRECTION('',(0.866025403784,0.,-0.5));
#2159 = ORIENTED_EDGE('',*,*,#2160,.F.);
#2160 = EDGE_CURVE('',#2144,#2153,#2161,.T.);
#2161 = LINE('',#2162,#2163);
#2162 = CARTESIAN_POINT('',(2.270814157129,3.E-02,-2.436961524228));
#2163 = VECTOR('',#2164,1.);
#2164 = DIRECTION('',(0.,1.,0.));
#2165 = PLANE('',#2166);
#2166 = AXIS2_PLACEMENT_3D('',#2167,#2168,#2169);
#2167 = CARTESIAN_POINT('',(2.270814157129,3.E-02,-2.436961524228));
#2168 = DIRECTION('',(0.5,0.,0.866025403784));
#2169 = DIRECTION('',(0.866025403784,0.,-0.5));
#2170 = ADVANCED_FACE('',(#2171),#2196,.T.);
#2171 = FACE_BOUND('',#2172,.T.);
#2172 = EDGE_LOOP('',(#2173,#2181,#2182,#2190));
#2173 = ORIENTED_EDGE('',*,*,#2174,.F.);
#2174 = EDGE_CURVE('',#2144,#2175,#2177,.T.);
#2175 = VERTEX_POINT('',#2176);
#2176 = CARTESIAN_POINT('',(2.218814157129,3.E-02,-2.527028166221));
#2177 = LINE('',#2178,#2179);
#2178 = CARTESIAN_POINT('',(2.270814157129,3.E-02,-2.436961524228));
#2179 = VECTOR('',#2180,1.);
#2180 = DIRECTION('',(-0.5,0.,-0.866025403784));
#2181 = ORIENTED_EDGE('',*,*,#2160,.T.);
#2182 = ORIENTED_EDGE('',*,*,#2183,.F.);
#2183 = EDGE_CURVE('',#2184,#2153,#2186,.T.);
#2184 = VERTEX_POINT('',#2185);
#2185 = CARTESIAN_POINT('',(2.218814157129,4.E-02,-2.527028166221));
#2186 = LINE('',#2187,#2188);
#2187 = CARTESIAN_POINT('',(2.270814157129,4.E-02,-2.436961524228));
#2188 = VECTOR('',#2189,1.);
#2189 = DIRECTION('',(0.5,0.,0.866025403784));
#2190 = ORIENTED_EDGE('',*,*,#2191,.F.);
#2191 = EDGE_CURVE('',#2175,#2184,#2192,.T.);
#2192 = LINE('',#2193,#2194);
#2193 = CARTESIAN_POINT('',(2.218814157129,3.E-02,-2.527028166221));
#2194 = VECTOR('',#2195,1.);
#2195 = DIRECTION('',(0.,1.,0.));
#2196 = PLANE('',#2197);
#2197 = AXIS2_PLACEMENT_3D('',#2198,#2199,#2200);
#2198 = CARTESIAN_POINT('',(2.218814157129,3.E-02,-2.527028166221));
#2199 = DIRECTION('',(-0.866025403784,0.,0.5));
#2200 = DIRECTION('',(0.5,0.,0.866025403784));
#2201 = ADVANCED_FACE('',(#2202),#2218,.T.);
#2202 = FACE_BOUND('',#2203,.T.);
#2203 = EDGE_LOOP('',(#2204,#2210,#2211,#2217));
#2204 = ORIENTED_EDGE('',*,*,#2205,.F.);
#2205 = EDGE_CURVE('',#2175,#2104,#2206,.T.);
#2206 = LINE('',#2207,#2208);
#2207 = CARTESIAN_POINT('',(2.218814157129,3.E-02,-2.527028166221));
#2208 = VECTOR('',#2209,1.);
#2209 = DIRECTION('',(0.866025403784,0.,-0.5));
#2210 = ORIENTED_EDGE('',*,*,#2191,.T.);
#2211 = ORIENTED_EDGE('',*,*,#2212,.F.);
#2212 = EDGE_CURVE('',#2114,#2184,#2213,.T.);
#2213 = LINE('',#2214,#2215);
#2214 = CARTESIAN_POINT('',(2.218814157129,4.E-02,-2.527028166221));
#2215 = VECTOR('',#2216,1.);
#2216 = DIRECTION('',(-0.866025403784,0.,0.5));
#2217 = ORIENTED_EDGE('',*,*,#2113,.F.);
#2218 = PLANE('',#2219);
#2219 = AXIS2_PLACEMENT_3D('',#2220,#2221,#2222);
#2220 = CARTESIAN_POINT('',(2.279435935394,3.E-02,-2.562028166221));
#2221 = DIRECTION('',(-0.5,0.,-0.866025403784));
#2222 = DIRECTION('',(-0.866025403784,0.,0.5));
#2223 = ADVANCED_FACE('',(#2224),#2230,.T.);
#2224 = FACE_BOUND('',#2225,.T.);
#2225 = EDGE_LOOP('',(#2226,#2227,#2228,#2229));
#2226 = ORIENTED_EDGE('',*,*,#2212,.T.);
#2227 = ORIENTED_EDGE('',*,*,#2183,.T.);
#2228 = ORIENTED_EDGE('',*,*,#2152,.T.);
#2229 = ORIENTED_EDGE('',*,*,#2121,.T.);
#2230 = PLANE('',#2231);
#2231 = AXIS2_PLACEMENT_3D('',#2232,#2233,#2234);
#2232 = CARTESIAN_POINT('',(2.275125046261,4.E-02,-2.499494845225));
#2233 = DIRECTION('',(0.,1.,0.));
#2234 = DIRECTION('',(0.,-0.,1.));
#2235 = ADVANCED_FACE('',(#2236),#2242,.F.);
#2236 = FACE_BOUND('',#2237,.T.);
#2237 = EDGE_LOOP('',(#2238,#2239,#2240,#2241));
#2238 = ORIENTED_EDGE('',*,*,#2205,.T.);
#2239 = ORIENTED_EDGE('',*,*,#2103,.T.);
#2240 = ORIENTED_EDGE('',*,*,#2143,.T.);
#2241 = ORIENTED_EDGE('',*,*,#2174,.T.);
#2242 = PLANE('',#2243);
#2243 = AXIS2_PLACEMENT_3D('',#2244,#2245,#2246);
#2244 = CARTESIAN_POINT('',(2.275125046261,3.E-02,-2.499494845225));
#2245 = DIRECTION('',(0.,1.,0.));
#2246 = DIRECTION('',(1.,0.,0.));
#2247 = ( GEOMETRIC_REPRESENTATION_CONTEXT(3) 
GLOBAL_UNCERTAINTY_ASSIGNED_CONTEXT((#2251)) 
GLOBAL_UNIT_ASSIGNED_CONTEXT((#2248,#2249,#2250)) REPRESENTATION_CONTEXT
('Context #1','3D Context with UNIT and UNCERTAINTY') );
#2248 = ( LENGTH_UNIT() NAMED_UNIT(*) SI_UNIT(.MILLI.,.METRE.) );
#2249 = ( NAMED_UNIT(*) PLANE_ANGLE_UNIT() SI_UNIT($,.RADIAN.) );
#2250 = ( NAMED_UNIT(*) SI_UNIT($,.STERADIAN.) SOLID_ANGLE_UNIT() );
#2251 = UNCERTAINTY_MEASURE_WITH_UNIT(LENGTH_MEASURE(1.E-07),#2248,
  'distance_accuracy_value','confusion accuracy');
#2252 = CONTEXT_DEPENDENT_SHAPE_REPRESENTATION(#2253,#2255);
#2253 = ( REPRESENTATION_RELATIONSHIP('','',#2096,#10) 
REPRESENTATION_RELATIONSHIP_WITH_TRANSFORMATION(#2254) 
SHAPE_REPRESENTATION_RELATIONSHIP() );
#2254 = ITEM_DEFINED_TRANSFORMATION('','',#11,#59);
#2255 = PRODUCT_DEFINITION_SHAPE('Placement','Placement of an item',
  #2256);
#2256 = NEXT_ASSEMBLY_USAGE_OCCURRENCE('12','Y-junction v026','',#5,
  #2091,$);
#2257 = PRODUCT_RELATED_PRODUCT_CATEGORY('part',$,(#2093));
#2258 = SHAPE_DEFINITION_REPRESENTATION(#2259,#2265);
#2259 = PRODUCT_DEFINITION_SHAPE('','',#2260);
#2260 = PRODUCT_DEFINITION('design','',#2261,#2264);
#2261 = PRODUCT_DEFINITION_FORMATION('','',#2262);
#2262 = PRODUCT('Y-junction v037','Y-junction v037','',(#2263));
#2263 = PRODUCT_CONTEXT('',#2,'mechanical');
#2264 = PRODUCT_DEFINITION_CONTEXT('part definition',#2,'design');
#2265 = ADVANCED_BREP_SHAPE_REPRESENTATION('',(#11,#2266),#2416);
#2266 = MANIFOLD_SOLID_BREP('',#2267);
#2267 = CLOSED_SHELL('',(#2268,#2308,#2339,#2370,#2392,#2404));
#2268 = ADVANCED_FACE('',(#2269),#2303,.T.);
#2269 = FACE_BOUND('',#2270,.T.);
#2270 = EDGE_LOOP('',(#2271,#2281,#2289,#2297));
#2271 = ORIENTED_EDGE('',*,*,#2272,.F.);
#2272 = EDGE_CURVE('',#2273,#2275,#2277,.T.);
#2273 = VERTEX_POINT('',#2274);
#2274 = CARTESIAN_POINT('',(2.283766062413,3.E-02,-2.564528166221));
#2275 = VERTEX_POINT('',#2276);
#2276 = CARTESIAN_POINT('',(2.331397459616,3.E-02,-2.592028166218));
#2277 = LINE('',#2278,#2279);
#2278 = CARTESIAN_POINT('',(2.283766062413,3.E-02,-2.564528166221));
#2279 = VECTOR('',#2280,1.);
#2280 = DIRECTION('',(0.866025403791,0.,-0.499999999989));
#2281 = ORIENTED_EDGE('',*,*,#2282,.T.);
#2282 = EDGE_CURVE('',#2273,#2283,#2285,.T.);
#2283 = VERTEX_POINT('',#2284);
#2284 = CARTESIAN_POINT('',(2.283766062413,4.E-02,-2.564528166221));
#2285 = LINE('',#2286,#2287);
#2286 = CARTESIAN_POINT('',(2.283766062413,3.E-02,-2.564528166221));
#2287 = VECTOR('',#2288,1.);
#2288 = DIRECTION('',(0.,1.,0.));
#2289 = ORIENTED_EDGE('',*,*,#2290,.F.);
#2290 = EDGE_CURVE('',#2291,#2283,#2293,.T.);
#2291 = VERTEX_POINT('',#2292);
#2292 = CARTESIAN_POINT('',(2.331397459616,4.E-02,-2.592028166218));
#2293 = LINE('',#2294,#2295);
#2294 = CARTESIAN_POINT('',(2.283766062413,4.E-02,-2.564528166221));
#2295 = VECTOR('',#2296,1.);
#2296 = DIRECTION('',(-0.866025403791,0.,0.499999999989));
#2297 = ORIENTED_EDGE('',*,*,#2298,.F.);
#2298 = EDGE_CURVE('',#2275,#2291,#2299,.T.);
#2299 = LINE('',#2300,#2301);
#2300 = CARTESIAN_POINT('',(2.331397459616,3.E-02,-2.592028166218));
#2301 = VECTOR('',#2302,1.);
#2302 = DIRECTION('',(0.,1.,0.));
#2303 = PLANE('',#2304);
#2304 = AXIS2_PLACEMENT_3D('',#2305,#2306,#2307);
#2305 = CARTESIAN_POINT('',(2.331397459616,3.E-02,-2.592028166218));
#2306 = DIRECTION('',(-0.499999999989,0.,-0.866025403791));
#2307 = DIRECTION('',(-0.866025403791,0.,0.499999999989));
#2308 = ADVANCED_FACE('',(#2309),#2334,.T.);
#2309 = FACE_BOUND('',#2310,.T.);
#2310 = EDGE_LOOP('',(#2311,#2319,#2320,#2328));
#2311 = ORIENTED_EDGE('',*,*,#2312,.T.);
#2312 = EDGE_CURVE('',#2313,#2275,#2315,.T.);
#2313 = VERTEX_POINT('',#2314);
#2314 = CARTESIAN_POINT('',(2.383397459616,3.E-02,-2.501961524224));
#2315 = LINE('',#2316,#2317);
#2316 = CARTESIAN_POINT('',(2.383397459616,3.E-02,-2.501961524224));
#2317 = VECTOR('',#2318,1.);
#2318 = DIRECTION('',(-0.5,0.,-0.866025403784));
#2319 = ORIENTED_EDGE('',*,*,#2298,.T.);
#2320 = ORIENTED_EDGE('',*,*,#2321,.F.);
#2321 = EDGE_CURVE('',#2322,#2291,#2324,.T.);
#2322 = VERTEX_POINT('',#2323);
#2323 = CARTESIAN_POINT('',(2.383397459616,4.E-02,-2.501961524224));
#2324 = LINE('',#2325,#2326);
#2325 = CARTESIAN_POINT('',(2.383397459616,4.E-02,-2.501961524224));
#2326 = VECTOR('',#2327,1.);
#2327 = DIRECTION('',(-0.5,0.,-0.866025403784));
#2328 = ORIENTED_EDGE('',*,*,#2329,.F.);
#2329 = EDGE_CURVE('',#2313,#2322,#2330,.T.);
#2330 = LINE('',#2331,#2332);
#2331 = CARTESIAN_POINT('',(2.383397459616,3.E-02,-2.501961524224));
#2332 = VECTOR('',#2333,1.);
#2333 = DIRECTION('',(0.,1.,0.));
#2334 = PLANE('',#2335);
#2335 = AXIS2_PLACEMENT_3D('',#2336,#2337,#2338);
#2336 = CARTESIAN_POINT('',(2.383397459616,3.E-02,-2.501961524224));
#2337 = DIRECTION('',(0.866025403784,0.,-0.5));
#2338 = DIRECTION('',(-0.5,0.,-0.866025403784));
#2339 = ADVANCED_FACE('',(#2340),#2365,.T.);
#2340 = FACE_BOUND('',#2341,.T.);
#2341 = EDGE_LOOP('',(#2342,#2350,#2351,#2359));
#2342 = ORIENTED_EDGE('',*,*,#2343,.T.);
#2343 = EDGE_CURVE('',#2344,#2313,#2346,.T.);
#2344 = VERTEX_POINT('',#2345);
#2345 = CARTESIAN_POINT('',(2.335766062413,3.E-02,-2.474461524228));
#2346 = LINE('',#2347,#2348);
#2347 = CARTESIAN_POINT('',(2.335766062413,3.E-02,-2.474461524228));
#2348 = VECTOR('',#2349,1.);
#2349 = DIRECTION('',(0.86602540379,0.,-0.49999999999));
#2350 = ORIENTED_EDGE('',*,*,#2329,.T.);
#2351 = ORIENTED_EDGE('',*,*,#2352,.F.);
#2352 = EDGE_CURVE('',#2353,#2322,#2355,.T.);
#2353 = VERTEX_POINT('',#2354);
#2354 = CARTESIAN_POINT('',(2.335766062413,4.E-02,-2.474461524228));
#2355 = LINE('',#2356,#2357);
#2356 = CARTESIAN_POINT('',(2.335766062413,4.E-02,-2.474461524228));
#2357 = VECTOR('',#2358,1.);
#2358 = DIRECTION('',(0.86602540379,0.,-0.49999999999));
#2359 = ORIENTED_EDGE('',*,*,#2360,.F.);
#2360 = EDGE_CURVE('',#2344,#2353,#2361,.T.);
#2361 = LINE('',#2362,#2363);
#2362 = CARTESIAN_POINT('',(2.335766062413,3.E-02,-2.474461524228));
#2363 = VECTOR('',#2364,1.);
#2364 = DIRECTION('',(0.,1.,0.));
#2365 = PLANE('',#2366);
#2366 = AXIS2_PLACEMENT_3D('',#2367,#2368,#2369);
#2367 = CARTESIAN_POINT('',(2.335766062413,3.E-02,-2.474461524228));
#2368 = DIRECTION('',(0.49999999999,0.,0.86602540379));
#2369 = DIRECTION('',(0.86602540379,0.,-0.49999999999));
#2370 = ADVANCED_FACE('',(#2371),#2387,.T.);
#2371 = FACE_BOUND('',#2372,.T.);
#2372 = EDGE_LOOP('',(#2373,#2379,#2380,#2386));
#2373 = ORIENTED_EDGE('',*,*,#2374,.F.);
#2374 = EDGE_CURVE('',#2344,#2273,#2375,.T.);
#2375 = LINE('',#2376,#2377);
#2376 = CARTESIAN_POINT('',(2.335766062413,3.E-02,-2.474461524228));
#2377 = VECTOR('',#2378,1.);
#2378 = DIRECTION('',(-0.5,0.,-0.866025403784));
#2379 = ORIENTED_EDGE('',*,*,#2360,.T.);
#2380 = ORIENTED_EDGE('',*,*,#2381,.F.);
#2381 = EDGE_CURVE('',#2283,#2353,#2382,.T.);
#2382 = LINE('',#2383,#2384);
#2383 = CARTESIAN_POINT('',(2.335766062413,4.E-02,-2.474461524228));
#2384 = VECTOR('',#2385,1.);
#2385 = DIRECTION('',(0.5,0.,0.866025403784));
#2386 = ORIENTED_EDGE('',*,*,#2282,.F.);
#2387 = PLANE('',#2388);
#2388 = AXIS2_PLACEMENT_3D('',#2389,#2390,#2391);
#2389 = CARTESIAN_POINT('',(2.283766062413,3.E-02,-2.564528166221));
#2390 = DIRECTION('',(-0.866025403784,0.,0.5));
#2391 = DIRECTION('',(0.5,0.,0.866025403784));
#2392 = ADVANCED_FACE('',(#2393),#2399,.T.);
#2393 = FACE_BOUND('',#2394,.T.);
#2394 = EDGE_LOOP('',(#2395,#2396,#2397,#2398));
#2395 = ORIENTED_EDGE('',*,*,#2381,.T.);
#2396 = ORIENTED_EDGE('',*,*,#2352,.T.);
#2397 = ORIENTED_EDGE('',*,*,#2321,.T.);
#2398 = ORIENTED_EDGE('',*,*,#2290,.T.);
#2399 = PLANE('',#2400);
#2400 = AXIS2_PLACEMENT_3D('',#2401,#2402,#2403);
#2401 = CARTESIAN_POINT('',(2.333581761014,4.E-02,-2.533244845223));
#2402 = DIRECTION('',(0.,1.,0.));
#2403 = DIRECTION('',(0.,-0.,1.));
#2404 = ADVANCED_FACE('',(#2405),#2411,.F.);
#2405 = FACE_BOUND('',#2406,.T.);
#2406 = EDGE_LOOP('',(#2407,#2408,#2409,#2410));
#2407 = ORIENTED_EDGE('',*,*,#2374,.T.);
#2408 = ORIENTED_EDGE('',*,*,#2272,.T.);
#2409 = ORIENTED_EDGE('',*,*,#2312,.F.);
#2410 = ORIENTED_EDGE('',*,*,#2343,.F.);
#2411 = PLANE('',#2412);
#2412 = AXIS2_PLACEMENT_3D('',#2413,#2414,#2415);
#2413 = CARTESIAN_POINT('',(2.333581761014,3.E-02,-2.533244845223));
#2414 = DIRECTION('',(0.,1.,0.));
#2415 = DIRECTION('',(1.,0.,0.));
#2416 = ( GEOMETRIC_REPRESENTATION_CONTEXT(3) 
GLOBAL_UNCERTAINTY_ASSIGNED_CONTEXT((#2420)) 
GLOBAL_UNIT_ASSIGNED_CONTEXT((#2417,#2418,#2419)) REPRESENTATION_CONTEXT
('Context #1','3D Context with UNIT and UNCERTAINTY') );
#2417 = ( LENGTH_UNIT() NAMED_UNIT(*) SI_UNIT(.MILLI.,.METRE.) );
#2418 = ( NAMED_UNIT(*) PLANE_ANGLE_UNIT() SI_UNIT($,.RADIAN.) );
#2419 = ( NAMED_UNIT(*) SI_UNIT($,.STERADIAN.) SOLID_ANGLE_UNIT() );
#2420 = UNCERTAINTY_MEASURE_WITH_UNIT(LENGTH_MEASURE(1.E-07),#2417,
  'distance_accuracy_value','confusion accuracy');
#2421 = CONTEXT_DEPENDENT_SHAPE_REPRESENTATION(#2422,#2424);
#2422 = ( REPRESENTATION_RELATIONSHIP('','',#2265,#10) 
REPRESENTATION_RELATIONSHIP_WITH_TRANSFORMATION(#2423) 
SHAPE_REPRESENTATION_RELATIONSHIP() );
#2423 = ITEM_DEFINED_TRANSFORMATION('','',#11,#63);
#2424 = PRODUCT_DEFINITION_SHAPE('Placement','Placement of an item',
  #2425);
#2425 = NEXT_ASSEMBLY_USAGE_OCCURRENCE('13','Y-junction v037','',#5,
  #2260,$);
#2426 = PRODUCT_RELATED_PRODUCT_CATEGORY('part',$,(#2262));
#2427 = SHAPE_DEFINITION_REPRESENTATION(#2428,#2434);
#2428 = PRODUCT_DEFINITION_SHAPE('','',#2429);
#2429 = PRODUCT_DEFINITION('design','',#2430,#2433);
#2430 = PRODUCT_DEFINITION_FORMATION('','',#2431);
#2431 = PRODUCT('Y-junction v014','Y-junction v014','',(#2432));
#2432 = PRODUCT_CONTEXT('',#2,'mechanical');
#2433 = PRODUCT_DEFINITION_CONTEXT('part definition',#2,'design');
#2434 = ADVANCED_BREP_SHAPE_REPRESENTATION('',(#11,#2435),#2686);
#2435 = MANIFOLD_SOLID_BREP('',#2436);
#2436 = CLOSED_SHELL('',(#2437,#2477,#2508,#2539,#2570,#2603,#2634,#2656
    ,#2671));
#2437 = ADVANCED_FACE('',(#2438),#2472,.T.);
#2438 = FACE_BOUND('',#2439,.T.);
#2439 = EDGE_LOOP('',(#2440,#2450,#2458,#2466));
#2440 = ORIENTED_EDGE('',*,*,#2441,.F.);
#2441 = EDGE_CURVE('',#2442,#2444,#2446,.T.);
#2442 = VERTEX_POINT('',#2443);
#2443 = CARTESIAN_POINT('',(2.388,3.E-02,-2.504618802155));
#2444 = VERTEX_POINT('',#2445);
#2445 = CARTESIAN_POINT('',(2.336,3.E-02,-2.594685444148));
#2446 = LINE('',#2447,#2448);
#2447 = CARTESIAN_POINT('',(2.388,3.E-02,-2.504618802155));
#2448 = VECTOR('',#2449,1.);
#2449 = DIRECTION('',(-0.500000000002,0.,-0.866025403783));
#2450 = ORIENTED_EDGE('',*,*,#2451,.T.);
#2451 = EDGE_CURVE('',#2442,#2452,#2454,.T.);
#2452 = VERTEX_POINT('',#2453);
#2453 = CARTESIAN_POINT('',(2.388,4.E-02,-2.504618802155));
#2454 = LINE('',#2455,#2456);
#2455 = CARTESIAN_POINT('',(2.388,3.E-02,-2.504618802155));
#2456 = VECTOR('',#2457,1.);
#2457 = DIRECTION('',(0.,1.,0.));
#2458 = ORIENTED_EDGE('',*,*,#2459,.F.);
#2459 = EDGE_CURVE('',#2460,#2452,#2462,.T.);
#2460 = VERTEX_POINT('',#2461);
#2461 = CARTESIAN_POINT('',(2.336,4.E-02,-2.594685444148));
#2462 = LINE('',#2463,#2464);
#2463 = CARTESIAN_POINT('',(2.388,4.E-02,-2.504618802155));
#2464 = VECTOR('',#2465,1.);
#2465 = DIRECTION('',(0.500000000002,0.,0.866025403783));
#2466 = ORIENTED_EDGE('',*,*,#2467,.F.);
#2467 = EDGE_CURVE('',#2444,#2460,#2468,.T.);
#2468 = LINE('',#2469,#2470);
#2469 = CARTESIAN_POINT('',(2.336,3.E-02,-2.594685444148));
#2470 = VECTOR('',#2471,1.);
#2471 = DIRECTION('',(0.,1.,0.));
#2472 = PLANE('',#2473);
#2473 = AXIS2_PLACEMENT_3D('',#2474,#2475,#2476);
#2474 = CARTESIAN_POINT('',(2.336,3.E-02,-2.594685444148));
#2475 = DIRECTION('',(-0.866025403783,0.,0.500000000002));
#2476 = DIRECTION('',(0.500000000002,0.,0.866025403783));
#2477 = ADVANCED_FACE('',(#2478),#2503,.T.);
#2478 = FACE_BOUND('',#2479,.T.);
#2479 = EDGE_LOOP('',(#2480,#2488,#2489,#2497));
#2480 = ORIENTED_EDGE('',*,*,#2481,.T.);
#2481 = EDGE_CURVE('',#2482,#2444,#2484,.T.);
#2482 = VERTEX_POINT('',#2483);
#2483 = CARTESIAN_POINT('',(2.44,3.E-02,-2.594685444147));
#2484 = LINE('',#2485,#2486);
#2485 = CARTESIAN_POINT('',(2.44,3.E-02,-2.594685444147));
#2486 = VECTOR('',#2487,1.);
#2487 = DIRECTION('',(-1.,0.,-1.25273723019E-11));
#2488 = ORIENTED_EDGE('',*,*,#2467,.T.);
#2489 = ORIENTED_EDGE('',*,*,#2490,.F.);
#2490 = EDGE_CURVE('',#2491,#2460,#2493,.T.);
#2491 = VERTEX_POINT('',#2492);
#2492 = CARTESIAN_POINT('',(2.44,4.E-02,-2.594685444147));
#2493 = LINE('',#2494,#2495);
#2494 = CARTESIAN_POINT('',(2.44,4.E-02,-2.594685444147));
#2495 = VECTOR('',#2496,1.);
#2496 = DIRECTION('',(-1.,0.,-1.25273723019E-11));
#2497 = ORIENTED_EDGE('',*,*,#2498,.F.);
#2498 = EDGE_CURVE('',#2482,#2491,#2499,.T.);
#2499 = LINE('',#2500,#2501);
#2500 = CARTESIAN_POINT('',(2.44,3.E-02,-2.594685444147));
#2501 = VECTOR('',#2502,1.);
#2502 = DIRECTION('',(0.,1.,0.));
#2503 = PLANE('',#2504);
#2504 = AXIS2_PLACEMENT_3D('',#2505,#2506,#2507);
#2505 = CARTESIAN_POINT('',(2.44,3.E-02,-2.594685444147));
#2506 = DIRECTION('',(1.25273723019E-11,0.,-1.));
#2507 = DIRECTION('',(-1.,0.,-1.25273723019E-11));
#2508 = ADVANCED_FACE('',(#2509),#2534,.T.);
#2509 = FACE_BOUND('',#2510,.T.);
#2510 = EDGE_LOOP('',(#2511,#2519,#2520,#2528));
#2511 = ORIENTED_EDGE('',*,*,#2512,.F.);
#2512 = EDGE_CURVE('',#2482,#2513,#2515,.T.);
#2513 = VERTEX_POINT('',#2514);
#2514 = CARTESIAN_POINT('',(2.44,3.E-02,-2.577320508077));
#2515 = LINE('',#2516,#2517);
#2516 = CARTESIAN_POINT('',(2.44,3.E-02,-2.594685444147));
#2517 = VECTOR('',#2518,1.);
#2518 = DIRECTION('',(1.950010187997E-12,0.,1.));
#2519 = ORIENTED_EDGE('',*,*,#2498,.T.);
#2520 = ORIENTED_EDGE('',*,*,#2521,.F.);
#2521 = EDGE_CURVE('',#2522,#2491,#2524,.T.);
#2522 = VERTEX_POINT('',#2523);
#2523 = CARTESIAN_POINT('',(2.44,4.E-02,-2.577320508077));
#2524 = LINE('',#2525,#2526);
#2525 = CARTESIAN_POINT('',(2.44,4.E-02,-2.594685444147));
#2526 = VECTOR('',#2527,1.);
#2527 = DIRECTION('',(-1.950010187997E-12,0.,-1.));
#2528 = ORIENTED_EDGE('',*,*,#2529,.F.);
#2529 = EDGE_CURVE('',#2513,#2522,#2530,.T.);
#2530 = LINE('',#2531,#2532);
#2531 = CARTESIAN_POINT('',(2.44,3.E-02,-2.577320508077));
#2532 = VECTOR('',#2533,1.);
#2533 = DIRECTION('',(0.,1.,0.));
#2534 = PLANE('',#2535);
#2535 = AXIS2_PLACEMENT_3D('',#2536,#2537,#2538);
#2536 = CARTESIAN_POINT('',(2.44,3.E-02,-2.577320508077));
#2537 = DIRECTION('',(1.,0.,-1.950010187997E-12));
#2538 = DIRECTION('',(-1.950010187997E-12,0.,-1.));
#2539 = ADVANCED_FACE('',(#2540),#2565,.T.);
#2540 = FACE_BOUND('',#2541,.T.);
#2541 = EDGE_LOOP('',(#2542,#2550,#2551,#2559));
#2542 = ORIENTED_EDGE('',*,*,#2543,.F.);
#2543 = EDGE_CURVE('',#2513,#2544,#2546,.T.);
#2544 = VERTEX_POINT('',#2545);
#2545 = CARTESIAN_POINT('',(2.474363448015,3.E-02,-2.51780127019));
#2546 = LINE('',#2547,#2548);
#2547 = CARTESIAN_POINT('',(2.44,3.E-02,-2.577320508077));
#2548 = VECTOR('',#2549,1.);
#2549 = DIRECTION('',(0.499999999993,0.,0.866025403788));
#2550 = ORIENTED_EDGE('',*,*,#2529,.T.);
#2551 = ORIENTED_EDGE('',*,*,#2552,.F.);
#2552 = EDGE_CURVE('',#2553,#2522,#2555,.T.);
#2553 = VERTEX_POINT('',#2554);
#2554 = CARTESIAN_POINT('',(2.474363448015,4.E-02,-2.51780127019));
#2555 = LINE('',#2556,#2557);
#2556 = CARTESIAN_POINT('',(2.44,4.E-02,-2.577320508077));
#2557 = VECTOR('',#2558,1.);
#2558 = DIRECTION('',(-0.499999999993,0.,-0.866025403788));
#2559 = ORIENTED_EDGE('',*,*,#2560,.F.);
#2560 = EDGE_CURVE('',#2544,#2553,#2561,.T.);
#2561 = LINE('',#2562,#2563);
#2562 = CARTESIAN_POINT('',(2.474363448015,3.E-02,-2.51780127019));
#2563 = VECTOR('',#2564,1.);
#2564 = DIRECTION('',(0.,1.,0.));
#2565 = PLANE('',#2566);
#2566 = AXIS2_PLACEMENT_3D('',#2567,#2568,#2569);
#2567 = CARTESIAN_POINT('',(2.474363448015,3.E-02,-2.51780127019));
#2568 = DIRECTION('',(0.866025403788,0.,-0.499999999993));
#2569 = DIRECTION('',(-0.499999999993,0.,-0.866025403788));
#2570 = ADVANCED_FACE('',(#2571),#2598,.T.);
#2571 = FACE_BOUND('',#2572,.T.);
#2572 = EDGE_LOOP('',(#2573,#2582,#2583,#2592));
#2573 = ORIENTED_EDGE('',*,*,#2574,.T.);
#2574 = EDGE_CURVE('',#2575,#2544,#2577,.T.);
#2575 = VERTEX_POINT('',#2576);
#2576 = CARTESIAN_POINT('',(2.471765371804,3.E-02,-2.51330127019));
#2577 = CIRCLE('',#2578,3.000000000001E-03);
#2578 = AXIS2_PLACEMENT_3D('',#2579,#2580,#2581);
#2579 = CARTESIAN_POINT('',(2.471765371804,3.E-02,-2.51630127019));
#2580 = DIRECTION('',(0.,1.,0.));
#2581 = DIRECTION('',(-1.850371707708E-12,0.,1.));
#2582 = ORIENTED_EDGE('',*,*,#2560,.T.);
#2583 = ORIENTED_EDGE('',*,*,#2584,.F.);
#2584 = EDGE_CURVE('',#2585,#2553,#2587,.T.);
#2585 = VERTEX_POINT('',#2586);
#2586 = CARTESIAN_POINT('',(2.471765371804,4.E-02,-2.51330127019));
#2587 = CIRCLE('',#2588,3.000000000001E-03);
#2588 = AXIS2_PLACEMENT_3D('',#2589,#2590,#2591);
#2589 = CARTESIAN_POINT('',(2.471765371804,4.E-02,-2.51630127019));
#2590 = DIRECTION('',(0.,1.,0.));
#2591 = DIRECTION('',(-1.850371707708E-12,0.,1.));
#2592 = ORIENTED_EDGE('',*,*,#2593,.F.);
#2593 = EDGE_CURVE('',#2575,#2585,#2594,.T.);
#2594 = LINE('',#2595,#2596);
#2595 = CARTESIAN_POINT('',(2.471765371804,3.E-02,-2.51330127019));
#2596 = VECTOR('',#2597,1.);
#2597 = DIRECTION('',(0.,1.,0.));
#2598 = CYLINDRICAL_SURFACE('',#2599,3.000000000001E-03);
#2599 = AXIS2_PLACEMENT_3D('',#2600,#2601,#2602);
#2600 = CARTESIAN_POINT('',(2.471765371804,3.E-02,-2.51630127019));
#2601 = DIRECTION('',(0.,1.,0.));
#2602 = DIRECTION('',(-1.850371707708E-12,0.,1.));
#2603 = ADVANCED_FACE('',(#2604),#2629,.T.);
#2604 = FACE_BOUND('',#2605,.T.);
#2605 = EDGE_LOOP('',(#2606,#2614,#2615,#2623));
#2606 = ORIENTED_EDGE('',*,*,#2607,.T.);
#2607 = EDGE_CURVE('',#2608,#2575,#2610,.T.);
#2608 = VERTEX_POINT('',#2609);
#2609 = CARTESIAN_POINT('',(2.403038475772,3.E-02,-2.51330127019));
#2610 = LINE('',#2611,#2612);
#2611 = CARTESIAN_POINT('',(2.403038475772,3.E-02,-2.51330127019));
#2612 = VECTOR('',#2613,1.);
#2613 = DIRECTION('',(1.,0.,2.455427343394E-12));
#2614 = ORIENTED_EDGE('',*,*,#2593,.T.);
#2615 = ORIENTED_EDGE('',*,*,#2616,.F.);
#2616 = EDGE_CURVE('',#2617,#2585,#2619,.T.);
#2617 = VERTEX_POINT('',#2618);
#2618 = CARTESIAN_POINT('',(2.403038475772,4.E-02,-2.51330127019));
#2619 = LINE('',#2620,#2621);
#2620 = CARTESIAN_POINT('',(2.403038475772,4.E-02,-2.51330127019));
#2621 = VECTOR('',#2622,1.);
#2622 = DIRECTION('',(1.,0.,2.455427343394E-12));
#2623 = ORIENTED_EDGE('',*,*,#2624,.F.);
#2624 = EDGE_CURVE('',#2608,#2617,#2625,.T.);
#2625 = LINE('',#2626,#2627);
#2626 = CARTESIAN_POINT('',(2.403038475772,3.E-02,-2.51330127019));
#2627 = VECTOR('',#2628,1.);
#2628 = DIRECTION('',(0.,1.,0.));
#2629 = PLANE('',#2630);
#2630 = AXIS2_PLACEMENT_3D('',#2631,#2632,#2633);
#2631 = CARTESIAN_POINT('',(2.403038475772,3.E-02,-2.51330127019));
#2632 = DIRECTION('',(-2.455427343394E-12,0.,1.));
#2633 = DIRECTION('',(1.,0.,2.455427343394E-12));
#2634 = ADVANCED_FACE('',(#2635),#2651,.T.);
#2635 = FACE_BOUND('',#2636,.T.);
#2636 = EDGE_LOOP('',(#2637,#2643,#2644,#2650));
#2637 = ORIENTED_EDGE('',*,*,#2638,.T.);
#2638 = EDGE_CURVE('',#2442,#2608,#2639,.T.);
#2639 = LINE('',#2640,#2641);
#2640 = CARTESIAN_POINT('',(2.388,3.E-02,-2.504618802155));
#2641 = VECTOR('',#2642,1.);
#2642 = DIRECTION('',(0.86602540379,0.,-0.49999999999));
#2643 = ORIENTED_EDGE('',*,*,#2624,.T.);
#2644 = ORIENTED_EDGE('',*,*,#2645,.F.);
#2645 = EDGE_CURVE('',#2452,#2617,#2646,.T.);
#2646 = LINE('',#2647,#2648);
#2647 = CARTESIAN_POINT('',(2.388,4.E-02,-2.504618802155));
#2648 = VECTOR('',#2649,1.);
#2649 = DIRECTION('',(0.86602540379,0.,-0.49999999999));
#2650 = ORIENTED_EDGE('',*,*,#2451,.F.);
#2651 = PLANE('',#2652);
#2652 = AXIS2_PLACEMENT_3D('',#2653,#2654,#2655);
#2653 = CARTESIAN_POINT('',(2.388,3.E-02,-2.504618802155));
#2654 = DIRECTION('',(0.49999999999,0.,0.86602540379));
#2655 = DIRECTION('',(0.86602540379,0.,-0.49999999999));
#2656 = ADVANCED_FACE('',(#2657),#2666,.T.);
#2657 = FACE_BOUND('',#2658,.T.);
#2658 = EDGE_LOOP('',(#2659,#2660,#2661,#2662,#2663,#2664,#2665));
#2659 = ORIENTED_EDGE('',*,*,#2645,.T.);
#2660 = ORIENTED_EDGE('',*,*,#2616,.T.);
#2661 = ORIENTED_EDGE('',*,*,#2584,.T.);
#2662 = ORIENTED_EDGE('',*,*,#2552,.T.);
#2663 = ORIENTED_EDGE('',*,*,#2521,.T.);
#2664 = ORIENTED_EDGE('',*,*,#2490,.T.);
#2665 = ORIENTED_EDGE('',*,*,#2459,.T.);
#2666 = PLANE('',#2667);
#2667 = AXIS2_PLACEMENT_3D('',#2668,#2669,#2670);
#2668 = CARTESIAN_POINT('',(2.379265717108,4.E-02,-2.564730762115));
#2669 = DIRECTION('',(0.,1.,0.));
#2670 = DIRECTION('',(1.,0.,0.));
#2671 = ADVANCED_FACE('',(#2672),#2681,.F.);
#2672 = FACE_BOUND('',#2673,.T.);
#2673 = EDGE_LOOP('',(#2674,#2675,#2676,#2677,#2678,#2679,#2680));
#2674 = ORIENTED_EDGE('',*,*,#2638,.F.);
#2675 = ORIENTED_EDGE('',*,*,#2441,.T.);
#2676 = ORIENTED_EDGE('',*,*,#2481,.F.);
#2677 = ORIENTED_EDGE('',*,*,#2512,.T.);
#2678 = ORIENTED_EDGE('',*,*,#2543,.T.);
#2679 = ORIENTED_EDGE('',*,*,#2574,.F.);
#2680 = ORIENTED_EDGE('',*,*,#2607,.F.);
#2681 = PLANE('',#2682);
#2682 = AXIS2_PLACEMENT_3D('',#2683,#2684,#2685);
#2683 = CARTESIAN_POINT('',(2.379265717108,3.E-02,-2.564730762115));
#2684 = DIRECTION('',(0.,1.,0.));
#2685 = DIRECTION('',(1.,0.,0.));
#2686 = ( GEOMETRIC_REPRESENTATION_CONTEXT(3) 
GLOBAL_UNCERTAINTY_ASSIGNED_CONTEXT((#2690)) 
GLOBAL_UNIT_ASSIGNED_CONTEXT((#2687,#2688,#2689)) REPRESENTATION_CONTEXT
('Context #1','3D Context with UNIT and UNCERTAINTY') );
#2687 = ( LENGTH_UNIT() NAMED_UNIT(*) SI_UNIT(.MILLI.,.METRE.) );
#2688 = ( NAMED_UNIT(*) PLANE_ANGLE_UNIT() SI_UNIT($,.RADIAN.) );
#2689 = ( NAMED_UNIT(*) SI_UNIT($,.STERADIAN.) SOLID_ANGLE_UNIT() );
#2690 = UNCERTAINTY_MEASURE_WITH_UNIT(LENGTH_MEASURE(1.E-07),#2687,
  'distance_accuracy_value','confusion accuracy');
#2691 = CONTEXT_DEPENDENT_SHAPE_REPRESENTATION(#2692,#2694);
#2692 = ( REPRESENTATION_RELATIONSHIP('','',#2434,#10) 
REPRESENTATION_RELATIONSHIP_WITH_TRANSFORMATION(#2693) 
SHAPE_REPRESENTATION_RELATIONSHIP() );
#2693 = ITEM_DEFINED_TRANSFORMATION('','',#11,#67);
#2694 = PRODUCT_DEFINITION_SHAPE('Placement','Placement of an item',
  #2695);
#2695 = NEXT_ASSEMBLY_USAGE_OCCURRENCE('14','Y-junction v014','',#5,
  #2429,$);
#2696 = PRODUCT_RELATED_PRODUCT_CATEGORY('part',$,(#2431));
#2697 = SHAPE_DEFINITION_REPRESENTATION(#2698,#2704);
#2698 = PRODUCT_DEFINITION_SHAPE('','',#2699);
#2699 = PRODUCT_DEFINITION('design','',#2700,#2703);
#2700 = PRODUCT_DEFINITION_FORMATION('','',#2701);
#2701 = PRODUCT('Y-junction v040','Y-junction v040','',(#2702));
#2702 = PRODUCT_CONTEXT('',#2,'mechanical');
#2703 = PRODUCT_DEFINITION_CONTEXT('part definition',#2,'design');
#2704 = ADVANCED_BREP_SHAPE_REPRESENTATION('',(#11,#2705),#2855);
#2705 = MANIFOLD_SOLID_BREP('',#2706);
#2706 = CLOSED_SHELL('',(#2707,#2747,#2778,#2809,#2831,#2843));
#2707 = ADVANCED_FACE('',(#2708),#2742,.T.);
#2708 = FACE_BOUND('',#2709,.T.);
#2709 = EDGE_LOOP('',(#2710,#2720,#2728,#2736));
#2710 = ORIENTED_EDGE('',*,*,#2711,.T.);
#2711 = EDGE_CURVE('',#2712,#2714,#2716,.T.);
#2712 = VERTEX_POINT('',#2713);
#2713 = CARTESIAN_POINT('',(2.440000000001,3.E-02,-2.655000000001));
#2714 = VERTEX_POINT('',#2715);
#2715 = CARTESIAN_POINT('',(2.336,3.E-02,-2.655000000002));
#2716 = LINE('',#2717,#2718);
#2717 = CARTESIAN_POINT('',(2.440000000001,3.E-02,-2.655000000001));
#2718 = VECTOR('',#2719,1.);
#2719 = DIRECTION('',(-1.,0.,-1.010943465691E-11));
#2720 = ORIENTED_EDGE('',*,*,#2721,.T.);
#2721 = EDGE_CURVE('',#2714,#2722,#2724,.T.);
#2722 = VERTEX_POINT('',#2723);
#2723 = CARTESIAN_POINT('',(2.336,4.E-02,-2.655000000002));
#2724 = LINE('',#2725,#2726);
#2725 = CARTESIAN_POINT('',(2.336,3.E-02,-2.655000000002));
#2726 = VECTOR('',#2727,1.);
#2727 = DIRECTION('',(0.,1.,0.));
#2728 = ORIENTED_EDGE('',*,*,#2729,.F.);
#2729 = EDGE_CURVE('',#2730,#2722,#2732,.T.);
#2730 = VERTEX_POINT('',#2731);
#2731 = CARTESIAN_POINT('',(2.440000000001,4.E-02,-2.655000000001));
#2732 = LINE('',#2733,#2734);
#2733 = CARTESIAN_POINT('',(2.440000000001,4.E-02,-2.655000000001));
#2734 = VECTOR('',#2735,1.);
#2735 = DIRECTION('',(-1.,0.,-1.010943465691E-11));
#2736 = ORIENTED_EDGE('',*,*,#2737,.F.);
#2737 = EDGE_CURVE('',#2712,#2730,#2738,.T.);
#2738 = LINE('',#2739,#2740);
#2739 = CARTESIAN_POINT('',(2.440000000001,3.E-02,-2.655000000001));
#2740 = VECTOR('',#2741,1.);
#2741 = DIRECTION('',(0.,1.,0.));
#2742 = PLANE('',#2743);
#2743 = AXIS2_PLACEMENT_3D('',#2744,#2745,#2746);
#2744 = CARTESIAN_POINT('',(2.440000000001,3.E-02,-2.655000000001));
#2745 = DIRECTION('',(1.010943465691E-11,0.,-1.));
#2746 = DIRECTION('',(-1.,0.,-1.010943465691E-11));
#2747 = ADVANCED_FACE('',(#2748),#2773,.T.);
#2748 = FACE_BOUND('',#2749,.T.);
#2749 = EDGE_LOOP('',(#2750,#2758,#2759,#2767));
#2750 = ORIENTED_EDGE('',*,*,#2751,.F.);
#2751 = EDGE_CURVE('',#2712,#2752,#2754,.T.);
#2752 = VERTEX_POINT('',#2753);
#2753 = CARTESIAN_POINT('',(2.440000000001,3.E-02,-2.600000000007));
#2754 = LINE('',#2755,#2756);
#2755 = CARTESIAN_POINT('',(2.440000000001,3.E-02,-2.655000000001));
#2756 = VECTOR('',#2757,1.);
#2757 = DIRECTION('',(1.912611483554E-12,0.,1.));
#2758 = ORIENTED_EDGE('',*,*,#2737,.T.);
#2759 = ORIENTED_EDGE('',*,*,#2760,.F.);
#2760 = EDGE_CURVE('',#2761,#2730,#2763,.T.);
#2761 = VERTEX_POINT('',#2762);
#2762 = CARTESIAN_POINT('',(2.440000000001,4.E-02,-2.600000000007));
#2763 = LINE('',#2764,#2765);
#2764 = CARTESIAN_POINT('',(2.440000000001,4.E-02,-2.655000000001));
#2765 = VECTOR('',#2766,1.);
#2766 = DIRECTION('',(-1.912611483554E-12,0.,-1.));
#2767 = ORIENTED_EDGE('',*,*,#2768,.F.);
#2768 = EDGE_CURVE('',#2752,#2761,#2769,.T.);
#2769 = LINE('',#2770,#2771);
#2770 = CARTESIAN_POINT('',(2.440000000001,3.E-02,-2.600000000007));
#2771 = VECTOR('',#2772,1.);
#2772 = DIRECTION('',(0.,1.,0.));
#2773 = PLANE('',#2774);
#2774 = AXIS2_PLACEMENT_3D('',#2775,#2776,#2777);
#2775 = CARTESIAN_POINT('',(2.440000000001,3.E-02,-2.600000000007));
#2776 = DIRECTION('',(1.,0.,-1.912611483554E-12));
#2777 = DIRECTION('',(-1.912611483554E-12,0.,-1.));
#2778 = ADVANCED_FACE('',(#2779),#2804,.T.);
#2779 = FACE_BOUND('',#2780,.T.);
#2780 = EDGE_LOOP('',(#2781,#2789,#2790,#2798));
#2781 = ORIENTED_EDGE('',*,*,#2782,.F.);
#2782 = EDGE_CURVE('',#2752,#2783,#2785,.T.);
#2783 = VERTEX_POINT('',#2784);
#2784 = CARTESIAN_POINT('',(2.336000000001,3.E-02,-2.600000000008));
#2785 = LINE('',#2786,#2787);
#2786 = CARTESIAN_POINT('',(2.440000000001,3.E-02,-2.600000000007));
#2787 = VECTOR('',#2788,1.);
#2788 = DIRECTION('',(-1.,0.,-1.010409704622E-11));
#2789 = ORIENTED_EDGE('',*,*,#2768,.T.);
#2790 = ORIENTED_EDGE('',*,*,#2791,.F.);
#2791 = EDGE_CURVE('',#2792,#2761,#2794,.T.);
#2792 = VERTEX_POINT('',#2793);
#2793 = CARTESIAN_POINT('',(2.336000000001,4.E-02,-2.600000000008));
#2794 = LINE('',#2795,#2796);
#2795 = CARTESIAN_POINT('',(2.440000000001,4.E-02,-2.600000000007));
#2796 = VECTOR('',#2797,1.);
#2797 = DIRECTION('',(1.,0.,1.010409704622E-11));
#2798 = ORIENTED_EDGE('',*,*,#2799,.F.);
#2799 = EDGE_CURVE('',#2783,#2792,#2800,.T.);
#2800 = LINE('',#2801,#2802);
#2801 = CARTESIAN_POINT('',(2.336000000001,3.E-02,-2.600000000008));
#2802 = VECTOR('',#2803,1.);
#2803 = DIRECTION('',(0.,1.,0.));
#2804 = PLANE('',#2805);
#2805 = AXIS2_PLACEMENT_3D('',#2806,#2807,#2808);
#2806 = CARTESIAN_POINT('',(2.336000000001,3.E-02,-2.600000000008));
#2807 = DIRECTION('',(-1.010409704622E-11,0.,1.));
#2808 = DIRECTION('',(1.,0.,1.010409704622E-11));
#2809 = ADVANCED_FACE('',(#2810),#2826,.T.);
#2810 = FACE_BOUND('',#2811,.T.);
#2811 = EDGE_LOOP('',(#2812,#2818,#2819,#2825));
#2812 = ORIENTED_EDGE('',*,*,#2813,.T.);
#2813 = EDGE_CURVE('',#2714,#2783,#2814,.T.);
#2814 = LINE('',#2815,#2816);
#2815 = CARTESIAN_POINT('',(2.336,3.E-02,-2.655000000002));
#2816 = VECTOR('',#2817,1.);
#2817 = DIRECTION('',(2.962276888776E-12,0.,1.));
#2818 = ORIENTED_EDGE('',*,*,#2799,.T.);
#2819 = ORIENTED_EDGE('',*,*,#2820,.F.);
#2820 = EDGE_CURVE('',#2722,#2792,#2821,.T.);
#2821 = LINE('',#2822,#2823);
#2822 = CARTESIAN_POINT('',(2.336,4.E-02,-2.655000000002));
#2823 = VECTOR('',#2824,1.);
#2824 = DIRECTION('',(2.962276888776E-12,0.,1.));
#2825 = ORIENTED_EDGE('',*,*,#2721,.F.);
#2826 = PLANE('',#2827);
#2827 = AXIS2_PLACEMENT_3D('',#2828,#2829,#2830);
#2828 = CARTESIAN_POINT('',(2.336,3.E-02,-2.655000000002));
#2829 = DIRECTION('',(-1.,0.,2.962276888776E-12));
#2830 = DIRECTION('',(2.962276888776E-12,0.,1.));
#2831 = ADVANCED_FACE('',(#2832),#2838,.T.);
#2832 = FACE_BOUND('',#2833,.T.);
#2833 = EDGE_LOOP('',(#2834,#2835,#2836,#2837));
#2834 = ORIENTED_EDGE('',*,*,#2820,.T.);
#2835 = ORIENTED_EDGE('',*,*,#2791,.T.);
#2836 = ORIENTED_EDGE('',*,*,#2760,.T.);
#2837 = ORIENTED_EDGE('',*,*,#2729,.T.);
#2838 = PLANE('',#2839);
#2839 = AXIS2_PLACEMENT_3D('',#2840,#2841,#2842);
#2840 = CARTESIAN_POINT('',(2.388000000001,4.E-02,-2.627500000004));
#2841 = DIRECTION('',(0.,1.,0.));
#2842 = DIRECTION('',(0.,-0.,1.));
#2843 = ADVANCED_FACE('',(#2844),#2850,.F.);
#2844 = FACE_BOUND('',#2845,.T.);
#2845 = EDGE_LOOP('',(#2846,#2847,#2848,#2849));
#2846 = ORIENTED_EDGE('',*,*,#2813,.F.);
#2847 = ORIENTED_EDGE('',*,*,#2711,.F.);
#2848 = ORIENTED_EDGE('',*,*,#2751,.T.);
#2849 = ORIENTED_EDGE('',*,*,#2782,.T.);
#2850 = PLANE('',#2851);
#2851 = AXIS2_PLACEMENT_3D('',#2852,#2853,#2854);
#2852 = CARTESIAN_POINT('',(2.388000000001,3.E-02,-2.627500000004));
#2853 = DIRECTION('',(0.,1.,0.));
#2854 = DIRECTION('',(1.,0.,0.));
#2855 = ( GEOMETRIC_REPRESENTATION_CONTEXT(3) 
GLOBAL_UNCERTAINTY_ASSIGNED_CONTEXT((#2859)) 
GLOBAL_UNIT_ASSIGNED_CONTEXT((#2856,#2857,#2858)) REPRESENTATION_CONTEXT
('Context #1','3D Context with UNIT and UNCERTAINTY') );
#2856 = ( LENGTH_UNIT() NAMED_UNIT(*) SI_UNIT(.MILLI.,.METRE.) );
#2857 = ( NAMED_UNIT(*) PLANE_ANGLE_UNIT() SI_UNIT($,.RADIAN.) );
#2858 = ( NAMED_UNIT(*) SI_UNIT($,.STERADIAN.) SOLID_ANGLE_UNIT() );
#2859 = UNCERTAINTY_MEASURE_WITH_UNIT(LENGTH_MEASURE(1.E-07),#2856,
  'distance_accuracy_value','confusion accuracy');
#2860 = CONTEXT_DEPENDENT_SHAPE_REPRESENTATION(#2861,#2863);
#2861 = ( REPRESENTATION_RELATIONSHIP('','',#2704,#10) 
REPRESENTATION_RELATIONSHIP_WITH_TRANSFORMATION(#2862) 
SHAPE_REPRESENTATION_RELATIONSHIP() );
#2862 = ITEM_DEFINED_TRANSFORMATION('','',#11,#71);
#2863 = PRODUCT_DEFINITION_SHAPE('Placement','Placement of an item',
  #2864);
#2864 = NEXT_ASSEMBLY_USAGE_OCCURRENCE('15','Y-junction v040','',#5,
  #2699,$);
#2865 = PRODUCT_RELATED_PRODUCT_CATEGORY('part',$,(#2701));
#2866 = SHAPE_DEFINITION_REPRESENTATION(#2867,#2873);
#2867 = PRODUCT_DEFINITION_SHAPE('','',#2868);
#2868 = PRODUCT_DEFINITION('design','',#2869,#2872);
#2869 = PRODUCT_DEFINITION_FORMATION('','',#2870);
#2870 = PRODUCT('Y-junction v019','Y-junction v019','',(#2871));
#2871 = PRODUCT_CONTEXT('',#2,'mechanical');
#2872 = PRODUCT_DEFINITION_CONTEXT('part definition',#2,'design');
#2873 = ADVANCED_BREP_SHAPE_REPRESENTATION('',(#11,#2874),#3024);
#2874 = MANIFOLD_SOLID_BREP('',#2875);
#2875 = CLOSED_SHELL('',(#2876,#2916,#2947,#2978,#3000,#3012));
#2876 = ADVANCED_FACE('',(#2877),#2911,.T.);
#2877 = FACE_BOUND('',#2878,.T.);
#2878 = EDGE_LOOP('',(#2879,#2889,#2897,#2905));
#2879 = ORIENTED_EDGE('',*,*,#2880,.T.);
#2880 = EDGE_CURVE('',#2881,#2883,#2885,.T.);
#2881 = VERTEX_POINT('',#2882);
#2882 = CARTESIAN_POINT('',(2.440000000001,3.E-02,-2.730000000001));
#2883 = VERTEX_POINT('',#2884);
#2884 = CARTESIAN_POINT('',(2.336000000001,3.E-02,-2.730000000002));
#2885 = LINE('',#2886,#2887);
#2886 = CARTESIAN_POINT('',(2.440000000001,3.E-02,-2.730000000001));
#2887 = VECTOR('',#2888,1.);
#2888 = DIRECTION('',(-1.,0.,-9.992007221632E-12));
#2889 = ORIENTED_EDGE('',*,*,#2890,.T.);
#2890 = EDGE_CURVE('',#2883,#2891,#2893,.T.);
#2891 = VERTEX_POINT('',#2892);
#2892 = CARTESIAN_POINT('',(2.336000000001,4.E-02,-2.730000000002));
#2893 = LINE('',#2894,#2895);
#2894 = CARTESIAN_POINT('',(2.336000000001,3.E-02,-2.730000000002));
#2895 = VECTOR('',#2896,1.);
#2896 = DIRECTION('',(0.,1.,0.));
#2897 = ORIENTED_EDGE('',*,*,#2898,.F.);
#2898 = EDGE_CURVE('',#2899,#2891,#2901,.T.);
#2899 = VERTEX_POINT('',#2900);
#2900 = CARTESIAN_POINT('',(2.440000000001,4.E-02,-2.730000000001));
#2901 = LINE('',#2902,#2903);
#2902 = CARTESIAN_POINT('',(2.440000000001,4.E-02,-2.730000000001));
#2903 = VECTOR('',#2904,1.);
#2904 = DIRECTION('',(-1.,0.,-9.992007221632E-12));
#2905 = ORIENTED_EDGE('',*,*,#2906,.F.);
#2906 = EDGE_CURVE('',#2881,#2899,#2907,.T.);
#2907 = LINE('',#2908,#2909);
#2908 = CARTESIAN_POINT('',(2.440000000001,3.E-02,-2.730000000001));
#2909 = VECTOR('',#2910,1.);
#2910 = DIRECTION('',(0.,1.,0.));
#2911 = PLANE('',#2912);
#2912 = AXIS2_PLACEMENT_3D('',#2913,#2914,#2915);
#2913 = CARTESIAN_POINT('',(2.440000000001,3.E-02,-2.730000000001));
#2914 = DIRECTION('',(9.992007221632E-12,0.,-1.));
#2915 = DIRECTION('',(-1.,0.,-9.992007221632E-12));
#2916 = ADVANCED_FACE('',(#2917),#2942,.T.);
#2917 = FACE_BOUND('',#2918,.T.);
#2918 = EDGE_LOOP('',(#2919,#2927,#2928,#2936));
#2919 = ORIENTED_EDGE('',*,*,#2920,.T.);
#2920 = EDGE_CURVE('',#2921,#2881,#2923,.T.);
#2921 = VERTEX_POINT('',#2922);
#2922 = CARTESIAN_POINT('',(2.440000000001,3.E-02,-2.660000000001));
#2923 = LINE('',#2924,#2925);
#2924 = CARTESIAN_POINT('',(2.440000000001,3.E-02,-2.660000000001));
#2925 = VECTOR('',#2926,1.);
#2926 = DIRECTION('',(1.011492477078E-11,0.,-1.));
#2927 = ORIENTED_EDGE('',*,*,#2906,.T.);
#2928 = ORIENTED_EDGE('',*,*,#2929,.F.);
#2929 = EDGE_CURVE('',#2930,#2899,#2932,.T.);
#2930 = VERTEX_POINT('',#2931);
#2931 = CARTESIAN_POINT('',(2.440000000001,4.E-02,-2.660000000001));
#2932 = LINE('',#2933,#2934);
#2933 = CARTESIAN_POINT('',(2.440000000001,4.E-02,-2.660000000001));
#2934 = VECTOR('',#2935,1.);
#2935 = DIRECTION('',(1.011492477078E-11,0.,-1.));
#2936 = ORIENTED_EDGE('',*,*,#2937,.F.);
#2937 = EDGE_CURVE('',#2921,#2930,#2938,.T.);
#2938 = LINE('',#2939,#2940);
#2939 = CARTESIAN_POINT('',(2.440000000001,3.E-02,-2.660000000001));
#2940 = VECTOR('',#2941,1.);
#2941 = DIRECTION('',(0.,1.,0.));
#2942 = PLANE('',#2943);
#2943 = AXIS2_PLACEMENT_3D('',#2944,#2945,#2946);
#2944 = CARTESIAN_POINT('',(2.440000000001,3.E-02,-2.660000000001));
#2945 = DIRECTION('',(1.,0.,1.011492477078E-11));
#2946 = DIRECTION('',(1.011492477078E-11,0.,-1.));
#2947 = ADVANCED_FACE('',(#2948),#2973,.T.);
#2948 = FACE_BOUND('',#2949,.T.);
#2949 = EDGE_LOOP('',(#2950,#2958,#2959,#2967));
#2950 = ORIENTED_EDGE('',*,*,#2951,.T.);
#2951 = EDGE_CURVE('',#2952,#2921,#2954,.T.);
#2952 = VERTEX_POINT('',#2953);
#2953 = CARTESIAN_POINT('',(2.336000000001,3.E-02,-2.660000000002));
#2954 = LINE('',#2955,#2956);
#2955 = CARTESIAN_POINT('',(2.336000000001,3.E-02,-2.660000000002));
#2956 = VECTOR('',#2957,1.);
#2957 = DIRECTION('',(1.,0.,9.992007221632E-12));
#2958 = ORIENTED_EDGE('',*,*,#2937,.T.);
#2959 = ORIENTED_EDGE('',*,*,#2960,.F.);
#2960 = EDGE_CURVE('',#2961,#2930,#2963,.T.);
#2961 = VERTEX_POINT('',#2962);
#2962 = CARTESIAN_POINT('',(2.336000000001,4.E-02,-2.660000000002));
#2963 = LINE('',#2964,#2965);
#2964 = CARTESIAN_POINT('',(2.336000000001,4.E-02,-2.660000000002));
#2965 = VECTOR('',#2966,1.);
#2966 = DIRECTION('',(1.,0.,9.992007221632E-12));
#2967 = ORIENTED_EDGE('',*,*,#2968,.F.);
#2968 = EDGE_CURVE('',#2952,#2961,#2969,.T.);
#2969 = LINE('',#2970,#2971);
#2970 = CARTESIAN_POINT('',(2.336000000001,3.E-02,-2.660000000002));
#2971 = VECTOR('',#2972,1.);
#2972 = DIRECTION('',(0.,1.,0.));
#2973 = PLANE('',#2974);
#2974 = AXIS2_PLACEMENT_3D('',#2975,#2976,#2977);
#2975 = CARTESIAN_POINT('',(2.336000000001,3.E-02,-2.660000000002));
#2976 = DIRECTION('',(-9.992007221632E-12,0.,1.));
#2977 = DIRECTION('',(1.,0.,9.992007221632E-12));
#2978 = ADVANCED_FACE('',(#2979),#2995,.T.);
#2979 = FACE_BOUND('',#2980,.T.);
#2980 = EDGE_LOOP('',(#2981,#2987,#2988,#2994));
#2981 = ORIENTED_EDGE('',*,*,#2982,.T.);
#2982 = EDGE_CURVE('',#2883,#2952,#2983,.T.);
#2983 = LINE('',#2984,#2985);
#2984 = CARTESIAN_POINT('',(2.336000000001,3.E-02,-2.730000000002));
#2985 = VECTOR('',#2986,1.);
#2986 = DIRECTION('',(-1.010302952409E-11,0.,1.));
#2987 = ORIENTED_EDGE('',*,*,#2968,.T.);
#2988 = ORIENTED_EDGE('',*,*,#2989,.F.);
#2989 = EDGE_CURVE('',#2891,#2961,#2990,.T.);
#2990 = LINE('',#2991,#2992);
#2991 = CARTESIAN_POINT('',(2.336000000001,4.E-02,-2.730000000002));
#2992 = VECTOR('',#2993,1.);
#2993 = DIRECTION('',(-1.010302952409E-11,0.,1.));
#2994 = ORIENTED_EDGE('',*,*,#2890,.F.);
#2995 = PLANE('',#2996);
#2996 = AXIS2_PLACEMENT_3D('',#2997,#2998,#2999);
#2997 = CARTESIAN_POINT('',(2.336000000001,3.E-02,-2.730000000002));
#2998 = DIRECTION('',(-1.,0.,-1.010302952409E-11));
#2999 = DIRECTION('',(-1.010302952409E-11,0.,1.));
#3000 = ADVANCED_FACE('',(#3001),#3007,.T.);
#3001 = FACE_BOUND('',#3002,.T.);
#3002 = EDGE_LOOP('',(#3003,#3004,#3005,#3006));
#3003 = ORIENTED_EDGE('',*,*,#2989,.T.);
#3004 = ORIENTED_EDGE('',*,*,#2960,.T.);
#3005 = ORIENTED_EDGE('',*,*,#2929,.T.);
#3006 = ORIENTED_EDGE('',*,*,#2898,.T.);
#3007 = PLANE('',#3008);
#3008 = AXIS2_PLACEMENT_3D('',#3009,#3010,#3011);
#3009 = CARTESIAN_POINT('',(2.388000000001,4.E-02,-2.695000000001));
#3010 = DIRECTION('',(0.,1.,0.));
#3011 = DIRECTION('',(0.,-0.,1.));
#3012 = ADVANCED_FACE('',(#3013),#3019,.F.);
#3013 = FACE_BOUND('',#3014,.T.);
#3014 = EDGE_LOOP('',(#3015,#3016,#3017,#3018));
#3015 = ORIENTED_EDGE('',*,*,#2982,.F.);
#3016 = ORIENTED_EDGE('',*,*,#2880,.F.);
#3017 = ORIENTED_EDGE('',*,*,#2920,.F.);
#3018 = ORIENTED_EDGE('',*,*,#2951,.F.);
#3019 = PLANE('',#3020);
#3020 = AXIS2_PLACEMENT_3D('',#3021,#3022,#3023);
#3021 = CARTESIAN_POINT('',(2.388000000001,3.E-02,-2.695000000001));
#3022 = DIRECTION('',(0.,1.,0.));
#3023 = DIRECTION('',(1.,0.,0.));
#3024 = ( GEOMETRIC_REPRESENTATION_CONTEXT(3) 
GLOBAL_UNCERTAINTY_ASSIGNED_CONTEXT((#3028)) 
GLOBAL_UNIT_ASSIGNED_CONTEXT((#3025,#3026,#3027)) REPRESENTATION_CONTEXT
('Context #1','3D Context with UNIT and UNCERTAINTY') );
#3025 = ( LENGTH_UNIT() NAMED_UNIT(*) SI_UNIT(.MILLI.,.METRE.) );
#3026 = ( NAMED_UNIT(*) PLANE_ANGLE_UNIT() SI_UNIT($,.RADIAN.) );
#3027 = ( NAMED_UNIT(*) SI_UNIT($,.STERADIAN.) SOLID_ANGLE_UNIT() );
#3028 = UNCERTAINTY_MEASURE_WITH_UNIT(LENGTH_MEASURE(1.E-07),#3025,
  'distance_accuracy_value','confusion accuracy');
#3029 = CONTEXT_DEPENDENT_SHAPE_REPRESENTATION(#3030,#3032);
#3030 = ( REPRESENTATION_RELATIONSHIP('','',#2873,#10) 
REPRESENTATION_RELATIONSHIP_WITH_TRANSFORMATION(#3031) 
SHAPE_REPRESENTATION_RELATIONSHIP() );
#3031 = ITEM_DEFINED_TRANSFORMATION('','',#11,#75);
#3032 = PRODUCT_DEFINITION_SHAPE('Placement','Placement of an item',
  #3033);
#3033 = NEXT_ASSEMBLY_USAGE_OCCURRENCE('16','Y-junction v019','',#5,
  #2868,$);
#3034 = PRODUCT_RELATED_PRODUCT_CATEGORY('part',$,(#2870));
#3035 = SHAPE_DEFINITION_REPRESENTATION(#3036,#3042);
#3036 = PRODUCT_DEFINITION_SHAPE('','',#3037);
#3037 = PRODUCT_DEFINITION('design','',#3038,#3041);
#3038 = PRODUCT_DEFINITION_FORMATION('','',#3039);
#3039 = PRODUCT('Y-junction v030','Y-junction v030','',(#3040));
#3040 = PRODUCT_CONTEXT('',#2,'mechanical');
#3041 = PRODUCT_DEFINITION_CONTEXT('part definition',#2,'design');
#3042 = ADVANCED_BREP_SHAPE_REPRESENTATION('',(#11,#3043),#3193);
#3043 = MANIFOLD_SOLID_BREP('',#3044);
#3044 = CLOSED_SHELL('',(#3045,#3085,#3116,#3147,#3169,#3181));
#3045 = ADVANCED_FACE('',(#3046),#3080,.T.);
#3046 = FACE_BOUND('',#3047,.T.);
#3047 = EDGE_LOOP('',(#3048,#3058,#3066,#3074));
#3048 = ORIENTED_EDGE('',*,*,#3049,.T.);
#3049 = EDGE_CURVE('',#3050,#3052,#3054,.T.);
#3050 = VERTEX_POINT('',#3051);
#3051 = CARTESIAN_POINT('',(2.440000000001,3.E-02,-2.735000000001));
#3052 = VERTEX_POINT('',#3053);
#3053 = CARTESIAN_POINT('',(2.440000000002,3.E-02,-2.805000000001));
#3054 = LINE('',#3055,#3056);
#3055 = CARTESIAN_POINT('',(2.440000000001,3.E-02,-2.735000000001));
#3056 = VECTOR('',#3057,1.);
#3057 = DIRECTION('',(1.01426803464E-11,0.,-1.));
#3058 = ORIENTED_EDGE('',*,*,#3059,.T.);
#3059 = EDGE_CURVE('',#3052,#3060,#3062,.T.);
#3060 = VERTEX_POINT('',#3061);
#3061 = CARTESIAN_POINT('',(2.440000000002,4.E-02,-2.805000000001));
#3062 = LINE('',#3063,#3064);
#3063 = CARTESIAN_POINT('',(2.440000000002,3.E-02,-2.805000000001));
#3064 = VECTOR('',#3065,1.);
#3065 = DIRECTION('',(0.,1.,0.));
#3066 = ORIENTED_EDGE('',*,*,#3067,.F.);
#3067 = EDGE_CURVE('',#3068,#3060,#3070,.T.);
#3068 = VERTEX_POINT('',#3069);
#3069 = CARTESIAN_POINT('',(2.440000000001,4.E-02,-2.735000000001));
#3070 = LINE('',#3071,#3072);
#3071 = CARTESIAN_POINT('',(2.440000000001,4.E-02,-2.735000000001));
#3072 = VECTOR('',#3073,1.);
#3073 = DIRECTION('',(1.01426803464E-11,0.,-1.));
#3074 = ORIENTED_EDGE('',*,*,#3075,.F.);
#3075 = EDGE_CURVE('',#3050,#3068,#3076,.T.);
#3076 = LINE('',#3077,#3078);
#3077 = CARTESIAN_POINT('',(2.440000000001,3.E-02,-2.735000000001));
#3078 = VECTOR('',#3079,1.);
#3079 = DIRECTION('',(0.,1.,0.));
#3080 = PLANE('',#3081);
#3081 = AXIS2_PLACEMENT_3D('',#3082,#3083,#3084);
#3082 = CARTESIAN_POINT('',(2.440000000001,3.E-02,-2.735000000001));
#3083 = DIRECTION('',(1.,0.,1.01426803464E-11));
#3084 = DIRECTION('',(1.01426803464E-11,0.,-1.));
#3085 = ADVANCED_FACE('',(#3086),#3111,.T.);
#3086 = FACE_BOUND('',#3087,.T.);
#3087 = EDGE_LOOP('',(#3088,#3096,#3097,#3105));
#3088 = ORIENTED_EDGE('',*,*,#3089,.T.);
#3089 = EDGE_CURVE('',#3090,#3050,#3092,.T.);
#3090 = VERTEX_POINT('',#3091);
#3091 = CARTESIAN_POINT('',(2.336000000001,3.E-02,-2.735000000002));
#3092 = LINE('',#3093,#3094);
#3093 = CARTESIAN_POINT('',(2.336000000001,3.E-02,-2.735000000002));
#3094 = VECTOR('',#3095,1.);
#3095 = DIRECTION('',(1.,0.,1.012010987832E-11));
#3096 = ORIENTED_EDGE('',*,*,#3075,.T.);
#3097 = ORIENTED_EDGE('',*,*,#3098,.F.);
#3098 = EDGE_CURVE('',#3099,#3068,#3101,.T.);
#3099 = VERTEX_POINT('',#3100);
#3100 = CARTESIAN_POINT('',(2.336000000001,4.E-02,-2.735000000002));
#3101 = LINE('',#3102,#3103);
#3102 = CARTESIAN_POINT('',(2.336000000001,4.E-02,-2.735000000002));
#3103 = VECTOR('',#3104,1.);
#3104 = DIRECTION('',(1.,0.,1.012010987832E-11));
#3105 = ORIENTED_EDGE('',*,*,#3106,.F.);
#3106 = EDGE_CURVE('',#3090,#3099,#3107,.T.);
#3107 = LINE('',#3108,#3109);
#3108 = CARTESIAN_POINT('',(2.336000000001,3.E-02,-2.735000000002));
#3109 = VECTOR('',#3110,1.);
#3110 = DIRECTION('',(0.,1.,0.));
#3111 = PLANE('',#3112);
#3112 = AXIS2_PLACEMENT_3D('',#3113,#3114,#3115);
#3113 = CARTESIAN_POINT('',(2.336000000001,3.E-02,-2.735000000002));
#3114 = DIRECTION('',(-1.012010987832E-11,0.,1.));
#3115 = DIRECTION('',(1.,0.,1.012010987832E-11));
#3116 = ADVANCED_FACE('',(#3117),#3142,.T.);
#3117 = FACE_BOUND('',#3118,.T.);
#3118 = EDGE_LOOP('',(#3119,#3127,#3128,#3136));
#3119 = ORIENTED_EDGE('',*,*,#3120,.T.);
#3120 = EDGE_CURVE('',#3121,#3090,#3123,.T.);
#3121 = VERTEX_POINT('',#3122);
#3122 = CARTESIAN_POINT('',(2.336000000002,3.E-02,-2.805000000002));
#3123 = LINE('',#3124,#3125);
#3124 = CARTESIAN_POINT('',(2.336000000002,3.E-02,-2.805000000002));
#3125 = VECTOR('',#3126,1.);
#3126 = DIRECTION('',(-1.006337870178E-11,0.,1.));
#3127 = ORIENTED_EDGE('',*,*,#3106,.T.);
#3128 = ORIENTED_EDGE('',*,*,#3129,.F.);
#3129 = EDGE_CURVE('',#3130,#3099,#3132,.T.);
#3130 = VERTEX_POINT('',#3131);
#3131 = CARTESIAN_POINT('',(2.336000000002,4.E-02,-2.805000000002));
#3132 = LINE('',#3133,#3134);
#3133 = CARTESIAN_POINT('',(2.336000000002,4.E-02,-2.805000000002));
#3134 = VECTOR('',#3135,1.);
#3135 = DIRECTION('',(-1.006337870178E-11,0.,1.));
#3136 = ORIENTED_EDGE('',*,*,#3137,.F.);
#3137 = EDGE_CURVE('',#3121,#3130,#3138,.T.);
#3138 = LINE('',#3139,#3140);
#3139 = CARTESIAN_POINT('',(2.336000000002,3.E-02,-2.805000000002));
#3140 = VECTOR('',#3141,1.);
#3141 = DIRECTION('',(0.,1.,0.));
#3142 = PLANE('',#3143);
#3143 = AXIS2_PLACEMENT_3D('',#3144,#3145,#3146);
#3144 = CARTESIAN_POINT('',(2.336000000002,3.E-02,-2.805000000002));
#3145 = DIRECTION('',(-1.,0.,-1.006337870178E-11));
#3146 = DIRECTION('',(-1.006337870178E-11,0.,1.));
#3147 = ADVANCED_FACE('',(#3148),#3164,.T.);
#3148 = FACE_BOUND('',#3149,.T.);
#3149 = EDGE_LOOP('',(#3150,#3156,#3157,#3163));
#3150 = ORIENTED_EDGE('',*,*,#3151,.T.);
#3151 = EDGE_CURVE('',#3052,#3121,#3152,.T.);
#3152 = LINE('',#3153,#3154);
#3153 = CARTESIAN_POINT('',(2.440000000002,3.E-02,-2.805000000001));
#3154 = VECTOR('',#3155,1.);
#3155 = DIRECTION('',(-1.,0.,-1.010409704623E-11));
#3156 = ORIENTED_EDGE('',*,*,#3137,.T.);
#3157 = ORIENTED_EDGE('',*,*,#3158,.F.);
#3158 = EDGE_CURVE('',#3060,#3130,#3159,.T.);
#3159 = LINE('',#3160,#3161);
#3160 = CARTESIAN_POINT('',(2.440000000002,4.E-02,-2.805000000001));
#3161 = VECTOR('',#3162,1.);
#3162 = DIRECTION('',(-1.,0.,-1.010409704623E-11));
#3163 = ORIENTED_EDGE('',*,*,#3059,.F.);
#3164 = PLANE('',#3165);
#3165 = AXIS2_PLACEMENT_3D('',#3166,#3167,#3168);
#3166 = CARTESIAN_POINT('',(2.440000000002,3.E-02,-2.805000000001));
#3167 = DIRECTION('',(1.010409704623E-11,0.,-1.));
#3168 = DIRECTION('',(-1.,0.,-1.010409704623E-11));
#3169 = ADVANCED_FACE('',(#3170),#3176,.T.);
#3170 = FACE_BOUND('',#3171,.T.);
#3171 = EDGE_LOOP('',(#3172,#3173,#3174,#3175));
#3172 = ORIENTED_EDGE('',*,*,#3158,.T.);
#3173 = ORIENTED_EDGE('',*,*,#3129,.T.);
#3174 = ORIENTED_EDGE('',*,*,#3098,.T.);
#3175 = ORIENTED_EDGE('',*,*,#3067,.T.);
#3176 = PLANE('',#3177);
#3177 = AXIS2_PLACEMENT_3D('',#3178,#3179,#3180);
#3178 = CARTESIAN_POINT('',(2.388000000002,4.E-02,-2.770000000001));
#3179 = DIRECTION('',(0.,1.,0.));
#3180 = DIRECTION('',(0.,-0.,1.));
#3181 = ADVANCED_FACE('',(#3182),#3188,.F.);
#3182 = FACE_BOUND('',#3183,.T.);
#3183 = EDGE_LOOP('',(#3184,#3185,#3186,#3187));
#3184 = ORIENTED_EDGE('',*,*,#3151,.F.);
#3185 = ORIENTED_EDGE('',*,*,#3049,.F.);
#3186 = ORIENTED_EDGE('',*,*,#3089,.F.);
#3187 = ORIENTED_EDGE('',*,*,#3120,.F.);
#3188 = PLANE('',#3189);
#3189 = AXIS2_PLACEMENT_3D('',#3190,#3191,#3192);
#3190 = CARTESIAN_POINT('',(2.388000000002,3.E-02,-2.770000000001));
#3191 = DIRECTION('',(0.,1.,0.));
#3192 = DIRECTION('',(1.,0.,0.));
#3193 = ( GEOMETRIC_REPRESENTATION_CONTEXT(3) 
GLOBAL_UNCERTAINTY_ASSIGNED_CONTEXT((#3197)) 
GLOBAL_UNIT_ASSIGNED_CONTEXT((#3194,#3195,#3196)) REPRESENTATION_CONTEXT
('Context #1','3D Context with UNIT and UNCERTAINTY') );
#3194 = ( LENGTH_UNIT() NAMED_UNIT(*) SI_UNIT(.MILLI.,.METRE.) );
#3195 = ( NAMED_UNIT(*) PLANE_ANGLE_UNIT() SI_UNIT($,.RADIAN.) );
#3196 = ( NAMED_UNIT(*) SI_UNIT($,.STERADIAN.) SOLID_ANGLE_UNIT() );
#3197 = UNCERTAINTY_MEASURE_WITH_UNIT(LENGTH_MEASURE(1.E-07),#3194,
  'distance_accuracy_value','confusion accuracy');
#3198 = CONTEXT_DEPENDENT_SHAPE_REPRESENTATION(#3199,#3201);
#3199 = ( REPRESENTATION_RELATIONSHIP('','',#3042,#10) 
REPRESENTATION_RELATIONSHIP_WITH_TRANSFORMATION(#3200) 
SHAPE_REPRESENTATION_RELATIONSHIP() );
#3200 = ITEM_DEFINED_TRANSFORMATION('','',#11,#79);
#3201 = PRODUCT_DEFINITION_SHAPE('Placement','Placement of an item',
  #3202);
#3202 = NEXT_ASSEMBLY_USAGE_OCCURRENCE('17','Y-junction v030','',#5,
  #3037,$);
#3203 = PRODUCT_RELATED_PRODUCT_CATEGORY('part',$,(#3039));
#3204 = SHAPE_DEFINITION_REPRESENTATION(#3205,#3211);
#3205 = PRODUCT_DEFINITION_SHAPE('','',#3206);
#3206 = PRODUCT_DEFINITION('design','',#3207,#3210);
#3207 = PRODUCT_DEFINITION_FORMATION('','',#3208);
#3208 = PRODUCT('Y-junction v027','Y-junction v027','',(#3209));
#3209 = PRODUCT_CONTEXT('',#2,'mechanical');
#3210 = PRODUCT_DEFINITION_CONTEXT('part definition',#2,'design');
#3211 = ADVANCED_BREP_SHAPE_REPRESENTATION('',(#11,#3212),#3362);
#3212 = MANIFOLD_SOLID_BREP('',#3213);
#3213 = CLOSED_SHELL('',(#3214,#3254,#3285,#3316,#3338,#3350));
#3214 = ADVANCED_FACE('',(#3215),#3249,.T.);
#3215 = FACE_BOUND('',#3216,.T.);
#3216 = EDGE_LOOP('',(#3217,#3227,#3235,#3243));
#3217 = ORIENTED_EDGE('',*,*,#3218,.T.);
#3218 = EDGE_CURVE('',#3219,#3221,#3223,.T.);
#3219 = VERTEX_POINT('',#3220);
#3220 = CARTESIAN_POINT('',(2.440000000003,3.E-02,-2.880000000001));
#3221 = VERTEX_POINT('',#3222);
#3222 = CARTESIAN_POINT('',(2.336000000003,3.E-02,-2.880000000002));
#3223 = LINE('',#3224,#3225);
#3224 = CARTESIAN_POINT('',(2.440000000003,3.E-02,-2.880000000001));
#3225 = VECTOR('',#3226,1.);
#3226 = DIRECTION('',(-1.,0.,-1.013612271041E-11));
#3227 = ORIENTED_EDGE('',*,*,#3228,.T.);
#3228 = EDGE_CURVE('',#3221,#3229,#3231,.T.);
#3229 = VERTEX_POINT('',#3230);
#3230 = CARTESIAN_POINT('',(2.336000000003,4.E-02,-2.880000000002));
#3231 = LINE('',#3232,#3233);
#3232 = CARTESIAN_POINT('',(2.336000000003,3.E-02,-2.880000000002));
#3233 = VECTOR('',#3234,1.);
#3234 = DIRECTION('',(0.,1.,0.));
#3235 = ORIENTED_EDGE('',*,*,#3236,.F.);
#3236 = EDGE_CURVE('',#3237,#3229,#3239,.T.);
#3237 = VERTEX_POINT('',#3238);
#3238 = CARTESIAN_POINT('',(2.440000000003,4.E-02,-2.880000000001));
#3239 = LINE('',#3240,#3241);
#3240 = CARTESIAN_POINT('',(2.440000000003,4.E-02,-2.880000000001));
#3241 = VECTOR('',#3242,1.);
#3242 = DIRECTION('',(-1.,0.,-1.013612271041E-11));
#3243 = ORIENTED_EDGE('',*,*,#3244,.F.);
#3244 = EDGE_CURVE('',#3219,#3237,#3245,.T.);
#3245 = LINE('',#3246,#3247);
#3246 = CARTESIAN_POINT('',(2.440000000003,3.E-02,-2.880000000001));
#3247 = VECTOR('',#3248,1.);
#3248 = DIRECTION('',(0.,1.,0.));
#3249 = PLANE('',#3250);
#3250 = AXIS2_PLACEMENT_3D('',#3251,#3252,#3253);
#3251 = CARTESIAN_POINT('',(2.440000000003,3.E-02,-2.880000000001));
#3252 = DIRECTION('',(1.013612271041E-11,0.,-1.));
#3253 = DIRECTION('',(-1.,0.,-1.013612271041E-11));
#3254 = ADVANCED_FACE('',(#3255),#3280,.T.);
#3255 = FACE_BOUND('',#3256,.T.);
#3256 = EDGE_LOOP('',(#3257,#3265,#3266,#3274));
#3257 = ORIENTED_EDGE('',*,*,#3258,.T.);
#3258 = EDGE_CURVE('',#3259,#3219,#3261,.T.);
#3259 = VERTEX_POINT('',#3260);
#3260 = CARTESIAN_POINT('',(2.440000000002,3.E-02,-2.810000000001));
#3261 = LINE('',#3262,#3263);
#3262 = CARTESIAN_POINT('',(2.440000000002,3.E-02,-2.810000000001));
#3263 = VECTOR('',#3264,1.);
#3264 = DIRECTION('',(1.01426803464E-11,0.,-1.));
#3265 = ORIENTED_EDGE('',*,*,#3244,.T.);
#3266 = ORIENTED_EDGE('',*,*,#3267,.F.);
#3267 = EDGE_CURVE('',#3268,#3237,#3270,.T.);
#3268 = VERTEX_POINT('',#3269);
#3269 = CARTESIAN_POINT('',(2.440000000002,4.E-02,-2.810000000001));
#3270 = LINE('',#3271,#3272);
#3271 = CARTESIAN_POINT('',(2.440000000002,4.E-02,-2.810000000001));
#3272 = VECTOR('',#3273,1.);
#3273 = DIRECTION('',(1.01426803464E-11,0.,-1.));
#3274 = ORIENTED_EDGE('',*,*,#3275,.F.);
#3275 = EDGE_CURVE('',#3259,#3268,#3276,.T.);
#3276 = LINE('',#3277,#3278);
#3277 = CARTESIAN_POINT('',(2.440000000002,3.E-02,-2.810000000001));
#3278 = VECTOR('',#3279,1.);
#3279 = DIRECTION('',(0.,1.,0.));
#3280 = PLANE('',#3281);
#3281 = AXIS2_PLACEMENT_3D('',#3282,#3283,#3284);
#3282 = CARTESIAN_POINT('',(2.440000000002,3.E-02,-2.810000000001));
#3283 = DIRECTION('',(1.,0.,1.01426803464E-11));
#3284 = DIRECTION('',(1.01426803464E-11,0.,-1.));
#3285 = ADVANCED_FACE('',(#3286),#3311,.T.);
#3286 = FACE_BOUND('',#3287,.T.);
#3287 = EDGE_LOOP('',(#3288,#3296,#3297,#3305));
#3288 = ORIENTED_EDGE('',*,*,#3289,.T.);
#3289 = EDGE_CURVE('',#3290,#3259,#3292,.T.);
#3290 = VERTEX_POINT('',#3291);
#3291 = CARTESIAN_POINT('',(2.336000000003,3.E-02,-2.810000000001));
#3292 = LINE('',#3293,#3294);
#3293 = CARTESIAN_POINT('',(2.336000000003,3.E-02,-2.810000000001));
#3294 = VECTOR('',#3295,1.);
#3295 = DIRECTION('',(1.,0.,6.261017345648E-12));
#3296 = ORIENTED_EDGE('',*,*,#3275,.T.);
#3297 = ORIENTED_EDGE('',*,*,#3298,.F.);
#3298 = EDGE_CURVE('',#3299,#3268,#3301,.T.);
#3299 = VERTEX_POINT('',#3300);
#3300 = CARTESIAN_POINT('',(2.336000000003,4.E-02,-2.810000000001));
#3301 = LINE('',#3302,#3303);
#3302 = CARTESIAN_POINT('',(2.336000000003,4.E-02,-2.810000000001));
#3303 = VECTOR('',#3304,1.);
#3304 = DIRECTION('',(1.,0.,6.261017345648E-12));
#3305 = ORIENTED_EDGE('',*,*,#3306,.F.);
#3306 = EDGE_CURVE('',#3290,#3299,#3307,.T.);
#3307 = LINE('',#3308,#3309);
#3308 = CARTESIAN_POINT('',(2.336000000003,3.E-02,-2.810000000001));
#3309 = VECTOR('',#3310,1.);
#3310 = DIRECTION('',(0.,1.,0.));
#3311 = PLANE('',#3312);
#3312 = AXIS2_PLACEMENT_3D('',#3313,#3314,#3315);
#3313 = CARTESIAN_POINT('',(2.336000000003,3.E-02,-2.810000000001));
#3314 = DIRECTION('',(-6.261017345648E-12,0.,1.));
#3315 = DIRECTION('',(1.,0.,6.261017345648E-12));
#3316 = ADVANCED_FACE('',(#3317),#3333,.T.);
#3317 = FACE_BOUND('',#3318,.T.);
#3318 = EDGE_LOOP('',(#3319,#3325,#3326,#3332));
#3319 = ORIENTED_EDGE('',*,*,#3320,.T.);
#3320 = EDGE_CURVE('',#3221,#3290,#3321,.T.);
#3321 = LINE('',#3322,#3323);
#3322 = CARTESIAN_POINT('',(2.336000000003,3.E-02,-2.880000000002));
#3323 = VECTOR('',#3324,1.);
#3324 = DIRECTION('',(0.,0.,1.));
#3325 = ORIENTED_EDGE('',*,*,#3306,.T.);
#3326 = ORIENTED_EDGE('',*,*,#3327,.F.);
#3327 = EDGE_CURVE('',#3229,#3299,#3328,.T.);
#3328 = LINE('',#3329,#3330);
#3329 = CARTESIAN_POINT('',(2.336000000003,4.E-02,-2.880000000002));
#3330 = VECTOR('',#3331,1.);
#3331 = DIRECTION('',(0.,0.,1.));
#3332 = ORIENTED_EDGE('',*,*,#3228,.F.);
#3333 = PLANE('',#3334);
#3334 = AXIS2_PLACEMENT_3D('',#3335,#3336,#3337);
#3335 = CARTESIAN_POINT('',(2.336000000003,3.E-02,-2.880000000002));
#3336 = DIRECTION('',(-1.,0.,0.));
#3337 = DIRECTION('',(0.,0.,1.));
#3338 = ADVANCED_FACE('',(#3339),#3345,.T.);
#3339 = FACE_BOUND('',#3340,.T.);
#3340 = EDGE_LOOP('',(#3341,#3342,#3343,#3344));
#3341 = ORIENTED_EDGE('',*,*,#3327,.T.);
#3342 = ORIENTED_EDGE('',*,*,#3298,.T.);
#3343 = ORIENTED_EDGE('',*,*,#3267,.T.);
#3344 = ORIENTED_EDGE('',*,*,#3236,.T.);
#3345 = PLANE('',#3346);
#3346 = AXIS2_PLACEMENT_3D('',#3347,#3348,#3349);
#3347 = CARTESIAN_POINT('',(2.388000000003,4.E-02,-2.845000000001));
#3348 = DIRECTION('',(0.,1.,0.));
#3349 = DIRECTION('',(0.,-0.,1.));
#3350 = ADVANCED_FACE('',(#3351),#3357,.F.);
#3351 = FACE_BOUND('',#3352,.T.);
#3352 = EDGE_LOOP('',(#3353,#3354,#3355,#3356));
#3353 = ORIENTED_EDGE('',*,*,#3320,.F.);
#3354 = ORIENTED_EDGE('',*,*,#3218,.F.);
#3355 = ORIENTED_EDGE('',*,*,#3258,.F.);
#3356 = ORIENTED_EDGE('',*,*,#3289,.F.);
#3357 = PLANE('',#3358);
#3358 = AXIS2_PLACEMENT_3D('',#3359,#3360,#3361);
#3359 = CARTESIAN_POINT('',(2.388000000003,3.E-02,-2.845000000001));
#3360 = DIRECTION('',(0.,1.,0.));
#3361 = DIRECTION('',(1.,0.,0.));
#3362 = ( GEOMETRIC_REPRESENTATION_CONTEXT(3) 
GLOBAL_UNCERTAINTY_ASSIGNED_CONTEXT((#3366)) 
GLOBAL_UNIT_ASSIGNED_CONTEXT((#3363,#3364,#3365)) REPRESENTATION_CONTEXT
('Context #1','3D Context with UNIT and UNCERTAINTY') );
#3363 = ( LENGTH_UNIT() NAMED_UNIT(*) SI_UNIT(.MILLI.,.METRE.) );
#3364 = ( NAMED_UNIT(*) PLANE_ANGLE_UNIT() SI_UNIT($,.RADIAN.) );
#3365 = ( NAMED_UNIT(*) SI_UNIT($,.STERADIAN.) SOLID_ANGLE_UNIT() );
#3366 = UNCERTAINTY_MEASURE_WITH_UNIT(LENGTH_MEASURE(1.E-07),#3363,
  'distance_accuracy_value','confusion accuracy');
#3367 = CONTEXT_DEPENDENT_SHAPE_REPRESENTATION(#3368,#3370);
#3368 = ( REPRESENTATION_RELATIONSHIP('','',#3211,#10) 
REPRESENTATION_RELATIONSHIP_WITH_TRANSFORMATION(#3369) 
SHAPE_REPRESENTATION_RELATIONSHIP() );
#3369 = ITEM_DEFINED_TRANSFORMATION('','',#11,#83);
#3370 = PRODUCT_DEFINITION_SHAPE('Placement','Placement of an item',
  #3371);
#3371 = NEXT_ASSEMBLY_USAGE_OCCURRENCE('18','Y-junction v027','',#5,
  #3206,$);
#3372 = PRODUCT_RELATED_PRODUCT_CATEGORY('part',$,(#3208));
#3373 = SHAPE_DEFINITION_REPRESENTATION(#3374,#3380);
#3374 = PRODUCT_DEFINITION_SHAPE('','',#3375);
#3375 = PRODUCT_DEFINITION('design','',#3376,#3379);
#3376 = PRODUCT_DEFINITION_FORMATION('','',#3377);
#3377 = PRODUCT('Y-junction v028','Y-junction v028','',(#3378));
#3378 = PRODUCT_CONTEXT('',#2,'mechanical');
#3379 = PRODUCT_DEFINITION_CONTEXT('part definition',#2,'design');
#3380 = ADVANCED_BREP_SHAPE_REPRESENTATION('',(#11,#3381),#3531);
#3381 = MANIFOLD_SOLID_BREP('',#3382);
#3382 = CLOSED_SHELL('',(#3383,#3423,#3454,#3485,#3507,#3519));
#3383 = ADVANCED_FACE('',(#3384),#3418,.T.);
#3384 = FACE_BOUND('',#3385,.T.);
#3385 = EDGE_LOOP('',(#3386,#3396,#3404,#3412));
#3386 = ORIENTED_EDGE('',*,*,#3387,.F.);
#3387 = EDGE_CURVE('',#3388,#3390,#3392,.T.);
#3388 = VERTEX_POINT('',#3389);
#3389 = CARTESIAN_POINT('',(2.664000000001,3.E-02,-2.81));
#3390 = VERTEX_POINT('',#3391);
#3391 = CARTESIAN_POINT('',(2.560000000001,3.E-02,-2.81));
#3392 = LINE('',#3393,#3394);
#3393 = CARTESIAN_POINT('',(2.664000000001,3.E-02,-2.81));
#3394 = VECTOR('',#3395,1.);
#3395 = DIRECTION('',(-1.,0.,0.));
#3396 = ORIENTED_EDGE('',*,*,#3397,.T.);
#3397 = EDGE_CURVE('',#3388,#3398,#3400,.T.);
#3398 = VERTEX_POINT('',#3399);
#3399 = CARTESIAN_POINT('',(2.664000000001,4.E-02,-2.81));
#3400 = LINE('',#3401,#3402);
#3401 = CARTESIAN_POINT('',(2.664000000001,3.E-02,-2.81));
#3402 = VECTOR('',#3403,1.);
#3403 = DIRECTION('',(0.,1.,0.));
#3404 = ORIENTED_EDGE('',*,*,#3405,.F.);
#3405 = EDGE_CURVE('',#3406,#3398,#3408,.T.);
#3406 = VERTEX_POINT('',#3407);
#3407 = CARTESIAN_POINT('',(2.560000000001,4.E-02,-2.81));
#3408 = LINE('',#3409,#3410);
#3409 = CARTESIAN_POINT('',(2.664000000001,4.E-02,-2.81));
#3410 = VECTOR('',#3411,1.);
#3411 = DIRECTION('',(1.,0.,0.));
#3412 = ORIENTED_EDGE('',*,*,#3413,.F.);
#3413 = EDGE_CURVE('',#3390,#3406,#3414,.T.);
#3414 = LINE('',#3415,#3416);
#3415 = CARTESIAN_POINT('',(2.560000000001,3.E-02,-2.81));
#3416 = VECTOR('',#3417,1.);
#3417 = DIRECTION('',(0.,1.,0.));
#3418 = PLANE('',#3419);
#3419 = AXIS2_PLACEMENT_3D('',#3420,#3421,#3422);
#3420 = CARTESIAN_POINT('',(2.560000000001,3.E-02,-2.81));
#3421 = DIRECTION('',(0.,0.,1.));
#3422 = DIRECTION('',(1.,0.,-0.));
#3423 = ADVANCED_FACE('',(#3424),#3449,.T.);
#3424 = FACE_BOUND('',#3425,.T.);
#3425 = EDGE_LOOP('',(#3426,#3434,#3435,#3443));
#3426 = ORIENTED_EDGE('',*,*,#3427,.F.);
#3427 = EDGE_CURVE('',#3390,#3428,#3430,.T.);
#3428 = VERTEX_POINT('',#3429);
#3429 = CARTESIAN_POINT('',(2.560000000001,3.E-02,-2.88));
#3430 = LINE('',#3431,#3432);
#3431 = CARTESIAN_POINT('',(2.560000000001,3.E-02,-2.81));
#3432 = VECTOR('',#3433,1.);
#3433 = DIRECTION('',(0.,0.,-1.));
#3434 = ORIENTED_EDGE('',*,*,#3413,.T.);
#3435 = ORIENTED_EDGE('',*,*,#3436,.F.);
#3436 = EDGE_CURVE('',#3437,#3406,#3439,.T.);
#3437 = VERTEX_POINT('',#3438);
#3438 = CARTESIAN_POINT('',(2.560000000001,4.E-02,-2.88));
#3439 = LINE('',#3440,#3441);
#3440 = CARTESIAN_POINT('',(2.560000000001,4.E-02,-2.81));
#3441 = VECTOR('',#3442,1.);
#3442 = DIRECTION('',(0.,0.,1.));
#3443 = ORIENTED_EDGE('',*,*,#3444,.F.);
#3444 = EDGE_CURVE('',#3428,#3437,#3445,.T.);
#3445 = LINE('',#3446,#3447);
#3446 = CARTESIAN_POINT('',(2.560000000001,3.E-02,-2.88));
#3447 = VECTOR('',#3448,1.);
#3448 = DIRECTION('',(0.,1.,0.));
#3449 = PLANE('',#3450);
#3450 = AXIS2_PLACEMENT_3D('',#3451,#3452,#3453);
#3451 = CARTESIAN_POINT('',(2.560000000001,3.E-02,-2.88));
#3452 = DIRECTION('',(-1.,0.,0.));
#3453 = DIRECTION('',(0.,0.,1.));
#3454 = ADVANCED_FACE('',(#3455),#3480,.T.);
#3455 = FACE_BOUND('',#3456,.T.);
#3456 = EDGE_LOOP('',(#3457,#3465,#3466,#3474));
#3457 = ORIENTED_EDGE('',*,*,#3458,.F.);
#3458 = EDGE_CURVE('',#3428,#3459,#3461,.T.);
#3459 = VERTEX_POINT('',#3460);
#3460 = CARTESIAN_POINT('',(2.664000000001,3.E-02,-2.88));
#3461 = LINE('',#3462,#3463);
#3462 = CARTESIAN_POINT('',(2.560000000001,3.E-02,-2.88));
#3463 = VECTOR('',#3464,1.);
#3464 = DIRECTION('',(1.,0.,-5.337610695316E-15));
#3465 = ORIENTED_EDGE('',*,*,#3444,.T.);
#3466 = ORIENTED_EDGE('',*,*,#3467,.F.);
#3467 = EDGE_CURVE('',#3468,#3437,#3470,.T.);
#3468 = VERTEX_POINT('',#3469);
#3469 = CARTESIAN_POINT('',(2.664000000001,4.E-02,-2.88));
#3470 = LINE('',#3471,#3472);
#3471 = CARTESIAN_POINT('',(2.560000000001,4.E-02,-2.88));
#3472 = VECTOR('',#3473,1.);
#3473 = DIRECTION('',(-1.,0.,5.337610695316E-15));
#3474 = ORIENTED_EDGE('',*,*,#3475,.F.);
#3475 = EDGE_CURVE('',#3459,#3468,#3476,.T.);
#3476 = LINE('',#3477,#3478);
#3477 = CARTESIAN_POINT('',(2.664000000001,3.E-02,-2.88));
#3478 = VECTOR('',#3479,1.);
#3479 = DIRECTION('',(0.,1.,0.));
#3480 = PLANE('',#3481);
#3481 = AXIS2_PLACEMENT_3D('',#3482,#3483,#3484);
#3482 = CARTESIAN_POINT('',(2.664000000001,3.E-02,-2.88));
#3483 = DIRECTION('',(-5.337610695316E-15,0.,-1.));
#3484 = DIRECTION('',(-1.,0.,5.337610695316E-15));
#3485 = ADVANCED_FACE('',(#3486),#3502,.T.);
#3486 = FACE_BOUND('',#3487,.T.);
#3487 = EDGE_LOOP('',(#3488,#3494,#3495,#3501));
#3488 = ORIENTED_EDGE('',*,*,#3489,.F.);
#3489 = EDGE_CURVE('',#3459,#3388,#3490,.T.);
#3490 = LINE('',#3491,#3492);
#3491 = CARTESIAN_POINT('',(2.664000000001,3.E-02,-2.88));
#3492 = VECTOR('',#3493,1.);
#3493 = DIRECTION('',(-1.506731247706E-13,0.,1.));
#3494 = ORIENTED_EDGE('',*,*,#3475,.T.);
#3495 = ORIENTED_EDGE('',*,*,#3496,.F.);
#3496 = EDGE_CURVE('',#3398,#3468,#3497,.T.);
#3497 = LINE('',#3498,#3499);
#3498 = CARTESIAN_POINT('',(2.664000000001,4.E-02,-2.88));
#3499 = VECTOR('',#3500,1.);
#3500 = DIRECTION('',(1.506731247706E-13,0.,-1.));
#3501 = ORIENTED_EDGE('',*,*,#3397,.F.);
#3502 = PLANE('',#3503);
#3503 = AXIS2_PLACEMENT_3D('',#3504,#3505,#3506);
#3504 = CARTESIAN_POINT('',(2.664000000001,3.E-02,-2.81));
#3505 = DIRECTION('',(1.,0.,1.506731247706E-13));
#3506 = DIRECTION('',(1.506731247706E-13,0.,-1.));
#3507 = ADVANCED_FACE('',(#3508),#3514,.T.);
#3508 = FACE_BOUND('',#3509,.T.);
#3509 = EDGE_LOOP('',(#3510,#3511,#3512,#3513));
#3510 = ORIENTED_EDGE('',*,*,#3496,.T.);
#3511 = ORIENTED_EDGE('',*,*,#3467,.T.);
#3512 = ORIENTED_EDGE('',*,*,#3436,.T.);
#3513 = ORIENTED_EDGE('',*,*,#3405,.T.);
#3514 = PLANE('',#3515);
#3515 = AXIS2_PLACEMENT_3D('',#3516,#3517,#3518);
#3516 = CARTESIAN_POINT('',(2.612000000001,4.E-02,-2.845));
#3517 = DIRECTION('',(0.,1.,0.));
#3518 = DIRECTION('',(0.,-0.,1.));
#3519 = ADVANCED_FACE('',(#3520),#3526,.F.);
#3520 = FACE_BOUND('',#3521,.T.);
#3521 = EDGE_LOOP('',(#3522,#3523,#3524,#3525));
#3522 = ORIENTED_EDGE('',*,*,#3489,.T.);
#3523 = ORIENTED_EDGE('',*,*,#3387,.T.);
#3524 = ORIENTED_EDGE('',*,*,#3427,.T.);
#3525 = ORIENTED_EDGE('',*,*,#3458,.T.);
#3526 = PLANE('',#3527);
#3527 = AXIS2_PLACEMENT_3D('',#3528,#3529,#3530);
#3528 = CARTESIAN_POINT('',(2.612000000001,3.E-02,-2.845));
#3529 = DIRECTION('',(0.,1.,0.));
#3530 = DIRECTION('',(1.,0.,0.));
#3531 = ( GEOMETRIC_REPRESENTATION_CONTEXT(3) 
GLOBAL_UNCERTAINTY_ASSIGNED_CONTEXT((#3535)) 
GLOBAL_UNIT_ASSIGNED_CONTEXT((#3532,#3533,#3534)) REPRESENTATION_CONTEXT
('Context #1','3D Context with UNIT and UNCERTAINTY') );
#3532 = ( LENGTH_UNIT() NAMED_UNIT(*) SI_UNIT(.MILLI.,.METRE.) );
#3533 = ( NAMED_UNIT(*) PLANE_ANGLE_UNIT() SI_UNIT($,.RADIAN.) );
#3534 = ( NAMED_UNIT(*) SI_UNIT($,.STERADIAN.) SOLID_ANGLE_UNIT() );
#3535 = UNCERTAINTY_MEASURE_WITH_UNIT(LENGTH_MEASURE(1.E-07),#3532,
  'distance_accuracy_value','confusion accuracy');
#3536 = CONTEXT_DEPENDENT_SHAPE_REPRESENTATION(#3537,#3539);
#3537 = ( REPRESENTATION_RELATIONSHIP('','',#3380,#10) 
REPRESENTATION_RELATIONSHIP_WITH_TRANSFORMATION(#3538) 
SHAPE_REPRESENTATION_RELATIONSHIP() );
#3538 = ITEM_DEFINED_TRANSFORMATION('','',#11,#87);
#3539 = PRODUCT_DEFINITION_SHAPE('Placement','Placement of an item',
  #3540);
#3540 = NEXT_ASSEMBLY_USAGE_OCCURRENCE('19','Y-junction v028','',#5,
  #3375,$);
#3541 = PRODUCT_RELATED_PRODUCT_CATEGORY('part',$,(#3377));
#3542 = SHAPE_DEFINITION_REPRESENTATION(#3543,#3549);
#3543 = PRODUCT_DEFINITION_SHAPE('','',#3544);
#3544 = PRODUCT_DEFINITION('design','',#3545,#3548);
#3545 = PRODUCT_DEFINITION_FORMATION('','',#3546);
#3546 = PRODUCT('Y-junction v018','Y-junction v018','',(#3547));
#3547 = PRODUCT_CONTEXT('',#2,'mechanical');
#3548 = PRODUCT_DEFINITION_CONTEXT('part definition',#2,'design');
#3549 = ADVANCED_BREP_SHAPE_REPRESENTATION('',(#11,#3550),#3700);
#3550 = MANIFOLD_SOLID_BREP('',#3551);
#3551 = CLOSED_SHELL('',(#3552,#3592,#3623,#3654,#3676,#3688));
#3552 = ADVANCED_FACE('',(#3553),#3587,.T.);
#3553 = FACE_BOUND('',#3554,.T.);
#3554 = EDGE_LOOP('',(#3555,#3565,#3573,#3581));
#3555 = ORIENTED_EDGE('',*,*,#3556,.F.);
#3556 = EDGE_CURVE('',#3557,#3559,#3561,.T.);
#3557 = VERTEX_POINT('',#3558);
#3558 = CARTESIAN_POINT('',(2.664000000001,3.E-02,-2.735));
#3559 = VERTEX_POINT('',#3560);
#3560 = CARTESIAN_POINT('',(2.560000000001,3.E-02,-2.735));
#3561 = LINE('',#3562,#3563);
#3562 = CARTESIAN_POINT('',(2.664000000001,3.E-02,-2.735));
#3563 = VECTOR('',#3564,1.);
#3564 = DIRECTION('',(-1.,0.,0.));
#3565 = ORIENTED_EDGE('',*,*,#3566,.T.);
#3566 = EDGE_CURVE('',#3557,#3567,#3569,.T.);
#3567 = VERTEX_POINT('',#3568);
#3568 = CARTESIAN_POINT('',(2.664000000001,4.E-02,-2.735));
#3569 = LINE('',#3570,#3571);
#3570 = CARTESIAN_POINT('',(2.664000000001,3.E-02,-2.735));
#3571 = VECTOR('',#3572,1.);
#3572 = DIRECTION('',(0.,1.,0.));
#3573 = ORIENTED_EDGE('',*,*,#3574,.F.);
#3574 = EDGE_CURVE('',#3575,#3567,#3577,.T.);
#3575 = VERTEX_POINT('',#3576);
#3576 = CARTESIAN_POINT('',(2.560000000001,4.E-02,-2.735));
#3577 = LINE('',#3578,#3579);
#3578 = CARTESIAN_POINT('',(2.664000000001,4.E-02,-2.735));
#3579 = VECTOR('',#3580,1.);
#3580 = DIRECTION('',(1.,0.,0.));
#3581 = ORIENTED_EDGE('',*,*,#3582,.F.);
#3582 = EDGE_CURVE('',#3559,#3575,#3583,.T.);
#3583 = LINE('',#3584,#3585);
#3584 = CARTESIAN_POINT('',(2.560000000001,3.E-02,-2.735));
#3585 = VECTOR('',#3586,1.);
#3586 = DIRECTION('',(0.,1.,0.));
#3587 = PLANE('',#3588);
#3588 = AXIS2_PLACEMENT_3D('',#3589,#3590,#3591);
#3589 = CARTESIAN_POINT('',(2.560000000001,3.E-02,-2.735));
#3590 = DIRECTION('',(0.,0.,1.));
#3591 = DIRECTION('',(1.,0.,-0.));
#3592 = ADVANCED_FACE('',(#3593),#3618,.T.);
#3593 = FACE_BOUND('',#3594,.T.);
#3594 = EDGE_LOOP('',(#3595,#3603,#3604,#3612));
#3595 = ORIENTED_EDGE('',*,*,#3596,.F.);
#3596 = EDGE_CURVE('',#3559,#3597,#3599,.T.);
#3597 = VERTEX_POINT('',#3598);
#3598 = CARTESIAN_POINT('',(2.560000000001,3.E-02,-2.805));
#3599 = LINE('',#3600,#3601);
#3600 = CARTESIAN_POINT('',(2.560000000001,3.E-02,-2.735));
#3601 = VECTOR('',#3602,1.);
#3602 = DIRECTION('',(0.,0.,-1.));
#3603 = ORIENTED_EDGE('',*,*,#3582,.T.);
#3604 = ORIENTED_EDGE('',*,*,#3605,.F.);
#3605 = EDGE_CURVE('',#3606,#3575,#3608,.T.);
#3606 = VERTEX_POINT('',#3607);
#3607 = CARTESIAN_POINT('',(2.560000000001,4.E-02,-2.805));
#3608 = LINE('',#3609,#3610);
#3609 = CARTESIAN_POINT('',(2.560000000001,4.E-02,-2.735));
#3610 = VECTOR('',#3611,1.);
#3611 = DIRECTION('',(0.,0.,1.));
#3612 = ORIENTED_EDGE('',*,*,#3613,.F.);
#3613 = EDGE_CURVE('',#3597,#3606,#3614,.T.);
#3614 = LINE('',#3615,#3616);
#3615 = CARTESIAN_POINT('',(2.560000000001,3.E-02,-2.805));
#3616 = VECTOR('',#3617,1.);
#3617 = DIRECTION('',(0.,1.,0.));
#3618 = PLANE('',#3619);
#3619 = AXIS2_PLACEMENT_3D('',#3620,#3621,#3622);
#3620 = CARTESIAN_POINT('',(2.560000000001,3.E-02,-2.805));
#3621 = DIRECTION('',(-1.,0.,0.));
#3622 = DIRECTION('',(0.,0.,1.));
#3623 = ADVANCED_FACE('',(#3624),#3649,.T.);
#3624 = FACE_BOUND('',#3625,.T.);
#3625 = EDGE_LOOP('',(#3626,#3634,#3635,#3643));
#3626 = ORIENTED_EDGE('',*,*,#3627,.F.);
#3627 = EDGE_CURVE('',#3597,#3628,#3630,.T.);
#3628 = VERTEX_POINT('',#3629);
#3629 = CARTESIAN_POINT('',(2.664000000001,3.E-02,-2.805));
#3630 = LINE('',#3631,#3632);
#3631 = CARTESIAN_POINT('',(2.560000000001,3.E-02,-2.805));
#3632 = VECTOR('',#3633,1.);
#3633 = DIRECTION('',(1.,0.,-5.337610695316E-15));
#3634 = ORIENTED_EDGE('',*,*,#3613,.T.);
#3635 = ORIENTED_EDGE('',*,*,#3636,.F.);
#3636 = EDGE_CURVE('',#3637,#3606,#3639,.T.);
#3637 = VERTEX_POINT('',#3638);
#3638 = CARTESIAN_POINT('',(2.664000000001,4.E-02,-2.805));
#3639 = LINE('',#3640,#3641);
#3640 = CARTESIAN_POINT('',(2.560000000001,4.E-02,-2.805));
#3641 = VECTOR('',#3642,1.);
#3642 = DIRECTION('',(-1.,0.,5.337610695316E-15));
#3643 = ORIENTED_EDGE('',*,*,#3644,.F.);
#3644 = EDGE_CURVE('',#3628,#3637,#3645,.T.);
#3645 = LINE('',#3646,#3647);
#3646 = CARTESIAN_POINT('',(2.664000000001,3.E-02,-2.805));
#3647 = VECTOR('',#3648,1.);
#3648 = DIRECTION('',(0.,1.,0.));
#3649 = PLANE('',#3650);
#3650 = AXIS2_PLACEMENT_3D('',#3651,#3652,#3653);
#3651 = CARTESIAN_POINT('',(2.664000000001,3.E-02,-2.805));
#3652 = DIRECTION('',(-5.337610695316E-15,0.,-1.));
#3653 = DIRECTION('',(-1.,0.,5.337610695316E-15));
#3654 = ADVANCED_FACE('',(#3655),#3671,.T.);
#3655 = FACE_BOUND('',#3656,.T.);
#3656 = EDGE_LOOP('',(#3657,#3663,#3664,#3670));
#3657 = ORIENTED_EDGE('',*,*,#3658,.F.);
#3658 = EDGE_CURVE('',#3628,#3557,#3659,.T.);
#3659 = LINE('',#3660,#3661);
#3660 = CARTESIAN_POINT('',(2.664000000001,3.E-02,-2.805));
#3661 = VECTOR('',#3662,1.);
#3662 = DIRECTION('',(-1.506731247706E-13,0.,1.));
#3663 = ORIENTED_EDGE('',*,*,#3644,.T.);
#3664 = ORIENTED_EDGE('',*,*,#3665,.F.);
#3665 = EDGE_CURVE('',#3567,#3637,#3666,.T.);
#3666 = LINE('',#3667,#3668);
#3667 = CARTESIAN_POINT('',(2.664000000001,4.E-02,-2.805));
#3668 = VECTOR('',#3669,1.);
#3669 = DIRECTION('',(1.506731247706E-13,0.,-1.));
#3670 = ORIENTED_EDGE('',*,*,#3566,.F.);
#3671 = PLANE('',#3672);
#3672 = AXIS2_PLACEMENT_3D('',#3673,#3674,#3675);
#3673 = CARTESIAN_POINT('',(2.664000000001,3.E-02,-2.735));
#3674 = DIRECTION('',(1.,0.,1.506731247706E-13));
#3675 = DIRECTION('',(1.506731247706E-13,0.,-1.));
#3676 = ADVANCED_FACE('',(#3677),#3683,.T.);
#3677 = FACE_BOUND('',#3678,.T.);
#3678 = EDGE_LOOP('',(#3679,#3680,#3681,#3682));
#3679 = ORIENTED_EDGE('',*,*,#3665,.T.);
#3680 = ORIENTED_EDGE('',*,*,#3636,.T.);
#3681 = ORIENTED_EDGE('',*,*,#3605,.T.);
#3682 = ORIENTED_EDGE('',*,*,#3574,.T.);
#3683 = PLANE('',#3684);
#3684 = AXIS2_PLACEMENT_3D('',#3685,#3686,#3687);
#3685 = CARTESIAN_POINT('',(2.612000000001,4.E-02,-2.77));
#3686 = DIRECTION('',(0.,1.,0.));
#3687 = DIRECTION('',(0.,-0.,1.));
#3688 = ADVANCED_FACE('',(#3689),#3695,.F.);
#3689 = FACE_BOUND('',#3690,.T.);
#3690 = EDGE_LOOP('',(#3691,#3692,#3693,#3694));
#3691 = ORIENTED_EDGE('',*,*,#3658,.T.);
#3692 = ORIENTED_EDGE('',*,*,#3556,.T.);
#3693 = ORIENTED_EDGE('',*,*,#3596,.T.);
#3694 = ORIENTED_EDGE('',*,*,#3627,.T.);
#3695 = PLANE('',#3696);
#3696 = AXIS2_PLACEMENT_3D('',#3697,#3698,#3699);
#3697 = CARTESIAN_POINT('',(2.612000000001,3.E-02,-2.77));
#3698 = DIRECTION('',(0.,1.,0.));
#3699 = DIRECTION('',(1.,0.,0.));
#3700 = ( GEOMETRIC_REPRESENTATION_CONTEXT(3) 
GLOBAL_UNCERTAINTY_ASSIGNED_CONTEXT((#3704)) 
GLOBAL_UNIT_ASSIGNED_CONTEXT((#3701,#3702,#3703)) REPRESENTATION_CONTEXT
('Context #1','3D Context with UNIT and UNCERTAINTY') );
#3701 = ( LENGTH_UNIT() NAMED_UNIT(*) SI_UNIT(.MILLI.,.METRE.) );
#3702 = ( NAMED_UNIT(*) PLANE_ANGLE_UNIT() SI_UNIT($,.RADIAN.) );
#3703 = ( NAMED_UNIT(*) SI_UNIT($,.STERADIAN.) SOLID_ANGLE_UNIT() );
#3704 = UNCERTAINTY_MEASURE_WITH_UNIT(LENGTH_MEASURE(1.E-07),#3701,
  'distance_accuracy_value','confusion accuracy');
#3705 = CONTEXT_DEPENDENT_SHAPE_REPRESENTATION(#3706,#3708);
#3706 = ( REPRESENTATION_RELATIONSHIP('','',#3549,#10) 
REPRESENTATION_RELATIONSHIP_WITH_TRANSFORMATION(#3707) 
SHAPE_REPRESENTATION_RELATIONSHIP() );
#3707 = ITEM_DEFINED_TRANSFORMATION('','',#11,#91);
#3708 = PRODUCT_DEFINITION_SHAPE('Placement','Placement of an item',
  #3709);
#3709 = NEXT_ASSEMBLY_USAGE_OCCURRENCE('20','Y-junction v018','',#5,
  #3544,$);
#3710 = PRODUCT_RELATED_PRODUCT_CATEGORY('part',$,(#3546));
#3711 = SHAPE_DEFINITION_REPRESENTATION(#3712,#3718);
#3712 = PRODUCT_DEFINITION_SHAPE('','',#3713);
#3713 = PRODUCT_DEFINITION('design','',#3714,#3717);
#3714 = PRODUCT_DEFINITION_FORMATION('','',#3715);
#3715 = PRODUCT('Y-junction v015','Y-junction v015','',(#3716));
#3716 = PRODUCT_CONTEXT('',#2,'mechanical');
#3717 = PRODUCT_DEFINITION_CONTEXT('part definition',#2,'design');
#3718 = ADVANCED_BREP_SHAPE_REPRESENTATION('',(#11,#3719),#3869);
#3719 = MANIFOLD_SOLID_BREP('',#3720);
#3720 = CLOSED_SHELL('',(#3721,#3761,#3792,#3823,#3845,#3857));
#3721 = ADVANCED_FACE('',(#3722),#3756,.T.);
#3722 = FACE_BOUND('',#3723,.T.);
#3723 = EDGE_LOOP('',(#3724,#3734,#3742,#3750));
#3724 = ORIENTED_EDGE('',*,*,#3725,.F.);
#3725 = EDGE_CURVE('',#3726,#3728,#3730,.T.);
#3726 = VERTEX_POINT('',#3727);
#3727 = CARTESIAN_POINT('',(2.664000000001,3.E-02,-2.66));
#3728 = VERTEX_POINT('',#3729);
#3729 = CARTESIAN_POINT('',(2.560000000001,3.E-02,-2.66));
#3730 = LINE('',#3731,#3732);
#3731 = CARTESIAN_POINT('',(2.664000000001,3.E-02,-2.66));
#3732 = VECTOR('',#3733,1.);
#3733 = DIRECTION('',(-1.,0.,0.));
#3734 = ORIENTED_EDGE('',*,*,#3735,.T.);
#3735 = EDGE_CURVE('',#3726,#3736,#3738,.T.);
#3736 = VERTEX_POINT('',#3737);
#3737 = CARTESIAN_POINT('',(2.664000000001,4.E-02,-2.66));
#3738 = LINE('',#3739,#3740);
#3739 = CARTESIAN_POINT('',(2.664000000001,3.E-02,-2.66));
#3740 = VECTOR('',#3741,1.);
#3741 = DIRECTION('',(0.,1.,0.));
#3742 = ORIENTED_EDGE('',*,*,#3743,.F.);
#3743 = EDGE_CURVE('',#3744,#3736,#3746,.T.);
#3744 = VERTEX_POINT('',#3745);
#3745 = CARTESIAN_POINT('',(2.560000000001,4.E-02,-2.66));
#3746 = LINE('',#3747,#3748);
#3747 = CARTESIAN_POINT('',(2.664000000001,4.E-02,-2.66));
#3748 = VECTOR('',#3749,1.);
#3749 = DIRECTION('',(1.,0.,0.));
#3750 = ORIENTED_EDGE('',*,*,#3751,.F.);
#3751 = EDGE_CURVE('',#3728,#3744,#3752,.T.);
#3752 = LINE('',#3753,#3754);
#3753 = CARTESIAN_POINT('',(2.560000000001,3.E-02,-2.66));
#3754 = VECTOR('',#3755,1.);
#3755 = DIRECTION('',(0.,1.,0.));
#3756 = PLANE('',#3757);
#3757 = AXIS2_PLACEMENT_3D('',#3758,#3759,#3760);
#3758 = CARTESIAN_POINT('',(2.560000000001,3.E-02,-2.66));
#3759 = DIRECTION('',(0.,0.,1.));
#3760 = DIRECTION('',(1.,0.,-0.));
#3761 = ADVANCED_FACE('',(#3762),#3787,.T.);
#3762 = FACE_BOUND('',#3763,.T.);
#3763 = EDGE_LOOP('',(#3764,#3772,#3773,#3781));
#3764 = ORIENTED_EDGE('',*,*,#3765,.F.);
#3765 = EDGE_CURVE('',#3728,#3766,#3768,.T.);
#3766 = VERTEX_POINT('',#3767);
#3767 = CARTESIAN_POINT('',(2.560000000001,3.E-02,-2.73));
#3768 = LINE('',#3769,#3770);
#3769 = CARTESIAN_POINT('',(2.560000000001,3.E-02,-2.66));
#3770 = VECTOR('',#3771,1.);
#3771 = DIRECTION('',(0.,0.,-1.));
#3772 = ORIENTED_EDGE('',*,*,#3751,.T.);
#3773 = ORIENTED_EDGE('',*,*,#3774,.F.);
#3774 = EDGE_CURVE('',#3775,#3744,#3777,.T.);
#3775 = VERTEX_POINT('',#3776);
#3776 = CARTESIAN_POINT('',(2.560000000001,4.E-02,-2.73));
#3777 = LINE('',#3778,#3779);
#3778 = CARTESIAN_POINT('',(2.560000000001,4.E-02,-2.66));
#3779 = VECTOR('',#3780,1.);
#3780 = DIRECTION('',(0.,0.,1.));
#3781 = ORIENTED_EDGE('',*,*,#3782,.F.);
#3782 = EDGE_CURVE('',#3766,#3775,#3783,.T.);
#3783 = LINE('',#3784,#3785);
#3784 = CARTESIAN_POINT('',(2.560000000001,3.E-02,-2.73));
#3785 = VECTOR('',#3786,1.);
#3786 = DIRECTION('',(0.,1.,0.));
#3787 = PLANE('',#3788);
#3788 = AXIS2_PLACEMENT_3D('',#3789,#3790,#3791);
#3789 = CARTESIAN_POINT('',(2.560000000001,3.E-02,-2.73));
#3790 = DIRECTION('',(-1.,0.,0.));
#3791 = DIRECTION('',(0.,0.,1.));
#3792 = ADVANCED_FACE('',(#3793),#3818,.T.);
#3793 = FACE_BOUND('',#3794,.T.);
#3794 = EDGE_LOOP('',(#3795,#3803,#3804,#3812));
#3795 = ORIENTED_EDGE('',*,*,#3796,.F.);
#3796 = EDGE_CURVE('',#3766,#3797,#3799,.T.);
#3797 = VERTEX_POINT('',#3798);
#3798 = CARTESIAN_POINT('',(2.664000000001,3.E-02,-2.73));
#3799 = LINE('',#3800,#3801);
#3800 = CARTESIAN_POINT('',(2.560000000001,3.E-02,-2.73));
#3801 = VECTOR('',#3802,1.);
#3802 = DIRECTION('',(1.,0.,-5.337610695316E-15));
#3803 = ORIENTED_EDGE('',*,*,#3782,.T.);
#3804 = ORIENTED_EDGE('',*,*,#3805,.F.);
#3805 = EDGE_CURVE('',#3806,#3775,#3808,.T.);
#3806 = VERTEX_POINT('',#3807);
#3807 = CARTESIAN_POINT('',(2.664000000001,4.E-02,-2.73));
#3808 = LINE('',#3809,#3810);
#3809 = CARTESIAN_POINT('',(2.560000000001,4.E-02,-2.73));
#3810 = VECTOR('',#3811,1.);
#3811 = DIRECTION('',(-1.,0.,5.337610695316E-15));
#3812 = ORIENTED_EDGE('',*,*,#3813,.F.);
#3813 = EDGE_CURVE('',#3797,#3806,#3814,.T.);
#3814 = LINE('',#3815,#3816);
#3815 = CARTESIAN_POINT('',(2.664000000001,3.E-02,-2.73));
#3816 = VECTOR('',#3817,1.);
#3817 = DIRECTION('',(0.,1.,0.));
#3818 = PLANE('',#3819);
#3819 = AXIS2_PLACEMENT_3D('',#3820,#3821,#3822);
#3820 = CARTESIAN_POINT('',(2.664000000001,3.E-02,-2.73));
#3821 = DIRECTION('',(-5.337610695316E-15,0.,-1.));
#3822 = DIRECTION('',(-1.,0.,5.337610695316E-15));
#3823 = ADVANCED_FACE('',(#3824),#3840,.T.);
#3824 = FACE_BOUND('',#3825,.T.);
#3825 = EDGE_LOOP('',(#3826,#3832,#3833,#3839));
#3826 = ORIENTED_EDGE('',*,*,#3827,.F.);
#3827 = EDGE_CURVE('',#3797,#3726,#3828,.T.);
#3828 = LINE('',#3829,#3830);
#3829 = CARTESIAN_POINT('',(2.664000000001,3.E-02,-2.73));
#3830 = VECTOR('',#3831,1.);
#3831 = DIRECTION('',(-1.506731247706E-13,0.,1.));
#3832 = ORIENTED_EDGE('',*,*,#3813,.T.);
#3833 = ORIENTED_EDGE('',*,*,#3834,.F.);
#3834 = EDGE_CURVE('',#3736,#3806,#3835,.T.);
#3835 = LINE('',#3836,#3837);
#3836 = CARTESIAN_POINT('',(2.664000000001,4.E-02,-2.73));
#3837 = VECTOR('',#3838,1.);
#3838 = DIRECTION('',(1.506731247706E-13,0.,-1.));
#3839 = ORIENTED_EDGE('',*,*,#3735,.F.);
#3840 = PLANE('',#3841);
#3841 = AXIS2_PLACEMENT_3D('',#3842,#3843,#3844);
#3842 = CARTESIAN_POINT('',(2.664000000001,3.E-02,-2.66));
#3843 = DIRECTION('',(1.,0.,1.506731247706E-13));
#3844 = DIRECTION('',(1.506731247706E-13,0.,-1.));
#3845 = ADVANCED_FACE('',(#3846),#3852,.T.);
#3846 = FACE_BOUND('',#3847,.T.);
#3847 = EDGE_LOOP('',(#3848,#3849,#3850,#3851));
#3848 = ORIENTED_EDGE('',*,*,#3834,.T.);
#3849 = ORIENTED_EDGE('',*,*,#3805,.T.);
#3850 = ORIENTED_EDGE('',*,*,#3774,.T.);
#3851 = ORIENTED_EDGE('',*,*,#3743,.T.);
#3852 = PLANE('',#3853);
#3853 = AXIS2_PLACEMENT_3D('',#3854,#3855,#3856);
#3854 = CARTESIAN_POINT('',(2.612000000001,4.E-02,-2.695));
#3855 = DIRECTION('',(0.,1.,0.));
#3856 = DIRECTION('',(0.,-0.,1.));
#3857 = ADVANCED_FACE('',(#3858),#3864,.F.);
#3858 = FACE_BOUND('',#3859,.T.);
#3859 = EDGE_LOOP('',(#3860,#3861,#3862,#3863));
#3860 = ORIENTED_EDGE('',*,*,#3827,.T.);
#3861 = ORIENTED_EDGE('',*,*,#3725,.T.);
#3862 = ORIENTED_EDGE('',*,*,#3765,.T.);
#3863 = ORIENTED_EDGE('',*,*,#3796,.T.);
#3864 = PLANE('',#3865);
#3865 = AXIS2_PLACEMENT_3D('',#3866,#3867,#3868);
#3866 = CARTESIAN_POINT('',(2.612000000001,3.E-02,-2.695));
#3867 = DIRECTION('',(0.,1.,0.));
#3868 = DIRECTION('',(1.,0.,0.));
#3869 = ( GEOMETRIC_REPRESENTATION_CONTEXT(3) 
GLOBAL_UNCERTAINTY_ASSIGNED_CONTEXT((#3873)) 
GLOBAL_UNIT_ASSIGNED_CONTEXT((#3870,#3871,#3872)) REPRESENTATION_CONTEXT
('Context #1','3D Context with UNIT and UNCERTAINTY') );
#3870 = ( LENGTH_UNIT() NAMED_UNIT(*) SI_UNIT(.MILLI.,.METRE.) );
#3871 = ( NAMED_UNIT(*) PLANE_ANGLE_UNIT() SI_UNIT($,.RADIAN.) );
#3872 = ( NAMED_UNIT(*) SI_UNIT($,.STERADIAN.) SOLID_ANGLE_UNIT() );
#3873 = UNCERTAINTY_MEASURE_WITH_UNIT(LENGTH_MEASURE(1.E-07),#3870,
  'distance_accuracy_value','confusion accuracy');
#3874 = CONTEXT_DEPENDENT_SHAPE_REPRESENTATION(#3875,#3877);
#3875 = ( REPRESENTATION_RELATIONSHIP('','',#3718,#10) 
REPRESENTATION_RELATIONSHIP_WITH_TRANSFORMATION(#3876) 
SHAPE_REPRESENTATION_RELATIONSHIP() );
#3876 = ITEM_DEFINED_TRANSFORMATION('','',#11,#95);
#3877 = PRODUCT_DEFINITION_SHAPE('Placement','Placement of an item',
  #3878);
#3878 = NEXT_ASSEMBLY_USAGE_OCCURRENCE('21','Y-junction v015','',#5,
  #3713,$);
#3879 = PRODUCT_RELATED_PRODUCT_CATEGORY('part',$,(#3715));
#3880 = SHAPE_DEFINITION_REPRESENTATION(#3881,#3887);
#3881 = PRODUCT_DEFINITION_SHAPE('','',#3882);
#3882 = PRODUCT_DEFINITION('design','',#3883,#3886);
#3883 = PRODUCT_DEFINITION_FORMATION('','',#3884);
#3884 = PRODUCT('Y-junction v036','Y-junction v036','',(#3885));
#3885 = PRODUCT_CONTEXT('',#2,'mechanical');
#3886 = PRODUCT_DEFINITION_CONTEXT('part definition',#2,'design');
#3887 = ADVANCED_BREP_SHAPE_REPRESENTATION('',(#11,#3888),#4038);
#3888 = MANIFOLD_SOLID_BREP('',#3889);
#3889 = CLOSED_SHELL('',(#3890,#3930,#3961,#3992,#4014,#4026));
#3890 = ADVANCED_FACE('',(#3891),#3925,.T.);
#3891 = FACE_BOUND('',#3892,.T.);
#3892 = EDGE_LOOP('',(#3893,#3903,#3911,#3919));
#3893 = ORIENTED_EDGE('',*,*,#3894,.F.);
#3894 = EDGE_CURVE('',#3895,#3897,#3899,.T.);
#3895 = VERTEX_POINT('',#3896);
#3896 = CARTESIAN_POINT('',(2.664000000001,3.E-02,-2.655));
#3897 = VERTEX_POINT('',#3898);
#3898 = CARTESIAN_POINT('',(2.664,3.E-02,-2.600000000006));
#3899 = LINE('',#3900,#3901);
#3900 = CARTESIAN_POINT('',(2.664000000001,3.E-02,-2.655));
#3901 = VECTOR('',#3902,1.);
#3902 = DIRECTION('',(-1.762226728378E-11,0.,1.));
#3903 = ORIENTED_EDGE('',*,*,#3904,.T.);
#3904 = EDGE_CURVE('',#3895,#3905,#3907,.T.);
#3905 = VERTEX_POINT('',#3906);
#3906 = CARTESIAN_POINT('',(2.664000000001,4.E-02,-2.655));
#3907 = LINE('',#3908,#3909);
#3908 = CARTESIAN_POINT('',(2.664000000001,3.E-02,-2.655));
#3909 = VECTOR('',#3910,1.);
#3910 = DIRECTION('',(0.,1.,0.));
#3911 = ORIENTED_EDGE('',*,*,#3912,.F.);
#3912 = EDGE_CURVE('',#3913,#3905,#3915,.T.);
#3913 = VERTEX_POINT('',#3914);
#3914 = CARTESIAN_POINT('',(2.664,4.E-02,-2.600000000006));
#3915 = LINE('',#3916,#3917);
#3916 = CARTESIAN_POINT('',(2.664000000001,4.E-02,-2.655));
#3917 = VECTOR('',#3918,1.);
#3918 = DIRECTION('',(1.762226728378E-11,0.,-1.));
#3919 = ORIENTED_EDGE('',*,*,#3920,.F.);
#3920 = EDGE_CURVE('',#3897,#3913,#3921,.T.);
#3921 = LINE('',#3922,#3923);
#3922 = CARTESIAN_POINT('',(2.664,3.E-02,-2.600000000006));
#3923 = VECTOR('',#3924,1.);
#3924 = DIRECTION('',(0.,1.,0.));
#3925 = PLANE('',#3926);
#3926 = AXIS2_PLACEMENT_3D('',#3927,#3928,#3929);
#3927 = CARTESIAN_POINT('',(2.664,3.E-02,-2.600000000006));
#3928 = DIRECTION('',(1.,0.,1.762226728378E-11));
#3929 = DIRECTION('',(1.762226728378E-11,0.,-1.));
#3930 = ADVANCED_FACE('',(#3931),#3956,.T.);
#3931 = FACE_BOUND('',#3932,.T.);
#3932 = EDGE_LOOP('',(#3933,#3941,#3942,#3950));
#3933 = ORIENTED_EDGE('',*,*,#3934,.T.);
#3934 = EDGE_CURVE('',#3935,#3897,#3937,.T.);
#3935 = VERTEX_POINT('',#3936);
#3936 = CARTESIAN_POINT('',(2.56,3.E-02,-2.600000000006));
#3937 = LINE('',#3938,#3939);
#3938 = CARTESIAN_POINT('',(2.56,3.E-02,-2.600000000006));
#3939 = VECTOR('',#3940,1.);
#3940 = DIRECTION('',(1.,0.,2.668805347654E-14));
#3941 = ORIENTED_EDGE('',*,*,#3920,.T.);
#3942 = ORIENTED_EDGE('',*,*,#3943,.F.);
#3943 = EDGE_CURVE('',#3944,#3913,#3946,.T.);
#3944 = VERTEX_POINT('',#3945);
#3945 = CARTESIAN_POINT('',(2.56,4.E-02,-2.600000000006));
#3946 = LINE('',#3947,#3948);
#3947 = CARTESIAN_POINT('',(2.56,4.E-02,-2.600000000006));
#3948 = VECTOR('',#3949,1.);
#3949 = DIRECTION('',(1.,0.,2.668805347654E-14));
#3950 = ORIENTED_EDGE('',*,*,#3951,.F.);
#3951 = EDGE_CURVE('',#3935,#3944,#3952,.T.);
#3952 = LINE('',#3953,#3954);
#3953 = CARTESIAN_POINT('',(2.56,3.E-02,-2.600000000006));
#3954 = VECTOR('',#3955,1.);
#3955 = DIRECTION('',(0.,1.,0.));
#3956 = PLANE('',#3957);
#3957 = AXIS2_PLACEMENT_3D('',#3958,#3959,#3960);
#3958 = CARTESIAN_POINT('',(2.56,3.E-02,-2.600000000006));
#3959 = DIRECTION('',(-2.668805347654E-14,0.,1.));
#3960 = DIRECTION('',(1.,0.,2.668805347654E-14));
#3961 = ADVANCED_FACE('',(#3962),#3987,.T.);
#3962 = FACE_BOUND('',#3963,.T.);
#3963 = EDGE_LOOP('',(#3964,#3972,#3973,#3981));
#3964 = ORIENTED_EDGE('',*,*,#3965,.T.);
#3965 = EDGE_CURVE('',#3966,#3935,#3968,.T.);
#3966 = VERTEX_POINT('',#3967);
#3967 = CARTESIAN_POINT('',(2.560000000001,3.E-02,-2.655));
#3968 = LINE('',#3969,#3970);
#3969 = CARTESIAN_POINT('',(2.560000000001,3.E-02,-2.655));
#3970 = VECTOR('',#3971,1.);
#3971 = DIRECTION('',(-1.664325243468E-11,0.,1.));
#3972 = ORIENTED_EDGE('',*,*,#3951,.T.);
#3973 = ORIENTED_EDGE('',*,*,#3974,.F.);
#3974 = EDGE_CURVE('',#3975,#3944,#3977,.T.);
#3975 = VERTEX_POINT('',#3976);
#3976 = CARTESIAN_POINT('',(2.560000000001,4.E-02,-2.655));
#3977 = LINE('',#3978,#3979);
#3978 = CARTESIAN_POINT('',(2.560000000001,4.E-02,-2.655));
#3979 = VECTOR('',#3980,1.);
#3980 = DIRECTION('',(-1.664325243468E-11,0.,1.));
#3981 = ORIENTED_EDGE('',*,*,#3982,.F.);
#3982 = EDGE_CURVE('',#3966,#3975,#3983,.T.);
#3983 = LINE('',#3984,#3985);
#3984 = CARTESIAN_POINT('',(2.560000000001,3.E-02,-2.655));
#3985 = VECTOR('',#3986,1.);
#3986 = DIRECTION('',(0.,1.,0.));
#3987 = PLANE('',#3988);
#3988 = AXIS2_PLACEMENT_3D('',#3989,#3990,#3991);
#3989 = CARTESIAN_POINT('',(2.560000000001,3.E-02,-2.655));
#3990 = DIRECTION('',(-1.,0.,-1.664325243468E-11));
#3991 = DIRECTION('',(-1.664325243468E-11,0.,1.));
#3992 = ADVANCED_FACE('',(#3993),#4009,.T.);
#3993 = FACE_BOUND('',#3994,.T.);
#3994 = EDGE_LOOP('',(#3995,#4001,#4002,#4008));
#3995 = ORIENTED_EDGE('',*,*,#3996,.F.);
#3996 = EDGE_CURVE('',#3966,#3895,#3997,.T.);
#3997 = LINE('',#3998,#3999);
#3998 = CARTESIAN_POINT('',(2.560000000001,3.E-02,-2.655));
#3999 = VECTOR('',#4000,1.);
#4000 = DIRECTION('',(1.,0.,0.));
#4001 = ORIENTED_EDGE('',*,*,#3982,.T.);
#4002 = ORIENTED_EDGE('',*,*,#4003,.F.);
#4003 = EDGE_CURVE('',#3905,#3975,#4004,.T.);
#4004 = LINE('',#4005,#4006);
#4005 = CARTESIAN_POINT('',(2.560000000001,4.E-02,-2.655));
#4006 = VECTOR('',#4007,1.);
#4007 = DIRECTION('',(-1.,0.,0.));
#4008 = ORIENTED_EDGE('',*,*,#3904,.F.);
#4009 = PLANE('',#4010);
#4010 = AXIS2_PLACEMENT_3D('',#4011,#4012,#4013);
#4011 = CARTESIAN_POINT('',(2.664000000001,3.E-02,-2.655));
#4012 = DIRECTION('',(0.,0.,-1.));
#4013 = DIRECTION('',(-1.,0.,0.));
#4014 = ADVANCED_FACE('',(#4015),#4021,.T.);
#4015 = FACE_BOUND('',#4016,.T.);
#4016 = EDGE_LOOP('',(#4017,#4018,#4019,#4020));
#4017 = ORIENTED_EDGE('',*,*,#4003,.T.);
#4018 = ORIENTED_EDGE('',*,*,#3974,.T.);
#4019 = ORIENTED_EDGE('',*,*,#3943,.T.);
#4020 = ORIENTED_EDGE('',*,*,#3912,.T.);
#4021 = PLANE('',#4022);
#4022 = AXIS2_PLACEMENT_3D('',#4023,#4024,#4025);
#4023 = CARTESIAN_POINT('',(2.612,4.E-02,-2.627500000003));
#4024 = DIRECTION('',(0.,1.,0.));
#4025 = DIRECTION('',(0.,-0.,1.));
#4026 = ADVANCED_FACE('',(#4027),#4033,.F.);
#4027 = FACE_BOUND('',#4028,.T.);
#4028 = EDGE_LOOP('',(#4029,#4030,#4031,#4032));
#4029 = ORIENTED_EDGE('',*,*,#3996,.T.);
#4030 = ORIENTED_EDGE('',*,*,#3894,.T.);
#4031 = ORIENTED_EDGE('',*,*,#3934,.F.);
#4032 = ORIENTED_EDGE('',*,*,#3965,.F.);
#4033 = PLANE('',#4034);
#4034 = AXIS2_PLACEMENT_3D('',#4035,#4036,#4037);
#4035 = CARTESIAN_POINT('',(2.612,3.E-02,-2.627500000003));
#4036 = DIRECTION('',(0.,1.,0.));
#4037 = DIRECTION('',(1.,0.,0.));
#4038 = ( GEOMETRIC_REPRESENTATION_CONTEXT(3) 
GLOBAL_UNCERTAINTY_ASSIGNED_CONTEXT((#4042)) 
GLOBAL_UNIT_ASSIGNED_CONTEXT((#4039,#4040,#4041)) REPRESENTATION_CONTEXT
('Context #1','3D Context with UNIT and UNCERTAINTY') );
#4039 = ( LENGTH_UNIT() NAMED_UNIT(*) SI_UNIT(.MILLI.,.METRE.) );
#4040 = ( NAMED_UNIT(*) PLANE_ANGLE_UNIT() SI_UNIT($,.RADIAN.) );
#4041 = ( NAMED_UNIT(*) SI_UNIT($,.STERADIAN.) SOLID_ANGLE_UNIT() );
#4042 = UNCERTAINTY_MEASURE_WITH_UNIT(LENGTH_MEASURE(1.E-07),#4039,
  'distance_accuracy_value','confusion accuracy');
#4043 = CONTEXT_DEPENDENT_SHAPE_REPRESENTATION(#4044,#4046);
#4044 = ( REPRESENTATION_RELATIONSHIP('','',#3887,#10) 
REPRESENTATION_RELATIONSHIP_WITH_TRANSFORMATION(#4045) 
SHAPE_REPRESENTATION_RELATIONSHIP() );
#4045 = ITEM_DEFINED_TRANSFORMATION('','',#11,#99);
#4046 = PRODUCT_DEFINITION_SHAPE('Placement','Placement of an item',
  #4047);
#4047 = NEXT_ASSEMBLY_USAGE_OCCURRENCE('22','Y-junction v036','',#5,
  #3882,$);
#4048 = PRODUCT_RELATED_PRODUCT_CATEGORY('part',$,(#3884));
#4049 = SHAPE_DEFINITION_REPRESENTATION(#4050,#4056);
#4050 = PRODUCT_DEFINITION_SHAPE('','',#4051);
#4051 = PRODUCT_DEFINITION('design','',#4052,#4055);
#4052 = PRODUCT_DEFINITION_FORMATION('','',#4053);
#4053 = PRODUCT('Y-junction v029','Y-junction v029','',(#4054));
#4054 = PRODUCT_CONTEXT('',#2,'mechanical');
#4055 = PRODUCT_DEFINITION_CONTEXT('part definition',#2,'design');
#4056 = ADVANCED_BREP_SHAPE_REPRESENTATION('',(#11,#4057),#4308);
#4057 = MANIFOLD_SOLID_BREP('',#4058);
#4058 = CLOSED_SHELL('',(#4059,#4099,#4130,#4161,#4192,#4225,#4256,#4278
    ,#4293));
#4059 = ADVANCED_FACE('',(#4060),#4094,.T.);
#4060 = FACE_BOUND('',#4061,.T.);
#4061 = EDGE_LOOP('',(#4062,#4072,#4080,#4088));
#4062 = ORIENTED_EDGE('',*,*,#4063,.F.);
#4063 = EDGE_CURVE('',#4064,#4066,#4068,.T.);
#4064 = VERTEX_POINT('',#4065);
#4065 = CARTESIAN_POINT('',(2.560000000001,3.E-02,-2.594685444146));
#4066 = VERTEX_POINT('',#4067);
#4067 = CARTESIAN_POINT('',(2.664000000001,3.E-02,-2.594685444147));
#4068 = LINE('',#4069,#4070);
#4069 = CARTESIAN_POINT('',(2.560000000001,3.E-02,-2.594685444146));
#4070 = VECTOR('',#4071,1.);
#4071 = DIRECTION('',(1.,0.,-2.3912495915E-12));
#4072 = ORIENTED_EDGE('',*,*,#4073,.T.);
#4073 = EDGE_CURVE('',#4064,#4074,#4076,.T.);
#4074 = VERTEX_POINT('',#4075);
#4075 = CARTESIAN_POINT('',(2.560000000001,4.E-02,-2.594685444146));
#4076 = LINE('',#4077,#4078);
#4077 = CARTESIAN_POINT('',(2.560000000001,3.E-02,-2.594685444146));
#4078 = VECTOR('',#4079,1.);
#4079 = DIRECTION('',(0.,1.,0.));
#4080 = ORIENTED_EDGE('',*,*,#4081,.F.);
#4081 = EDGE_CURVE('',#4082,#4074,#4084,.T.);
#4082 = VERTEX_POINT('',#4083);
#4083 = CARTESIAN_POINT('',(2.664000000001,4.E-02,-2.594685444147));
#4084 = LINE('',#4085,#4086);
#4085 = CARTESIAN_POINT('',(2.560000000001,4.E-02,-2.594685444146));
#4086 = VECTOR('',#4087,1.);
#4087 = DIRECTION('',(-1.,0.,2.3912495915E-12));
#4088 = ORIENTED_EDGE('',*,*,#4089,.F.);
#4089 = EDGE_CURVE('',#4066,#4082,#4090,.T.);
#4090 = LINE('',#4091,#4092);
#4091 = CARTESIAN_POINT('',(2.664000000001,3.E-02,-2.594685444147));
#4092 = VECTOR('',#4093,1.);
#4093 = DIRECTION('',(0.,1.,0.));
#4094 = PLANE('',#4095);
#4095 = AXIS2_PLACEMENT_3D('',#4096,#4097,#4098);
#4096 = CARTESIAN_POINT('',(2.664000000001,3.E-02,-2.594685444147));
#4097 = DIRECTION('',(-2.3912495915E-12,0.,-1.));
#4098 = DIRECTION('',(-1.,0.,2.3912495915E-12));
#4099 = ADVANCED_FACE('',(#4100),#4125,.T.);
#4100 = FACE_BOUND('',#4101,.T.);
#4101 = EDGE_LOOP('',(#4102,#4110,#4111,#4119));
#4102 = ORIENTED_EDGE('',*,*,#4103,.T.);
#4103 = EDGE_CURVE('',#4104,#4066,#4106,.T.);
#4104 = VERTEX_POINT('',#4105);
#4105 = CARTESIAN_POINT('',(2.612,3.E-02,-2.504618802154));
#4106 = LINE('',#4107,#4108);
#4107 = CARTESIAN_POINT('',(2.612,3.E-02,-2.504618802154));
#4108 = VECTOR('',#4109,1.);
#4109 = DIRECTION('',(0.500000000011,0.,-0.866025403778));
#4110 = ORIENTED_EDGE('',*,*,#4089,.T.);
#4111 = ORIENTED_EDGE('',*,*,#4112,.F.);
#4112 = EDGE_CURVE('',#4113,#4082,#4115,.T.);
#4113 = VERTEX_POINT('',#4114);
#4114 = CARTESIAN_POINT('',(2.612,4.E-02,-2.504618802154));
#4115 = LINE('',#4116,#4117);
#4116 = CARTESIAN_POINT('',(2.612,4.E-02,-2.504618802154));
#4117 = VECTOR('',#4118,1.);
#4118 = DIRECTION('',(0.500000000011,0.,-0.866025403778));
#4119 = ORIENTED_EDGE('',*,*,#4120,.F.);
#4120 = EDGE_CURVE('',#4104,#4113,#4121,.T.);
#4121 = LINE('',#4122,#4123);
#4122 = CARTESIAN_POINT('',(2.612,3.E-02,-2.504618802154));
#4123 = VECTOR('',#4124,1.);
#4124 = DIRECTION('',(0.,1.,0.));
#4125 = PLANE('',#4126);
#4126 = AXIS2_PLACEMENT_3D('',#4127,#4128,#4129);
#4127 = CARTESIAN_POINT('',(2.612,3.E-02,-2.504618802154));
#4128 = DIRECTION('',(0.866025403778,0.,0.500000000011));
#4129 = DIRECTION('',(0.500000000011,0.,-0.866025403778));
#4130 = ADVANCED_FACE('',(#4131),#4156,.T.);
#4131 = FACE_BOUND('',#4132,.T.);
#4132 = EDGE_LOOP('',(#4133,#4141,#4142,#4150));
#4133 = ORIENTED_EDGE('',*,*,#4134,.F.);
#4134 = EDGE_CURVE('',#4104,#4135,#4137,.T.);
#4135 = VERTEX_POINT('',#4136);
#4136 = CARTESIAN_POINT('',(2.596961524228,3.E-02,-2.513301270189));
#4137 = LINE('',#4138,#4139);
#4138 = CARTESIAN_POINT('',(2.612,3.E-02,-2.504618802154));
#4139 = VECTOR('',#4140,1.);
#4140 = DIRECTION('',(-0.866025403778,0.,-0.500000000011));
#4141 = ORIENTED_EDGE('',*,*,#4120,.T.);
#4142 = ORIENTED_EDGE('',*,*,#4143,.F.);
#4143 = EDGE_CURVE('',#4144,#4113,#4146,.T.);
#4144 = VERTEX_POINT('',#4145);
#4145 = CARTESIAN_POINT('',(2.596961524228,4.E-02,-2.513301270189));
#4146 = LINE('',#4147,#4148);
#4147 = CARTESIAN_POINT('',(2.612,4.E-02,-2.504618802154));
#4148 = VECTOR('',#4149,1.);
#4149 = DIRECTION('',(0.866025403778,0.,0.500000000011));
#4150 = ORIENTED_EDGE('',*,*,#4151,.F.);
#4151 = EDGE_CURVE('',#4135,#4144,#4152,.T.);
#4152 = LINE('',#4153,#4154);
#4153 = CARTESIAN_POINT('',(2.596961524228,3.E-02,-2.513301270189));
#4154 = VECTOR('',#4155,1.);
#4155 = DIRECTION('',(0.,1.,0.));
#4156 = PLANE('',#4157);
#4157 = AXIS2_PLACEMENT_3D('',#4158,#4159,#4160);
#4158 = CARTESIAN_POINT('',(2.596961524228,3.E-02,-2.513301270189));
#4159 = DIRECTION('',(-0.500000000011,0.,0.866025403778));
#4160 = DIRECTION('',(0.866025403778,0.,0.500000000011));
#4161 = ADVANCED_FACE('',(#4162),#4187,.T.);
#4162 = FACE_BOUND('',#4163,.T.);
#4163 = EDGE_LOOP('',(#4164,#4172,#4173,#4181));
#4164 = ORIENTED_EDGE('',*,*,#4165,.F.);
#4165 = EDGE_CURVE('',#4135,#4166,#4168,.T.);
#4166 = VERTEX_POINT('',#4167);
#4167 = CARTESIAN_POINT('',(2.528234628196,3.E-02,-2.51330127019));
#4168 = LINE('',#4169,#4170);
#4169 = CARTESIAN_POINT('',(2.596961524228,3.E-02,-2.513301270189));
#4170 = VECTOR('',#4171,1.);
#4171 = DIRECTION('',(-1.,0.,-7.697441638994E-12));
#4172 = ORIENTED_EDGE('',*,*,#4151,.T.);
#4173 = ORIENTED_EDGE('',*,*,#4174,.F.);
#4174 = EDGE_CURVE('',#4175,#4144,#4177,.T.);
#4175 = VERTEX_POINT('',#4176);
#4176 = CARTESIAN_POINT('',(2.528234628196,4.E-02,-2.51330127019));
#4177 = LINE('',#4178,#4179);
#4178 = CARTESIAN_POINT('',(2.596961524228,4.E-02,-2.513301270189));
#4179 = VECTOR('',#4180,1.);
#4180 = DIRECTION('',(1.,0.,7.697441638994E-12));
#4181 = ORIENTED_EDGE('',*,*,#4182,.F.);
#4182 = EDGE_CURVE('',#4166,#4175,#4183,.T.);
#4183 = LINE('',#4184,#4185);
#4184 = CARTESIAN_POINT('',(2.528234628196,3.E-02,-2.51330127019));
#4185 = VECTOR('',#4186,1.);
#4186 = DIRECTION('',(0.,1.,0.));
#4187 = PLANE('',#4188);
#4188 = AXIS2_PLACEMENT_3D('',#4189,#4190,#4191);
#4189 = CARTESIAN_POINT('',(2.528234628196,3.E-02,-2.51330127019));
#4190 = DIRECTION('',(-7.697441638994E-12,0.,1.));
#4191 = DIRECTION('',(1.,0.,7.697441638994E-12));
#4192 = ADVANCED_FACE('',(#4193),#4220,.T.);
#4193 = FACE_BOUND('',#4194,.T.);
#4194 = EDGE_LOOP('',(#4195,#4204,#4205,#4214));
#4195 = ORIENTED_EDGE('',*,*,#4196,.T.);
#4196 = EDGE_CURVE('',#4197,#4166,#4199,.T.);
#4197 = VERTEX_POINT('',#4198);
#4198 = CARTESIAN_POINT('',(2.525636551985,3.E-02,-2.51780127019));
#4199 = CIRCLE('',#4200,3.000000000001E-03);
#4200 = AXIS2_PLACEMENT_3D('',#4201,#4202,#4203);
#4201 = CARTESIAN_POINT('',(2.528234628196,3.E-02,-2.51630127019));
#4202 = DIRECTION('',(0.,1.,0.));
#4203 = DIRECTION('',(-0.866025403783,0.,-0.500000000002));
#4204 = ORIENTED_EDGE('',*,*,#4182,.T.);
#4205 = ORIENTED_EDGE('',*,*,#4206,.F.);
#4206 = EDGE_CURVE('',#4207,#4175,#4209,.T.);
#4207 = VERTEX_POINT('',#4208);
#4208 = CARTESIAN_POINT('',(2.525636551985,4.E-02,-2.51780127019));
#4209 = CIRCLE('',#4210,3.000000000001E-03);
#4210 = AXIS2_PLACEMENT_3D('',#4211,#4212,#4213);
#4211 = CARTESIAN_POINT('',(2.528234628196,4.E-02,-2.51630127019));
#4212 = DIRECTION('',(0.,1.,0.));
#4213 = DIRECTION('',(-0.866025403783,0.,-0.500000000002));
#4214 = ORIENTED_EDGE('',*,*,#4215,.F.);
#4215 = EDGE_CURVE('',#4197,#4207,#4216,.T.);
#4216 = LINE('',#4217,#4218);
#4217 = CARTESIAN_POINT('',(2.525636551985,3.E-02,-2.51780127019));
#4218 = VECTOR('',#4219,1.);
#4219 = DIRECTION('',(0.,1.,0.));
#4220 = CYLINDRICAL_SURFACE('',#4221,3.000000000001E-03);
#4221 = AXIS2_PLACEMENT_3D('',#4222,#4223,#4224);
#4222 = CARTESIAN_POINT('',(2.528234628196,3.E-02,-2.51630127019));
#4223 = DIRECTION('',(0.,1.,0.));
#4224 = DIRECTION('',(-0.866025403783,0.,-0.500000000002));
#4225 = ADVANCED_FACE('',(#4226),#4251,.T.);
#4226 = FACE_BOUND('',#4227,.T.);
#4227 = EDGE_LOOP('',(#4228,#4236,#4237,#4245));
#4228 = ORIENTED_EDGE('',*,*,#4229,.T.);
#4229 = EDGE_CURVE('',#4230,#4197,#4232,.T.);
#4230 = VERTEX_POINT('',#4231);
#4231 = CARTESIAN_POINT('',(2.560000000001,3.E-02,-2.577320508076));
#4232 = LINE('',#4233,#4234);
#4233 = CARTESIAN_POINT('',(2.560000000001,3.E-02,-2.577320508076));
#4234 = VECTOR('',#4235,1.);
#4235 = DIRECTION('',(-0.500000000002,0.,0.866025403783));
#4236 = ORIENTED_EDGE('',*,*,#4215,.T.);
#4237 = ORIENTED_EDGE('',*,*,#4238,.F.);
#4238 = EDGE_CURVE('',#4239,#4207,#4241,.T.);
#4239 = VERTEX_POINT('',#4240);
#4240 = CARTESIAN_POINT('',(2.560000000001,4.E-02,-2.577320508076));
#4241 = LINE('',#4242,#4243);
#4242 = CARTESIAN_POINT('',(2.560000000001,4.E-02,-2.577320508076));
#4243 = VECTOR('',#4244,1.);
#4244 = DIRECTION('',(-0.500000000002,0.,0.866025403783));
#4245 = ORIENTED_EDGE('',*,*,#4246,.F.);
#4246 = EDGE_CURVE('',#4230,#4239,#4247,.T.);
#4247 = LINE('',#4248,#4249);
#4248 = CARTESIAN_POINT('',(2.560000000001,3.E-02,-2.577320508076));
#4249 = VECTOR('',#4250,1.);
#4250 = DIRECTION('',(0.,1.,0.));
#4251 = PLANE('',#4252);
#4252 = AXIS2_PLACEMENT_3D('',#4253,#4254,#4255);
#4253 = CARTESIAN_POINT('',(2.560000000001,3.E-02,-2.577320508076));
#4254 = DIRECTION('',(-0.866025403783,0.,-0.500000000002));
#4255 = DIRECTION('',(-0.500000000002,0.,0.866025403783));
#4256 = ADVANCED_FACE('',(#4257),#4273,.T.);
#4257 = FACE_BOUND('',#4258,.T.);
#4258 = EDGE_LOOP('',(#4259,#4265,#4266,#4272));
#4259 = ORIENTED_EDGE('',*,*,#4260,.T.);
#4260 = EDGE_CURVE('',#4064,#4230,#4261,.T.);
#4261 = LINE('',#4262,#4263);
#4262 = CARTESIAN_POINT('',(2.560000000001,3.E-02,-2.594685444146));
#4263 = VECTOR('',#4264,1.);
#4264 = DIRECTION('',(2.365586129721E-12,0.,1.));
#4265 = ORIENTED_EDGE('',*,*,#4246,.T.);
#4266 = ORIENTED_EDGE('',*,*,#4267,.F.);
#4267 = EDGE_CURVE('',#4074,#4239,#4268,.T.);
#4268 = LINE('',#4269,#4270);
#4269 = CARTESIAN_POINT('',(2.560000000001,4.E-02,-2.594685444146));
#4270 = VECTOR('',#4271,1.);
#4271 = DIRECTION('',(2.365586129721E-12,0.,1.));
#4272 = ORIENTED_EDGE('',*,*,#4073,.F.);
#4273 = PLANE('',#4274);
#4274 = AXIS2_PLACEMENT_3D('',#4275,#4276,#4277);
#4275 = CARTESIAN_POINT('',(2.560000000001,3.E-02,-2.594685444146));
#4276 = DIRECTION('',(-1.,0.,2.365586129721E-12));
#4277 = DIRECTION('',(2.365586129721E-12,0.,1.));
#4278 = ADVANCED_FACE('',(#4279),#4288,.T.);
#4279 = FACE_BOUND('',#4280,.T.);
#4280 = EDGE_LOOP('',(#4281,#4282,#4283,#4284,#4285,#4286,#4287));
#4281 = ORIENTED_EDGE('',*,*,#4267,.T.);
#4282 = ORIENTED_EDGE('',*,*,#4238,.T.);
#4283 = ORIENTED_EDGE('',*,*,#4206,.T.);
#4284 = ORIENTED_EDGE('',*,*,#4174,.T.);
#4285 = ORIENTED_EDGE('',*,*,#4143,.T.);
#4286 = ORIENTED_EDGE('',*,*,#4112,.T.);
#4287 = ORIENTED_EDGE('',*,*,#4081,.T.);
#4288 = PLANE('',#4289);
#4289 = AXIS2_PLACEMENT_3D('',#4290,#4291,#4292);
#4290 = CARTESIAN_POINT('',(2.620734282892,4.E-02,-2.564730762113));
#4291 = DIRECTION('',(0.,1.,0.));
#4292 = DIRECTION('',(1.,0.,0.));
#4293 = ADVANCED_FACE('',(#4294),#4303,.F.);
#4294 = FACE_BOUND('',#4295,.T.);
#4295 = EDGE_LOOP('',(#4296,#4297,#4298,#4299,#4300,#4301,#4302));
#4296 = ORIENTED_EDGE('',*,*,#4260,.F.);
#4297 = ORIENTED_EDGE('',*,*,#4063,.T.);
#4298 = ORIENTED_EDGE('',*,*,#4103,.F.);
#4299 = ORIENTED_EDGE('',*,*,#4134,.T.);
#4300 = ORIENTED_EDGE('',*,*,#4165,.T.);
#4301 = ORIENTED_EDGE('',*,*,#4196,.F.);
#4302 = ORIENTED_EDGE('',*,*,#4229,.F.);
#4303 = PLANE('',#4304);
#4304 = AXIS2_PLACEMENT_3D('',#4305,#4306,#4307);
#4305 = CARTESIAN_POINT('',(2.620734282892,3.E-02,-2.564730762113));
#4306 = DIRECTION('',(0.,1.,0.));
#4307 = DIRECTION('',(1.,0.,0.));
#4308 = ( GEOMETRIC_REPRESENTATION_CONTEXT(3) 
GLOBAL_UNCERTAINTY_ASSIGNED_CONTEXT((#4312)) 
GLOBAL_UNIT_ASSIGNED_CONTEXT((#4309,#4310,#4311)) REPRESENTATION_CONTEXT
('Context #1','3D Context with UNIT and UNCERTAINTY') );
#4309 = ( LENGTH_UNIT() NAMED_UNIT(*) SI_UNIT(.MILLI.,.METRE.) );
#4310 = ( NAMED_UNIT(*) PLANE_ANGLE_UNIT() SI_UNIT($,.RADIAN.) );
#4311 = ( NAMED_UNIT(*) SI_UNIT($,.STERADIAN.) SOLID_ANGLE_UNIT() );
#4312 = UNCERTAINTY_MEASURE_WITH_UNIT(LENGTH_MEASURE(1.E-07),#4309,
  'distance_accuracy_value','confusion accuracy');
#4313 = CONTEXT_DEPENDENT_SHAPE_REPRESENTATION(#4314,#4316);
#4314 = ( REPRESENTATION_RELATIONSHIP('','',#4056,#10) 
REPRESENTATION_RELATIONSHIP_WITH_TRANSFORMATION(#4315) 
SHAPE_REPRESENTATION_RELATIONSHIP() );
#4315 = ITEM_DEFINED_TRANSFORMATION('','',#11,#103);
#4316 = PRODUCT_DEFINITION_SHAPE('Placement','Placement of an item',
  #4317);
#4317 = NEXT_ASSEMBLY_USAGE_OCCURRENCE('23','Y-junction v029','',#5,
  #4051,$);
#4318 = PRODUCT_RELATED_PRODUCT_CATEGORY('part',$,(#4053));
#4319 = SHAPE_DEFINITION_REPRESENTATION(#4320,#4326);
#4320 = PRODUCT_DEFINITION_SHAPE('','',#4321);
#4321 = PRODUCT_DEFINITION('design','',#4322,#4325);
#4322 = PRODUCT_DEFINITION_FORMATION('','',#4323);
#4323 = PRODUCT('Y-junction v039','Y-junction v039','',(#4324));
#4324 = PRODUCT_CONTEXT('',#2,'mechanical');
#4325 = PRODUCT_DEFINITION_CONTEXT('part definition',#2,'design');
#4326 = ADVANCED_BREP_SHAPE_REPRESENTATION('',(#11,#4327),#4477);
#4327 = MANIFOLD_SOLID_BREP('',#4328);
#4328 = CLOSED_SHELL('',(#4329,#4369,#4400,#4431,#4453,#4465));
#4329 = ADVANCED_FACE('',(#4330),#4364,.T.);
#4330 = FACE_BOUND('',#4331,.T.);
#4331 = EDGE_LOOP('',(#4332,#4342,#4350,#4358));
#4332 = ORIENTED_EDGE('',*,*,#4333,.T.);
#4333 = EDGE_CURVE('',#4334,#4336,#4338,.T.);
#4334 = VERTEX_POINT('',#4335);
#4335 = CARTESIAN_POINT('',(2.664233937587,3.E-02,-2.474461524226));
#4336 = VERTEX_POINT('',#4337);
#4337 = CARTESIAN_POINT('',(2.716233937588,3.E-02,-2.564528166219));
#4338 = LINE('',#4339,#4340);
#4339 = CARTESIAN_POINT('',(2.664233937587,3.E-02,-2.474461524226));
#4340 = VECTOR('',#4341,1.);
#4341 = DIRECTION('',(0.500000000009,0.,-0.866025403779));
#4342 = ORIENTED_EDGE('',*,*,#4343,.T.);
#4343 = EDGE_CURVE('',#4336,#4344,#4346,.T.);
#4344 = VERTEX_POINT('',#4345);
#4345 = CARTESIAN_POINT('',(2.716233937588,4.E-02,-2.564528166219));
#4346 = LINE('',#4347,#4348);
#4347 = CARTESIAN_POINT('',(2.716233937588,3.E-02,-2.564528166219));
#4348 = VECTOR('',#4349,1.);
#4349 = DIRECTION('',(0.,1.,0.));
#4350 = ORIENTED_EDGE('',*,*,#4351,.F.);
#4351 = EDGE_CURVE('',#4352,#4344,#4354,.T.);
#4352 = VERTEX_POINT('',#4353);
#4353 = CARTESIAN_POINT('',(2.664233937587,4.E-02,-2.474461524226));
#4354 = LINE('',#4355,#4356);
#4355 = CARTESIAN_POINT('',(2.664233937587,4.E-02,-2.474461524226));
#4356 = VECTOR('',#4357,1.);
#4357 = DIRECTION('',(0.500000000009,0.,-0.866025403779));
#4358 = ORIENTED_EDGE('',*,*,#4359,.F.);
#4359 = EDGE_CURVE('',#4334,#4352,#4360,.T.);
#4360 = LINE('',#4361,#4362);
#4361 = CARTESIAN_POINT('',(2.664233937587,3.E-02,-2.474461524226));
#4362 = VECTOR('',#4363,1.);
#4363 = DIRECTION('',(0.,1.,0.));
#4364 = PLANE('',#4365);
#4365 = AXIS2_PLACEMENT_3D('',#4366,#4367,#4368);
#4366 = CARTESIAN_POINT('',(2.664233937587,3.E-02,-2.474461524226));
#4367 = DIRECTION('',(0.866025403779,0.,0.500000000009));
#4368 = DIRECTION('',(0.500000000009,0.,-0.866025403779));
#4369 = ADVANCED_FACE('',(#4370),#4395,.T.);
#4370 = FACE_BOUND('',#4371,.T.);
#4371 = EDGE_LOOP('',(#4372,#4380,#4381,#4389));
#4372 = ORIENTED_EDGE('',*,*,#4373,.F.);
#4373 = EDGE_CURVE('',#4334,#4374,#4376,.T.);
#4374 = VERTEX_POINT('',#4375);
#4375 = CARTESIAN_POINT('',(2.616602540384,3.E-02,-2.501961524223));
#4376 = LINE('',#4377,#4378);
#4377 = CARTESIAN_POINT('',(2.664233937587,3.E-02,-2.474461524226));
#4378 = VECTOR('',#4379,1.);
#4379 = DIRECTION('',(-0.866025403788,0.,-0.499999999994));
#4380 = ORIENTED_EDGE('',*,*,#4359,.T.);
#4381 = ORIENTED_EDGE('',*,*,#4382,.F.);
#4382 = EDGE_CURVE('',#4383,#4352,#4385,.T.);
#4383 = VERTEX_POINT('',#4384);
#4384 = CARTESIAN_POINT('',(2.616602540384,4.E-02,-2.501961524223));
#4385 = LINE('',#4386,#4387);
#4386 = CARTESIAN_POINT('',(2.664233937587,4.E-02,-2.474461524226));
#4387 = VECTOR('',#4388,1.);
#4388 = DIRECTION('',(0.866025403788,0.,0.499999999994));
#4389 = ORIENTED_EDGE('',*,*,#4390,.F.);
#4390 = EDGE_CURVE('',#4374,#4383,#4391,.T.);
#4391 = LINE('',#4392,#4393);
#4392 = CARTESIAN_POINT('',(2.616602540384,3.E-02,-2.501961524223));
#4393 = VECTOR('',#4394,1.);
#4394 = DIRECTION('',(0.,1.,0.));
#4395 = PLANE('',#4396);
#4396 = AXIS2_PLACEMENT_3D('',#4397,#4398,#4399);
#4397 = CARTESIAN_POINT('',(2.616602540384,3.E-02,-2.501961524223));
#4398 = DIRECTION('',(-0.499999999994,0.,0.866025403788));
#4399 = DIRECTION('',(0.866025403788,0.,0.499999999994));
#4400 = ADVANCED_FACE('',(#4401),#4426,.T.);
#4401 = FACE_BOUND('',#4402,.T.);
#4402 = EDGE_LOOP('',(#4403,#4411,#4412,#4420));
#4403 = ORIENTED_EDGE('',*,*,#4404,.F.);
#4404 = EDGE_CURVE('',#4374,#4405,#4407,.T.);
#4405 = VERTEX_POINT('',#4406);
#4406 = CARTESIAN_POINT('',(2.668602540385,3.E-02,-2.592028166216));
#4407 = LINE('',#4408,#4409);
#4408 = CARTESIAN_POINT('',(2.616602540384,3.E-02,-2.501961524223));
#4409 = VECTOR('',#4410,1.);
#4410 = DIRECTION('',(0.500000000009,0.,-0.866025403779));
#4411 = ORIENTED_EDGE('',*,*,#4390,.T.);
#4412 = ORIENTED_EDGE('',*,*,#4413,.F.);
#4413 = EDGE_CURVE('',#4414,#4383,#4416,.T.);
#4414 = VERTEX_POINT('',#4415);
#4415 = CARTESIAN_POINT('',(2.668602540385,4.E-02,-2.592028166216));
#4416 = LINE('',#4417,#4418);
#4417 = CARTESIAN_POINT('',(2.616602540384,4.E-02,-2.501961524223));
#4418 = VECTOR('',#4419,1.);
#4419 = DIRECTION('',(-0.500000000009,0.,0.866025403779));
#4420 = ORIENTED_EDGE('',*,*,#4421,.F.);
#4421 = EDGE_CURVE('',#4405,#4414,#4422,.T.);
#4422 = LINE('',#4423,#4424);
#4423 = CARTESIAN_POINT('',(2.668602540385,3.E-02,-2.592028166216));
#4424 = VECTOR('',#4425,1.);
#4425 = DIRECTION('',(0.,1.,0.));
#4426 = PLANE('',#4427);
#4427 = AXIS2_PLACEMENT_3D('',#4428,#4429,#4430);
#4428 = CARTESIAN_POINT('',(2.668602540385,3.E-02,-2.592028166216));
#4429 = DIRECTION('',(-0.866025403779,0.,-0.500000000009));
#4430 = DIRECTION('',(-0.500000000009,0.,0.866025403779));
#4431 = ADVANCED_FACE('',(#4432),#4448,.T.);
#4432 = FACE_BOUND('',#4433,.T.);
#4433 = EDGE_LOOP('',(#4434,#4440,#4441,#4447));
#4434 = ORIENTED_EDGE('',*,*,#4435,.T.);
#4435 = EDGE_CURVE('',#4336,#4405,#4436,.T.);
#4436 = LINE('',#4437,#4438);
#4437 = CARTESIAN_POINT('',(2.716233937588,3.E-02,-2.564528166219));
#4438 = VECTOR('',#4439,1.);
#4439 = DIRECTION('',(-0.866025403788,0.,-0.499999999993));
#4440 = ORIENTED_EDGE('',*,*,#4421,.T.);
#4441 = ORIENTED_EDGE('',*,*,#4442,.F.);
#4442 = EDGE_CURVE('',#4344,#4414,#4443,.T.);
#4443 = LINE('',#4444,#4445);
#4444 = CARTESIAN_POINT('',(2.716233937588,4.E-02,-2.564528166219));
#4445 = VECTOR('',#4446,1.);
#4446 = DIRECTION('',(-0.866025403788,0.,-0.499999999993));
#4447 = ORIENTED_EDGE('',*,*,#4343,.F.);
#4448 = PLANE('',#4449);
#4449 = AXIS2_PLACEMENT_3D('',#4450,#4451,#4452);
#4450 = CARTESIAN_POINT('',(2.716233937588,3.E-02,-2.564528166219));
#4451 = DIRECTION('',(0.499999999993,0.,-0.866025403788));
#4452 = DIRECTION('',(-0.866025403788,0.,-0.499999999993));
#4453 = ADVANCED_FACE('',(#4454),#4460,.T.);
#4454 = FACE_BOUND('',#4455,.T.);
#4455 = EDGE_LOOP('',(#4456,#4457,#4458,#4459));
#4456 = ORIENTED_EDGE('',*,*,#4442,.T.);
#4457 = ORIENTED_EDGE('',*,*,#4413,.T.);
#4458 = ORIENTED_EDGE('',*,*,#4382,.T.);
#4459 = ORIENTED_EDGE('',*,*,#4351,.T.);
#4460 = PLANE('',#4461);
#4461 = AXIS2_PLACEMENT_3D('',#4462,#4463,#4464);
#4462 = CARTESIAN_POINT('',(2.666418238986,4.E-02,-2.533244845221));
#4463 = DIRECTION('',(0.,1.,0.));
#4464 = DIRECTION('',(0.,-0.,1.));
#4465 = ADVANCED_FACE('',(#4466),#4472,.F.);
#4466 = FACE_BOUND('',#4467,.T.);
#4467 = EDGE_LOOP('',(#4468,#4469,#4470,#4471));
#4468 = ORIENTED_EDGE('',*,*,#4435,.F.);
#4469 = ORIENTED_EDGE('',*,*,#4333,.F.);
#4470 = ORIENTED_EDGE('',*,*,#4373,.T.);
#4471 = ORIENTED_EDGE('',*,*,#4404,.T.);
#4472 = PLANE('',#4473);
#4473 = AXIS2_PLACEMENT_3D('',#4474,#4475,#4476);
#4474 = CARTESIAN_POINT('',(2.666418238986,3.E-02,-2.533244845221));
#4475 = DIRECTION('',(0.,1.,0.));
#4476 = DIRECTION('',(1.,0.,0.));
#4477 = ( GEOMETRIC_REPRESENTATION_CONTEXT(3) 
GLOBAL_UNCERTAINTY_ASSIGNED_CONTEXT((#4481)) 
GLOBAL_UNIT_ASSIGNED_CONTEXT((#4478,#4479,#4480)) REPRESENTATION_CONTEXT
('Context #1','3D Context with UNIT and UNCERTAINTY') );
#4478 = ( LENGTH_UNIT() NAMED_UNIT(*) SI_UNIT(.MILLI.,.METRE.) );
#4479 = ( NAMED_UNIT(*) PLANE_ANGLE_UNIT() SI_UNIT($,.RADIAN.) );
#4480 = ( NAMED_UNIT(*) SI_UNIT($,.STERADIAN.) SOLID_ANGLE_UNIT() );
#4481 = UNCERTAINTY_MEASURE_WITH_UNIT(LENGTH_MEASURE(1.E-07),#4478,
  'distance_accuracy_value','confusion accuracy');
#4482 = CONTEXT_DEPENDENT_SHAPE_REPRESENTATION(#4483,#4485);
#4483 = ( REPRESENTATION_RELATIONSHIP('','',#4326,#10) 
REPRESENTATION_RELATIONSHIP_WITH_TRANSFORMATION(#4484) 
SHAPE_REPRESENTATION_RELATIONSHIP() );
#4484 = ITEM_DEFINED_TRANSFORMATION('','',#11,#107);
#4485 = PRODUCT_DEFINITION_SHAPE('Placement','Placement of an item',
  #4486);
#4486 = NEXT_ASSEMBLY_USAGE_OCCURRENCE('24','Y-junction v039','',#5,
  #4321,$);
#4487 = PRODUCT_RELATED_PRODUCT_CATEGORY('part',$,(#4323));
#4488 = SHAPE_DEFINITION_REPRESENTATION(#4489,#4495);
#4489 = PRODUCT_DEFINITION_SHAPE('','',#4490);
#4490 = PRODUCT_DEFINITION('design','',#4491,#4494);
#4491 = PRODUCT_DEFINITION_FORMATION('','',#4492);
#4492 = PRODUCT('Y-junction v034','Y-junction v034','',(#4493));
#4493 = PRODUCT_CONTEXT('',#2,'mechanical');
#4494 = PRODUCT_DEFINITION_CONTEXT('part definition',#2,'design');
#4495 = ADVANCED_BREP_SHAPE_REPRESENTATION('',(#11,#4496),#4646);
#4496 = MANIFOLD_SOLID_BREP('',#4497);
#4497 = CLOSED_SHELL('',(#4498,#4538,#4569,#4600,#4622,#4634));
#4498 = ADVANCED_FACE('',(#4499),#4533,.T.);
#4499 = FACE_BOUND('',#4500,.T.);
#4500 = EDGE_LOOP('',(#4501,#4511,#4519,#4527));
#4501 = ORIENTED_EDGE('',*,*,#4502,.T.);
#4502 = EDGE_CURVE('',#4503,#4505,#4507,.T.);
#4503 = VERTEX_POINT('',#4504);
#4504 = CARTESIAN_POINT('',(2.781185842871,3.E-02,-2.527028166219));
#4505 = VERTEX_POINT('',#4506);
#4506 = CARTESIAN_POINT('',(2.720564064607,3.E-02,-2.562028166219));
#4507 = LINE('',#4508,#4509);
#4508 = CARTESIAN_POINT('',(2.781185842871,3.E-02,-2.527028166219));
#4509 = VECTOR('',#4510,1.);
#4510 = DIRECTION('',(-0.866025403779,0.,-0.500000000009));
#4511 = ORIENTED_EDGE('',*,*,#4512,.T.);
#4512 = EDGE_CURVE('',#4505,#4513,#4515,.T.);
#4513 = VERTEX_POINT('',#4514);
#4514 = CARTESIAN_POINT('',(2.720564064607,4.E-02,-2.562028166219));
#4515 = LINE('',#4516,#4517);
#4516 = CARTESIAN_POINT('',(2.720564064607,3.E-02,-2.562028166219));
#4517 = VECTOR('',#4518,1.);
#4518 = DIRECTION('',(0.,1.,0.));
#4519 = ORIENTED_EDGE('',*,*,#4520,.F.);
#4520 = EDGE_CURVE('',#4521,#4513,#4523,.T.);
#4521 = VERTEX_POINT('',#4522);
#4522 = CARTESIAN_POINT('',(2.781185842871,4.E-02,-2.527028166219));
#4523 = LINE('',#4524,#4525);
#4524 = CARTESIAN_POINT('',(2.781185842871,4.E-02,-2.527028166219));
#4525 = VECTOR('',#4526,1.);
#4526 = DIRECTION('',(-0.866025403779,0.,-0.500000000009));
#4527 = ORIENTED_EDGE('',*,*,#4528,.F.);
#4528 = EDGE_CURVE('',#4503,#4521,#4529,.T.);
#4529 = LINE('',#4530,#4531);
#4530 = CARTESIAN_POINT('',(2.781185842871,3.E-02,-2.527028166219));
#4531 = VECTOR('',#4532,1.);
#4532 = DIRECTION('',(0.,1.,0.));
#4533 = PLANE('',#4534);
#4534 = AXIS2_PLACEMENT_3D('',#4535,#4536,#4537);
#4535 = CARTESIAN_POINT('',(2.781185842871,3.E-02,-2.527028166219));
#4536 = DIRECTION('',(0.500000000009,0.,-0.866025403779));
#4537 = DIRECTION('',(-0.866025403779,0.,-0.500000000009));
#4538 = ADVANCED_FACE('',(#4539),#4564,.T.);
#4539 = FACE_BOUND('',#4540,.T.);
#4540 = EDGE_LOOP('',(#4541,#4549,#4550,#4558));
#4541 = ORIENTED_EDGE('',*,*,#4542,.T.);
#4542 = EDGE_CURVE('',#4543,#4503,#4545,.T.);
#4543 = VERTEX_POINT('',#4544);
#4544 = CARTESIAN_POINT('',(2.72918584287,3.E-02,-2.436961524226));
#4545 = LINE('',#4546,#4547);
#4546 = CARTESIAN_POINT('',(2.72918584287,3.E-02,-2.436961524226));
#4547 = VECTOR('',#4548,1.);
#4548 = DIRECTION('',(0.500000000009,0.,-0.866025403779));
#4549 = ORIENTED_EDGE('',*,*,#4528,.T.);
#4550 = ORIENTED_EDGE('',*,*,#4551,.F.);
#4551 = EDGE_CURVE('',#4552,#4521,#4554,.T.);
#4552 = VERTEX_POINT('',#4553);
#4553 = CARTESIAN_POINT('',(2.72918584287,4.E-02,-2.436961524226));
#4554 = LINE('',#4555,#4556);
#4555 = CARTESIAN_POINT('',(2.72918584287,4.E-02,-2.436961524226));
#4556 = VECTOR('',#4557,1.);
#4557 = DIRECTION('',(0.500000000009,0.,-0.866025403779));
#4558 = ORIENTED_EDGE('',*,*,#4559,.F.);
#4559 = EDGE_CURVE('',#4543,#4552,#4560,.T.);
#4560 = LINE('',#4561,#4562);
#4561 = CARTESIAN_POINT('',(2.72918584287,3.E-02,-2.436961524226));
#4562 = VECTOR('',#4563,1.);
#4563 = DIRECTION('',(0.,1.,0.));
#4564 = PLANE('',#4565);
#4565 = AXIS2_PLACEMENT_3D('',#4566,#4567,#4568);
#4566 = CARTESIAN_POINT('',(2.72918584287,3.E-02,-2.436961524226));
#4567 = DIRECTION('',(0.866025403779,0.,0.500000000009));
#4568 = DIRECTION('',(0.500000000009,0.,-0.866025403779));
#4569 = ADVANCED_FACE('',(#4570),#4595,.T.);
#4570 = FACE_BOUND('',#4571,.T.);
#4571 = EDGE_LOOP('',(#4572,#4580,#4581,#4589));
#4572 = ORIENTED_EDGE('',*,*,#4573,.T.);
#4573 = EDGE_CURVE('',#4574,#4543,#4576,.T.);
#4574 = VERTEX_POINT('',#4575);
#4575 = CARTESIAN_POINT('',(2.668564064606,3.E-02,-2.471961524226));
#4576 = LINE('',#4577,#4578);
#4577 = CARTESIAN_POINT('',(2.668564064606,3.E-02,-2.471961524226));
#4578 = VECTOR('',#4579,1.);
#4579 = DIRECTION('',(0.866025403779,0.,0.500000000009));
#4580 = ORIENTED_EDGE('',*,*,#4559,.T.);
#4581 = ORIENTED_EDGE('',*,*,#4582,.F.);
#4582 = EDGE_CURVE('',#4583,#4552,#4585,.T.);
#4583 = VERTEX_POINT('',#4584);
#4584 = CARTESIAN_POINT('',(2.668564064606,4.E-02,-2.471961524226));
#4585 = LINE('',#4586,#4587);
#4586 = CARTESIAN_POINT('',(2.668564064606,4.E-02,-2.471961524226));
#4587 = VECTOR('',#4588,1.);
#4588 = DIRECTION('',(0.866025403779,0.,0.500000000009));
#4589 = ORIENTED_EDGE('',*,*,#4590,.F.);
#4590 = EDGE_CURVE('',#4574,#4583,#4591,.T.);
#4591 = LINE('',#4592,#4593);
#4592 = CARTESIAN_POINT('',(2.668564064606,3.E-02,-2.471961524226));
#4593 = VECTOR('',#4594,1.);
#4594 = DIRECTION('',(0.,1.,0.));
#4595 = PLANE('',#4596);
#4596 = AXIS2_PLACEMENT_3D('',#4597,#4598,#4599);
#4597 = CARTESIAN_POINT('',(2.668564064606,3.E-02,-2.471961524226));
#4598 = DIRECTION('',(-0.500000000009,0.,0.866025403779));
#4599 = DIRECTION('',(0.866025403779,0.,0.500000000009));
#4600 = ADVANCED_FACE('',(#4601),#4617,.T.);
#4601 = FACE_BOUND('',#4602,.T.);
#4602 = EDGE_LOOP('',(#4603,#4609,#4610,#4616));
#4603 = ORIENTED_EDGE('',*,*,#4604,.T.);
#4604 = EDGE_CURVE('',#4505,#4574,#4605,.T.);
#4605 = LINE('',#4606,#4607);
#4606 = CARTESIAN_POINT('',(2.720564064607,3.E-02,-2.562028166219));
#4607 = VECTOR('',#4608,1.);
#4608 = DIRECTION('',(-0.500000000009,0.,0.866025403779));
#4609 = ORIENTED_EDGE('',*,*,#4590,.T.);
#4610 = ORIENTED_EDGE('',*,*,#4611,.F.);
#4611 = EDGE_CURVE('',#4513,#4583,#4612,.T.);
#4612 = LINE('',#4613,#4614);
#4613 = CARTESIAN_POINT('',(2.720564064607,4.E-02,-2.562028166219));
#4614 = VECTOR('',#4615,1.);
#4615 = DIRECTION('',(-0.500000000009,0.,0.866025403779));
#4616 = ORIENTED_EDGE('',*,*,#4512,.F.);
#4617 = PLANE('',#4618);
#4618 = AXIS2_PLACEMENT_3D('',#4619,#4620,#4621);
#4619 = CARTESIAN_POINT('',(2.720564064607,3.E-02,-2.562028166219));
#4620 = DIRECTION('',(-0.866025403779,0.,-0.500000000009));
#4621 = DIRECTION('',(-0.500000000009,0.,0.866025403779));
#4622 = ADVANCED_FACE('',(#4623),#4629,.T.);
#4623 = FACE_BOUND('',#4624,.T.);
#4624 = EDGE_LOOP('',(#4625,#4626,#4627,#4628));
#4625 = ORIENTED_EDGE('',*,*,#4611,.T.);
#4626 = ORIENTED_EDGE('',*,*,#4582,.T.);
#4627 = ORIENTED_EDGE('',*,*,#4551,.T.);
#4628 = ORIENTED_EDGE('',*,*,#4520,.T.);
#4629 = PLANE('',#4630);
#4630 = AXIS2_PLACEMENT_3D('',#4631,#4632,#4633);
#4631 = CARTESIAN_POINT('',(2.724874953739,4.E-02,-2.499494845222));
#4632 = DIRECTION('',(0.,1.,0.));
#4633 = DIRECTION('',(0.,-0.,1.));
#4634 = ADVANCED_FACE('',(#4635),#4641,.F.);
#4635 = FACE_BOUND('',#4636,.T.);
#4636 = EDGE_LOOP('',(#4637,#4638,#4639,#4640));
#4637 = ORIENTED_EDGE('',*,*,#4604,.F.);
#4638 = ORIENTED_EDGE('',*,*,#4502,.F.);
#4639 = ORIENTED_EDGE('',*,*,#4542,.F.);
#4640 = ORIENTED_EDGE('',*,*,#4573,.F.);
#4641 = PLANE('',#4642);
#4642 = AXIS2_PLACEMENT_3D('',#4643,#4644,#4645);
#4643 = CARTESIAN_POINT('',(2.724874953739,3.E-02,-2.499494845222));
#4644 = DIRECTION('',(0.,1.,0.));
#4645 = DIRECTION('',(1.,0.,0.));
#4646 = ( GEOMETRIC_REPRESENTATION_CONTEXT(3) 
GLOBAL_UNCERTAINTY_ASSIGNED_CONTEXT((#4650)) 
GLOBAL_UNIT_ASSIGNED_CONTEXT((#4647,#4648,#4649)) REPRESENTATION_CONTEXT
('Context #1','3D Context with UNIT and UNCERTAINTY') );
#4647 = ( LENGTH_UNIT() NAMED_UNIT(*) SI_UNIT(.MILLI.,.METRE.) );
#4648 = ( NAMED_UNIT(*) PLANE_ANGLE_UNIT() SI_UNIT($,.RADIAN.) );
#4649 = ( NAMED_UNIT(*) SI_UNIT($,.STERADIAN.) SOLID_ANGLE_UNIT() );
#4650 = UNCERTAINTY_MEASURE_WITH_UNIT(LENGTH_MEASURE(1.E-07),#4647,
  'distance_accuracy_value','confusion accuracy');
#4651 = CONTEXT_DEPENDENT_SHAPE_REPRESENTATION(#4652,#4654);
#4652 = ( REPRESENTATION_RELATIONSHIP('','',#4495,#10) 
REPRESENTATION_RELATIONSHIP_WITH_TRANSFORMATION(#4653) 
SHAPE_REPRESENTATION_RELATIONSHIP() );
#4653 = ITEM_DEFINED_TRANSFORMATION('','',#11,#111);
#4654 = PRODUCT_DEFINITION_SHAPE('Placement','Placement of an item',
  #4655);
#4655 = NEXT_ASSEMBLY_USAGE_OCCURRENCE('25','Y-junction v034','',#5,
  #4490,$);
#4656 = PRODUCT_RELATED_PRODUCT_CATEGORY('part',$,(#4492));
#4657 = SHAPE_DEFINITION_REPRESENTATION(#4658,#4664);
#4658 = PRODUCT_DEFINITION_SHAPE('','',#4659);
#4659 = PRODUCT_DEFINITION('design','',#4660,#4663);
#4660 = PRODUCT_DEFINITION_FORMATION('','',#4661);
#4661 = PRODUCT('Y-junction v023','Y-junction v023','',(#4662));
#4662 = PRODUCT_CONTEXT('',#2,'mechanical');
#4663 = PRODUCT_DEFINITION_CONTEXT('part definition',#2,'design');
#4664 = ADVANCED_BREP_SHAPE_REPRESENTATION('',(#11,#4665),#4815);
#4665 = MANIFOLD_SOLID_BREP('',#4666);
#4666 = CLOSED_SHELL('',(#4667,#4707,#4738,#4769,#4791,#4803));
#4667 = ADVANCED_FACE('',(#4668),#4702,.T.);
#4668 = FACE_BOUND('',#4669,.T.);
#4669 = EDGE_LOOP('',(#4670,#4680,#4688,#4696));
#4670 = ORIENTED_EDGE('',*,*,#4671,.T.);
#4671 = EDGE_CURVE('',#4672,#4674,#4676,.T.);
#4672 = VERTEX_POINT('',#4673);
#4673 = CARTESIAN_POINT('',(2.733515969889,3.E-02,-2.434461524226));
#4674 = VERTEX_POINT('',#4675);
#4675 = CARTESIAN_POINT('',(2.794137748154,3.E-02,-2.399461524225));
#4676 = LINE('',#4677,#4678);
#4677 = CARTESIAN_POINT('',(2.733515969889,3.E-02,-2.434461524226));
#4678 = VECTOR('',#4679,1.);
#4679 = DIRECTION('',(0.866025403779,0.,0.500000000009));
#4680 = ORIENTED_EDGE('',*,*,#4681,.T.);
#4681 = EDGE_CURVE('',#4674,#4682,#4684,.T.);
#4682 = VERTEX_POINT('',#4683);
#4683 = CARTESIAN_POINT('',(2.794137748154,4.E-02,-2.399461524225));
#4684 = LINE('',#4685,#4686);
#4685 = CARTESIAN_POINT('',(2.794137748154,3.E-02,-2.399461524225));
#4686 = VECTOR('',#4687,1.);
#4687 = DIRECTION('',(0.,1.,0.));
#4688 = ORIENTED_EDGE('',*,*,#4689,.F.);
#4689 = EDGE_CURVE('',#4690,#4682,#4692,.T.);
#4690 = VERTEX_POINT('',#4691);
#4691 = CARTESIAN_POINT('',(2.733515969889,4.E-02,-2.434461524226));
#4692 = LINE('',#4693,#4694);
#4693 = CARTESIAN_POINT('',(2.733515969889,4.E-02,-2.434461524226));
#4694 = VECTOR('',#4695,1.);
#4695 = DIRECTION('',(0.866025403779,0.,0.500000000009));
#4696 = ORIENTED_EDGE('',*,*,#4697,.F.);
#4697 = EDGE_CURVE('',#4672,#4690,#4698,.T.);
#4698 = LINE('',#4699,#4700);
#4699 = CARTESIAN_POINT('',(2.733515969889,3.E-02,-2.434461524226));
#4700 = VECTOR('',#4701,1.);
#4701 = DIRECTION('',(0.,1.,0.));
#4702 = PLANE('',#4703);
#4703 = AXIS2_PLACEMENT_3D('',#4704,#4705,#4706);
#4704 = CARTESIAN_POINT('',(2.733515969889,3.E-02,-2.434461524226));
#4705 = DIRECTION('',(-0.500000000009,0.,0.866025403779));
#4706 = DIRECTION('',(0.866025403779,0.,0.500000000009));
#4707 = ADVANCED_FACE('',(#4708),#4733,.T.);
#4708 = FACE_BOUND('',#4709,.T.);
#4709 = EDGE_LOOP('',(#4710,#4718,#4719,#4727));
#4710 = ORIENTED_EDGE('',*,*,#4711,.T.);
#4711 = EDGE_CURVE('',#4712,#4672,#4714,.T.);
#4712 = VERTEX_POINT('',#4713);
#4713 = CARTESIAN_POINT('',(2.78551596989,3.E-02,-2.524528166219));
#4714 = LINE('',#4715,#4716);
#4715 = CARTESIAN_POINT('',(2.78551596989,3.E-02,-2.524528166219));
#4716 = VECTOR('',#4717,1.);
#4717 = DIRECTION('',(-0.500000000009,0.,0.866025403779));
#4718 = ORIENTED_EDGE('',*,*,#4697,.T.);
#4719 = ORIENTED_EDGE('',*,*,#4720,.F.);
#4720 = EDGE_CURVE('',#4721,#4690,#4723,.T.);
#4721 = VERTEX_POINT('',#4722);
#4722 = CARTESIAN_POINT('',(2.78551596989,4.E-02,-2.524528166219));
#4723 = LINE('',#4724,#4725);
#4724 = CARTESIAN_POINT('',(2.78551596989,4.E-02,-2.524528166219));
#4725 = VECTOR('',#4726,1.);
#4726 = DIRECTION('',(-0.500000000009,0.,0.866025403779));
#4727 = ORIENTED_EDGE('',*,*,#4728,.F.);
#4728 = EDGE_CURVE('',#4712,#4721,#4729,.T.);
#4729 = LINE('',#4730,#4731);
#4730 = CARTESIAN_POINT('',(2.78551596989,3.E-02,-2.524528166219));
#4731 = VECTOR('',#4732,1.);
#4732 = DIRECTION('',(0.,1.,0.));
#4733 = PLANE('',#4734);
#4734 = AXIS2_PLACEMENT_3D('',#4735,#4736,#4737);
#4735 = CARTESIAN_POINT('',(2.78551596989,3.E-02,-2.524528166219));
#4736 = DIRECTION('',(-0.866025403779,0.,-0.500000000009));
#4737 = DIRECTION('',(-0.500000000009,0.,0.866025403779));
#4738 = ADVANCED_FACE('',(#4739),#4764,.T.);
#4739 = FACE_BOUND('',#4740,.T.);
#4740 = EDGE_LOOP('',(#4741,#4749,#4750,#4758));
#4741 = ORIENTED_EDGE('',*,*,#4742,.T.);
#4742 = EDGE_CURVE('',#4743,#4712,#4745,.T.);
#4743 = VERTEX_POINT('',#4744);
#4744 = CARTESIAN_POINT('',(2.846137748155,3.E-02,-2.489528166218));
#4745 = LINE('',#4746,#4747);
#4746 = CARTESIAN_POINT('',(2.846137748155,3.E-02,-2.489528166218));
#4747 = VECTOR('',#4748,1.);
#4748 = DIRECTION('',(-0.866025403779,0.,-0.500000000009));
#4749 = ORIENTED_EDGE('',*,*,#4728,.T.);
#4750 = ORIENTED_EDGE('',*,*,#4751,.F.);
#4751 = EDGE_CURVE('',#4752,#4721,#4754,.T.);
#4752 = VERTEX_POINT('',#4753);
#4753 = CARTESIAN_POINT('',(2.846137748155,4.E-02,-2.489528166218));
#4754 = LINE('',#4755,#4756);
#4755 = CARTESIAN_POINT('',(2.846137748155,4.E-02,-2.489528166218));
#4756 = VECTOR('',#4757,1.);
#4757 = DIRECTION('',(-0.866025403779,0.,-0.500000000009));
#4758 = ORIENTED_EDGE('',*,*,#4759,.F.);
#4759 = EDGE_CURVE('',#4743,#4752,#4760,.T.);
#4760 = LINE('',#4761,#4762);
#4761 = CARTESIAN_POINT('',(2.846137748155,3.E-02,-2.489528166218));
#4762 = VECTOR('',#4763,1.);
#4763 = DIRECTION('',(0.,1.,0.));
#4764 = PLANE('',#4765);
#4765 = AXIS2_PLACEMENT_3D('',#4766,#4767,#4768);
#4766 = CARTESIAN_POINT('',(2.846137748155,3.E-02,-2.489528166218));
#4767 = DIRECTION('',(0.500000000009,0.,-0.866025403779));
#4768 = DIRECTION('',(-0.866025403779,0.,-0.500000000009));
#4769 = ADVANCED_FACE('',(#4770),#4786,.T.);
#4770 = FACE_BOUND('',#4771,.T.);
#4771 = EDGE_LOOP('',(#4772,#4778,#4779,#4785));
#4772 = ORIENTED_EDGE('',*,*,#4773,.T.);
#4773 = EDGE_CURVE('',#4674,#4743,#4774,.T.);
#4774 = LINE('',#4775,#4776);
#4775 = CARTESIAN_POINT('',(2.794137748154,3.E-02,-2.399461524225));
#4776 = VECTOR('',#4777,1.);
#4777 = DIRECTION('',(0.500000000009,0.,-0.866025403779));
#4778 = ORIENTED_EDGE('',*,*,#4759,.T.);
#4779 = ORIENTED_EDGE('',*,*,#4780,.F.);
#4780 = EDGE_CURVE('',#4682,#4752,#4781,.T.);
#4781 = LINE('',#4782,#4783);
#4782 = CARTESIAN_POINT('',(2.794137748154,4.E-02,-2.399461524225));
#4783 = VECTOR('',#4784,1.);
#4784 = DIRECTION('',(0.500000000009,0.,-0.866025403779));
#4785 = ORIENTED_EDGE('',*,*,#4681,.F.);
#4786 = PLANE('',#4787);
#4787 = AXIS2_PLACEMENT_3D('',#4788,#4789,#4790);
#4788 = CARTESIAN_POINT('',(2.794137748154,3.E-02,-2.399461524225));
#4789 = DIRECTION('',(0.866025403779,0.,0.500000000009));
#4790 = DIRECTION('',(0.500000000009,0.,-0.866025403779));
#4791 = ADVANCED_FACE('',(#4792),#4798,.T.);
#4792 = FACE_BOUND('',#4793,.T.);
#4793 = EDGE_LOOP('',(#4794,#4795,#4796,#4797));
#4794 = ORIENTED_EDGE('',*,*,#4780,.T.);
#4795 = ORIENTED_EDGE('',*,*,#4751,.T.);
#4796 = ORIENTED_EDGE('',*,*,#4720,.T.);
#4797 = ORIENTED_EDGE('',*,*,#4689,.T.);
#4798 = PLANE('',#4799);
#4799 = AXIS2_PLACEMENT_3D('',#4800,#4801,#4802);
#4800 = CARTESIAN_POINT('',(2.789826859022,4.E-02,-2.461994845222));
#4801 = DIRECTION('',(0.,1.,0.));
#4802 = DIRECTION('',(0.,-0.,1.));
#4803 = ADVANCED_FACE('',(#4804),#4810,.F.);
#4804 = FACE_BOUND('',#4805,.T.);
#4805 = EDGE_LOOP('',(#4806,#4807,#4808,#4809));
#4806 = ORIENTED_EDGE('',*,*,#4773,.F.);
#4807 = ORIENTED_EDGE('',*,*,#4671,.F.);
#4808 = ORIENTED_EDGE('',*,*,#4711,.F.);
#4809 = ORIENTED_EDGE('',*,*,#4742,.F.);
#4810 = PLANE('',#4811);
#4811 = AXIS2_PLACEMENT_3D('',#4812,#4813,#4814);
#4812 = CARTESIAN_POINT('',(2.789826859022,3.E-02,-2.461994845222));
#4813 = DIRECTION('',(0.,1.,0.));
#4814 = DIRECTION('',(1.,0.,0.));
#4815 = ( GEOMETRIC_REPRESENTATION_CONTEXT(3) 
GLOBAL_UNCERTAINTY_ASSIGNED_CONTEXT((#4819)) 
GLOBAL_UNIT_ASSIGNED_CONTEXT((#4816,#4817,#4818)) REPRESENTATION_CONTEXT
('Context #1','3D Context with UNIT and UNCERTAINTY') );
#4816 = ( LENGTH_UNIT() NAMED_UNIT(*) SI_UNIT(.MILLI.,.METRE.) );
#4817 = ( NAMED_UNIT(*) PLANE_ANGLE_UNIT() SI_UNIT($,.RADIAN.) );
#4818 = ( NAMED_UNIT(*) SI_UNIT($,.STERADIAN.) SOLID_ANGLE_UNIT() );
#4819 = UNCERTAINTY_MEASURE_WITH_UNIT(LENGTH_MEASURE(1.E-07),#4816,
  'distance_accuracy_value','confusion accuracy');
#4820 = CONTEXT_DEPENDENT_SHAPE_REPRESENTATION(#4821,#4823);
#4821 = ( REPRESENTATION_RELATIONSHIP('','',#4664,#10) 
REPRESENTATION_RELATIONSHIP_WITH_TRANSFORMATION(#4822) 
SHAPE_REPRESENTATION_RELATIONSHIP() );
#4822 = ITEM_DEFINED_TRANSFORMATION('','',#11,#115);
#4823 = PRODUCT_DEFINITION_SHAPE('Placement','Placement of an item',
  #4824);
#4824 = NEXT_ASSEMBLY_USAGE_OCCURRENCE('26','Y-junction v023','',#5,
  #4659,$);
#4825 = PRODUCT_RELATED_PRODUCT_CATEGORY('part',$,(#4661));
#4826 = SHAPE_DEFINITION_REPRESENTATION(#4827,#4833);
#4827 = PRODUCT_DEFINITION_SHAPE('','',#4828);
#4828 = PRODUCT_DEFINITION('design','',#4829,#4832);
#4829 = PRODUCT_DEFINITION_FORMATION('','',#4830);
#4830 = PRODUCT('Y-junction v11','Y-junction v11','',(#4831));
#4831 = PRODUCT_CONTEXT('',#2,'mechanical');
#4832 = PRODUCT_DEFINITION_CONTEXT('part definition',#2,'design');
#4833 = ADVANCED_BREP_SHAPE_REPRESENTATION('',(#11,#4834),#4984);
#4834 = MANIFOLD_SOLID_BREP('',#4835);
#4835 = CLOSED_SHELL('',(#4836,#4876,#4907,#4938,#4960,#4972));
#4836 = ADVANCED_FACE('',(#4837),#4871,.T.);
#4837 = FACE_BOUND('',#4838,.T.);
#4838 = EDGE_LOOP('',(#4839,#4849,#4857,#4865));
#4839 = ORIENTED_EDGE('',*,*,#4840,.T.);
#4840 = EDGE_CURVE('',#4841,#4843,#4845,.T.);
#4841 = VERTEX_POINT('',#4842);
#4842 = CARTESIAN_POINT('',(2.859089653437,3.E-02,-2.361961524224));
#4843 = VERTEX_POINT('',#4844);
#4844 = CARTESIAN_POINT('',(2.911089653438,3.E-02,-2.452028166217));
#4845 = LINE('',#4846,#4847);
#4846 = CARTESIAN_POINT('',(2.859089653437,3.E-02,-2.361961524224));
#4847 = VECTOR('',#4848,1.);
#4848 = DIRECTION('',(0.500000000009,0.,-0.866025403779));
#4849 = ORIENTED_EDGE('',*,*,#4850,.T.);
#4850 = EDGE_CURVE('',#4843,#4851,#4853,.T.);
#4851 = VERTEX_POINT('',#4852);
#4852 = CARTESIAN_POINT('',(2.911089653438,4.E-02,-2.452028166217));
#4853 = LINE('',#4854,#4855);
#4854 = CARTESIAN_POINT('',(2.911089653438,3.E-02,-2.452028166217));
#4855 = VECTOR('',#4856,1.);
#4856 = DIRECTION('',(0.,1.,0.));
#4857 = ORIENTED_EDGE('',*,*,#4858,.F.);
#4858 = EDGE_CURVE('',#4859,#4851,#4861,.T.);
#4859 = VERTEX_POINT('',#4860);
#4860 = CARTESIAN_POINT('',(2.859089653437,4.E-02,-2.361961524224));
#4861 = LINE('',#4862,#4863);
#4862 = CARTESIAN_POINT('',(2.859089653437,4.E-02,-2.361961524224));
#4863 = VECTOR('',#4864,1.);
#4864 = DIRECTION('',(0.500000000009,0.,-0.866025403779));
#4865 = ORIENTED_EDGE('',*,*,#4866,.F.);
#4866 = EDGE_CURVE('',#4841,#4859,#4867,.T.);
#4867 = LINE('',#4868,#4869);
#4868 = CARTESIAN_POINT('',(2.859089653437,3.E-02,-2.361961524224));
#4869 = VECTOR('',#4870,1.);
#4870 = DIRECTION('',(0.,1.,0.));
#4871 = PLANE('',#4872);
#4872 = AXIS2_PLACEMENT_3D('',#4873,#4874,#4875);
#4873 = CARTESIAN_POINT('',(2.859089653437,3.E-02,-2.361961524224));
#4874 = DIRECTION('',(0.866025403779,0.,0.500000000009));
#4875 = DIRECTION('',(0.500000000009,0.,-0.866025403779));
#4876 = ADVANCED_FACE('',(#4877),#4902,.T.);
#4877 = FACE_BOUND('',#4878,.T.);
#4878 = EDGE_LOOP('',(#4879,#4887,#4888,#4896));
#4879 = ORIENTED_EDGE('',*,*,#4880,.T.);
#4880 = EDGE_CURVE('',#4881,#4841,#4883,.T.);
#4881 = VERTEX_POINT('',#4882);
#4882 = CARTESIAN_POINT('',(2.798467875173,3.E-02,-2.396961524225));
#4883 = LINE('',#4884,#4885);
#4884 = CARTESIAN_POINT('',(2.798467875173,3.E-02,-2.396961524225));
#4885 = VECTOR('',#4886,1.);
#4886 = DIRECTION('',(0.866025403779,0.,0.500000000009));
#4887 = ORIENTED_EDGE('',*,*,#4866,.T.);
#4888 = ORIENTED_EDGE('',*,*,#4889,.F.);
#4889 = EDGE_CURVE('',#4890,#4859,#4892,.T.);
#4890 = VERTEX_POINT('',#4891);
#4891 = CARTESIAN_POINT('',(2.798467875173,4.E-02,-2.396961524225));
#4892 = LINE('',#4893,#4894);
#4893 = CARTESIAN_POINT('',(2.798467875173,4.E-02,-2.396961524225));
#4894 = VECTOR('',#4895,1.);
#4895 = DIRECTION('',(0.866025403779,0.,0.500000000009));
#4896 = ORIENTED_EDGE('',*,*,#4897,.F.);
#4897 = EDGE_CURVE('',#4881,#4890,#4898,.T.);
#4898 = LINE('',#4899,#4900);
#4899 = CARTESIAN_POINT('',(2.798467875173,3.E-02,-2.396961524225));
#4900 = VECTOR('',#4901,1.);
#4901 = DIRECTION('',(0.,1.,0.));
#4902 = PLANE('',#4903);
#4903 = AXIS2_PLACEMENT_3D('',#4904,#4905,#4906);
#4904 = CARTESIAN_POINT('',(2.798467875173,3.E-02,-2.396961524225));
#4905 = DIRECTION('',(-0.500000000009,0.,0.866025403779));
#4906 = DIRECTION('',(0.866025403779,0.,0.500000000009));
#4907 = ADVANCED_FACE('',(#4908),#4933,.T.);
#4908 = FACE_BOUND('',#4909,.T.);
#4909 = EDGE_LOOP('',(#4910,#4918,#4919,#4927));
#4910 = ORIENTED_EDGE('',*,*,#4911,.T.);
#4911 = EDGE_CURVE('',#4912,#4881,#4914,.T.);
#4912 = VERTEX_POINT('',#4913);
#4913 = CARTESIAN_POINT('',(2.850467875174,3.E-02,-2.487028166218));
#4914 = LINE('',#4915,#4916);
#4915 = CARTESIAN_POINT('',(2.850467875174,3.E-02,-2.487028166218));
#4916 = VECTOR('',#4917,1.);
#4917 = DIRECTION('',(-0.500000000009,0.,0.866025403779));
#4918 = ORIENTED_EDGE('',*,*,#4897,.T.);
#4919 = ORIENTED_EDGE('',*,*,#4920,.F.);
#4920 = EDGE_CURVE('',#4921,#4890,#4923,.T.);
#4921 = VERTEX_POINT('',#4922);
#4922 = CARTESIAN_POINT('',(2.850467875174,4.E-02,-2.487028166218));
#4923 = LINE('',#4924,#4925);
#4924 = CARTESIAN_POINT('',(2.850467875174,4.E-02,-2.487028166218));
#4925 = VECTOR('',#4926,1.);
#4926 = DIRECTION('',(-0.500000000009,0.,0.866025403779));
#4927 = ORIENTED_EDGE('',*,*,#4928,.F.);
#4928 = EDGE_CURVE('',#4912,#4921,#4929,.T.);
#4929 = LINE('',#4930,#4931);
#4930 = CARTESIAN_POINT('',(2.850467875174,3.E-02,-2.487028166218));
#4931 = VECTOR('',#4932,1.);
#4932 = DIRECTION('',(0.,1.,0.));
#4933 = PLANE('',#4934);
#4934 = AXIS2_PLACEMENT_3D('',#4935,#4936,#4937);
#4935 = CARTESIAN_POINT('',(2.850467875174,3.E-02,-2.487028166218));
#4936 = DIRECTION('',(-0.866025403779,0.,-0.500000000009));
#4937 = DIRECTION('',(-0.500000000009,0.,0.866025403779));
#4938 = ADVANCED_FACE('',(#4939),#4955,.T.);
#4939 = FACE_BOUND('',#4940,.T.);
#4940 = EDGE_LOOP('',(#4941,#4947,#4948,#4954));
#4941 = ORIENTED_EDGE('',*,*,#4942,.T.);
#4942 = EDGE_CURVE('',#4843,#4912,#4943,.T.);
#4943 = LINE('',#4944,#4945);
#4944 = CARTESIAN_POINT('',(2.911089653438,3.E-02,-2.452028166217));
#4945 = VECTOR('',#4946,1.);
#4946 = DIRECTION('',(-0.866025403779,0.,-0.500000000009));
#4947 = ORIENTED_EDGE('',*,*,#4928,.T.);
#4948 = ORIENTED_EDGE('',*,*,#4949,.F.);
#4949 = EDGE_CURVE('',#4851,#4921,#4950,.T.);
#4950 = LINE('',#4951,#4952);
#4951 = CARTESIAN_POINT('',(2.911089653438,4.E-02,-2.452028166217));
#4952 = VECTOR('',#4953,1.);
#4953 = DIRECTION('',(-0.866025403779,0.,-0.500000000009));
#4954 = ORIENTED_EDGE('',*,*,#4850,.F.);
#4955 = PLANE('',#4956);
#4956 = AXIS2_PLACEMENT_3D('',#4957,#4958,#4959);
#4957 = CARTESIAN_POINT('',(2.911089653438,3.E-02,-2.452028166217));
#4958 = DIRECTION('',(0.500000000009,0.,-0.866025403779));
#4959 = DIRECTION('',(-0.866025403779,0.,-0.500000000009));
#4960 = ADVANCED_FACE('',(#4961),#4967,.T.);
#4961 = FACE_BOUND('',#4962,.T.);
#4962 = EDGE_LOOP('',(#4963,#4964,#4965,#4966));
#4963 = ORIENTED_EDGE('',*,*,#4949,.T.);
#4964 = ORIENTED_EDGE('',*,*,#4920,.T.);
#4965 = ORIENTED_EDGE('',*,*,#4889,.T.);
#4966 = ORIENTED_EDGE('',*,*,#4858,.T.);
#4967 = PLANE('',#4968);
#4968 = AXIS2_PLACEMENT_3D('',#4969,#4970,#4971);
#4969 = CARTESIAN_POINT('',(2.854778764305,4.E-02,-2.424494845221));
#4970 = DIRECTION('',(0.,1.,0.));
#4971 = DIRECTION('',(0.,-0.,1.));
#4972 = ADVANCED_FACE('',(#4973),#4979,.F.);
#4973 = FACE_BOUND('',#4974,.T.);
#4974 = EDGE_LOOP('',(#4975,#4976,#4977,#4978));
#4975 = ORIENTED_EDGE('',*,*,#4942,.F.);
#4976 = ORIENTED_EDGE('',*,*,#4840,.F.);
#4977 = ORIENTED_EDGE('',*,*,#4880,.F.);
#4978 = ORIENTED_EDGE('',*,*,#4911,.F.);
#4979 = PLANE('',#4980);
#4980 = AXIS2_PLACEMENT_3D('',#4981,#4982,#4983);
#4981 = CARTESIAN_POINT('',(2.854778764305,3.E-02,-2.424494845221));
#4982 = DIRECTION('',(0.,1.,0.));
#4983 = DIRECTION('',(1.,0.,0.));
#4984 = ( GEOMETRIC_REPRESENTATION_CONTEXT(3) 
GLOBAL_UNCERTAINTY_ASSIGNED_CONTEXT((#4988)) 
GLOBAL_UNIT_ASSIGNED_CONTEXT((#4985,#4986,#4987)) REPRESENTATION_CONTEXT
('Context #1','3D Context with UNIT and UNCERTAINTY') );
#4985 = ( LENGTH_UNIT() NAMED_UNIT(*) SI_UNIT(.MILLI.,.METRE.) );
#4986 = ( NAMED_UNIT(*) PLANE_ANGLE_UNIT() SI_UNIT($,.RADIAN.) );
#4987 = ( NAMED_UNIT(*) SI_UNIT($,.STERADIAN.) SOLID_ANGLE_UNIT() );
#4988 = UNCERTAINTY_MEASURE_WITH_UNIT(LENGTH_MEASURE(1.E-07),#4985,
  'distance_accuracy_value','confusion accuracy');
#4989 = CONTEXT_DEPENDENT_SHAPE_REPRESENTATION(#4990,#4992);
#4990 = ( REPRESENTATION_RELATIONSHIP('','',#4833,#10) 
REPRESENTATION_RELATIONSHIP_WITH_TRANSFORMATION(#4991) 
SHAPE_REPRESENTATION_RELATIONSHIP() );
#4991 = ITEM_DEFINED_TRANSFORMATION('','',#11,#119);
#4992 = PRODUCT_DEFINITION_SHAPE('Placement','Placement of an item',
  #4993);
#4993 = NEXT_ASSEMBLY_USAGE_OCCURRENCE('27','Y-junction v11','',#5,#4828
  ,$);
#4994 = PRODUCT_RELATED_PRODUCT_CATEGORY('part',$,(#4830));
#4995 = MECHANICAL_DESIGN_GEOMETRIC_PRESENTATION_REPRESENTATION('',(
    #4996),#1233);
#4996 = STYLED_ITEM('color',(#4997),#1083);
#4997 = PRESENTATION_STYLE_ASSIGNMENT((#4998,#5004));
#4998 = SURFACE_STYLE_USAGE(.BOTH.,#4999);
#4999 = SURFACE_SIDE_STYLE('',(#5000));
#5000 = SURFACE_STYLE_FILL_AREA(#5001);
#5001 = FILL_AREA_STYLE('',(#5002));
#5002 = FILL_AREA_STYLE_COLOUR('',#5003);
#5003 = COLOUR_RGB('',0.627451011593,0.627451011593,0.627451011593);
#5004 = CURVE_STYLE('',#5005,POSITIVE_LENGTH_MEASURE(0.1),#5006);
#5005 = DRAUGHTING_PRE_DEFINED_CURVE_FONT('continuous');
#5006 = COLOUR_RGB('',9.803921802644E-02,9.803921802644E-02,
  9.803921802644E-02);
#5007 = MECHANICAL_DESIGN_GEOMETRIC_PRESENTATION_REPRESENTATION('',(
    #5008),#1740);
#5008 = STYLED_ITEM('color',(#5009),#1590);
#5009 = PRESENTATION_STYLE_ASSIGNMENT((#5010,#5015));
#5010 = SURFACE_STYLE_USAGE(.BOTH.,#5011);
#5011 = SURFACE_SIDE_STYLE('',(#5012));
#5012 = SURFACE_STYLE_FILL_AREA(#5013);
#5013 = FILL_AREA_STYLE('',(#5014));
#5014 = FILL_AREA_STYLE_COLOUR('',#5003);
#5015 = CURVE_STYLE('',#5016,POSITIVE_LENGTH_MEASURE(0.1),#5006);
#5016 = DRAUGHTING_PRE_DEFINED_CURVE_FONT('continuous');
#5017 = MECHANICAL_DESIGN_GEOMETRIC_PRESENTATION_REPRESENTATION('',(
    #5018),#4984);
#5018 = STYLED_ITEM('color',(#5019),#4834);
#5019 = PRESENTATION_STYLE_ASSIGNMENT((#5020,#5025));
#5020 = SURFACE_STYLE_USAGE(.BOTH.,#5021);
#5021 = SURFACE_SIDE_STYLE('',(#5022));
#5022 = SURFACE_STYLE_FILL_AREA(#5023);
#5023 = FILL_AREA_STYLE('',(#5024));
#5024 = FILL_AREA_STYLE_COLOUR('',#5003);
#5025 = CURVE_STYLE('',#5026,POSITIVE_LENGTH_MEASURE(0.1),#5006);
#5026 = DRAUGHTING_PRE_DEFINED_CURVE_FONT('continuous');
#5027 = MECHANICAL_DESIGN_GEOMETRIC_PRESENTATION_REPRESENTATION('',(
    #5028),#2247);
#5028 = STYLED_ITEM('color',(#5029),#2097);
#5029 = PRESENTATION_STYLE_ASSIGNMENT((#5030,#5035));
#5030 = SURFACE_STYLE_USAGE(.BOTH.,#5031);
#5031 = SURFACE_SIDE_STYLE('',(#5032));
#5032 = SURFACE_STYLE_FILL_AREA(#5033);
#5033 = FILL_AREA_STYLE('',(#5034));
#5034 = FILL_AREA_STYLE_COLOUR('',#5003);
#5035 = CURVE_STYLE('',#5036,POSITIVE_LENGTH_MEASURE(0.1),#5006);
#5036 = DRAUGHTING_PRE_DEFINED_CURVE_FONT('continuous');
#5037 = MECHANICAL_DESIGN_GEOMETRIC_PRESENTATION_REPRESENTATION('',(
    #5038),#456);
#5038 = STYLED_ITEM('color',(#5039),#306);
#5039 = PRESENTATION_STYLE_ASSIGNMENT((#5040,#5045));
#5040 = SURFACE_STYLE_USAGE(.BOTH.,#5041);
#5041 = SURFACE_SIDE_STYLE('',(#5042));
#5042 = SURFACE_STYLE_FILL_AREA(#5043);
#5043 = FILL_AREA_STYLE('',(#5044));
#5044 = FILL_AREA_STYLE_COLOUR('',#5003);
#5045 = CURVE_STYLE('',#5046,POSITIVE_LENGTH_MEASURE(0.1),#5006);
#5046 = DRAUGHTING_PRE_DEFINED_CURVE_FONT('continuous');
#5047 = MECHANICAL_DESIGN_GEOMETRIC_PRESENTATION_REPRESENTATION('',(
    #5048),#3024);
#5048 = STYLED_ITEM('color',(#5049),#2874);
#5049 = PRESENTATION_STYLE_ASSIGNMENT((#5050,#5055));
#5050 = SURFACE_STYLE_USAGE(.BOTH.,#5051);
#5051 = SURFACE_SIDE_STYLE('',(#5052));
#5052 = SURFACE_STYLE_FILL_AREA(#5053);
#5053 = FILL_AREA_STYLE('',(#5054));
#5054 = FILL_AREA_STYLE_COLOUR('',#5003);
#5055 = CURVE_STYLE('',#5056,POSITIVE_LENGTH_MEASURE(0.1),#5006);
#5056 = DRAUGHTING_PRE_DEFINED_CURVE_FONT('continuous');
#5057 = MECHANICAL_DESIGN_GEOMETRIC_PRESENTATION_REPRESENTATION('',(
    #5058),#287);
#5058 = STYLED_ITEM('color',(#5059),#137);
#5059 = PRESENTATION_STYLE_ASSIGNMENT((#5060,#5065));
#5060 = SURFACE_STYLE_USAGE(.BOTH.,#5061);
#5061 = SURFACE_SIDE_STYLE('',(#5062));
#5062 = SURFACE_STYLE_FILL_AREA(#5063);
#5063 = FILL_AREA_STYLE('',(#5064));
#5064 = FILL_AREA_STYLE_COLOUR('',#5003);
#5065 = CURVE_STYLE('',#5066,POSITIVE_LENGTH_MEASURE(0.1),#5006);
#5066 = DRAUGHTING_PRE_DEFINED_CURVE_FONT('continuous');
#5067 = MECHANICAL_DESIGN_GEOMETRIC_PRESENTATION_REPRESENTATION('',(
    #5068),#3362);
#5068 = STYLED_ITEM('color',(#5069),#3212);
#5069 = PRESENTATION_STYLE_ASSIGNMENT((#5070,#5075));
#5070 = SURFACE_STYLE_USAGE(.BOTH.,#5071);
#5071 = SURFACE_SIDE_STYLE('',(#5072));
#5072 = SURFACE_STYLE_FILL_AREA(#5073);
#5073 = FILL_AREA_STYLE('',(#5074));
#5074 = FILL_AREA_STYLE_COLOUR('',#5003);
#5075 = CURVE_STYLE('',#5076,POSITIVE_LENGTH_MEASURE(0.1),#5006);
#5076 = DRAUGHTING_PRE_DEFINED_CURVE_FONT('continuous');
#5077 = MECHANICAL_DESIGN_GEOMETRIC_PRESENTATION_REPRESENTATION('',(
    #5078),#1064);
#5078 = STYLED_ITEM('color',(#5079),#813);
#5079 = PRESENTATION_STYLE_ASSIGNMENT((#5080,#5085));
#5080 = SURFACE_STYLE_USAGE(.BOTH.,#5081);
#5081 = SURFACE_SIDE_STYLE('',(#5082));
#5082 = SURFACE_STYLE_FILL_AREA(#5083);
#5083 = FILL_AREA_STYLE('',(#5084));
#5084 = FILL_AREA_STYLE_COLOUR('',#5003);
#5085 = CURVE_STYLE('',#5086,POSITIVE_LENGTH_MEASURE(0.1),#5006);
#5086 = DRAUGHTING_PRE_DEFINED_CURVE_FONT('continuous');
#5087 = MECHANICAL_DESIGN_GEOMETRIC_PRESENTATION_REPRESENTATION('',(
    #5088),#1571);
#5088 = STYLED_ITEM('color',(#5089),#1421);
#5089 = PRESENTATION_STYLE_ASSIGNMENT((#5090,#5095));
#5090 = SURFACE_STYLE_USAGE(.BOTH.,#5091);
#5091 = SURFACE_SIDE_STYLE('',(#5092));
#5092 = SURFACE_STYLE_FILL_AREA(#5093);
#5093 = FILL_AREA_STYLE('',(#5094));
#5094 = FILL_AREA_STYLE_COLOUR('',#5003);
#5095 = CURVE_STYLE('',#5096,POSITIVE_LENGTH_MEASURE(0.1),#5006);
#5096 = DRAUGHTING_PRE_DEFINED_CURVE_FONT('continuous');
#5097 = MECHANICAL_DESIGN_GEOMETRIC_PRESENTATION_REPRESENTATION('',(
    #5098),#2416);
#5098 = STYLED_ITEM('color',(#5099),#2266);
#5099 = PRESENTATION_STYLE_ASSIGNMENT((#5100,#5105));
#5100 = SURFACE_STYLE_USAGE(.BOTH.,#5101);
#5101 = SURFACE_SIDE_STYLE('',(#5102));
#5102 = SURFACE_STYLE_FILL_AREA(#5103);
#5103 = FILL_AREA_STYLE('',(#5104));
#5104 = FILL_AREA_STYLE_COLOUR('',#5003);
#5105 = CURVE_STYLE('',#5106,POSITIVE_LENGTH_MEASURE(0.1),#5006);
#5106 = DRAUGHTING_PRE_DEFINED_CURVE_FONT('continuous');
#5107 = MECHANICAL_DESIGN_GEOMETRIC_PRESENTATION_REPRESENTATION('',(
    #5108),#1909);
#5108 = STYLED_ITEM('color',(#5109),#1759);
#5109 = PRESENTATION_STYLE_ASSIGNMENT((#5110,#5115));
#5110 = SURFACE_STYLE_USAGE(.BOTH.,#5111);
#5111 = SURFACE_SIDE_STYLE('',(#5112));
#5112 = SURFACE_STYLE_FILL_AREA(#5113);
#5113 = FILL_AREA_STYLE('',(#5114));
#5114 = FILL_AREA_STYLE_COLOUR('',#5003);
#5115 = CURVE_STYLE('',#5116,POSITIVE_LENGTH_MEASURE(0.1),#5006);
#5116 = DRAUGHTING_PRE_DEFINED_CURVE_FONT('continuous');
#5117 = MECHANICAL_DESIGN_GEOMETRIC_PRESENTATION_REPRESENTATION('',(
    #5118),#4477);
#5118 = STYLED_ITEM('color',(#5119),#4327);
#5119 = PRESENTATION_STYLE_ASSIGNMENT((#5120,#5125));
#5120 = SURFACE_STYLE_USAGE(.BOTH.,#5121);
#5121 = SURFACE_SIDE_STYLE('',(#5122));
#5122 = SURFACE_STYLE_FILL_AREA(#5123);
#5123 = FILL_AREA_STYLE('',(#5124));
#5124 = FILL_AREA_STYLE_COLOUR('',#5003);
#5125 = CURVE_STYLE('',#5126,POSITIVE_LENGTH_MEASURE(0.1),#5006);
#5126 = DRAUGHTING_PRE_DEFINED_CURVE_FONT('continuous');
#5127 = MECHANICAL_DESIGN_GEOMETRIC_PRESENTATION_REPRESENTATION('',(
    #5128),#625);
#5128 = STYLED_ITEM('color',(#5129),#475);
#5129 = PRESENTATION_STYLE_ASSIGNMENT((#5130,#5135));
#5130 = SURFACE_STYLE_USAGE(.BOTH.,#5131);
#5131 = SURFACE_SIDE_STYLE('',(#5132));
#5132 = SURFACE_STYLE_FILL_AREA(#5133);
#5133 = FILL_AREA_STYLE('',(#5134));
#5134 = FILL_AREA_STYLE_COLOUR('',#5003);
#5135 = CURVE_STYLE('',#5136,POSITIVE_LENGTH_MEASURE(0.1),#5006);
#5136 = DRAUGHTING_PRE_DEFINED_CURVE_FONT('continuous');
#5137 = MECHANICAL_DESIGN_GEOMETRIC_PRESENTATION_REPRESENTATION('',(
    #5138),#2686);
#5138 = STYLED_ITEM('color',(#5139),#2435);
#5139 = PRESENTATION_STYLE_ASSIGNMENT((#5140,#5145));
#5140 = SURFACE_STYLE_USAGE(.BOTH.,#5141);
#5141 = SURFACE_SIDE_STYLE('',(#5142));
#5142 = SURFACE_STYLE_FILL_AREA(#5143);
#5143 = FILL_AREA_STYLE('',(#5144));
#5144 = FILL_AREA_STYLE_COLOUR('',#5003);
#5145 = CURVE_STYLE('',#5146,POSITIVE_LENGTH_MEASURE(0.1),#5006);
#5146 = DRAUGHTING_PRE_DEFINED_CURVE_FONT('continuous');
#5147 = MECHANICAL_DESIGN_GEOMETRIC_PRESENTATION_REPRESENTATION('',(
    #5148),#3869);
#5148 = STYLED_ITEM('color',(#5149),#3719);
#5149 = PRESENTATION_STYLE_ASSIGNMENT((#5150,#5155));
#5150 = SURFACE_STYLE_USAGE(.BOTH.,#5151);
#5151 = SURFACE_SIDE_STYLE('',(#5152));
#5152 = SURFACE_STYLE_FILL_AREA(#5153);
#5153 = FILL_AREA_STYLE('',(#5154));
#5154 = FILL_AREA_STYLE_COLOUR('',#5003);
#5155 = CURVE_STYLE('',#5156,POSITIVE_LENGTH_MEASURE(0.1),#5006);
#5156 = DRAUGHTING_PRE_DEFINED_CURVE_FONT('continuous');
#5157 = MECHANICAL_DESIGN_GEOMETRIC_PRESENTATION_REPRESENTATION('',(
    #5158),#2855);
#5158 = STYLED_ITEM('color',(#5159),#2705);
#5159 = PRESENTATION_STYLE_ASSIGNMENT((#5160,#5165));
#5160 = SURFACE_STYLE_USAGE(.BOTH.,#5161);
#5161 = SURFACE_SIDE_STYLE('',(#5162));
#5162 = SURFACE_STYLE_FILL_AREA(#5163);
#5163 = FILL_AREA_STYLE('',(#5164));
#5164 = FILL_AREA_STYLE_COLOUR('',#5003);
#5165 = CURVE_STYLE('',#5166,POSITIVE_LENGTH_MEASURE(0.1),#5006);
#5166 = DRAUGHTING_PRE_DEFINED_CURVE_FONT('continuous');
#5167 = MECHANICAL_DESIGN_GEOMETRIC_PRESENTATION_REPRESENTATION('',(
    #5168),#1402);
#5168 = STYLED_ITEM('color',(#5169),#1252);
#5169 = PRESENTATION_STYLE_ASSIGNMENT((#5170,#5175));
#5170 = SURFACE_STYLE_USAGE(.BOTH.,#5171);
#5171 = SURFACE_SIDE_STYLE('',(#5172));
#5172 = SURFACE_STYLE_FILL_AREA(#5173);
#5173 = FILL_AREA_STYLE('',(#5174));
#5174 = FILL_AREA_STYLE_COLOUR('',#5003);
#5175 = CURVE_STYLE('',#5176,POSITIVE_LENGTH_MEASURE(0.1),#5006);
#5176 = DRAUGHTING_PRE_DEFINED_CURVE_FONT('continuous');
#5177 = MECHANICAL_DESIGN_GEOMETRIC_PRESENTATION_REPRESENTATION('',(
    #5178),#4038);
#5178 = STYLED_ITEM('color',(#5179),#3888);
#5179 = PRESENTATION_STYLE_ASSIGNMENT((#5180,#5185));
#5180 = SURFACE_STYLE_USAGE(.BOTH.,#5181);
#5181 = SURFACE_SIDE_STYLE('',(#5182));
#5182 = SURFACE_STYLE_FILL_AREA(#5183);
#5183 = FILL_AREA_STYLE('',(#5184));
#5184 = FILL_AREA_STYLE_COLOUR('',#5003);
#5185 = CURVE_STYLE('',#5186,POSITIVE_LENGTH_MEASURE(0.1),#5006);
#5186 = DRAUGHTING_PRE_DEFINED_CURVE_FONT('continuous');
#5187 = MECHANICAL_DESIGN_GEOMETRIC_PRESENTATION_REPRESENTATION('',(
    #5188),#4646);
#5188 = STYLED_ITEM('color',(#5189),#4496);
#5189 = PRESENTATION_STYLE_ASSIGNMENT((#5190,#5195));
#5190 = SURFACE_STYLE_USAGE(.BOTH.,#5191);
#5191 = SURFACE_SIDE_STYLE('',(#5192));
#5192 = SURFACE_STYLE_FILL_AREA(#5193);
#5193 = FILL_AREA_STYLE('',(#5194));
#5194 = FILL_AREA_STYLE_COLOUR('',#5003);
#5195 = CURVE_STYLE('',#5196,POSITIVE_LENGTH_MEASURE(0.1),#5006);
#5196 = DRAUGHTING_PRE_DEFINED_CURVE_FONT('continuous');
#5197 = MECHANICAL_DESIGN_GEOMETRIC_PRESENTATION_REPRESENTATION('',(
    #5198),#3700);
#5198 = STYLED_ITEM('color',(#5199),#3550);
#5199 = PRESENTATION_STYLE_ASSIGNMENT((#5200,#5205));
#5200 = SURFACE_STYLE_USAGE(.BOTH.,#5201);
#5201 = SURFACE_SIDE_STYLE('',(#5202));
#5202 = SURFACE_STYLE_FILL_AREA(#5203);
#5203 = FILL_AREA_STYLE('',(#5204));
#5204 = FILL_AREA_STYLE_COLOUR('',#5003);
#5205 = CURVE_STYLE('',#5206,POSITIVE_LENGTH_MEASURE(0.1),#5006);
#5206 = DRAUGHTING_PRE_DEFINED_CURVE_FONT('continuous');
#5207 = MECHANICAL_DESIGN_GEOMETRIC_PRESENTATION_REPRESENTATION('',(
    #5208),#2078);
#5208 = STYLED_ITEM('color',(#5209),#1928);
#5209 = PRESENTATION_STYLE_ASSIGNMENT((#5210,#5215));
#5210 = SURFACE_STYLE_USAGE(.BOTH.,#5211);
#5211 = SURFACE_SIDE_STYLE('',(#5212));
#5212 = SURFACE_STYLE_FILL_AREA(#5213);
#5213 = FILL_AREA_STYLE('',(#5214));
#5214 = FILL_AREA_STYLE_COLOUR('',#5003);
#5215 = CURVE_STYLE('',#5216,POSITIVE_LENGTH_MEASURE(0.1),#5006);
#5216 = DRAUGHTING_PRE_DEFINED_CURVE_FONT('continuous');
#5217 = MECHANICAL_DESIGN_GEOMETRIC_PRESENTATION_REPRESENTATION('',(
    #5218),#3531);
#5218 = STYLED_ITEM('color',(#5219),#3381);
#5219 = PRESENTATION_STYLE_ASSIGNMENT((#5220,#5225));
#5220 = SURFACE_STYLE_USAGE(.BOTH.,#5221);
#5221 = SURFACE_SIDE_STYLE('',(#5222));
#5222 = SURFACE_STYLE_FILL_AREA(#5223);
#5223 = FILL_AREA_STYLE('',(#5224));
#5224 = FILL_AREA_STYLE_COLOUR('',#5003);
#5225 = CURVE_STYLE('',#5226,POSITIVE_LENGTH_MEASURE(0.1),#5006);
#5226 = DRAUGHTING_PRE_DEFINED_CURVE_FONT('continuous');
#5227 = MECHANICAL_DESIGN_GEOMETRIC_PRESENTATION_REPRESENTATION('',(
    #5228),#4308);
#5228 = STYLED_ITEM('color',(#5229),#4057);
#5229 = PRESENTATION_STYLE_ASSIGNMENT((#5230,#5235));
#5230 = SURFACE_STYLE_USAGE(.BOTH.,#5231);
#5231 = SURFACE_SIDE_STYLE('',(#5232));
#5232 = SURFACE_STYLE_FILL_AREA(#5233);
#5233 = FILL_AREA_STYLE('',(#5234));
#5234 = FILL_AREA_STYLE_COLOUR('',#5003);
#5235 = CURVE_STYLE('',#5236,POSITIVE_LENGTH_MEASURE(0.1),#5006);
#5236 = DRAUGHTING_PRE_DEFINED_CURVE_FONT('continuous');
#5237 = MECHANICAL_DESIGN_GEOMETRIC_PRESENTATION_REPRESENTATION('',(
    #5238),#794);
#5238 = STYLED_ITEM('color',(#5239),#644);
#5239 = PRESENTATION_STYLE_ASSIGNMENT((#5240,#5245));
#5240 = SURFACE_STYLE_USAGE(.BOTH.,#5241);
#5241 = SURFACE_SIDE_STYLE('',(#5242));
#5242 = SURFACE_STYLE_FILL_AREA(#5243);
#5243 = FILL_AREA_STYLE('',(#5244));
#5244 = FILL_AREA_STYLE_COLOUR('',#5003);
#5245 = CURVE_STYLE('',#5246,POSITIVE_LENGTH_MEASURE(0.1),#5006);
#5246 = DRAUGHTING_PRE_DEFINED_CURVE_FONT('continuous');
#5247 = MECHANICAL_DESIGN_GEOMETRIC_PRESENTATION_REPRESENTATION('',(
    #5248),#3193);
#5248 = STYLED_ITEM('color',(#5249),#3043);
#5249 = PRESENTATION_STYLE_ASSIGNMENT((#5250,#5255));
#5250 = SURFACE_STYLE_USAGE(.BOTH.,#5251);
#5251 = SURFACE_SIDE_STYLE('',(#5252));
#5252 = SURFACE_STYLE_FILL_AREA(#5253);
#5253 = FILL_AREA_STYLE('',(#5254));
#5254 = FILL_AREA_STYLE_COLOUR('',#5003);
#5255 = CURVE_STYLE('',#5256,POSITIVE_LENGTH_MEASURE(0.1),#5006);
#5256 = DRAUGHTING_PRE_DEFINED_CURVE_FONT('continuous');
#5257 = MECHANICAL_DESIGN_GEOMETRIC_PRESENTATION_REPRESENTATION('',(
    #5258),#4815);
#5258 = STYLED_ITEM('color',(#5259),#4665);
#5259 = PRESENTATION_STYLE_ASSIGNMENT((#5260,#5265));
#5260 = SURFACE_STYLE_USAGE(.BOTH.,#5261);
#5261 = SURFACE_SIDE_STYLE('',(#5262));
#5262 = SURFACE_STYLE_FILL_AREA(#5263);
#5263 = FILL_AREA_STYLE('',(#5264));
#5264 = FILL_AREA_STYLE_COLOUR('',#5003);
#5265 = CURVE_STYLE('',#5266,POSITIVE_LENGTH_MEASURE(0.1),#5006);
#5266 = DRAUGHTING_PRE_DEFINED_CURVE_FONT('continuous');
ENDSEC;
END-ISO-10303-21;
