ISO-10303-21;
HEADER;
FILE_DESCRIPTION(('FreeCAD Model'),'2;1');
FILE_NAME('Open CASCADE Shape Model','2026-05-21T14:49:43',('Author'),(
    ''),'Open CASCADE STEP processor 7.8','FreeCAD','Unknown');
FILE_SCHEMA(('AUTOMOTIVE_DESIGN { 1 0 10303 214 1 1 1 1 }'));
ENDSEC;
DATA;
#1 = APPLICATION_PROTOCOL_DEFINITION('international standard',
  'automotive_design',2000,#2);
#2 = APPLICATION_CONTEXT(
  'core data for automotive mechanical design processes');
#3 = SHAPE_DEFINITION_REPRESENTATION(#4,#10);
#4 = PRODUCT_DEFINITION_SHAPE('','',#5);
#5 = PRODUCT_DEFINITION('design','',#6,#9);
#6 = PRODUCT_DEFINITION_FORMATION('','',#7);
#7 = PRODUCT('Unnamed','Unnamed','',(#8));
#8 = PRODUCT_CONTEXT('',#2,'mechanical');
#9 = PRODUCT_DEFINITION_CONTEXT('part definition',#2,'design');
#10 = SHAPE_REPRESENTATION('',(#11,#15,#19,#23,#27),#31);
#11 = AXIS2_PLACEMENT_3D('',#12,#13,#14);
#12 = CARTESIAN_POINT('',(0.,0.,0.));
#13 = DIRECTION('',(0.,0.,1.));
#14 = DIRECTION('',(1.,0.,-0.));
#15 = AXIS2_PLACEMENT_3D('',#16,#17,#18);
#16 = CARTESIAN_POINT('',(0.,0.,0.));
#17 = DIRECTION('',(0.,0.,1.));
#18 = DIRECTION('',(1.,0.,0.));
#19 = AXIS2_PLACEMENT_3D('',#20,#21,#22);
#20 = CARTESIAN_POINT('',(0.,0.,0.));
#21 = DIRECTION('',(0.,0.,1.));
#22 = DIRECTION('',(1.,0.,0.));
#23 = AXIS2_PLACEMENT_3D('',#24,#25,#26);
#24 = CARTESIAN_POINT('',(0.,0.,0.));
#25 = DIRECTION('',(0.,0.,1.));
#26 = DIRECTION('',(1.,0.,0.));
#27 = AXIS2_PLACEMENT_3D('',#28,#29,#30);
#28 = CARTESIAN_POINT('',(0.,0.,0.));
#29 = DIRECTION('',(0.,0.,1.));
#30 = DIRECTION('',(1.,0.,0.));
#31 = ( GEOMETRIC_REPRESENTATION_CONTEXT(3) 
GLOBAL_UNCERTAINTY_ASSIGNED_CONTEXT((#35)) GLOBAL_UNIT_ASSIGNED_CONTEXT(
(#32,#33,#34)) REPRESENTATION_CONTEXT('Context #1',
  '3D Context with UNIT and UNCERTAINTY') );
#32 = ( LENGTH_UNIT() NAMED_UNIT(*) SI_UNIT(.MILLI.,.METRE.) );
#33 = ( NAMED_UNIT(*) PLANE_ANGLE_UNIT() SI_UNIT($,.RADIAN.) );
#34 = ( NAMED_UNIT(*) SI_UNIT($,.STERADIAN.) SOLID_ANGLE_UNIT() );
#35 = UNCERTAINTY_MEASURE_WITH_UNIT(LENGTH_MEASURE(5.E-04),#32,
  'distance_accuracy_value','confusion accuracy');
#36 = PRODUCT_RELATED_PRODUCT_CATEGORY('part',$,(#7));
#37 = SHAPE_DEFINITION_REPRESENTATION(#38,#44);
#38 = PRODUCT_DEFINITION_SHAPE('','',#39);
#39 = PRODUCT_DEFINITION('design','',#40,#43);
#40 = PRODUCT_DEFINITION_FORMATION('','',#41);
#41 = PRODUCT('Y-junction v016','Y-junction v016','',(#42));
#42 = PRODUCT_CONTEXT('',#2,'mechanical');
#43 = PRODUCT_DEFINITION_CONTEXT('part definition',#2,'design');
#44 = ADVANCED_BREP_SHAPE_REPRESENTATION('',(#11,#45),#1272);
#45 = MANIFOLD_SOLID_BREP('',#46);
#46 = CLOSED_SHELL('',(#47,#156,#187,#218,#257,#363,#386,#400,#431,#486,
    #510,#550,#639,#658,#689,#713,#758,#782,#806,#844,#903,#940,#977,
    #1029,#1066,#1096,#1128,#1168,#1199,#1223,#1247,#1260));
#47 = ADVANCED_FACE('',(#48),#135,.T.);
#48 = FACE_BOUND('',#49,.T.);
#49 = EDGE_LOOP('',(#50,#94,#102,#129));
#50 = ORIENTED_EDGE('',*,*,#51,.F.);
#51 = EDGE_CURVE('',#52,#54,#56,.T.);
#52 = VERTEX_POINT('',#53);
#53 = CARTESIAN_POINT('',(2.515510571717,0.283227392864,-2.850224131523)
  );
#54 = VERTEX_POINT('',#55);
#55 = CARTESIAN_POINT('',(2.485196436354,0.283272744258,-2.850242916686)
  );
#56 = B_SPLINE_CURVE_WITH_KNOTS('',3,(#57,#58,#59,#60,#61,#62,#63,#64,
    #65,#66,#67,#68,#69,#70,#71,#72,#73,#74,#75,#76,#77,#78,#79,#80,#81,
    #82,#83,#84,#85,#86,#87,#88,#89,#90,#91,#92,#93),.UNSPECIFIED.,.F.,
  .F.,(4,3,3,3,3,3,3,3,3,3,3,3,4),(0.,2.30883048078E-03,
    2.314799947523E-03,2.374371059153E-03,2.397817584916E-03,
    2.454516119181E-03,2.508291012636E-03,2.561740871701E-03,
    2.618038914519E-03,2.642769320378E-03,2.653629538554E-03,
    2.67161199269E-03,3.063043912555E-03),.UNSPECIFIED.);
#57 = CARTESIAN_POINT('',(2.515510571717,0.283227392864,-2.850224131523)
  );
#58 = CARTESIAN_POINT('',(2.511820445733,0.276987754396,-2.847639588645)
  );
#59 = CARTESIAN_POINT('',(2.508130319749,0.270748115928,-2.845055045768)
  );
#60 = CARTESIAN_POINT('',(2.504440193764,0.26450847746,-2.84247050289));
#61 = CARTESIAN_POINT('',(2.504430652967,0.264492344913,-2.84246382057)
  );
#62 = CARTESIAN_POINT('',(2.504420057317,0.264474428717,-2.842456359889)
  );
#63 = CARTESIAN_POINT('',(2.504408440441,0.264454785727,-2.842448181163)
  );
#64 = CARTESIAN_POINT('',(2.504292512126,0.2642587624,-2.842366563186));
#65 = CARTESIAN_POINT('',(2.504060179222,0.263900347938,-2.842213437673)
  );
#66 = CARTESIAN_POINT('',(2.503662281509,0.263531129471,-2.842048748047)
  );
#67 = CARTESIAN_POINT('',(2.503505673402,0.263385809197,-2.841983928045)
  );
#68 = CARTESIAN_POINT('',(2.503323705011,0.263239130951,-2.841917316622)
  );
#69 = CARTESIAN_POINT('',(2.50311638825,0.263100240178,-2.841852568629)
  );
#70 = CARTESIAN_POINT('',(2.502615053572,0.262764373647,-2.841695994631)
  );
#71 = CARTESIAN_POINT('',(2.502044558357,0.262524212096,-2.841577647682)
  );
#72 = CARTESIAN_POINT('',(2.501431548516,0.262381854365,-2.841506782737)
  );
#73 = CARTESIAN_POINT('',(2.50085014832,0.262246837263,-2.841439571919)
  );
#74 = CARTESIAN_POINT('',(2.500245372025,0.262203329784,-2.84141689022)
  );
#75 = CARTESIAN_POINT('',(2.499643236197,0.262251644297,-2.841440542394)
  );
#76 = CARTESIAN_POINT('',(2.499044739889,0.262299666779,-2.841464051607)
  );
#77 = CARTESIAN_POINT('',(2.49846484609,0.262437139604,-2.84153267331));
#78 = CARTESIAN_POINT('',(2.497927805461,0.262661967628,-2.841641231089)
  );
#79 = CARTESIAN_POINT('',(2.497362147537,0.262898776067,-2.841755573589)
  );
#80 = CARTESIAN_POINT('',(2.496857051416,0.263226973539,-2.841911454402)
  );
#81 = CARTESIAN_POINT('',(2.496436575829,0.263644369057,-2.842097958168)
  );
#82 = CARTESIAN_POINT('',(2.496251870795,0.26382772109,-2.842179884884)
  );
#83 = CARTESIAN_POINT('',(2.496101808998,0.264005074688,-2.842258075676)
  );
#84 = CARTESIAN_POINT('',(2.495949701195,0.264224536667,-2.842352030773)
  );
#85 = CARTESIAN_POINT('',(2.495882903911,0.264320912156,-2.842393290624)
  );
#86 = CARTESIAN_POINT('',(2.49581609645,0.264425810119,-2.842437590586)
  );
#87 = CARTESIAN_POINT('',(2.495748661402,0.264545488516,-2.842486582095)
  );
#88 = CARTESIAN_POINT('',(2.495637001798,0.264743653163,-2.842567702708)
  );
#89 = CARTESIAN_POINT('',(2.495509442852,0.264970034709,-2.842661686162)
  );
#90 = CARTESIAN_POINT('',(2.49535389764,0.265246084067,-2.84277602955));
#91 = CARTESIAN_POINT('',(2.491968077212,0.271254970797,-2.845264991929)
  );
#92 = CARTESIAN_POINT('',(2.488582256783,0.277263857528,-2.847753954307)
  );
#93 = CARTESIAN_POINT('',(2.485196436354,0.283272744258,-2.850242916686)
  );
#94 = ORIENTED_EDGE('',*,*,#95,.T.);
#95 = EDGE_CURVE('',#52,#96,#98,.T.);
#96 = VERTEX_POINT('',#97);
#97 = CARTESIAN_POINT('',(2.515510571717,0.283227392864,-2.5));
#98 = LINE('',#99,#100);
#99 = CARTESIAN_POINT('',(2.515510571717,0.283227392864,-2.858));
#100 = VECTOR('',#101,1.);
#101 = DIRECTION('',(0.,-4.440892098501E-16,1.));
#102 = ORIENTED_EDGE('',*,*,#103,.F.);
#103 = EDGE_CURVE('',#104,#96,#106,.T.);
#104 = VERTEX_POINT('',#105);
#105 = CARTESIAN_POINT('',(2.485196436354,0.283272744258,-2.5));
#106 = B_SPLINE_CURVE_WITH_KNOTS('',3,(#107,#108,#109,#110,#111,#112,
    #113,#114,#115,#116,#117,#118,#119,#120,#121,#122,#123,#124,#125,
    #126,#127,#128),.UNSPECIFIED.,.F.,.F.,(4,3,3,3,3,3,3,4),(0.,
    0.399714110513,0.448396190528,0.495074214328,0.541655375138,
    0.588247268932,0.594442430575,1.),.UNSPECIFIED.);
#107 = CARTESIAN_POINT('',(2.485196436354,0.283272744258,-2.5));
#108 = CARTESIAN_POINT('',(2.488713844703,0.277030325678,-2.5));
#109 = CARTESIAN_POINT('',(2.492231253053,0.270787907097,-2.5));
#110 = CARTESIAN_POINT('',(2.495748661402,0.264545488516,-2.5));
#111 = CARTESIAN_POINT('',(2.496177054471,0.263785210325,-2.5));
#112 = CARTESIAN_POINT('',(2.496808381911,0.263140517814,-2.5));
#113 = CARTESIAN_POINT('',(2.497559520287,0.262696294122,-2.5));
#114 = CARTESIAN_POINT('',(2.498279737151,0.26227035743,-2.5));
#115 = CARTESIAN_POINT('',(2.499108309634,0.26202935902,-2.5));
#116 = CARTESIAN_POINT('',(2.499944620843,0.262002564299,-2.5));
#117 = CARTESIAN_POINT('',(2.500779196598,0.26197582518,-2.5));
#118 = CARTESIAN_POINT('',(2.501619741227,0.26216244003,-2.5));
#119 = CARTESIAN_POINT('',(2.502364591844,0.262539838002,-2.5));
#120 = CARTESIAN_POINT('',(2.503109614086,0.262917322932,-2.5));
#121 = CARTESIAN_POINT('',(2.503757350449,0.263484896846,-2.5));
#122 = CARTESIAN_POINT('',(2.504229423185,0.264173881857,-2.5));
#123 = CARTESIAN_POINT('',(2.50429219305,0.264265493792,-2.5));
#124 = CARTESIAN_POINT('',(2.504351909628,0.264359197707,-2.5));
#125 = CARTESIAN_POINT('',(2.504408440441,0.264454785727,-2.5));
#126 = CARTESIAN_POINT('',(2.508109150866,0.270712321439,-2.5));
#127 = CARTESIAN_POINT('',(2.511809861292,0.276969857151,-2.5));
#128 = CARTESIAN_POINT('',(2.515510571717,0.283227392864,-2.5));
#129 = ORIENTED_EDGE('',*,*,#130,.F.);
#130 = EDGE_CURVE('',#54,#104,#131,.T.);
#131 = LINE('',#132,#133);
#132 = CARTESIAN_POINT('',(2.485196436354,0.283272744258,-2.858));
#133 = VECTOR('',#134,1.);
#134 = DIRECTION('',(0.,-4.440892098501E-16,1.));
#135 = B_SPLINE_SURFACE_WITH_KNOTS('',3,1,(
    (#136,#137)
    ,(#138,#139)
    ,(#140,#141)
    ,(#142,#143)
    ,(#144,#145)
    ,(#146,#147)
    ,(#148,#149)
    ,(#150,#151)
    ,(#152,#153)
    ,(#154,#155
    )),.UNSPECIFIED.,.F.,.F.,.F.,(4,3,3,4),(2,2),(0.,0.399714110513,
    0.594442430575,1.),(0.,3.580000000003E-02),.UNSPECIFIED.);
#136 = CARTESIAN_POINT('',(2.485196436354,0.283272744258,-2.858));
#137 = CARTESIAN_POINT('',(2.485196436354,0.283272744258,-2.5));
#138 = CARTESIAN_POINT('',(2.488713844703,0.277030325678,-2.858));
#139 = CARTESIAN_POINT('',(2.488713844703,0.277030325678,-2.5));
#140 = CARTESIAN_POINT('',(2.492231253053,0.270787907097,-2.858));
#141 = CARTESIAN_POINT('',(2.492231253053,0.270787907097,-2.5));
#142 = CARTESIAN_POINT('',(2.495748661402,0.264545488516,-2.858));
#143 = CARTESIAN_POINT('',(2.495748661402,0.264545488516,-2.5));
#144 = CARTESIAN_POINT('',(2.497462233679,0.261504375753,-2.858));
#145 = CARTESIAN_POINT('',(2.497462233679,0.261504375753,-2.5));
#146 = CARTESIAN_POINT('',(2.502631545671,0.261450232222,-2.858));
#147 = CARTESIAN_POINT('',(2.502631545671,0.261450232222,-2.5));
#148 = CARTESIAN_POINT('',(2.504408440441,0.264454785727,-2.858));
#149 = CARTESIAN_POINT('',(2.504408440441,0.264454785727,-2.5));
#150 = CARTESIAN_POINT('',(2.508109150866,0.270712321439,-2.858));
#151 = CARTESIAN_POINT('',(2.508109150866,0.270712321439,-2.5));
#152 = CARTESIAN_POINT('',(2.511809861292,0.276969857151,-2.858));
#153 = CARTESIAN_POINT('',(2.511809861292,0.276969857151,-2.5));
#154 = CARTESIAN_POINT('',(2.515510571717,0.283227392864,-2.858));
#155 = CARTESIAN_POINT('',(2.515510571717,0.283227392864,-2.5));
#156 = ADVANCED_FACE('',(#157),#182,.T.);
#157 = FACE_BOUND('',#158,.T.);
#158 = EDGE_LOOP('',(#159,#167,#175,#181));
#159 = ORIENTED_EDGE('',*,*,#160,.F.);
#160 = EDGE_CURVE('',#161,#52,#163,.T.);
#161 = VERTEX_POINT('',#162);
#162 = CARTESIAN_POINT('',(2.526612702993,0.302,-2.858));
#163 = LINE('',#164,#165);
#164 = CARTESIAN_POINT('',(2.50742619301,0.269557507178,-2.844561879476)
  );
#165 = VECTOR('',#166,1.);
#166 = DIRECTION('',(-0.479479894469,-0.810753130633,0.335824942445));
#167 = ORIENTED_EDGE('',*,*,#168,.T.);
#168 = EDGE_CURVE('',#161,#169,#171,.T.);
#169 = VERTEX_POINT('',#170);
#170 = CARTESIAN_POINT('',(2.526612702993,0.302,-2.5));
#171 = LINE('',#172,#173);
#172 = CARTESIAN_POINT('',(2.526612702993,0.302,-2.858));
#173 = VECTOR('',#174,1.);
#174 = DIRECTION('',(0.,-4.440892098501E-16,1.));
#175 = ORIENTED_EDGE('',*,*,#176,.F.);
#176 = EDGE_CURVE('',#96,#169,#177,.T.);
#177 = LINE('',#178,#179);
#178 = CARTESIAN_POINT('',(2.504408440441,0.264454785727,-2.5));
#179 = VECTOR('',#180,1.);
#180 = DIRECTION('',(0.50904285485,0.860741175921,3.822458687003E-16));
#181 = ORIENTED_EDGE('',*,*,#95,.F.);
#182 = PLANE('',#183);
#183 = AXIS2_PLACEMENT_3D('',#184,#185,#186);
#184 = CARTESIAN_POINT('',(2.515510571717,0.283227392864,-2.858));
#185 = DIRECTION('',(0.860741175921,-0.50904285485,-2.46661617482E-16));
#186 = DIRECTION('',(0.50904285485,0.860741175921,3.822458687003E-16));
#187 = ADVANCED_FACE('',(#188),#213,.T.);
#188 = FACE_BOUND('',#189,.T.);
#189 = EDGE_LOOP('',(#190,#198,#199,#207));
#190 = ORIENTED_EDGE('',*,*,#191,.F.);
#191 = EDGE_CURVE('',#54,#192,#194,.T.);
#192 = VERTEX_POINT('',#193);
#193 = CARTESIAN_POINT('',(2.474644211307,0.302,-2.858));
#194 = LINE('',#195,#196);
#195 = CARTESIAN_POINT('',(2.483732412995,0.285870977308,-2.851319140053
    ));
#196 = VECTOR('',#197,1.);
#197 = DIRECTION('',(-0.461755785307,0.81948770451,-0.339442921406));
#198 = ORIENTED_EDGE('',*,*,#130,.T.);
#199 = ORIENTED_EDGE('',*,*,#200,.F.);
#200 = EDGE_CURVE('',#201,#104,#203,.T.);
#201 = VERTEX_POINT('',#202);
#202 = CARTESIAN_POINT('',(2.474644211307,0.302,-2.5));
#203 = LINE('',#204,#205);
#204 = CARTESIAN_POINT('',(2.474644211307,0.302,-2.5));
#205 = VECTOR('',#206,1.);
#206 = DIRECTION('',(0.490902297006,-0.871214631875,-3.868970174794E-16)
  );
#207 = ORIENTED_EDGE('',*,*,#208,.F.);
#208 = EDGE_CURVE('',#192,#201,#209,.T.);
#209 = LINE('',#210,#211);
#210 = CARTESIAN_POINT('',(2.474644211307,0.302,-2.858));
#211 = VECTOR('',#212,1.);
#212 = DIRECTION('',(0.,-4.440892098501E-16,1.));
#213 = PLANE('',#214);
#214 = AXIS2_PLACEMENT_3D('',#215,#216,#217);
#215 = CARTESIAN_POINT('',(2.474644211307,0.302,-2.858));
#216 = DIRECTION('',(-0.871214631875,-0.490902297006,-2.378714354824E-16
    ));
#217 = DIRECTION('',(0.490902297006,-0.871214631875,-3.868970174794E-16)
  );
#218 = ADVANCED_FACE('',(#219),#252,.T.);
#219 = FACE_BOUND('',#220,.T.);
#220 = EDGE_LOOP('',(#221,#222,#230,#238,#246));
#221 = ORIENTED_EDGE('',*,*,#208,.T.);
#222 = ORIENTED_EDGE('',*,*,#223,.F.);
#223 = EDGE_CURVE('',#224,#201,#226,.T.);
#224 = VERTEX_POINT('',#225);
#225 = CARTESIAN_POINT('',(2.485196436355,0.320727255742,-2.5));
#226 = LINE('',#227,#228);
#227 = CARTESIAN_POINT('',(2.495748661403,0.339454511485,-2.5));
#228 = VECTOR('',#229,1.);
#229 = DIRECTION('',(-0.49090229701,-0.871214631874,-3.868970174786E-16)
  );
#230 = ORIENTED_EDGE('',*,*,#231,.F.);
#231 = EDGE_CURVE('',#232,#224,#234,.T.);
#232 = VERTEX_POINT('',#233);
#233 = CARTESIAN_POINT('',(2.485196436355,0.320727255742,-2.858));
#234 = LINE('',#235,#236);
#235 = CARTESIAN_POINT('',(2.485196436355,0.320727255742,-2.858));
#236 = VECTOR('',#237,1.);
#237 = DIRECTION('',(0.,-4.440892098501E-16,1.));
#238 = ORIENTED_EDGE('',*,*,#239,.T.);
#239 = EDGE_CURVE('',#232,#240,#242,.T.);
#240 = VERTEX_POINT('',#241);
#241 = CARTESIAN_POINT('',(2.485196436355,0.320727255742,-2.865757083315
    ));
#242 = LINE('',#243,#244);
#243 = CARTESIAN_POINT('',(2.485196436355,0.320727255742,-2.858));
#244 = VECTOR('',#245,1.);
#245 = DIRECTION('',(0.,4.331189139276E-16,-1.));
#246 = ORIENTED_EDGE('',*,*,#247,.F.);
#247 = EDGE_CURVE('',#192,#240,#248,.T.);
#248 = LINE('',#249,#250);
#249 = CARTESIAN_POINT('',(2.477347371721,0.306797355645,-2.859987129772
    ));
#250 = VECTOR('',#251,1.);
#251 = DIRECTION('',(0.46175578531,0.819487704508,-0.339442921405));
#252 = PLANE('',#253);
#253 = AXIS2_PLACEMENT_3D('',#254,#255,#256);
#254 = CARTESIAN_POINT('',(2.485196436355,0.320727255742,-2.858));
#255 = DIRECTION('',(-0.871214631874,0.49090229701,2.37871435484E-16));
#256 = DIRECTION('',(-0.49090229701,-0.871214631874,-3.868970174786E-16)
  );
#257 = ADVANCED_FACE('',(#258),#342,.T.);
#258 = FACE_BOUND('',#259,.T.);
#259 = EDGE_LOOP('',(#260,#261,#288,#296,#304,#341));
#260 = ORIENTED_EDGE('',*,*,#231,.T.);
#261 = ORIENTED_EDGE('',*,*,#262,.F.);
#262 = EDGE_CURVE('',#263,#224,#265,.T.);
#263 = VERTEX_POINT('',#264);
#264 = CARTESIAN_POINT('',(2.51564720455,0.320541574516,-2.5));
#265 = B_SPLINE_CURVE_WITH_KNOTS('',3,(#266,#267,#268,#269,#270,#271,
    #272,#273,#274,#275,#276,#277,#278,#279,#280,#281,#282,#283,#284,
    #285,#286,#287),.UNSPECIFIED.,.F.,.F.,(4,3,3,3,3,3,3,4),(0.,
    0.408509789904,0.456950096739,0.503396300242,0.549746121814,
    0.596106623065,0.602271017243,1.),.UNSPECIFIED.);
#266 = CARTESIAN_POINT('',(2.51564720455,0.320541574516,-2.5));
#267 = CARTESIAN_POINT('',(2.511900949847,0.326876121102,-2.5));
#268 = CARTESIAN_POINT('',(2.508154695144,0.333210667688,-2.5));
#269 = CARTESIAN_POINT('',(2.504408440441,0.339545214274,-2.5));
#270 = CARTESIAN_POINT('',(2.503964216748,0.34029635265,-2.5));
#271 = CARTESIAN_POINT('',(2.503319524237,0.34092768009,-2.5));
#272 = CARTESIAN_POINT('',(2.502559246046,0.341356073159,-2.5));
#273 = CARTESIAN_POINT('',(2.501830265619,0.341766830914,-2.5));
#274 = CARTESIAN_POINT('',(2.500996827019,0.341990421369,-2.5));
#275 = CARTESIAN_POINT('',(2.500160138049,0.341999693035,-2.5));
#276 = CARTESIAN_POINT('',(2.499325185317,0.342008945462,-2.5));
#277 = CARTESIAN_POINT('',(2.498488733883,0.341804765704,-2.5));
#278 = CARTESIAN_POINT('',(2.497751951565,0.341411849064,-2.5));
#279 = CARTESIAN_POINT('',(2.497014999481,0.34101884189,-2.5));
#280 = CARTESIAN_POINT('',(2.496379293491,0.340437825161,-2.5));
#281 = CARTESIAN_POINT('',(2.495921755639,0.339739103381,-2.5));
#282 = CARTESIAN_POINT('',(2.495860918427,0.339646196782,-2.5));
#283 = CARTESIAN_POINT('',(2.49580317765,0.339551262615,-2.5));
#284 = CARTESIAN_POINT('',(2.495748661403,0.339454511485,-2.5));
#285 = CARTESIAN_POINT('',(2.492231253053,0.333212092904,-2.5));
#286 = CARTESIAN_POINT('',(2.488713844704,0.326969674323,-2.5));
#287 = CARTESIAN_POINT('',(2.485196436355,0.320727255742,-2.5));
#288 = ORIENTED_EDGE('',*,*,#289,.F.);
#289 = EDGE_CURVE('',#290,#263,#292,.T.);
#290 = VERTEX_POINT('',#291);
#291 = CARTESIAN_POINT('',(2.51564720455,0.320541574516,-2.858));
#292 = LINE('',#293,#294);
#293 = CARTESIAN_POINT('',(2.51564720455,0.320541574516,-2.858));
#294 = VECTOR('',#295,1.);
#295 = DIRECTION('',(0.,-4.440892098501E-16,1.));
#296 = ORIENTED_EDGE('',*,*,#297,.T.);
#297 = EDGE_CURVE('',#290,#298,#300,.T.);
#298 = VERTEX_POINT('',#299);
#299 = CARTESIAN_POINT('',(2.51564720455,0.320541574516,-2.865680171632)
  );
#300 = LINE('',#301,#302);
#301 = CARTESIAN_POINT('',(2.51564720455,0.320541574516,-2.858));
#302 = VECTOR('',#303,1.);
#303 = DIRECTION('',(0.,4.331189139276E-16,-1.));
#304 = ORIENTED_EDGE('',*,*,#305,.F.);
#305 = EDGE_CURVE('',#240,#298,#306,.T.);
#306 = B_SPLINE_CURVE_WITH_KNOTS('',3,(#307,#308,#309,#310,#311,#312,
    #313,#314,#315,#316,#317,#318,#319,#320,#321,#322,#323,#324,#325,
    #326,#327,#328,#329,#330,#331,#332,#333,#334,#335,#336,#337,#338,
    #339,#340),.UNSPECIFIED.,.F.,.F.,(4,3,3,3,3,3,3,3,3,3,3,4),(
    -8.205164726913E-03,-3.508632505586E-03,-3.46640946951E-03,
    -3.259837036483E-03,-3.238926009508E-03,-3.050823007412E-03,
    -2.869344717187E-03,-2.683156349681E-03,-2.485265991685E-03,
    -2.341906647325E-03,-1.413995935934E-03,0.),.UNSPECIFIED.);
#307 = CARTESIAN_POINT('',(2.485196436355,0.320727255742,-2.865757083315
    ));
#308 = CARTESIAN_POINT('',(2.488679453176,0.326908638955,-2.868317496075
    ));
#309 = CARTESIAN_POINT('',(2.492162469997,0.333090022167,-2.870877908836
    ));
#310 = CARTESIAN_POINT('',(2.495645486818,0.339271405379,-2.873438321597
    ));
#311 = CARTESIAN_POINT('',(2.495676800037,0.339326977608,-2.873461340368
    ));
#312 = CARTESIAN_POINT('',(2.495711269331,0.339388150989,-2.873486679212
    ));
#313 = CARTESIAN_POINT('',(2.495748661403,0.339454511485,-2.873514166629
    ));
#314 = CARTESIAN_POINT('',(2.495931598773,0.339779174284,-2.873648646364
    ));
#315 = CARTESIAN_POINT('',(2.496221893707,0.340192468752,-2.873827393367
    ));
#316 = CARTESIAN_POINT('',(2.496692280588,0.340589721595,-2.874007744761
    ));
#317 = CARTESIAN_POINT('',(2.496739897168,0.340629934923,-2.87402600147)
  );
#318 = CARTESIAN_POINT('',(2.496789333974,0.340669946011,-2.87404427462)
  );
#319 = CARTESIAN_POINT('',(2.496840642124,0.340709621335,-2.874062519956
    ));
#320 = CARTESIAN_POINT('',(2.497302179338,0.341066516651,-2.874226644005
    ));
#321 = CARTESIAN_POINT('',(2.49783520847,0.341335740686,-2.874357126245)
  );
#322 = CARTESIAN_POINT('',(2.49841604572,0.341514751449,-2.874444637144)
  );
#323 = CARTESIAN_POINT('',(2.498976426734,0.341687457715,-2.874529066037
    ));
#324 = CARTESIAN_POINT('',(2.499568075837,0.341772084495,-2.874571402701
    ));
#325 = CARTESIAN_POINT('',(2.500166260779,0.34176710785,-2.874568392577)
  );
#326 = CARTESIAN_POINT('',(2.50077997098,0.341762002041,-2.874565304327)
  );
#327 = CARTESIAN_POINT('',(2.501383567018,0.341662773936,-2.874514577548
    ));
#328 = CARTESIAN_POINT('',(2.501950574826,0.341470497619,-2.874420278475
    ));
#329 = CARTESIAN_POINT('',(2.502553219232,0.341266136681,-2.874320052678
    ));
#330 = CARTESIAN_POINT('',(2.503098917023,0.340962062521,-2.87417334865)
  );
#331 = CARTESIAN_POINT('',(2.503560621872,0.340560227429,-2.873991456534
    ));
#332 = CARTESIAN_POINT('',(2.503895098524,0.340269122718,-2.873859686928
    ));
#333 = CARTESIAN_POINT('',(2.504180161057,0.339931212158,-2.873711622513
    ));
#334 = CARTESIAN_POINT('',(2.504408440441,0.339545214274,-2.873551736955
    ));
#335 = CARTESIAN_POINT('',(2.505886006386,0.337046796238,-2.87251685832)
  );
#336 = CARTESIAN_POINT('',(2.507384329895,0.334513279214,-2.871467441208
    ));
#337 = CARTESIAN_POINT('',(2.508867378328,0.332005590833,-2.87042872267)
  );
#338 = CARTESIAN_POINT('',(2.511127320402,0.328184252061,-2.868845872324
    ));
#339 = CARTESIAN_POINT('',(2.513387262476,0.324362913288,-2.867263021978
    ));
#340 = CARTESIAN_POINT('',(2.51564720455,0.320541574516,-2.865680171632)
  );
#341 = ORIENTED_EDGE('',*,*,#239,.F.);
#342 = B_SPLINE_SURFACE_WITH_KNOTS('',3,1,(
    (#343,#344)
    ,(#345,#346)
    ,(#347,#348)
    ,(#349,#350)
    ,(#351,#352)
    ,(#353,#354)
    ,(#355,#356)
    ,(#357,#358)
    ,(#359,#360)
    ,(#361,#362
    )),.UNSPECIFIED.,.F.,.F.,.F.,(4,3,3,4),(2,2),(0.,0.408509789904,
    0.602271017243,1.),(-1.701190222046E-03,3.580000000003E-02),
  .UNSPECIFIED.);
#343 = CARTESIAN_POINT('',(2.51564720455,0.320541574516,-2.87501190222)
  );
#344 = CARTESIAN_POINT('',(2.51564720455,0.320541574516,-2.5));
#345 = CARTESIAN_POINT('',(2.511900949847,0.326876121102,-2.87501190222)
  );
#346 = CARTESIAN_POINT('',(2.511900949847,0.326876121102,-2.5));
#347 = CARTESIAN_POINT('',(2.508154695144,0.333210667688,-2.87501190222)
  );
#348 = CARTESIAN_POINT('',(2.508154695144,0.333210667688,-2.5));
#349 = CARTESIAN_POINT('',(2.504408440441,0.339545214274,-2.87501190222)
  );
#350 = CARTESIAN_POINT('',(2.504408440441,0.339545214274,-2.5));
#351 = CARTESIAN_POINT('',(2.502631545671,0.342549767779,-2.87501190222)
  );
#352 = CARTESIAN_POINT('',(2.502631545671,0.342549767779,-2.5));
#353 = CARTESIAN_POINT('',(2.49746223368,0.342495624248,-2.87501190222)
  );
#354 = CARTESIAN_POINT('',(2.49746223368,0.342495624248,-2.5));
#355 = CARTESIAN_POINT('',(2.495748661403,0.339454511485,-2.87501190222)
  );
#356 = CARTESIAN_POINT('',(2.495748661403,0.339454511485,-2.5));
#357 = CARTESIAN_POINT('',(2.492231253053,0.333212092904,-2.87501190222)
  );
#358 = CARTESIAN_POINT('',(2.492231253053,0.333212092904,-2.5));
#359 = CARTESIAN_POINT('',(2.488713844704,0.326969674323,-2.87501190222)
  );
#360 = CARTESIAN_POINT('',(2.488713844704,0.326969674323,-2.5));
#361 = CARTESIAN_POINT('',(2.485196436355,0.320727255742,-2.87501190222)
  );
#362 = CARTESIAN_POINT('',(2.485196436355,0.320727255742,-2.5));
#363 = ADVANCED_FACE('',(#364),#381,.T.);
#364 = FACE_BOUND('',#365,.T.);
#365 = EDGE_LOOP('',(#366,#367,#373,#374,#380));
#366 = ORIENTED_EDGE('',*,*,#289,.T.);
#367 = ORIENTED_EDGE('',*,*,#368,.F.);
#368 = EDGE_CURVE('',#169,#263,#369,.T.);
#369 = LINE('',#370,#371);
#370 = CARTESIAN_POINT('',(2.526612702993,0.302,-2.5));
#371 = VECTOR('',#372,1.);
#372 = DIRECTION('',(-0.509042854847,0.860741175923,3.822458687011E-16)
  );
#373 = ORIENTED_EDGE('',*,*,#168,.F.);
#374 = ORIENTED_EDGE('',*,*,#375,.F.);
#375 = EDGE_CURVE('',#298,#161,#376,.T.);
#376 = LINE('',#377,#378);
#377 = CARTESIAN_POINT('',(2.518689146307,0.315397951538,-2.863549613235
    ));
#378 = VECTOR('',#379,1.);
#379 = DIRECTION('',(0.479479894466,-0.810753130635,0.335824942445));
#380 = ORIENTED_EDGE('',*,*,#297,.F.);
#381 = PLANE('',#382);
#382 = AXIS2_PLACEMENT_3D('',#383,#384,#385);
#383 = CARTESIAN_POINT('',(2.526612702993,0.302,-2.858));
#384 = DIRECTION('',(0.860741175923,0.509042854847,2.466616174804E-16));
#385 = DIRECTION('',(-0.509042854847,0.860741175923,3.822458687011E-16)
  );
#386 = ADVANCED_FACE('',(#387),#395,.T.);
#387 = FACE_BOUND('',#388,.T.);
#388 = EDGE_LOOP('',(#389,#390,#391,#392,#393,#394));
#389 = ORIENTED_EDGE('',*,*,#103,.T.);
#390 = ORIENTED_EDGE('',*,*,#176,.T.);
#391 = ORIENTED_EDGE('',*,*,#368,.T.);
#392 = ORIENTED_EDGE('',*,*,#262,.T.);
#393 = ORIENTED_EDGE('',*,*,#223,.T.);
#394 = ORIENTED_EDGE('',*,*,#200,.T.);
#395 = PLANE('',#396);
#396 = AXIS2_PLACEMENT_3D('',#397,#398,#399);
#397 = CARTESIAN_POINT('',(2.500424769616,0.301996970938,-2.5));
#398 = DIRECTION('',(-8.318831976484E-30,-4.4408920985E-16,1.));
#399 = DIRECTION('',(5.829922876631E-62,-1.,-4.4408920985E-16));
#400 = ADVANCED_FACE('',(#401),#426,.T.);
#401 = FACE_BOUND('',#402,.T.);
#402 = EDGE_LOOP('',(#403,#404,#412,#420));
#403 = ORIENTED_EDGE('',*,*,#191,.T.);
#404 = ORIENTED_EDGE('',*,*,#405,.F.);
#405 = EDGE_CURVE('',#406,#192,#408,.T.);
#406 = VERTEX_POINT('',#407);
#407 = CARTESIAN_POINT('',(2.474644211307,0.22,-2.94));
#408 = LINE('',#409,#410);
#409 = CARTESIAN_POINT('',(2.474644211307,0.22,-2.94));
#410 = VECTOR('',#411,1.);
#411 = DIRECTION('',(0.,0.707106781187,0.707106781187));
#412 = ORIENTED_EDGE('',*,*,#413,.F.);
#413 = EDGE_CURVE('',#414,#406,#416,.T.);
#414 = VERTEX_POINT('',#415);
#415 = CARTESIAN_POINT('',(2.485196436354,0.212242916686,-2.921272744258
    ));
#416 = LINE('',#417,#418);
#417 = CARTESIAN_POINT('',(2.486399691262,0.211358387733,-2.919137302464
    ));
#418 = VECTOR('',#419,1.);
#419 = DIRECTION('',(-0.461755785307,0.339442921406,-0.81948770451));
#420 = ORIENTED_EDGE('',*,*,#421,.T.);
#421 = EDGE_CURVE('',#414,#54,#422,.T.);
#422 = LINE('',#423,#424);
#423 = CARTESIAN_POINT('',(2.485196436354,0.206757830472,-2.926757830472
    ));
#424 = VECTOR('',#425,1.);
#425 = DIRECTION('',(0.,0.707106781187,0.707106781187));
#426 = PLANE('',#427);
#427 = AXIS2_PLACEMENT_3D('',#428,#429,#430);
#428 = CARTESIAN_POINT('',(2.474644211307,0.22,-2.94));
#429 = DIRECTION('',(-0.871214631875,-0.347120343113,0.347120343113));
#430 = DIRECTION('',(0.490902297006,-0.616041774068,0.616041774068));
#431 = ADVANCED_FACE('',(#432),#465,.T.);
#432 = FACE_BOUND('',#433,.T.);
#433 = EDGE_LOOP('',(#434,#435,#436,#459));
#434 = ORIENTED_EDGE('',*,*,#51,.T.);
#435 = ORIENTED_EDGE('',*,*,#421,.F.);
#436 = ORIENTED_EDGE('',*,*,#437,.F.);
#437 = EDGE_CURVE('',#438,#414,#440,.T.);
#438 = VERTEX_POINT('',#439);
#439 = CARTESIAN_POINT('',(2.515510571717,0.212224131523,-2.921227392864
    ));
#440 = B_SPLINE_CURVE_WITH_KNOTS('',3,(#441,#442,#443,#444,#445,#446,
    #447,#448,#449,#450,#451,#452,#453,#454,#455,#456,#457,#458),
  .UNSPECIFIED.,.F.,.F.,(4,2,2,2,2,2,2,2,4),(0.,2.253841892797E-03,
    2.500890458287E-03,2.682171570668E-03,2.85366871768E-03,
    3.022452517527E-03,3.198854158687E-03,3.403048698299E-03,
    5.405569156717E-03),.UNSPECIFIED.);
#441 = CARTESIAN_POINT('',(2.515510571717,0.212224131523,-2.921227392864
    ));
#442 = CARTESIAN_POINT('',(2.511908332141,0.209701143777,-2.915136361628
    ));
#443 = CARTESIAN_POINT('',(2.508306092564,0.20717815603,-2.909045330393)
  );
#444 = CARTESIAN_POINT('',(2.504309003588,0.204378618049,-2.902286647832
    ));
#445 = CARTESIAN_POINT('',(2.503972264027,0.20414276761,-2.901717254503)
  );
#446 = CARTESIAN_POINT('',(2.502833409744,0.203747625177,-2.900763296281
    ));
#447 = CARTESIAN_POINT('',(2.502273391809,0.20361740079,-2.9004489068));
#448 = CARTESIAN_POINT('',(2.50108125409,0.203455694503,-2.900058513289)
  );
#449 = CARTESIAN_POINT('',(2.500469590897,0.203421352312,-2.899975603906
    ));
#450 = CARTESIAN_POINT('',(2.499251718857,0.203446499028,-2.900036313449
    ));
#451 = CARTESIAN_POINT('',(2.498662170538,0.203504159211,-2.900175517445
    ));
#452 = CARTESIAN_POINT('',(2.497541798563,0.203705540091,-2.900661693897
    ));
#453 = CARTESIAN_POINT('',(2.497028636447,0.203850477085,-2.901011602753
    ));
#454 = CARTESIAN_POINT('',(2.496094168301,0.204231846578,-2.901932310156
    ));
#455 = CARTESIAN_POINT('',(2.495829903589,0.204426111141,-2.902401306297
    ));
#456 = CARTESIAN_POINT('',(2.492052383682,0.207203017103,-2.909105350331
    ));
#457 = CARTESIAN_POINT('',(2.488624410018,0.209722966894,-2.915189047295
    ));
#458 = CARTESIAN_POINT('',(2.485196436354,0.212242916686,-2.921272744258
    ));
#459 = ORIENTED_EDGE('',*,*,#460,.T.);
#460 = EDGE_CURVE('',#438,#52,#461,.T.);
#461 = LINE('',#462,#463);
#462 = CARTESIAN_POINT('',(2.515510571717,0.206725762193,-2.926725762193
    ));
#463 = VECTOR('',#464,1.);
#464 = DIRECTION('',(0.,0.707106781187,0.707106781187));
#465 = B_SPLINE_SURFACE_WITH_KNOTS('',3,1,(
    (#466,#467)
    ,(#468,#469)
    ,(#470,#471)
    ,(#472,#473)
    ,(#474,#475)
    ,(#476,#477)
    ,(#478,#479)
    ,(#480,#481)
    ,(#482,#483)
    ,(#484,#485
    )),.UNSPECIFIED.,.F.,.F.,.F.,(4,3,3,4),(2,2),(0.,0.399714110513,
    0.594442430575,1.),(0.,1.159655121146E-02),.UNSPECIFIED.);
#466 = CARTESIAN_POINT('',(2.485196436354,0.206757830472,-2.926757830472
    ));
#467 = CARTESIAN_POINT('',(2.485196436354,0.288757830472,-2.844757830472
    ));
#468 = CARTESIAN_POINT('',(2.488713844703,0.202343773963,-2.922343773963
    ));
#469 = CARTESIAN_POINT('',(2.488713844703,0.284343773963,-2.840343773963
    ));
#470 = CARTESIAN_POINT('',(2.492231253053,0.197929717453,-2.917929717453
    ));
#471 = CARTESIAN_POINT('',(2.492231253053,0.279929717453,-2.835929717453
    ));
#472 = CARTESIAN_POINT('',(2.495748661402,0.193515660944,-2.913515660944
    ));
#473 = CARTESIAN_POINT('',(2.495748661402,0.275515660944,-2.831515660944
    ));
#474 = CARTESIAN_POINT('',(2.497462233679,0.191365269486,-2.911365269486
    ));
#475 = CARTESIAN_POINT('',(2.497462233679,0.273365269486,-2.829365269486
    ));
#476 = CARTESIAN_POINT('',(2.502631545671,0.191326984228,-2.911326984228
    ));
#477 = CARTESIAN_POINT('',(2.502631545671,0.273326984228,-2.829326984228
    ));
#478 = CARTESIAN_POINT('',(2.504408440441,0.193451524387,-2.913451524387
    ));
#479 = CARTESIAN_POINT('',(2.504408440441,0.275451524387,-2.831451524387
    ));
#480 = CARTESIAN_POINT('',(2.508109150866,0.197876270322,-2.917876270322
    ));
#481 = CARTESIAN_POINT('',(2.508109150866,0.279876270322,-2.835876270322
    ));
#482 = CARTESIAN_POINT('',(2.511809861292,0.202301016258,-2.922301016258
    ));
#483 = CARTESIAN_POINT('',(2.511809861292,0.284301016258,-2.840301016258
    ));
#484 = CARTESIAN_POINT('',(2.515510571717,0.206725762193,-2.926725762193
    ));
#485 = CARTESIAN_POINT('',(2.515510571717,0.288725762193,-2.844725762193
    ));
#486 = ADVANCED_FACE('',(#487),#505,.T.);
#487 = FACE_BOUND('',#488,.T.);
#488 = EDGE_LOOP('',(#489,#490,#491,#499));
#489 = ORIENTED_EDGE('',*,*,#160,.T.);
#490 = ORIENTED_EDGE('',*,*,#460,.F.);
#491 = ORIENTED_EDGE('',*,*,#492,.F.);
#492 = EDGE_CURVE('',#493,#438,#495,.T.);
#493 = VERTEX_POINT('',#494);
#494 = CARTESIAN_POINT('',(2.526612702993,0.22,-2.94));
#495 = LINE('',#496,#497);
#496 = CARTESIAN_POINT('',(2.504686054133,0.204642702068,-2.902924203052
    ));
#497 = VECTOR('',#498,1.);
#498 = DIRECTION('',(-0.479479894469,-0.335824942445,0.810753130633));
#499 = ORIENTED_EDGE('',*,*,#500,.T.);
#500 = EDGE_CURVE('',#493,#161,#501,.T.);
#501 = LINE('',#502,#503);
#502 = CARTESIAN_POINT('',(2.526612702993,0.22,-2.94));
#503 = VECTOR('',#504,1.);
#504 = DIRECTION('',(0.,0.707106781187,0.707106781187));
#505 = PLANE('',#506);
#506 = AXIS2_PLACEMENT_3D('',#507,#508,#509);
#507 = CARTESIAN_POINT('',(2.515510571717,0.206725762193,-2.926725762193
    ));
#508 = DIRECTION('',(0.860741175921,-0.359947654579,0.359947654579));
#509 = DIRECTION('',(0.50904285485,0.60863592234,-0.60863592234));
#510 = ADVANCED_FACE('',(#511),#545,.T.);
#511 = FACE_BOUND('',#512,.T.);
#512 = EDGE_LOOP('',(#513,#514,#515,#523,#531,#539));
#513 = ORIENTED_EDGE('',*,*,#405,.T.);
#514 = ORIENTED_EDGE('',*,*,#247,.T.);
#515 = ORIENTED_EDGE('',*,*,#516,.F.);
#516 = EDGE_CURVE('',#517,#240,#519,.T.);
#517 = VERTEX_POINT('',#518);
#518 = CARTESIAN_POINT('',(2.485196436355,0.315242169528,-2.871242169529
    ));
#519 = LINE('',#520,#521);
#520 = CARTESIAN_POINT('',(2.485196436355,0.315242169528,-2.871242169529
    ));
#521 = VECTOR('',#522,1.);
#522 = DIRECTION('',(0.,0.707106781187,0.707106781187));
#523 = ORIENTED_EDGE('',*,*,#524,.F.);
#524 = EDGE_CURVE('',#525,#517,#527,.T.);
#525 = VERTEX_POINT('',#526);
#526 = CARTESIAN_POINT('',(2.485196436355,0.233242169528,-2.953242169529
    ));
#527 = LINE('',#528,#529);
#528 = CARTESIAN_POINT('',(2.485196436355,0.233242169528,-2.953242169529
    ));
#529 = VECTOR('',#530,1.);
#530 = DIRECTION('',(0.,0.707106781187,0.707106781187));
#531 = ORIENTED_EDGE('',*,*,#532,.T.);
#532 = EDGE_CURVE('',#525,#533,#535,.T.);
#533 = VERTEX_POINT('',#534);
#534 = CARTESIAN_POINT('',(2.485196436355,0.227757083315,-2.958727255742
    ));
#535 = LINE('',#536,#537);
#536 = CARTESIAN_POINT('',(2.485196436355,0.233242169528,-2.953242169529
    ));
#537 = VECTOR('',#538,1.);
#538 = DIRECTION('',(0.,-0.707106781187,-0.707106781187));
#539 = ORIENTED_EDGE('',*,*,#540,.F.);
#540 = EDGE_CURVE('',#406,#533,#541,.T.);
#541 = LINE('',#542,#543);
#542 = CARTESIAN_POINT('',(2.477347371721,0.221987129772,-2.944797355645
    ));
#543 = VECTOR('',#544,1.);
#544 = DIRECTION('',(0.46175578531,0.339442921405,-0.819487704509));
#545 = PLANE('',#546);
#546 = AXIS2_PLACEMENT_3D('',#547,#548,#549);
#547 = CARTESIAN_POINT('',(2.485196436355,0.233242169528,-2.953242169529
    ));
#548 = DIRECTION('',(-0.871214631874,0.347120343115,-0.347120343115));
#549 = DIRECTION('',(-0.49090229701,-0.616041774067,0.616041774067));
#550 = ADVANCED_FACE('',(#551),#618,.T.);
#551 = FACE_BOUND('',#552,.T.);
#552 = EDGE_LOOP('',(#553,#554,#555,#556,#564,#572,#580,#617));
#553 = ORIENTED_EDGE('',*,*,#524,.T.);
#554 = ORIENTED_EDGE('',*,*,#516,.T.);
#555 = ORIENTED_EDGE('',*,*,#305,.T.);
#556 = ORIENTED_EDGE('',*,*,#557,.F.);
#557 = EDGE_CURVE('',#558,#298,#560,.T.);
#558 = VERTEX_POINT('',#559);
#559 = CARTESIAN_POINT('',(2.51564720455,0.315110873074,-2.871110873074)
  );
#560 = LINE('',#561,#562);
#561 = CARTESIAN_POINT('',(2.51564720455,0.315110873074,-2.871110873074)
  );
#562 = VECTOR('',#563,1.);
#563 = DIRECTION('',(0.,0.707106781187,0.707106781187));
#564 = ORIENTED_EDGE('',*,*,#565,.F.);
#565 = EDGE_CURVE('',#566,#558,#568,.T.);
#566 = VERTEX_POINT('',#567);
#567 = CARTESIAN_POINT('',(2.51564720455,0.233110873074,-2.953110873074)
  );
#568 = LINE('',#569,#570);
#569 = CARTESIAN_POINT('',(2.51564720455,0.233110873074,-2.953110873074)
  );
#570 = VECTOR('',#571,1.);
#571 = DIRECTION('',(0.,0.707106781187,0.707106781187));
#572 = ORIENTED_EDGE('',*,*,#573,.T.);
#573 = EDGE_CURVE('',#566,#574,#576,.T.);
#574 = VERTEX_POINT('',#575);
#575 = CARTESIAN_POINT('',(2.51564720455,0.227680171632,-2.958541574516)
  );
#576 = LINE('',#577,#578);
#577 = CARTESIAN_POINT('',(2.51564720455,0.233110873074,-2.953110873074)
  );
#578 = VECTOR('',#579,1.);
#579 = DIRECTION('',(0.,-0.707106781187,-0.707106781187));
#580 = ORIENTED_EDGE('',*,*,#581,.F.);
#581 = EDGE_CURVE('',#533,#574,#582,.T.);
#582 = B_SPLINE_CURVE_WITH_KNOTS('',3,(#583,#584,#585,#586,#587,#588,
    #589,#590,#591,#592,#593,#594,#595,#596,#597,#598,#599,#600,#601,
    #602,#603,#604,#605,#606,#607,#608,#609,#610,#611,#612,#613,#614,
    #615,#616),.UNSPECIFIED.,.F.,.F.,(4,3,3,3,3,3,3,3,3,3,3,4),(
    -8.205164726892E-03,-3.508632505584E-03,-3.466409469507E-03,
    -3.259837036481E-03,-3.238926009507E-03,-3.050823007411E-03,
    -2.869344717186E-03,-2.683156349681E-03,-2.485265991685E-03,
    -2.341906647325E-03,-1.413995935934E-03,0.),.UNSPECIFIED.);
#583 = CARTESIAN_POINT('',(2.485196436355,0.227757083315,-2.958727255742
    ));
#584 = CARTESIAN_POINT('',(2.488679453176,0.230317496075,-2.964908638955
    ));
#585 = CARTESIAN_POINT('',(2.492162469997,0.232877908836,-2.971090022167
    ));
#586 = CARTESIAN_POINT('',(2.495645486818,0.235438321597,-2.977271405379
    ));
#587 = CARTESIAN_POINT('',(2.495676800037,0.235461340368,-2.977326977609
    ));
#588 = CARTESIAN_POINT('',(2.495711269331,0.235486679212,-2.977388150989
    ));
#589 = CARTESIAN_POINT('',(2.495748661403,0.235514166629,-2.977454511485
    ));
#590 = CARTESIAN_POINT('',(2.495931598773,0.235648646364,-2.977779174285
    ));
#591 = CARTESIAN_POINT('',(2.496221893707,0.235814496467,-2.978197810823
    ));
#592 = CARTESIAN_POINT('',(2.496692280588,0.235967868952,-2.978606238696
    ));
#593 = CARTESIAN_POINT('',(2.496739897168,0.235983394626,-2.978647583255
    ));
#594 = CARTESIAN_POINT('',(2.496789333974,0.235998765669,-2.978688796435
    ));
#595 = CARTESIAN_POINT('',(2.496840642124,0.23601391896,-2.978729752527)
  );
#596 = CARTESIAN_POINT('',(2.497302179338,0.236150228829,-2.979098168853
    ));
#597 = CARTESIAN_POINT('',(2.49783520847,0.236248334094,-2.979380803871)
  );
#598 = CARTESIAN_POINT('',(2.49841604572,0.236313034268,-2.979569263145)
  );
#599 = CARTESIAN_POINT('',(2.498976426734,0.236375455797,-2.97975108516)
  );
#600 = CARTESIAN_POINT('',(2.499568075837,0.236405359425,-2.979840861872
    ));
#601 = CARTESIAN_POINT('',(2.500166260779,0.236403968885,-2.979835214373
    ));
#602 = CARTESIAN_POINT('',(2.50077997098,0.236402542254,-2.979829420299)
  );
#603 = CARTESIAN_POINT('',(2.501383567018,0.236368246638,-2.979723386184
    ));
#604 = CARTESIAN_POINT('',(2.501950574826,0.236298966265,-2.979520746782
    ));
#605 = CARTESIAN_POINT('',(2.502553219232,0.2362253316,-2.979305371436)
  );
#606 = CARTESIAN_POINT('',(2.503098917023,0.236114054113,-2.978986623123
    ));
#607 = CARTESIAN_POINT('',(2.503560621872,0.235958530943,-2.978573865655
    ));
#608 = CARTESIAN_POINT('',(2.503895098524,0.23584586401,-2.978274848358)
  );
#609 = CARTESIAN_POINT('',(2.504180161057,0.235711622513,-2.977931212158
    ));
#610 = CARTESIAN_POINT('',(2.504408440441,0.235551736954,-2.977545214274
    ));
#611 = CARTESIAN_POINT('',(2.505886006386,0.23451685832,-2.975046796238)
  );
#612 = CARTESIAN_POINT('',(2.507384329895,0.233467441208,-2.972513279214
    ));
#613 = CARTESIAN_POINT('',(2.508867378328,0.23242872267,-2.970005590833)
  );
#614 = CARTESIAN_POINT('',(2.511127320402,0.230845872324,-2.966184252061
    ));
#615 = CARTESIAN_POINT('',(2.513387262476,0.229263021978,-2.962362913288
    ));
#616 = CARTESIAN_POINT('',(2.51564720455,0.227680171632,-2.958541574516)
  );
#617 = ORIENTED_EDGE('',*,*,#532,.F.);
#618 = B_SPLINE_SURFACE_WITH_KNOTS('',3,1,(
    (#619,#620)
    ,(#621,#622)
    ,(#623,#624)
    ,(#625,#626)
    ,(#627,#628)
    ,(#629,#630)
    ,(#631,#632)
    ,(#633,#634)
    ,(#635,#636)
    ,(#637,#638
    )),.UNSPECIFIED.,.F.,.F.,.F.,(4,3,3,4),(2,2),(0.,0.408509789904,
    0.602271017243,1.),(-3.920255635902E-03,1.551680684736E-02),
  .UNSPECIFIED.);
#619 = CARTESIAN_POINT('',(2.51564720455,0.205390479633,-2.980831266515)
  );
#620 = CARTESIAN_POINT('',(2.51564720455,0.342831266515,-2.843390479633)
  );
#621 = CARTESIAN_POINT('',(2.511900949847,0.209869680479,-2.985310467362
    ));
#622 = CARTESIAN_POINT('',(2.511900949847,0.347310467362,-2.847869680479
    ));
#623 = CARTESIAN_POINT('',(2.508154695144,0.214348881326,-2.989789668209
    ));
#624 = CARTESIAN_POINT('',(2.508154695144,0.351789668209,-2.852348881326
    ));
#625 = CARTESIAN_POINT('',(2.504408440441,0.218828082173,-2.994268869056
    ));
#626 = CARTESIAN_POINT('',(2.504408440441,0.356268869056,-2.856828082173
    ));
#627 = CARTESIAN_POINT('',(2.502631545671,0.220952622331,-2.996393409214
    ));
#628 = CARTESIAN_POINT('',(2.502631545671,0.358393409213,-2.858952622331
    ));
#629 = CARTESIAN_POINT('',(2.49746223368,0.220914337073,-2.996355123956)
  );
#630 = CARTESIAN_POINT('',(2.49746223368,0.358355123955,-2.858914337073)
  );
#631 = CARTESIAN_POINT('',(2.495748661403,0.218763945616,-2.994204732498
    ));
#632 = CARTESIAN_POINT('',(2.495748661403,0.356204732498,-2.856763945616
    ));
#633 = CARTESIAN_POINT('',(2.492231253053,0.214349889106,-2.989790675989
    ));
#634 = CARTESIAN_POINT('',(2.492231253053,0.351790675989,-2.852349889106
    ));
#635 = CARTESIAN_POINT('',(2.488713844704,0.209935832597,-2.985376619479
    ));
#636 = CARTESIAN_POINT('',(2.488713844704,0.347376619479,-2.847935832597
    ));
#637 = CARTESIAN_POINT('',(2.485196436355,0.205521776087,-2.98096256297)
  );
#638 = CARTESIAN_POINT('',(2.485196436355,0.34296256297,-2.843521776087)
  );
#639 = ADVANCED_FACE('',(#640),#653,.T.);
#640 = FACE_BOUND('',#641,.T.);
#641 = EDGE_LOOP('',(#642,#643,#644,#645,#646,#652));
#642 = ORIENTED_EDGE('',*,*,#565,.T.);
#643 = ORIENTED_EDGE('',*,*,#557,.T.);
#644 = ORIENTED_EDGE('',*,*,#375,.T.);
#645 = ORIENTED_EDGE('',*,*,#500,.F.);
#646 = ORIENTED_EDGE('',*,*,#647,.F.);
#647 = EDGE_CURVE('',#574,#493,#648,.T.);
#648 = LINE('',#649,#650);
#649 = CARTESIAN_POINT('',(2.518689146307,0.225549613235,-2.953397951538
    ));
#650 = VECTOR('',#651,1.);
#651 = DIRECTION('',(0.479479894466,-0.335824942445,0.810753130635));
#652 = ORIENTED_EDGE('',*,*,#573,.F.);
#653 = PLANE('',#654);
#654 = AXIS2_PLACEMENT_3D('',#655,#656,#657);
#655 = CARTESIAN_POINT('',(2.526612702993,0.22,-2.94));
#656 = DIRECTION('',(0.860741175923,0.359947654577,-0.359947654577));
#657 = DIRECTION('',(-0.509042854847,0.608635922342,-0.608635922342));
#658 = ADVANCED_FACE('',(#659),#684,.T.);
#659 = FACE_BOUND('',#660,.T.);
#660 = EDGE_LOOP('',(#661,#662,#670,#678));
#661 = ORIENTED_EDGE('',*,*,#413,.T.);
#662 = ORIENTED_EDGE('',*,*,#663,.F.);
#663 = EDGE_CURVE('',#664,#406,#666,.T.);
#664 = VERTEX_POINT('',#665);
#665 = CARTESIAN_POINT('',(2.474644211307,7.E-02,-2.94));
#666 = LINE('',#667,#668);
#667 = CARTESIAN_POINT('',(2.474644211307,7.E-02,-2.94));
#668 = VECTOR('',#669,1.);
#669 = DIRECTION('',(0.,1.,0.));
#670 = ORIENTED_EDGE('',*,*,#671,.T.);
#671 = EDGE_CURVE('',#664,#672,#674,.T.);
#672 = VERTEX_POINT('',#673);
#673 = CARTESIAN_POINT('',(2.485196436354,7.E-02,-2.921272744258));
#674 = LINE('',#675,#676);
#675 = CARTESIAN_POINT('',(2.474644211307,7.E-02,-2.94));
#676 = VECTOR('',#677,1.);
#677 = DIRECTION('',(0.490902297006,0.,0.871214631875));
#678 = ORIENTED_EDGE('',*,*,#679,.T.);
#679 = EDGE_CURVE('',#672,#414,#680,.T.);
#680 = LINE('',#681,#682);
#681 = CARTESIAN_POINT('',(2.485196436354,7.E-02,-2.921272744258));
#682 = VECTOR('',#683,1.);
#683 = DIRECTION('',(0.,1.,0.));
#684 = PLANE('',#685);
#685 = AXIS2_PLACEMENT_3D('',#686,#687,#688);
#686 = CARTESIAN_POINT('',(2.474644211307,7.E-02,-2.94));
#687 = DIRECTION('',(-0.871214631875,0.,0.490902297006));
#688 = DIRECTION('',(0.490902297006,0.,0.871214631875));
#689 = ADVANCED_FACE('',(#690),#708,.T.);
#690 = FACE_BOUND('',#691,.T.);
#691 = EDGE_LOOP('',(#692,#700,#701,#702));
#692 = ORIENTED_EDGE('',*,*,#693,.T.);
#693 = EDGE_CURVE('',#694,#664,#696,.T.);
#694 = VERTEX_POINT('',#695);
#695 = CARTESIAN_POINT('',(2.485196436355,7.E-02,-2.958727255742));
#696 = LINE('',#697,#698);
#697 = CARTESIAN_POINT('',(2.495748661403,7.E-02,-2.977454511485));
#698 = VECTOR('',#699,1.);
#699 = DIRECTION('',(-0.49090229701,0.,0.871214631874));
#700 = ORIENTED_EDGE('',*,*,#663,.T.);
#701 = ORIENTED_EDGE('',*,*,#540,.T.);
#702 = ORIENTED_EDGE('',*,*,#703,.F.);
#703 = EDGE_CURVE('',#694,#533,#704,.T.);
#704 = LINE('',#705,#706);
#705 = CARTESIAN_POINT('',(2.485196436355,7.E-02,-2.958727255742));
#706 = VECTOR('',#707,1.);
#707 = DIRECTION('',(0.,1.,0.));
#708 = PLANE('',#709);
#709 = AXIS2_PLACEMENT_3D('',#710,#711,#712);
#710 = CARTESIAN_POINT('',(2.485196436355,7.E-02,-2.958727255742));
#711 = DIRECTION('',(-0.871214631874,0.,-0.49090229701));
#712 = DIRECTION('',(-0.49090229701,0.,0.871214631874));
#713 = ADVANCED_FACE('',(#714),#737,.T.);
#714 = FACE_BOUND('',#715,.T.);
#715 = EDGE_LOOP('',(#716,#729,#730,#731));
#716 = ORIENTED_EDGE('',*,*,#717,.T.);
#717 = EDGE_CURVE('',#718,#694,#720,.T.);
#718 = VERTEX_POINT('',#719);
#719 = CARTESIAN_POINT('',(2.51564720455,7.E-02,-2.958541574516));
#720 = B_SPLINE_CURVE_WITH_KNOTS('',3,(#721,#722,#723,#724,#725,#726,
    #727,#728),.UNSPECIFIED.,.F.,.F.,(4,2,2,4),(0.,0.408509789904,
    0.602271017243,1.),.UNSPECIFIED.);
#721 = CARTESIAN_POINT('',(2.51564720455,7.E-02,-2.958541574516));
#722 = CARTESIAN_POINT('',(2.511900949847,7.E-02,-2.964876121102));
#723 = CARTESIAN_POINT('',(2.508149914635,7.E-02,-2.971075062836));
#724 = CARTESIAN_POINT('',(2.502643830463,7.E-02,-2.980724502507));
#725 = CARTESIAN_POINT('',(2.497446378947,7.E-02,-2.980670179939));
#726 = CARTESIAN_POINT('',(2.492238625659,7.E-02,-2.97108038277));
#727 = CARTESIAN_POINT('',(2.488713844704,7.E-02,-2.964969674323));
#728 = CARTESIAN_POINT('',(2.485196436355,7.E-02,-2.958727255742));
#729 = ORIENTED_EDGE('',*,*,#703,.T.);
#730 = ORIENTED_EDGE('',*,*,#581,.T.);
#731 = ORIENTED_EDGE('',*,*,#732,.F.);
#732 = EDGE_CURVE('',#718,#574,#733,.T.);
#733 = LINE('',#734,#735);
#734 = CARTESIAN_POINT('',(2.51564720455,7.E-02,-2.958541574516));
#735 = VECTOR('',#736,1.);
#736 = DIRECTION('',(0.,1.,0.));
#737 = B_SPLINE_SURFACE_WITH_KNOTS('',3,1,(
    (#738,#739)
    ,(#740,#741)
    ,(#742,#743)
    ,(#744,#745)
    ,(#746,#747)
    ,(#748,#749)
    ,(#750,#751)
    ,(#752,#753)
    ,(#754,#755)
    ,(#756,#757
    )),.UNSPECIFIED.,.F.,.F.,.F.,(4,3,3,4),(2,2),(0.,0.408509789904,
    0.602271017243,1.),(0.,1.670119022205E-02),.UNSPECIFIED.);
#738 = CARTESIAN_POINT('',(2.51564720455,7.E-02,-2.958541574516));
#739 = CARTESIAN_POINT('',(2.51564720455,0.23701190222,-2.958541574516)
  );
#740 = CARTESIAN_POINT('',(2.511900949847,7.E-02,-2.964876121102));
#741 = CARTESIAN_POINT('',(2.511900949847,0.23701190222,-2.964876121102)
  );
#742 = CARTESIAN_POINT('',(2.508154695144,7.E-02,-2.971210667688));
#743 = CARTESIAN_POINT('',(2.508154695144,0.23701190222,-2.971210667688)
  );
#744 = CARTESIAN_POINT('',(2.504408440441,7.E-02,-2.977545214274));
#745 = CARTESIAN_POINT('',(2.504408440441,0.23701190222,-2.977545214274)
  );
#746 = CARTESIAN_POINT('',(2.502631545671,7.E-02,-2.980549767779));
#747 = CARTESIAN_POINT('',(2.502631545671,0.23701190222,-2.980549767779)
  );
#748 = CARTESIAN_POINT('',(2.49746223368,7.E-02,-2.980495624248));
#749 = CARTESIAN_POINT('',(2.49746223368,0.23701190222,-2.980495624248)
  );
#750 = CARTESIAN_POINT('',(2.495748661403,7.E-02,-2.977454511485));
#751 = CARTESIAN_POINT('',(2.495748661403,0.23701190222,-2.977454511485)
  );
#752 = CARTESIAN_POINT('',(2.492231253053,7.E-02,-2.971212092904));
#753 = CARTESIAN_POINT('',(2.492231253053,0.23701190222,-2.971212092904)
  );
#754 = CARTESIAN_POINT('',(2.488713844704,7.E-02,-2.964969674323));
#755 = CARTESIAN_POINT('',(2.488713844704,0.23701190222,-2.964969674323)
  );
#756 = CARTESIAN_POINT('',(2.485196436355,7.E-02,-2.958727255742));
#757 = CARTESIAN_POINT('',(2.485196436355,0.23701190222,-2.958727255742)
  );
#758 = ADVANCED_FACE('',(#759),#777,.T.);
#759 = FACE_BOUND('',#760,.T.);
#760 = EDGE_LOOP('',(#761,#769,#770,#771));
#761 = ORIENTED_EDGE('',*,*,#762,.T.);
#762 = EDGE_CURVE('',#763,#718,#765,.T.);
#763 = VERTEX_POINT('',#764);
#764 = CARTESIAN_POINT('',(2.526612702993,7.E-02,-2.94));
#765 = LINE('',#766,#767);
#766 = CARTESIAN_POINT('',(2.526612702993,7.E-02,-2.94));
#767 = VECTOR('',#768,1.);
#768 = DIRECTION('',(-0.509042854847,0.,-0.860741175923));
#769 = ORIENTED_EDGE('',*,*,#732,.T.);
#770 = ORIENTED_EDGE('',*,*,#647,.T.);
#771 = ORIENTED_EDGE('',*,*,#772,.F.);
#772 = EDGE_CURVE('',#763,#493,#773,.T.);
#773 = LINE('',#774,#775);
#774 = CARTESIAN_POINT('',(2.526612702993,7.E-02,-2.94));
#775 = VECTOR('',#776,1.);
#776 = DIRECTION('',(0.,1.,0.));
#777 = PLANE('',#778);
#778 = AXIS2_PLACEMENT_3D('',#779,#780,#781);
#779 = CARTESIAN_POINT('',(2.526612702993,7.E-02,-2.94));
#780 = DIRECTION('',(0.860741175923,0.,-0.509042854847));
#781 = DIRECTION('',(-0.509042854847,0.,-0.860741175923));
#782 = ADVANCED_FACE('',(#783),#801,.T.);
#783 = FACE_BOUND('',#784,.T.);
#784 = EDGE_LOOP('',(#785,#786,#794,#800));
#785 = ORIENTED_EDGE('',*,*,#492,.T.);
#786 = ORIENTED_EDGE('',*,*,#787,.F.);
#787 = EDGE_CURVE('',#788,#438,#790,.T.);
#788 = VERTEX_POINT('',#789);
#789 = CARTESIAN_POINT('',(2.515510571717,7.E-02,-2.921227392864));
#790 = LINE('',#791,#792);
#791 = CARTESIAN_POINT('',(2.515510571717,7.E-02,-2.921227392864));
#792 = VECTOR('',#793,1.);
#793 = DIRECTION('',(0.,1.,0.));
#794 = ORIENTED_EDGE('',*,*,#795,.T.);
#795 = EDGE_CURVE('',#788,#763,#796,.T.);
#796 = LINE('',#797,#798);
#797 = CARTESIAN_POINT('',(2.504408440441,7.E-02,-2.902454785727));
#798 = VECTOR('',#799,1.);
#799 = DIRECTION('',(0.50904285485,0.,-0.860741175921));
#800 = ORIENTED_EDGE('',*,*,#772,.T.);
#801 = PLANE('',#802);
#802 = AXIS2_PLACEMENT_3D('',#803,#804,#805);
#803 = CARTESIAN_POINT('',(2.515510571717,7.E-02,-2.921227392864));
#804 = DIRECTION('',(0.860741175921,0.,0.50904285485));
#805 = DIRECTION('',(0.50904285485,0.,-0.860741175921));
#806 = ADVANCED_FACE('',(#807),#823,.T.);
#807 = FACE_BOUND('',#808,.T.);
#808 = EDGE_LOOP('',(#809,#810,#811,#822));
#809 = ORIENTED_EDGE('',*,*,#437,.T.);
#810 = ORIENTED_EDGE('',*,*,#679,.F.);
#811 = ORIENTED_EDGE('',*,*,#812,.T.);
#812 = EDGE_CURVE('',#672,#788,#813,.T.);
#813 = B_SPLINE_CURVE_WITH_KNOTS('',3,(#814,#815,#816,#817,#818,#819,
    #820,#821),.UNSPECIFIED.,.F.,.F.,(4,2,2,4),(0.,0.399714110513,
    0.594442430575,1.),.UNSPECIFIED.);
#814 = CARTESIAN_POINT('',(2.485196436354,7.E-02,-2.921272744258));
#815 = CARTESIAN_POINT('',(2.488713844703,7.E-02,-2.915030325678));
#816 = CARTESIAN_POINT('',(2.492238629004,7.E-02,-2.908919501468));
#817 = CARTESIAN_POINT('',(2.497446363111,7.E-02,-2.899329999284));
#818 = CARTESIAN_POINT('',(2.502643808361,7.E-02,-2.899275624509));
#819 = CARTESIAN_POINT('',(2.508104441889,7.E-02,-2.908846066041));
#820 = CARTESIAN_POINT('',(2.511809861292,7.E-02,-2.914969857151));
#821 = CARTESIAN_POINT('',(2.515510571717,7.E-02,-2.921227392864));
#822 = ORIENTED_EDGE('',*,*,#787,.T.);
#823 = B_SPLINE_SURFACE_WITH_KNOTS('',3,1,(
    (#824,#825)
    ,(#826,#827)
    ,(#828,#829)
    ,(#830,#831)
    ,(#832,#833)
    ,(#834,#835)
    ,(#836,#837)
    ,(#838,#839)
    ,(#840,#841)
    ,(#842,#843
    )),.UNSPECIFIED.,.F.,.F.,.F.,(4,3,3,4),(2,2),(0.,0.399714110513,
    0.594442430575,1.),(0.,1.5E-02),.UNSPECIFIED.);
#824 = CARTESIAN_POINT('',(2.485196436354,7.E-02,-2.921272744258));
#825 = CARTESIAN_POINT('',(2.485196436354,0.22,-2.921272744258));
#826 = CARTESIAN_POINT('',(2.488713844703,7.E-02,-2.915030325678));
#827 = CARTESIAN_POINT('',(2.488713844703,0.22,-2.915030325678));
#828 = CARTESIAN_POINT('',(2.492231253053,7.E-02,-2.908787907097));
#829 = CARTESIAN_POINT('',(2.492231253053,0.22,-2.908787907097));
#830 = CARTESIAN_POINT('',(2.495748661402,7.E-02,-2.902545488516));
#831 = CARTESIAN_POINT('',(2.495748661402,0.22,-2.902545488516));
#832 = CARTESIAN_POINT('',(2.497462233679,7.E-02,-2.899504375753));
#833 = CARTESIAN_POINT('',(2.497462233679,0.22,-2.899504375753));
#834 = CARTESIAN_POINT('',(2.502631545671,7.E-02,-2.899450232222));
#835 = CARTESIAN_POINT('',(2.502631545671,0.22,-2.899450232222));
#836 = CARTESIAN_POINT('',(2.504408440441,7.E-02,-2.902454785727));
#837 = CARTESIAN_POINT('',(2.504408440441,0.22,-2.902454785727));
#838 = CARTESIAN_POINT('',(2.508109150866,7.E-02,-2.908712321439));
#839 = CARTESIAN_POINT('',(2.508109150866,0.22,-2.908712321439));
#840 = CARTESIAN_POINT('',(2.511809861292,7.E-02,-2.914969857151));
#841 = CARTESIAN_POINT('',(2.511809861292,0.22,-2.914969857151));
#842 = CARTESIAN_POINT('',(2.515510571717,7.E-02,-2.921227392864));
#843 = CARTESIAN_POINT('',(2.515510571717,0.22,-2.921227392864));
#844 = ADVANCED_FACE('',(#845),#870,.F.);
#845 = FACE_BOUND('',#846,.F.);
#846 = EDGE_LOOP('',(#847,#855,#863,#869));
#847 = ORIENTED_EDGE('',*,*,#848,.T.);
#848 = EDGE_CURVE('',#788,#849,#851,.T.);
#849 = VERTEX_POINT('',#850);
#850 = CARTESIAN_POINT('',(2.634000000001,4.E-02,-2.89));
#851 = LINE('',#852,#853);
#852 = CARTESIAN_POINT('',(2.515510571717,7.E-02,-2.921227392864));
#853 = VECTOR('',#854,1.);
#854 = DIRECTION('',(0.939242464716,-0.23780411763,0.247533420193));
#855 = ORIENTED_EDGE('',*,*,#856,.F.);
#856 = EDGE_CURVE('',#857,#849,#859,.T.);
#857 = VERTEX_POINT('',#858);
#858 = CARTESIAN_POINT('',(2.366000000003,4.E-02,-2.89));
#859 = LINE('',#860,#861);
#860 = CARTESIAN_POINT('',(2.664000000001,4.E-02,-2.89));
#861 = VECTOR('',#862,1.);
#862 = DIRECTION('',(1.,0.,2.115516434129E-13));
#863 = ORIENTED_EDGE('',*,*,#864,.F.);
#864 = EDGE_CURVE('',#672,#857,#865,.T.);
#865 = LINE('',#866,#867);
#866 = CARTESIAN_POINT('',(2.485196436354,7.E-02,-2.921272744258));
#867 = VECTOR('',#868,1.);
#868 = DIRECTION('',(-0.939814793465,-0.236537640444,0.246572704568));
#869 = ORIENTED_EDGE('',*,*,#812,.T.);
#870 = B_SPLINE_SURFACE_WITH_KNOTS('',3,3,(
    (#871,#872,#873,#874)
    ,(#875,#876,#877,#878)
    ,(#879,#880,#881,#882)
    ,(#883,#884,#885,#886)
    ,(#887,#888,#889,#890)
    ,(#891,#892,#893,#894)
    ,(#895,#896,#897,#898)
    ,(#899,#900,#901,#902
    )),.UNSPECIFIED.,.F.,.F.,.F.,(4,2,2,4),(4,4),(0.,0.399714110513,
    0.594442430575,1.),(0.,1.),.UNSPECIFIED.);
#871 = CARTESIAN_POINT('',(2.485196436354,7.E-02,-2.921272744258));
#872 = CARTESIAN_POINT('',(2.445464290904,6.E-02,-2.910848496172));
#873 = CARTESIAN_POINT('',(2.405732145453,5.E-02,-2.900424248086));
#874 = CARTESIAN_POINT('',(2.366000000003,4.E-02,-2.89));
#875 = CARTESIAN_POINT('',(2.488713844703,7.E-02,-2.915030325678));
#876 = CARTESIAN_POINT('',(2.459714658432,6.E-02,-2.906720784514));
#877 = CARTESIAN_POINT('',(2.430706980146,5.E-02,-2.898309541164));
#878 = CARTESIAN_POINT('',(2.401707793875,4.E-02,-2.89));
#879 = CARTESIAN_POINT('',(2.492238629004,7.E-02,-2.908919501468));
#880 = CARTESIAN_POINT('',(2.473961911397,6.E-02,-2.902602077751));
#881 = CARTESIAN_POINT('',(2.455692305354,5.E-02,-2.896317423717));
#882 = CARTESIAN_POINT('',(2.437415587747,4.E-02,-2.89));
#883 = CARTESIAN_POINT('',(2.497446363111,7.E-02,-2.899329999284));
#884 = CARTESIAN_POINT('',(2.495138017244,6.E-02,-2.896222296165));
#885 = CARTESIAN_POINT('',(2.492827457412,5.E-02,-2.893107703119));
#886 = CARTESIAN_POINT('',(2.490519111545,4.E-02,-2.89));
#887 = CARTESIAN_POINT('',(2.502643808361,7.E-02,-2.899275624509));
#888 = CARTESIAN_POINT('',(2.504400159556,6.E-02,-2.896185479087));
#889 = CARTESIAN_POINT('',(2.506158490275,5.E-02,-2.893090145422));
#890 = CARTESIAN_POINT('',(2.50791484147,4.E-02,-2.89));
#891 = CARTESIAN_POINT('',(2.508104441889,7.E-02,-2.908846066041));
#892 = CARTESIAN_POINT('',(2.525918548023,6.E-02,-2.902553986384));
#893 = CARTESIAN_POINT('',(2.543726274797,5.E-02,-2.896292079657));
#894 = CARTESIAN_POINT('',(2.561540380931,4.E-02,-2.89));
#895 = CARTESIAN_POINT('',(2.511809861292,7.E-02,-2.914969857151));
#896 = CARTESIAN_POINT('',(2.540461176755,6.E-02,-2.906680331352));
#897 = CARTESIAN_POINT('',(2.569118875003,5.E-02,-2.898289525799));
#898 = CARTESIAN_POINT('',(2.597770190466,4.E-02,-2.89));
#899 = CARTESIAN_POINT('',(2.515510571717,7.E-02,-2.921227392864));
#900 = CARTESIAN_POINT('',(2.555007047812,6.E-02,-2.910818261909));
#901 = CARTESIAN_POINT('',(2.594503523906,5.E-02,-2.900409130955));
#902 = CARTESIAN_POINT('',(2.634000000001,4.E-02,-2.89));
#903 = ADVANCED_FACE('',(#904),#923,.F.);
#904 = FACE_BOUND('',#905,.F.);
#905 = EDGE_LOOP('',(#906,#914,#921,#922));
#906 = ORIENTED_EDGE('',*,*,#907,.T.);
#907 = EDGE_CURVE('',#763,#908,#910,.T.);
#908 = VERTEX_POINT('',#909);
#909 = CARTESIAN_POINT('',(2.634000000001,4.E-02,-2.940309577499));
#910 = LINE('',#911,#912);
#911 = CARTESIAN_POINT('',(2.526612702993,7.E-02,-2.94));
#912 = VECTOR('',#913,1.);
#913 = DIRECTION('',(0.963119520381,-0.26905962266,-2.776493503227E-03)
  );
#914 = ORIENTED_EDGE('',*,*,#915,.T.);
#915 = EDGE_CURVE('',#908,#849,#916,.T.);
#916 = B_SPLINE_CURVE_WITH_KNOTS('',3,(#917,#918,#919,#920),
  .UNSPECIFIED.,.F.,.F.,(4,4),(-1.,0.),.PIECEWISE_BEZIER_KNOTS.);
#917 = CARTESIAN_POINT('',(2.634000000001,4.E-02,-2.940309577499));
#918 = CARTESIAN_POINT('',(2.634000000001,4.E-02,-2.923539718333));
#919 = CARTESIAN_POINT('',(2.634000000001,4.E-02,-2.906769859166));
#920 = CARTESIAN_POINT('',(2.634000000001,4.E-02,-2.89));
#921 = ORIENTED_EDGE('',*,*,#848,.F.);
#922 = ORIENTED_EDGE('',*,*,#795,.T.);
#923 = B_SPLINE_SURFACE_WITH_KNOTS('',3,3,(
    (#924,#925,#926,#927)
    ,(#928,#929,#930,#931)
    ,(#932,#933,#934,#935)
    ,(#936,#937,#938,#939
    )),.UNSPECIFIED.,.F.,.F.,.F.,(4,4),(4,4),(0.,1.),(0.,1.),
  .PIECEWISE_BEZIER_KNOTS.);
#924 = CARTESIAN_POINT('',(2.515510571717,7.E-02,-2.921227392864));
#925 = CARTESIAN_POINT('',(2.555007047812,6.E-02,-2.910818261909));
#926 = CARTESIAN_POINT('',(2.594503523906,5.E-02,-2.900409130955));
#927 = CARTESIAN_POINT('',(2.634000000001,4.E-02,-2.89));
#928 = CARTESIAN_POINT('',(2.519211282142,7.E-02,-2.927484928576));
#929 = CARTESIAN_POINT('',(2.557474188095,6.E-02,-2.920579905439));
#930 = CARTESIAN_POINT('',(2.595737094048,5.E-02,-2.913674882303));
#931 = CARTESIAN_POINT('',(2.634000000001,4.E-02,-2.906769859166));
#932 = CARTESIAN_POINT('',(2.522911992568,7.E-02,-2.933742464288));
#933 = CARTESIAN_POINT('',(2.559941328379,6.E-02,-2.93034154897));
#934 = CARTESIAN_POINT('',(2.59697066419,5.E-02,-2.926940633651));
#935 = CARTESIAN_POINT('',(2.634000000001,4.E-02,-2.923539718333));
#936 = CARTESIAN_POINT('',(2.526612702993,7.E-02,-2.94));
#937 = CARTESIAN_POINT('',(2.562408468662,6.E-02,-2.9401031925));
#938 = CARTESIAN_POINT('',(2.598204234332,5.E-02,-2.940206384999));
#939 = CARTESIAN_POINT('',(2.634000000001,4.E-02,-2.940309577499));
#940 = ADVANCED_FACE('',(#941),#960,.F.);
#941 = FACE_BOUND('',#942,.F.);
#942 = EDGE_LOOP('',(#943,#951,#958,#959));
#943 = ORIENTED_EDGE('',*,*,#944,.T.);
#944 = EDGE_CURVE('',#718,#945,#947,.T.);
#945 = VERTEX_POINT('',#946);
#946 = CARTESIAN_POINT('',(2.634000000001,4.E-02,-2.99));
#947 = LINE('',#948,#949);
#948 = CARTESIAN_POINT('',(2.51564720455,7.E-02,-2.958541574516));
#949 = VECTOR('',#950,1.);
#950 = DIRECTION('',(0.938686786858,-0.237937798582,-0.249504950219));
#951 = ORIENTED_EDGE('',*,*,#952,.T.);
#952 = EDGE_CURVE('',#945,#908,#953,.T.);
#953 = B_SPLINE_CURVE_WITH_KNOTS('',3,(#954,#955,#956,#957),
  .UNSPECIFIED.,.F.,.F.,(4,4),(-1.,0.),.PIECEWISE_BEZIER_KNOTS.);
#954 = CARTESIAN_POINT('',(2.634000000001,4.E-02,-2.99));
#955 = CARTESIAN_POINT('',(2.634000000001,4.E-02,-2.973436525833));
#956 = CARTESIAN_POINT('',(2.634000000001,4.E-02,-2.956873051666));
#957 = CARTESIAN_POINT('',(2.634000000001,4.E-02,-2.940309577499));
#958 = ORIENTED_EDGE('',*,*,#907,.F.);
#959 = ORIENTED_EDGE('',*,*,#762,.T.);
#960 = B_SPLINE_SURFACE_WITH_KNOTS('',3,3,(
    (#961,#962,#963,#964)
    ,(#965,#966,#967,#968)
    ,(#969,#970,#971,#972)
    ,(#973,#974,#975,#976
    )),.UNSPECIFIED.,.F.,.F.,.F.,(4,4),(4,4),(0.,1.),(0.,1.),
  .PIECEWISE_BEZIER_KNOTS.);
#961 = CARTESIAN_POINT('',(2.526612702993,7.E-02,-2.94));
#962 = CARTESIAN_POINT('',(2.562408468662,6.E-02,-2.9401031925));
#963 = CARTESIAN_POINT('',(2.598204234332,5.E-02,-2.940206384999));
#964 = CARTESIAN_POINT('',(2.634000000001,4.E-02,-2.940309577499));
#965 = CARTESIAN_POINT('',(2.522957536845,7.E-02,-2.946180524839));
#966 = CARTESIAN_POINT('',(2.559971691231,6.E-02,-2.949744700448));
#967 = CARTESIAN_POINT('',(2.596985845616,5.E-02,-2.953308876057));
#968 = CARTESIAN_POINT('',(2.634000000001,4.E-02,-2.956873051666));
#969 = CARTESIAN_POINT('',(2.519302370697,7.E-02,-2.952361049677));
#970 = CARTESIAN_POINT('',(2.557534913799,6.E-02,-2.959386208396));
#971 = CARTESIAN_POINT('',(2.5957674569,5.E-02,-2.966411367114));
#972 = CARTESIAN_POINT('',(2.634000000001,4.E-02,-2.973436525833));
#973 = CARTESIAN_POINT('',(2.51564720455,7.E-02,-2.958541574516));
#974 = CARTESIAN_POINT('',(2.555098136367,6.E-02,-2.969027716344));
#975 = CARTESIAN_POINT('',(2.594549068184,5.E-02,-2.979513858172));
#976 = CARTESIAN_POINT('',(2.634000000001,4.E-02,-2.99));
#977 = ADVANCED_FACE('',(#978),#996,.F.);
#978 = FACE_BOUND('',#979,.F.);
#979 = EDGE_LOOP('',(#980,#988,#994,#995));
#980 = ORIENTED_EDGE('',*,*,#981,.T.);
#981 = EDGE_CURVE('',#694,#982,#984,.T.);
#982 = VERTEX_POINT('',#983);
#983 = CARTESIAN_POINT('',(2.366000000003,4.E-02,-2.99));
#984 = LINE('',#985,#986);
#985 = CARTESIAN_POINT('',(2.485196436355,7.E-02,-2.958727255742));
#986 = VECTOR('',#987,1.);
#987 = DIRECTION('',(-0.939814793466,-0.236537640444,-0.246572704563));
#988 = ORIENTED_EDGE('',*,*,#989,.F.);
#989 = EDGE_CURVE('',#945,#982,#990,.T.);
#990 = LINE('',#991,#992);
#991 = CARTESIAN_POINT('',(2.336000000003,4.E-02,-2.99));
#992 = VECTOR('',#993,1.);
#993 = DIRECTION('',(-1.,0.,-2.098592302656E-13));
#994 = ORIENTED_EDGE('',*,*,#944,.F.);
#995 = ORIENTED_EDGE('',*,*,#717,.T.);
#996 = B_SPLINE_SURFACE_WITH_KNOTS('',3,3,(
    (#997,#998,#999,#1000)
    ,(#1001,#1002,#1003,#1004)
    ,(#1005,#1006,#1007,#1008)
    ,(#1009,#1010,#1011,#1012)
    ,(#1013,#1014,#1015,#1016)
    ,(#1017,#1018,#1019,#1020)
    ,(#1021,#1022,#1023,#1024)
    ,(#1025,#1026,#1027,#1028
    )),.UNSPECIFIED.,.F.,.F.,.F.,(4,2,2,4),(4,4),(0.,0.408509789904,
    0.602271017243,1.),(0.,1.),.UNSPECIFIED.);
#997 = CARTESIAN_POINT('',(2.51564720455,7.E-02,-2.958541574516));
#998 = CARTESIAN_POINT('',(2.555098136367,6.E-02,-2.969027716344));
#999 = CARTESIAN_POINT('',(2.594549068184,5.E-02,-2.979513858172));
#1000 = CARTESIAN_POINT('',(2.634000000001,4.E-02,-2.99));
#1001 = CARTESIAN_POINT('',(2.511900949847,7.E-02,-2.964876121102));
#1002 = CARTESIAN_POINT('',(2.54043399294,6.E-02,-2.973217064222));
#1003 = CARTESIAN_POINT('',(2.568973415677,5.E-02,-2.98165905688));
#1004 = CARTESIAN_POINT('',(2.59750645877,4.E-02,-2.99));
#1005 = CARTESIAN_POINT('',(2.508149914635,7.E-02,-2.971075062836));
#1006 = CARTESIAN_POINT('',(2.525773019585,6.E-02,-2.977392746866));
#1007 = CARTESIAN_POINT('',(2.543389812588,5.E-02,-2.98368231597));
#1008 = CARTESIAN_POINT('',(2.561012917539,4.E-02,-2.99));
#1009 = CARTESIAN_POINT('',(2.502643830463,7.E-02,-2.980724502507));
#1010 = CARTESIAN_POINT('',(2.504165271255,6.E-02,-2.983815012252));
#1011 = CARTESIAN_POINT('',(2.505688599206,5.E-02,-2.986909490255));
#1012 = CARTESIAN_POINT('',(2.507210039999,4.E-02,-2.99));
#1013 = CARTESIAN_POINT('',(2.497446378947,7.E-02,-2.980670179939));
#1014 = CARTESIAN_POINT('',(2.494931888268,6.E-02,-2.983777742237));
#1015 = CARTESIAN_POINT('',(2.492415194369,5.E-02,-2.986892437702));
#1016 = CARTESIAN_POINT('',(2.48990070369,4.E-02,-2.99));
#1017 = CARTESIAN_POINT('',(2.492238625659,7.E-02,-2.97108038277));
#1018 = CARTESIAN_POINT('',(2.473843691272,6.E-02,-2.977397943586));
#1019 = CARTESIAN_POINT('',(2.455455845975,5.E-02,-2.983682439184));
#1020 = CARTESIAN_POINT('',(2.437060911588,4.E-02,-2.99));
#1021 = CARTESIAN_POINT('',(2.488713844704,7.E-02,-2.964969674323));
#1022 = CARTESIAN_POINT('',(2.459655540272,6.E-02,-2.973279128329));
#1023 = CARTESIAN_POINT('',(2.430588760227,5.E-02,-2.981690545994));
#1024 = CARTESIAN_POINT('',(2.401530455795,4.E-02,-2.99));
#1025 = CARTESIAN_POINT('',(2.485196436355,7.E-02,-2.958727255742));
#1026 = CARTESIAN_POINT('',(2.445464290904,6.E-02,-2.969151503828));
#1027 = CARTESIAN_POINT('',(2.405732145453,5.E-02,-2.979575751914));
#1028 = CARTESIAN_POINT('',(2.366000000003,4.E-02,-2.99));
#1029 = ADVANCED_FACE('',(#1030),#1049,.F.);
#1030 = FACE_BOUND('',#1031,.F.);
#1031 = EDGE_LOOP('',(#1032,#1040,#1047,#1048));
#1032 = ORIENTED_EDGE('',*,*,#1033,.T.);
#1033 = EDGE_CURVE('',#664,#1034,#1036,.T.);
#1034 = VERTEX_POINT('',#1035);
#1035 = CARTESIAN_POINT('',(2.366000000003,4.E-02,-2.939999999999));
#1036 = LINE('',#1037,#1038);
#1037 = CARTESIAN_POINT('',(2.474644211307,7.E-02,-2.94));
#1038 = VECTOR('',#1039,1.);
#1039 = DIRECTION('',(-0.96392621267,-0.266169601059,7.57977044148E-12)
  );
#1040 = ORIENTED_EDGE('',*,*,#1041,.T.);
#1041 = EDGE_CURVE('',#1034,#982,#1042,.T.);
#1042 = B_SPLINE_CURVE_WITH_KNOTS('',3,(#1043,#1044,#1045,#1046),
  .UNSPECIFIED.,.F.,.F.,(4,4),(-1.,0.),.PIECEWISE_BEZIER_KNOTS.);
#1043 = CARTESIAN_POINT('',(2.366000000003,4.E-02,-2.939999999999));
#1044 = CARTESIAN_POINT('',(2.366000000003,4.E-02,-2.956666666666));
#1045 = CARTESIAN_POINT('',(2.366000000003,4.E-02,-2.973333333333));
#1046 = CARTESIAN_POINT('',(2.366000000003,4.E-02,-2.99));
#1047 = ORIENTED_EDGE('',*,*,#981,.F.);
#1048 = ORIENTED_EDGE('',*,*,#693,.T.);
#1049 = B_SPLINE_SURFACE_WITH_KNOTS('',3,3,(
    (#1050,#1051,#1052,#1053)
    ,(#1054,#1055,#1056,#1057)
    ,(#1058,#1059,#1060,#1061)
    ,(#1062,#1063,#1064,#1065
    )),.UNSPECIFIED.,.F.,.F.,.F.,(4,4),(4,4),(0.,1.),(0.,1.),
  .PIECEWISE_BEZIER_KNOTS.);
#1050 = CARTESIAN_POINT('',(2.485196436355,7.E-02,-2.958727255742));
#1051 = CARTESIAN_POINT('',(2.445464290904,6.E-02,-2.969151503828));
#1052 = CARTESIAN_POINT('',(2.405732145453,5.E-02,-2.979575751914));
#1053 = CARTESIAN_POINT('',(2.366000000003,4.E-02,-2.99));
#1054 = CARTESIAN_POINT('',(2.481679028005,7.E-02,-2.952484837162));
#1055 = CARTESIAN_POINT('',(2.443119352004,6.E-02,-2.959434335885));
#1056 = CARTESIAN_POINT('',(2.404559676004,5.E-02,-2.966383834609));
#1057 = CARTESIAN_POINT('',(2.366000000003,4.E-02,-2.973333333333));
#1058 = CARTESIAN_POINT('',(2.478161619656,7.E-02,-2.946242418581));
#1059 = CARTESIAN_POINT('',(2.440774413105,6.E-02,-2.949717167943));
#1060 = CARTESIAN_POINT('',(2.403387206554,5.E-02,-2.953191917304));
#1061 = CARTESIAN_POINT('',(2.366000000003,4.E-02,-2.956666666666));
#1062 = CARTESIAN_POINT('',(2.474644211307,7.E-02,-2.94));
#1063 = CARTESIAN_POINT('',(2.438429474205,6.E-02,-2.94));
#1064 = CARTESIAN_POINT('',(2.402214737104,5.E-02,-2.939999999999));
#1065 = CARTESIAN_POINT('',(2.366000000003,4.E-02,-2.939999999999));
#1066 = ADVANCED_FACE('',(#1067),#1079,.F.);
#1067 = FACE_BOUND('',#1068,.F.);
#1068 = EDGE_LOOP('',(#1069,#1070,#1077,#1078));
#1069 = ORIENTED_EDGE('',*,*,#864,.T.);
#1070 = ORIENTED_EDGE('',*,*,#1071,.T.);
#1071 = EDGE_CURVE('',#857,#1034,#1072,.T.);
#1072 = B_SPLINE_CURVE_WITH_KNOTS('',3,(#1073,#1074,#1075,#1076),
  .UNSPECIFIED.,.F.,.F.,(4,4),(-1.,0.),.PIECEWISE_BEZIER_KNOTS.);
#1073 = CARTESIAN_POINT('',(2.366000000003,4.E-02,-2.89));
#1074 = CARTESIAN_POINT('',(2.366000000003,4.E-02,-2.906666666666));
#1075 = CARTESIAN_POINT('',(2.366000000003,4.E-02,-2.923333333333));
#1076 = CARTESIAN_POINT('',(2.366000000003,4.E-02,-2.939999999999));
#1077 = ORIENTED_EDGE('',*,*,#1033,.F.);
#1078 = ORIENTED_EDGE('',*,*,#671,.T.);
#1079 = B_SPLINE_SURFACE_WITH_KNOTS('',3,3,(
    (#1080,#1081,#1082,#1083)
    ,(#1084,#1085,#1086,#1087)
    ,(#1088,#1089,#1090,#1091)
    ,(#1092,#1093,#1094,#1095
    )),.UNSPECIFIED.,.F.,.F.,.F.,(4,4),(4,4),(0.,1.),(0.,1.),
  .PIECEWISE_BEZIER_KNOTS.);
#1080 = CARTESIAN_POINT('',(2.474644211307,7.E-02,-2.94));
#1081 = CARTESIAN_POINT('',(2.438429474205,6.E-02,-2.94));
#1082 = CARTESIAN_POINT('',(2.402214737104,5.E-02,-2.939999999999));
#1083 = CARTESIAN_POINT('',(2.366000000003,4.E-02,-2.939999999999));
#1084 = CARTESIAN_POINT('',(2.478161619656,7.E-02,-2.933757581419));
#1085 = CARTESIAN_POINT('',(2.440774413105,6.E-02,-2.930282832057));
#1086 = CARTESIAN_POINT('',(2.403387206554,5.E-02,-2.926808082695));
#1087 = CARTESIAN_POINT('',(2.366000000003,4.E-02,-2.923333333333));
#1088 = CARTESIAN_POINT('',(2.481679028005,7.E-02,-2.927515162839));
#1089 = CARTESIAN_POINT('',(2.443119352004,6.E-02,-2.920565664115));
#1090 = CARTESIAN_POINT('',(2.404559676003,5.E-02,-2.913616165391));
#1091 = CARTESIAN_POINT('',(2.366000000003,4.E-02,-2.906666666666));
#1092 = CARTESIAN_POINT('',(2.485196436354,7.E-02,-2.921272744258));
#1093 = CARTESIAN_POINT('',(2.445464290904,6.E-02,-2.910848496172));
#1094 = CARTESIAN_POINT('',(2.405732145453,5.E-02,-2.900424248086));
#1095 = CARTESIAN_POINT('',(2.366000000003,4.E-02,-2.89));
#1096 = ADVANCED_FACE('',(#1097),#1123,.T.);
#1097 = FACE_BOUND('',#1098,.T.);
#1098 = EDGE_LOOP('',(#1099,#1100,#1101,#1109,#1117));
#1099 = ORIENTED_EDGE('',*,*,#952,.T.);
#1100 = ORIENTED_EDGE('',*,*,#915,.T.);
#1101 = ORIENTED_EDGE('',*,*,#1102,.T.);
#1102 = EDGE_CURVE('',#849,#1103,#1105,.T.);
#1103 = VERTEX_POINT('',#1104);
#1104 = CARTESIAN_POINT('',(2.664000000001,4.E-02,-2.89));
#1105 = LINE('',#1106,#1107);
#1106 = CARTESIAN_POINT('',(2.664000000001,4.E-02,-2.89));
#1107 = VECTOR('',#1108,1.);
#1108 = DIRECTION('',(1.,0.,2.115516434129E-13));
#1109 = ORIENTED_EDGE('',*,*,#1110,.T.);
#1110 = EDGE_CURVE('',#1103,#1111,#1113,.T.);
#1111 = VERTEX_POINT('',#1112);
#1112 = CARTESIAN_POINT('',(2.664000000001,4.E-02,-2.99));
#1113 = LINE('',#1114,#1115);
#1114 = CARTESIAN_POINT('',(2.664000000001,4.E-02,-2.99));
#1115 = VECTOR('',#1116,1.);
#1116 = DIRECTION('',(0.,0.,-1.));
#1117 = ORIENTED_EDGE('',*,*,#1118,.T.);
#1118 = EDGE_CURVE('',#1111,#945,#1119,.T.);
#1119 = LINE('',#1120,#1121);
#1120 = CARTESIAN_POINT('',(2.336000000003,4.E-02,-2.99));
#1121 = VECTOR('',#1122,1.);
#1122 = DIRECTION('',(-1.,0.,-2.098592302656E-13));
#1123 = PLANE('',#1124);
#1124 = AXIS2_PLACEMENT_3D('',#1125,#1126,#1127);
#1125 = CARTESIAN_POINT('',(2.500000000002,4.E-02,-2.94));
#1126 = DIRECTION('',(0.,1.,0.));
#1127 = DIRECTION('',(0.,-0.,1.));
#1128 = ADVANCED_FACE('',(#1129),#1163,.T.);
#1129 = FACE_BOUND('',#1130,.T.);
#1130 = EDGE_LOOP('',(#1131,#1141,#1149,#1157));
#1131 = ORIENTED_EDGE('',*,*,#1132,.F.);
#1132 = EDGE_CURVE('',#1133,#1135,#1137,.T.);
#1133 = VERTEX_POINT('',#1134);
#1134 = CARTESIAN_POINT('',(2.336000000003,3.E-02,-2.89));
#1135 = VERTEX_POINT('',#1136);
#1136 = CARTESIAN_POINT('',(2.336000000003,3.E-02,-2.99));
#1137 = LINE('',#1138,#1139);
#1138 = CARTESIAN_POINT('',(2.336000000003,3.E-02,-2.89));
#1139 = VECTOR('',#1140,1.);
#1140 = DIRECTION('',(-2.775557561563E-15,0.,-1.));
#1141 = ORIENTED_EDGE('',*,*,#1142,.T.);
#1142 = EDGE_CURVE('',#1133,#1143,#1145,.T.);
#1143 = VERTEX_POINT('',#1144);
#1144 = CARTESIAN_POINT('',(2.336000000003,4.E-02,-2.89));
#1145 = LINE('',#1146,#1147);
#1146 = CARTESIAN_POINT('',(2.336000000003,3.E-02,-2.89));
#1147 = VECTOR('',#1148,1.);
#1148 = DIRECTION('',(0.,1.,0.));
#1149 = ORIENTED_EDGE('',*,*,#1150,.F.);
#1150 = EDGE_CURVE('',#1151,#1143,#1153,.T.);
#1151 = VERTEX_POINT('',#1152);
#1152 = CARTESIAN_POINT('',(2.336000000003,4.E-02,-2.99));
#1153 = LINE('',#1154,#1155);
#1154 = CARTESIAN_POINT('',(2.336000000003,4.E-02,-2.89));
#1155 = VECTOR('',#1156,1.);
#1156 = DIRECTION('',(2.775557561563E-15,0.,1.));
#1157 = ORIENTED_EDGE('',*,*,#1158,.F.);
#1158 = EDGE_CURVE('',#1135,#1151,#1159,.T.);
#1159 = LINE('',#1160,#1161);
#1160 = CARTESIAN_POINT('',(2.336000000003,3.E-02,-2.99));
#1161 = VECTOR('',#1162,1.);
#1162 = DIRECTION('',(0.,1.,0.));
#1163 = PLANE('',#1164);
#1164 = AXIS2_PLACEMENT_3D('',#1165,#1166,#1167);
#1165 = CARTESIAN_POINT('',(2.336000000003,3.E-02,-2.99));
#1166 = DIRECTION('',(-1.,0.,2.775557561563E-15));
#1167 = DIRECTION('',(2.775557561563E-15,0.,1.));
#1168 = ADVANCED_FACE('',(#1169),#1194,.T.);
#1169 = FACE_BOUND('',#1170,.T.);
#1170 = EDGE_LOOP('',(#1171,#1179,#1180,#1186,#1187,#1188));
#1171 = ORIENTED_EDGE('',*,*,#1172,.F.);
#1172 = EDGE_CURVE('',#1135,#1173,#1175,.T.);
#1173 = VERTEX_POINT('',#1174);
#1174 = CARTESIAN_POINT('',(2.664000000001,3.E-02,-2.99));
#1175 = LINE('',#1176,#1177);
#1176 = CARTESIAN_POINT('',(2.336000000003,3.E-02,-2.99));
#1177 = VECTOR('',#1178,1.);
#1178 = DIRECTION('',(1.,0.,2.098592302656E-13));
#1179 = ORIENTED_EDGE('',*,*,#1158,.T.);
#1180 = ORIENTED_EDGE('',*,*,#1181,.F.);
#1181 = EDGE_CURVE('',#982,#1151,#1182,.T.);
#1182 = LINE('',#1183,#1184);
#1183 = CARTESIAN_POINT('',(2.336000000003,4.E-02,-2.99));
#1184 = VECTOR('',#1185,1.);
#1185 = DIRECTION('',(-1.,0.,-2.098592302656E-13));
#1186 = ORIENTED_EDGE('',*,*,#989,.F.);
#1187 = ORIENTED_EDGE('',*,*,#1118,.F.);
#1188 = ORIENTED_EDGE('',*,*,#1189,.F.);
#1189 = EDGE_CURVE('',#1173,#1111,#1190,.T.);
#1190 = LINE('',#1191,#1192);
#1191 = CARTESIAN_POINT('',(2.664000000001,3.E-02,-2.99));
#1192 = VECTOR('',#1193,1.);
#1193 = DIRECTION('',(0.,1.,0.));
#1194 = PLANE('',#1195);
#1195 = AXIS2_PLACEMENT_3D('',#1196,#1197,#1198);
#1196 = CARTESIAN_POINT('',(2.664000000001,3.E-02,-2.99));
#1197 = DIRECTION('',(2.098592302656E-13,0.,-1.));
#1198 = DIRECTION('',(-1.,0.,-2.098592302656E-13));
#1199 = ADVANCED_FACE('',(#1200),#1218,.T.);
#1200 = FACE_BOUND('',#1201,.T.);
#1201 = EDGE_LOOP('',(#1202,#1210,#1211,#1212));
#1202 = ORIENTED_EDGE('',*,*,#1203,.F.);
#1203 = EDGE_CURVE('',#1173,#1204,#1206,.T.);
#1204 = VERTEX_POINT('',#1205);
#1205 = CARTESIAN_POINT('',(2.664000000001,3.E-02,-2.89));
#1206 = LINE('',#1207,#1208);
#1207 = CARTESIAN_POINT('',(2.664000000001,3.E-02,-2.99));
#1208 = VECTOR('',#1209,1.);
#1209 = DIRECTION('',(0.,0.,1.));
#1210 = ORIENTED_EDGE('',*,*,#1189,.T.);
#1211 = ORIENTED_EDGE('',*,*,#1110,.F.);
#1212 = ORIENTED_EDGE('',*,*,#1213,.F.);
#1213 = EDGE_CURVE('',#1204,#1103,#1214,.T.);
#1214 = LINE('',#1215,#1216);
#1215 = CARTESIAN_POINT('',(2.664000000001,3.E-02,-2.89));
#1216 = VECTOR('',#1217,1.);
#1217 = DIRECTION('',(0.,1.,0.));
#1218 = PLANE('',#1219);
#1219 = AXIS2_PLACEMENT_3D('',#1220,#1221,#1222);
#1220 = CARTESIAN_POINT('',(2.664000000001,3.E-02,-2.89));
#1221 = DIRECTION('',(1.,0.,0.));
#1222 = DIRECTION('',(0.,0.,-1.));
#1223 = ADVANCED_FACE('',(#1224),#1242,.T.);
#1224 = FACE_BOUND('',#1225,.T.);
#1225 = EDGE_LOOP('',(#1226,#1232,#1233,#1234,#1235,#1241));
#1226 = ORIENTED_EDGE('',*,*,#1227,.F.);
#1227 = EDGE_CURVE('',#1204,#1133,#1228,.T.);
#1228 = LINE('',#1229,#1230);
#1229 = CARTESIAN_POINT('',(2.664000000001,3.E-02,-2.89));
#1230 = VECTOR('',#1231,1.);
#1231 = DIRECTION('',(-1.,0.,-2.115516434129E-13));
#1232 = ORIENTED_EDGE('',*,*,#1213,.T.);
#1233 = ORIENTED_EDGE('',*,*,#1102,.F.);
#1234 = ORIENTED_EDGE('',*,*,#856,.F.);
#1235 = ORIENTED_EDGE('',*,*,#1236,.F.);
#1236 = EDGE_CURVE('',#1143,#857,#1237,.T.);
#1237 = LINE('',#1238,#1239);
#1238 = CARTESIAN_POINT('',(2.664000000001,4.E-02,-2.89));
#1239 = VECTOR('',#1240,1.);
#1240 = DIRECTION('',(1.,0.,2.115516434129E-13));
#1241 = ORIENTED_EDGE('',*,*,#1142,.F.);
#1242 = PLANE('',#1243);
#1243 = AXIS2_PLACEMENT_3D('',#1244,#1245,#1246);
#1244 = CARTESIAN_POINT('',(2.336000000003,3.E-02,-2.89));
#1245 = DIRECTION('',(-2.115516434129E-13,0.,1.));
#1246 = DIRECTION('',(1.,0.,2.115516434129E-13));
#1247 = ADVANCED_FACE('',(#1248),#1255,.T.);
#1248 = FACE_BOUND('',#1249,.T.);
#1249 = EDGE_LOOP('',(#1250,#1251,#1252,#1253,#1254));
#1250 = ORIENTED_EDGE('',*,*,#1041,.T.);
#1251 = ORIENTED_EDGE('',*,*,#1181,.T.);
#1252 = ORIENTED_EDGE('',*,*,#1150,.T.);
#1253 = ORIENTED_EDGE('',*,*,#1236,.T.);
#1254 = ORIENTED_EDGE('',*,*,#1071,.T.);
#1255 = PLANE('',#1256);
#1256 = AXIS2_PLACEMENT_3D('',#1257,#1258,#1259);
#1257 = CARTESIAN_POINT('',(2.500000000002,4.E-02,-2.94));
#1258 = DIRECTION('',(0.,1.,0.));
#1259 = DIRECTION('',(0.,-0.,1.));
#1260 = ADVANCED_FACE('',(#1261),#1267,.F.);
#1261 = FACE_BOUND('',#1262,.T.);
#1262 = EDGE_LOOP('',(#1263,#1264,#1265,#1266));
#1263 = ORIENTED_EDGE('',*,*,#1227,.T.);
#1264 = ORIENTED_EDGE('',*,*,#1132,.T.);
#1265 = ORIENTED_EDGE('',*,*,#1172,.T.);
#1266 = ORIENTED_EDGE('',*,*,#1203,.T.);
#1267 = PLANE('',#1268);
#1268 = AXIS2_PLACEMENT_3D('',#1269,#1270,#1271);
#1269 = CARTESIAN_POINT('',(2.500000000002,3.E-02,-2.94));
#1270 = DIRECTION('',(0.,1.,0.));
#1271 = DIRECTION('',(1.,0.,0.));
#1272 = ( GEOMETRIC_REPRESENTATION_CONTEXT(3) 
GLOBAL_UNCERTAINTY_ASSIGNED_CONTEXT((#1276)) 
GLOBAL_UNIT_ASSIGNED_CONTEXT((#1273,#1274,#1275)) REPRESENTATION_CONTEXT
('Context #1','3D Context with UNIT and UNCERTAINTY') );
#1273 = ( LENGTH_UNIT() NAMED_UNIT(*) SI_UNIT(.MILLI.,.METRE.) );
#1274 = ( NAMED_UNIT(*) PLANE_ANGLE_UNIT() SI_UNIT($,.RADIAN.) );
#1275 = ( NAMED_UNIT(*) SI_UNIT($,.STERADIAN.) SOLID_ANGLE_UNIT() );
#1276 = UNCERTAINTY_MEASURE_WITH_UNIT(LENGTH_MEASURE(5.E-04),#1273,
  'distance_accuracy_value','confusion accuracy');
#1277 = CONTEXT_DEPENDENT_SHAPE_REPRESENTATION(#1278,#1280);
#1278 = ( REPRESENTATION_RELATIONSHIP('','',#44,#10) 
REPRESENTATION_RELATIONSHIP_WITH_TRANSFORMATION(#1279) 
SHAPE_REPRESENTATION_RELATIONSHIP() );
#1279 = ITEM_DEFINED_TRANSFORMATION('','',#11,#15);
#1280 = PRODUCT_DEFINITION_SHAPE('Placement','Placement of an item',
  #1281);
#1281 = NEXT_ASSEMBLY_USAGE_OCCURRENCE('1','Y-junction v016','',#5,#39,$
  );
#1282 = PRODUCT_RELATED_PRODUCT_CATEGORY('part',$,(#41));
#1283 = SHAPE_DEFINITION_REPRESENTATION(#1284,#1290);
#1284 = PRODUCT_DEFINITION_SHAPE('','',#1285);
#1285 = PRODUCT_DEFINITION('design','',#1286,#1289);
#1286 = PRODUCT_DEFINITION_FORMATION('','',#1287);
#1287 = PRODUCT('Y-junction v013','Y-junction v013','',(#1288));
#1288 = PRODUCT_CONTEXT('',#2,'mechanical');
#1289 = PRODUCT_DEFINITION_CONTEXT('part definition',#2,'design');
#1290 = ADVANCED_BREP_SHAPE_REPRESENTATION('',(#11,#1291),#1441);
#1291 = MANIFOLD_SOLID_BREP('',#1292);
#1292 = CLOSED_SHELL('',(#1293,#1333,#1364,#1395,#1417,#1429));
#1293 = ADVANCED_FACE('',(#1294),#1328,.T.);
#1294 = FACE_BOUND('',#1295,.T.);
#1295 = EDGE_LOOP('',(#1296,#1306,#1314,#1322));
#1296 = ORIENTED_EDGE('',*,*,#1297,.F.);
#1297 = EDGE_CURVE('',#1298,#1300,#1302,.T.);
#1298 = VERTEX_POINT('',#1299);
#1299 = CARTESIAN_POINT('',(1.993647552145,3.E-02,-2.397028166222));
#1300 = VERTEX_POINT('',#1301);
#1301 = CARTESIAN_POINT('',(2.080250092524,3.E-02,-2.447028166222));
#1302 = LINE('',#1303,#1304);
#1303 = CARTESIAN_POINT('',(1.993647552145,3.E-02,-2.397028166222));
#1304 = VECTOR('',#1305,1.);
#1305 = DIRECTION('',(0.866025403784,0.,-0.5));
#1306 = ORIENTED_EDGE('',*,*,#1307,.T.);
#1307 = EDGE_CURVE('',#1298,#1308,#1310,.T.);
#1308 = VERTEX_POINT('',#1309);
#1309 = CARTESIAN_POINT('',(1.993647552145,4.E-02,-2.397028166222));
#1310 = LINE('',#1311,#1312);
#1311 = CARTESIAN_POINT('',(1.993647552145,3.E-02,-2.397028166222));
#1312 = VECTOR('',#1313,1.);
#1313 = DIRECTION('',(0.,1.,0.));
#1314 = ORIENTED_EDGE('',*,*,#1315,.F.);
#1315 = EDGE_CURVE('',#1316,#1308,#1318,.T.);
#1316 = VERTEX_POINT('',#1317);
#1317 = CARTESIAN_POINT('',(2.080250092524,4.E-02,-2.447028166222));
#1318 = LINE('',#1319,#1320);
#1319 = CARTESIAN_POINT('',(1.993647552145,4.E-02,-2.397028166222));
#1320 = VECTOR('',#1321,1.);
#1321 = DIRECTION('',(-0.866025403784,0.,0.5));
#1322 = ORIENTED_EDGE('',*,*,#1323,.F.);
#1323 = EDGE_CURVE('',#1300,#1316,#1324,.T.);
#1324 = LINE('',#1325,#1326);
#1325 = CARTESIAN_POINT('',(2.080250092524,3.E-02,-2.447028166222));
#1326 = VECTOR('',#1327,1.);
#1327 = DIRECTION('',(0.,1.,0.));
#1328 = PLANE('',#1329);
#1329 = AXIS2_PLACEMENT_3D('',#1330,#1331,#1332);
#1330 = CARTESIAN_POINT('',(2.080250092524,3.E-02,-2.447028166222));
#1331 = DIRECTION('',(-0.5,0.,-0.866025403784));
#1332 = DIRECTION('',(-0.866025403784,0.,0.5));
#1333 = ADVANCED_FACE('',(#1334),#1359,.T.);
#1334 = FACE_BOUND('',#1335,.T.);
#1335 = EDGE_LOOP('',(#1336,#1344,#1345,#1353));
#1336 = ORIENTED_EDGE('',*,*,#1337,.F.);
#1337 = EDGE_CURVE('',#1300,#1338,#1340,.T.);
#1338 = VERTEX_POINT('',#1339);
#1339 = CARTESIAN_POINT('',(2.244250092523,3.E-02,-2.162971833782));
#1340 = LINE('',#1341,#1342);
#1341 = CARTESIAN_POINT('',(2.080250092524,3.E-02,-2.447028166222));
#1342 = VECTOR('',#1343,1.);
#1343 = DIRECTION('',(0.5,0.,0.866025403785));
#1344 = ORIENTED_EDGE('',*,*,#1323,.T.);
#1345 = ORIENTED_EDGE('',*,*,#1346,.F.);
#1346 = EDGE_CURVE('',#1347,#1316,#1349,.T.);
#1347 = VERTEX_POINT('',#1348);
#1348 = CARTESIAN_POINT('',(2.244250092523,4.E-02,-2.162971833782));
#1349 = LINE('',#1350,#1351);
#1350 = CARTESIAN_POINT('',(2.080250092524,4.E-02,-2.447028166222));
#1351 = VECTOR('',#1352,1.);
#1352 = DIRECTION('',(-0.5,0.,-0.866025403785));
#1353 = ORIENTED_EDGE('',*,*,#1354,.F.);
#1354 = EDGE_CURVE('',#1338,#1347,#1355,.T.);
#1355 = LINE('',#1356,#1357);
#1356 = CARTESIAN_POINT('',(2.244250092523,3.E-02,-2.162971833782));
#1357 = VECTOR('',#1358,1.);
#1358 = DIRECTION('',(0.,1.,0.));
#1359 = PLANE('',#1360);
#1360 = AXIS2_PLACEMENT_3D('',#1361,#1362,#1363);
#1361 = CARTESIAN_POINT('',(2.244250092523,3.E-02,-2.162971833782));
#1362 = DIRECTION('',(0.866025403785,0.,-0.5));
#1363 = DIRECTION('',(-0.5,0.,-0.866025403785));
#1364 = ADVANCED_FACE('',(#1365),#1390,.T.);
#1365 = FACE_BOUND('',#1366,.T.);
#1366 = EDGE_LOOP('',(#1367,#1375,#1376,#1384));
#1367 = ORIENTED_EDGE('',*,*,#1368,.F.);
#1368 = EDGE_CURVE('',#1338,#1369,#1371,.T.);
#1369 = VERTEX_POINT('',#1370);
#1370 = CARTESIAN_POINT('',(2.157647552144,3.E-02,-2.112971833782));
#1371 = LINE('',#1372,#1373);
#1372 = CARTESIAN_POINT('',(2.244250092523,3.E-02,-2.162971833782));
#1373 = VECTOR('',#1374,1.);
#1374 = DIRECTION('',(-0.866025403784,0.,0.5));
#1375 = ORIENTED_EDGE('',*,*,#1354,.T.);
#1376 = ORIENTED_EDGE('',*,*,#1377,.F.);
#1377 = EDGE_CURVE('',#1378,#1347,#1380,.T.);
#1378 = VERTEX_POINT('',#1379);
#1379 = CARTESIAN_POINT('',(2.157647552144,4.E-02,-2.112971833782));
#1380 = LINE('',#1381,#1382);
#1381 = CARTESIAN_POINT('',(2.244250092523,4.E-02,-2.162971833782));
#1382 = VECTOR('',#1383,1.);
#1383 = DIRECTION('',(0.866025403784,0.,-0.5));
#1384 = ORIENTED_EDGE('',*,*,#1385,.F.);
#1385 = EDGE_CURVE('',#1369,#1378,#1386,.T.);
#1386 = LINE('',#1387,#1388);
#1387 = CARTESIAN_POINT('',(2.157647552144,3.E-02,-2.112971833782));
#1388 = VECTOR('',#1389,1.);
#1389 = DIRECTION('',(0.,1.,0.));
#1390 = PLANE('',#1391);
#1391 = AXIS2_PLACEMENT_3D('',#1392,#1393,#1394);
#1392 = CARTESIAN_POINT('',(2.157647552144,3.E-02,-2.112971833782));
#1393 = DIRECTION('',(0.5,0.,0.866025403784));
#1394 = DIRECTION('',(0.866025403784,0.,-0.5));
#1395 = ADVANCED_FACE('',(#1396),#1412,.T.);
#1396 = FACE_BOUND('',#1397,.T.);
#1397 = EDGE_LOOP('',(#1398,#1404,#1405,#1411));
#1398 = ORIENTED_EDGE('',*,*,#1399,.F.);
#1399 = EDGE_CURVE('',#1369,#1298,#1400,.T.);
#1400 = LINE('',#1401,#1402);
#1401 = CARTESIAN_POINT('',(2.157647552144,3.E-02,-2.112971833782));
#1402 = VECTOR('',#1403,1.);
#1403 = DIRECTION('',(-0.5,0.,-0.866025403785));
#1404 = ORIENTED_EDGE('',*,*,#1385,.T.);
#1405 = ORIENTED_EDGE('',*,*,#1406,.F.);
#1406 = EDGE_CURVE('',#1308,#1378,#1407,.T.);
#1407 = LINE('',#1408,#1409);
#1408 = CARTESIAN_POINT('',(2.157647552144,4.E-02,-2.112971833782));
#1409 = VECTOR('',#1410,1.);
#1410 = DIRECTION('',(0.5,0.,0.866025403785));
#1411 = ORIENTED_EDGE('',*,*,#1307,.F.);
#1412 = PLANE('',#1413);
#1413 = AXIS2_PLACEMENT_3D('',#1414,#1415,#1416);
#1414 = CARTESIAN_POINT('',(1.993647552145,3.E-02,-2.397028166222));
#1415 = DIRECTION('',(-0.866025403785,0.,0.5));
#1416 = DIRECTION('',(0.5,0.,0.866025403785));
#1417 = ADVANCED_FACE('',(#1418),#1424,.T.);
#1418 = FACE_BOUND('',#1419,.T.);
#1419 = EDGE_LOOP('',(#1420,#1421,#1422,#1423));
#1420 = ORIENTED_EDGE('',*,*,#1406,.T.);
#1421 = ORIENTED_EDGE('',*,*,#1377,.T.);
#1422 = ORIENTED_EDGE('',*,*,#1346,.T.);
#1423 = ORIENTED_EDGE('',*,*,#1315,.T.);
#1424 = PLANE('',#1425);
#1425 = AXIS2_PLACEMENT_3D('',#1426,#1427,#1428);
#1426 = CARTESIAN_POINT('',(2.118948822334,4.E-02,-2.280000000002));
#1427 = DIRECTION('',(0.,1.,0.));
#1428 = DIRECTION('',(0.,-0.,1.));
#1429 = ADVANCED_FACE('',(#1430),#1436,.F.);
#1430 = FACE_BOUND('',#1431,.T.);
#1431 = EDGE_LOOP('',(#1432,#1433,#1434,#1435));
#1432 = ORIENTED_EDGE('',*,*,#1399,.T.);
#1433 = ORIENTED_EDGE('',*,*,#1297,.T.);
#1434 = ORIENTED_EDGE('',*,*,#1337,.T.);
#1435 = ORIENTED_EDGE('',*,*,#1368,.T.);
#1436 = PLANE('',#1437);
#1437 = AXIS2_PLACEMENT_3D('',#1438,#1439,#1440);
#1438 = CARTESIAN_POINT('',(2.118948822334,3.E-02,-2.280000000002));
#1439 = DIRECTION('',(0.,1.,0.));
#1440 = DIRECTION('',(1.,0.,0.));
#1441 = ( GEOMETRIC_REPRESENTATION_CONTEXT(3) 
GLOBAL_UNCERTAINTY_ASSIGNED_CONTEXT((#1445)) 
GLOBAL_UNIT_ASSIGNED_CONTEXT((#1442,#1443,#1444)) REPRESENTATION_CONTEXT
('Context #1','3D Context with UNIT and UNCERTAINTY') );
#1442 = ( LENGTH_UNIT() NAMED_UNIT(*) SI_UNIT(.MILLI.,.METRE.) );
#1443 = ( NAMED_UNIT(*) PLANE_ANGLE_UNIT() SI_UNIT($,.RADIAN.) );
#1444 = ( NAMED_UNIT(*) SI_UNIT($,.STERADIAN.) SOLID_ANGLE_UNIT() );
#1445 = UNCERTAINTY_MEASURE_WITH_UNIT(LENGTH_MEASURE(1.E-07),#1442,
  'distance_accuracy_value','confusion accuracy');
#1446 = CONTEXT_DEPENDENT_SHAPE_REPRESENTATION(#1447,#1449);
#1447 = ( REPRESENTATION_RELATIONSHIP('','',#1290,#10) 
REPRESENTATION_RELATIONSHIP_WITH_TRANSFORMATION(#1448) 
SHAPE_REPRESENTATION_RELATIONSHIP() );
#1448 = ITEM_DEFINED_TRANSFORMATION('','',#11,#19);
#1449 = PRODUCT_DEFINITION_SHAPE('Placement','Placement of an item',
  #1450);
#1450 = NEXT_ASSEMBLY_USAGE_OCCURRENCE('2','Y-junction v013','',#5,#1285
  ,$);
#1451 = PRODUCT_RELATED_PRODUCT_CATEGORY('part',$,(#1287));
#1452 = SHAPE_DEFINITION_REPRESENTATION(#1453,#1459);
#1453 = PRODUCT_DEFINITION_SHAPE('','',#1454);
#1454 = PRODUCT_DEFINITION('design','',#1455,#1458);
#1455 = PRODUCT_DEFINITION_FORMATION('','',#1456);
#1456 = PRODUCT('Y-junction v041','Y-junction v041','',(#1457));
#1457 = PRODUCT_CONTEXT('',#2,'mechanical');
#1458 = PRODUCT_DEFINITION_CONTEXT('part definition',#2,'design');
#1459 = ADVANCED_BREP_SHAPE_REPRESENTATION('',(#11,#1460),#2687);
#1460 = MANIFOLD_SOLID_BREP('',#1461);
#1461 = CLOSED_SHELL('',(#1462,#1571,#1602,#1633,#1672,#1778,#1801,#1815
    ,#1846,#1901,#1925,#1965,#2054,#2073,#2104,#2128,#2173,#2197,#2221,
    #2259,#2318,#2355,#2392,#2444,#2481,#2511,#2543,#2583,#2614,#2638,
    #2662,#2675));
#1462 = ADVANCED_FACE('',(#1463),#1550,.T.);
#1463 = FACE_BOUND('',#1464,.T.);
#1464 = EDGE_LOOP('',(#1465,#1509,#1517,#1544));
#1465 = ORIENTED_EDGE('',*,*,#1466,.F.);
#1466 = EDGE_CURVE('',#1467,#1469,#1471,.T.);
#1467 = VERTEX_POINT('',#1468);
#1468 = CARTESIAN_POINT('',(2.188941719224,0.283227392864,
    -2.338320483373));
#1469 = VERTEX_POINT('',#1470);
#1470 = CARTESIAN_POINT('',(2.204082518477,0.283272744258,
    -2.312058279473));
#1471 = B_SPLINE_CURVE_WITH_KNOTS('',3,(#1472,#1473,#1474,#1475,#1476,
    #1477,#1478,#1479,#1480,#1481,#1482,#1483,#1484,#1485,#1486,#1487,
    #1488,#1489,#1490,#1491,#1492,#1493,#1494,#1495,#1496,#1497,#1498,
    #1499,#1500,#1501,#1502,#1503,#1504,#1505,#1506,#1507,#1508),
  .UNSPECIFIED.,.F.,.F.,(4,3,3,3,3,3,3,3,3,3,3,3,4),(0.,
    2.30883048078E-03,2.314799947523E-03,2.374371059153E-03,
    2.397817584916E-03,2.454516119181E-03,2.508291012636E-03,
    2.561740871701E-03,2.618038914519E-03,2.642769320378E-03,
    2.653629538554E-03,2.67161199269E-03,3.063043912555E-03),
  .UNSPECIFIED.);
#1472 = CARTESIAN_POINT('',(2.188941719224,0.283227392864,
    -2.338320483373));
#1473 = CARTESIAN_POINT('',(2.193025062005,0.276987754396,
    -2.336417011966));
#1474 = CARTESIAN_POINT('',(2.197108404786,0.270748115928,
    -2.334513540559));
#1475 = CARTESIAN_POINT('',(2.201191747568,0.26450847746,-2.332610069153
    ));
#1476 = CARTESIAN_POINT('',(2.201202305025,0.264492344913,
    -2.332605147739));
#1477 = CARTESIAN_POINT('',(2.201214063989,0.264474428717,
    -2.332599701978));
#1478 = CARTESIAN_POINT('',(2.201226955412,0.264454785727,
    -2.332593730831));
#1479 = CARTESIAN_POINT('',(2.201355602811,0.2642587624,-2.332534142954)
  );
#1480 = CARTESIAN_POINT('',(2.201604379847,0.263900347938,
    -2.332409499514));
#1481 = CARTESIAN_POINT('',(2.201945954104,0.263531129471,
    -2.332147254799));
#1482 = CARTESIAN_POINT('',(2.202080393925,0.263385809197,
    -2.332044038201));
#1483 = CARTESIAN_POINT('',(2.202229065306,0.263239130951,
    -2.331919754663));
#1484 = CARTESIAN_POINT('',(2.202388797093,0.263100240178,
    -2.331772587078));
#1485 = CARTESIAN_POINT('',(2.202775061492,0.262764373647,-2.33141670551
    ));
#1486 = CARTESIAN_POINT('',(2.203162800563,0.262524212096,
    -2.330981815635));
#1487 = CARTESIAN_POINT('',(2.203530676327,0.262381854365,
    -2.330486366013));
#1488 = CARTESIAN_POINT('',(2.2038795827,0.262246837263,-2.330016464083)
  );
#1489 = CARTESIAN_POINT('',(2.204201613775,0.262203329784,
    -2.329504053297));
#1490 = CARTESIAN_POINT('',(2.204482198306,0.262251644297,
    -2.328970762286));
#1491 = CARTESIAN_POINT('',(2.204761086884,0.262299666779,
    -2.328440694673));
#1492 = CARTESIAN_POINT('',(2.204991605646,0.262437139604,-2.32790418106
    ));
#1493 = CARTESIAN_POINT('',(2.205166112166,0.262661967628,
    -2.327384811343));
#1494 = CARTESIAN_POINT('',(2.205349917618,0.262898776067,-2.32683776596
    ));
#1495 = CARTESIAN_POINT('',(2.205467468934,0.263226973539,
    -2.326322399482));
#1496 = CARTESIAN_POINT('',(2.205516189729,0.263644369057,
    -2.325865005059));
#1497 = CARTESIAN_POINT('',(2.205537591628,0.26382772109,-2.325664082449
    ));
#1498 = CARTESIAN_POINT('',(2.205544907315,0.264005074688,
    -2.325495029725));
#1499 = CARTESIAN_POINT('',(2.205539593715,0.264224536667,
    -2.325316322955));
#1500 = CARTESIAN_POINT('',(2.205537260278,0.264320912156,
    -2.325237844885));
#1501 = CARTESIAN_POINT('',(2.205532299117,0.264425810119,
    -2.325157837945));
#1502 = CARTESIAN_POINT('',(2.205523588749,0.264545488516,
    -2.325074941726));
#1503 = CARTESIAN_POINT('',(2.205509166039,0.264743653163,
    -2.324937681366));
#1504 = CARTESIAN_POINT('',(2.205491553454,0.264970034709,
    -2.324780220351));
#1505 = CARTESIAN_POINT('',(2.20547030178,0.265246084067,-2.324588342553
    ));
#1506 = CARTESIAN_POINT('',(2.205007707346,0.271254970797,-2.32041165486
    ));
#1507 = CARTESIAN_POINT('',(2.204545112911,0.277263857528,
    -2.316234967166));
#1508 = CARTESIAN_POINT('',(2.204082518477,0.283272744258,
    -2.312058279473));
#1509 = ORIENTED_EDGE('',*,*,#1510,.T.);
#1510 = EDGE_CURVE('',#1467,#1511,#1513,.T.);
#1511 = VERTEX_POINT('',#1512);
#1512 = CARTESIAN_POINT('',(2.492244714141,0.283227392864,
    -2.513432549134));
#1513 = LINE('',#1514,#1515);
#1514 = CARTESIAN_POINT('',(2.182207619586,0.283227392864,
    -2.334432549134));
#1515 = VECTOR('',#1516,1.);
#1516 = DIRECTION('',(0.866025403784,-4.440892098501E-16,-0.5));
#1517 = ORIENTED_EDGE('',*,*,#1518,.F.);
#1518 = EDGE_CURVE('',#1519,#1511,#1521,.T.);
#1519 = VERTEX_POINT('',#1520);
#1520 = CARTESIAN_POINT('',(2.507401781823,0.283272744258,
    -2.487179737816));
#1521 = B_SPLINE_CURVE_WITH_KNOTS('',3,(#1522,#1523,#1524,#1525,#1526,
    #1527,#1528,#1529,#1530,#1531,#1532,#1533,#1534,#1535,#1536,#1537,
    #1538,#1539,#1540,#1541,#1542,#1543),.UNSPECIFIED.,.F.,.F.,(4,3,3,3,
    3,3,3,4),(0.,0.399714110513,0.448396190528,0.495074214328,
    0.541655375138,0.588247268932,0.594442430575,1.),.UNSPECIFIED.);
#1522 = CARTESIAN_POINT('',(2.507401781823,0.283272744258,
    -2.487179737816));
#1523 = CARTESIAN_POINT('',(2.505643077648,0.277030325678,
    -2.490225902802));
#1524 = CARTESIAN_POINT('',(2.503884373473,0.270787907097,
    -2.493272067788));
#1525 = CARTESIAN_POINT('',(2.502125669299,0.264545488516,
    -2.496318232774));
#1526 = CARTESIAN_POINT('',(2.501911472764,0.263785210325,
    -2.496689232055));
#1527 = CARTESIAN_POINT('',(2.501595809044,0.263140517814,
    -2.497235977655));
#1528 = CARTESIAN_POINT('',(2.501220239856,0.262696294122,
    -2.497886482571));
#1529 = CARTESIAN_POINT('',(2.500860131424,0.26227035743,-2.498510208672
    ));
#1530 = CARTESIAN_POINT('',(2.500445845183,0.26202935902,-2.499227773491
    ));
#1531 = CARTESIAN_POINT('',(2.500027689578,0.262002564299,
    -2.499952040244));
#1532 = CARTESIAN_POINT('',(2.499610401701,0.26197582518,-2.500674804049
    ));
#1533 = CARTESIAN_POINT('',(2.499190129386,0.26216244003,-2.50140273705)
  );
#1534 = CARTESIAN_POINT('',(2.498817704077,0.262539838002,
    -2.502047796607));
#1535 = CARTESIAN_POINT('',(2.498445192957,0.262917322932,
    -2.502693004795));
#1536 = CARTESIAN_POINT('',(2.498121324775,0.263484896846,-2.50325396094
    ));
#1537 = CARTESIAN_POINT('',(2.497885288407,0.264173881857,
    -2.503662787921));
#1538 = CARTESIAN_POINT('',(2.497853903475,0.264265493792,
    -2.503717148219));
#1539 = CARTESIAN_POINT('',(2.497824045186,0.264359197707,
    -2.503768864293));
#1540 = CARTESIAN_POINT('',(2.497795779779,0.264454785727,
    -2.503817821413));
#1541 = CARTESIAN_POINT('',(2.495945424566,0.270712321439,
    -2.507022730653));
#1542 = CARTESIAN_POINT('',(2.494095069354,0.276969857151,
    -2.510227639894));
#1543 = CARTESIAN_POINT('',(2.492244714141,0.283227392864,
    -2.513432549134));
#1544 = ORIENTED_EDGE('',*,*,#1545,.F.);
#1545 = EDGE_CURVE('',#1469,#1519,#1546,.T.);
#1546 = LINE('',#1547,#1548);
#1547 = CARTESIAN_POINT('',(2.197364687268,0.283272744258,
    -2.308179737816));
#1548 = VECTOR('',#1549,1.);
#1549 = DIRECTION('',(0.866025403784,-4.440892098501E-16,-0.5));
#1550 = B_SPLINE_SURFACE_WITH_KNOTS('',3,1,(
    (#1551,#1552)
    ,(#1553,#1554)
    ,(#1555,#1556)
    ,(#1557,#1558)
    ,(#1559,#1560)
    ,(#1561,#1562)
    ,(#1563,#1564)
    ,(#1565,#1566)
    ,(#1567,#1568)
    ,(#1569,#1570
    )),.UNSPECIFIED.,.F.,.F.,.F.,(4,3,3,4),(2,2),(0.,0.399714110513,
    0.594442430575,1.),(0.,3.580000000003E-02),.UNSPECIFIED.);
#1551 = CARTESIAN_POINT('',(2.197364687268,0.283272744258,
    -2.308179737816));
#1552 = CARTESIAN_POINT('',(2.507401781823,0.283272744258,
    -2.487179737816));
#1553 = CARTESIAN_POINT('',(2.195605983093,0.277030325678,
    -2.311225902802));
#1554 = CARTESIAN_POINT('',(2.505643077648,0.277030325678,
    -2.490225902802));
#1555 = CARTESIAN_POINT('',(2.193847278918,0.270787907097,
    -2.314272067788));
#1556 = CARTESIAN_POINT('',(2.503884373473,0.270787907097,
    -2.493272067788));
#1557 = CARTESIAN_POINT('',(2.192088574744,0.264545488516,
    -2.317318232774));
#1558 = CARTESIAN_POINT('',(2.502125669299,0.264545488516,
    -2.496318232774));
#1559 = CARTESIAN_POINT('',(2.191231788605,0.261504375753,
    -2.318802229897));
#1560 = CARTESIAN_POINT('',(2.50126888316,0.261504375753,-2.497802229898
    ));
#1561 = CARTESIAN_POINT('',(2.188647132609,0.261450232222,
    -2.323278985402));
#1562 = CARTESIAN_POINT('',(2.498684227164,0.261450232222,
    -2.502278985402));
#1563 = CARTESIAN_POINT('',(2.187758685224,0.264454785727,
    -2.324817821413));
#1564 = CARTESIAN_POINT('',(2.497795779779,0.264454785727,
    -2.503817821413));
#1565 = CARTESIAN_POINT('',(2.185908330011,0.270712321439,
    -2.328022730653));
#1566 = CARTESIAN_POINT('',(2.495945424566,0.270712321439,
    -2.507022730653));
#1567 = CARTESIAN_POINT('',(2.184057974799,0.276969857151,
    -2.331227639894));
#1568 = CARTESIAN_POINT('',(2.494095069354,0.276969857151,
    -2.510227639894));
#1569 = CARTESIAN_POINT('',(2.182207619586,0.283227392864,
    -2.334432549134));
#1570 = CARTESIAN_POINT('',(2.492244714141,0.283227392864,
    -2.513432549134));
#1571 = ADVANCED_FACE('',(#1572),#1597,.T.);
#1572 = FACE_BOUND('',#1573,.T.);
#1573 = EDGE_LOOP('',(#1574,#1582,#1590,#1596));
#1574 = ORIENTED_EDGE('',*,*,#1575,.F.);
#1575 = EDGE_CURVE('',#1576,#1467,#1578,.T.);
#1576 = VERTEX_POINT('',#1577);
#1577 = CARTESIAN_POINT('',(2.176656553948,0.302,-2.344047276855));
#1578 = LINE('',#1579,#1580);
#1579 = CARTESIAN_POINT('',(2.197887562692,0.269557507178,
    -2.334150332062));
#1580 = VECTOR('',#1581,1.);
#1581 = DIRECTION('',(0.530572878616,-0.810753130633,0.247329297992));
#1582 = ORIENTED_EDGE('',*,*,#1583,.T.);
#1583 = EDGE_CURVE('',#1576,#1584,#1586,.T.);
#1584 = VERTEX_POINT('',#1585);
#1585 = CARTESIAN_POINT('',(2.486693648503,0.302,-2.523047276855));
#1586 = LINE('',#1587,#1588);
#1587 = CARTESIAN_POINT('',(2.176656553948,0.302,-2.344047276855));
#1588 = VECTOR('',#1589,1.);
#1589 = DIRECTION('',(0.866025403784,-4.440892098501E-16,-0.5));
#1590 = ORIENTED_EDGE('',*,*,#1591,.F.);
#1591 = EDGE_CURVE('',#1511,#1584,#1592,.T.);
#1592 = LINE('',#1593,#1594);
#1593 = CARTESIAN_POINT('',(2.497795779779,0.264454785727,
    -2.503817821413));
#1594 = VECTOR('',#1595,1.);
#1595 = DIRECTION('',(-0.254521427425,0.860741175921,-0.440844043915));
#1596 = ORIENTED_EDGE('',*,*,#1510,.F.);
#1597 = PLANE('',#1598);
#1598 = AXIS2_PLACEMENT_3D('',#1599,#1600,#1601);
#1599 = CARTESIAN_POINT('',(2.182207619586,0.283227392864,
    -2.334432549134));
#1600 = DIRECTION('',(-0.430370587961,-0.50904285485,-0.745423724431));
#1601 = DIRECTION('',(-0.254521427425,0.860741175921,-0.440844043915));
#1602 = ADVANCED_FACE('',(#1603),#1628,.T.);
#1603 = FACE_BOUND('',#1604,.T.);
#1604 = EDGE_LOOP('',(#1605,#1613,#1614,#1622));
#1605 = ORIENTED_EDGE('',*,*,#1606,.F.);
#1606 = EDGE_CURVE('',#1469,#1607,#1609,.T.);
#1607 = VERTEX_POINT('',#1608);
#1608 = CARTESIAN_POINT('',(2.202640799791,0.302,-2.299041242858));
#1609 = LINE('',#1610,#1611);
#1610 = CARTESIAN_POINT('',(2.20388249338,0.285870977308,-2.310252286368
    ));
#1611 = VECTOR('',#1612,1.);
#1612 = DIRECTION('',(-6.308830041908E-02,0.81948770451,0.569613701123)
  );
#1613 = ORIENTED_EDGE('',*,*,#1545,.T.);
#1614 = ORIENTED_EDGE('',*,*,#1615,.F.);
#1615 = EDGE_CURVE('',#1616,#1519,#1618,.T.);
#1616 = VERTEX_POINT('',#1617);
#1617 = CARTESIAN_POINT('',(2.512677894346,0.302,-2.478041242858));
#1618 = LINE('',#1619,#1620);
#1619 = CARTESIAN_POINT('',(2.512677894346,0.302,-2.478041242858));
#1620 = VECTOR('',#1621,1.);
#1621 = DIRECTION('',(-0.245451148503,-0.871214631875,-0.425133859984));
#1622 = ORIENTED_EDGE('',*,*,#1623,.F.);
#1623 = EDGE_CURVE('',#1607,#1616,#1624,.T.);
#1624 = LINE('',#1625,#1626);
#1625 = CARTESIAN_POINT('',(2.202640799791,0.302,-2.299041242858));
#1626 = VECTOR('',#1627,1.);
#1627 = DIRECTION('',(0.866025403784,-4.440892098501E-16,-0.5));
#1628 = PLANE('',#1629);
#1629 = AXIS2_PLACEMENT_3D('',#1630,#1631,#1632);
#1630 = CARTESIAN_POINT('',(2.202640799791,0.302,-2.299041242858));
#1631 = DIRECTION('',(0.435607315938,-0.490902297006,0.754494003353));
#1632 = DIRECTION('',(-0.245451148503,-0.871214631875,-0.425133859984));
#1633 = ADVANCED_FACE('',(#1634),#1667,.T.);
#1634 = FACE_BOUND('',#1635,.T.);
#1635 = EDGE_LOOP('',(#1636,#1637,#1645,#1653,#1661));
#1636 = ORIENTED_EDGE('',*,*,#1623,.T.);
#1637 = ORIENTED_EDGE('',*,*,#1638,.F.);
#1638 = EDGE_CURVE('',#1639,#1616,#1641,.T.);
#1639 = VERTEX_POINT('',#1640);
#1640 = CARTESIAN_POINT('',(2.507401781822,0.320727255742,
    -2.487179737816));
#1641 = LINE('',#1642,#1643);
#1642 = CARTESIAN_POINT('',(2.502125669298,0.339454511485,
    -2.496318232774));
#1643 = VECTOR('',#1644,1.);
#1644 = DIRECTION('',(0.245451148505,-0.871214631874,0.425133859986));
#1645 = ORIENTED_EDGE('',*,*,#1646,.F.);
#1646 = EDGE_CURVE('',#1647,#1639,#1649,.T.);
#1647 = VERTEX_POINT('',#1648);
#1648 = CARTESIAN_POINT('',(2.197364687267,0.320727255742,
    -2.308179737816));
#1649 = LINE('',#1650,#1651);
#1650 = CARTESIAN_POINT('',(2.197364687267,0.320727255742,
    -2.308179737816));
#1651 = VECTOR('',#1652,1.);
#1652 = DIRECTION('',(0.866025403784,-4.440892098501E-16,-0.5));
#1653 = ORIENTED_EDGE('',*,*,#1654,.T.);
#1654 = EDGE_CURVE('',#1647,#1655,#1657,.T.);
#1655 = VERTEX_POINT('',#1656);
#1656 = CARTESIAN_POINT('',(2.190646856058,0.320727255742,
    -2.304301196159));
#1657 = LINE('',#1658,#1659);
#1658 = CARTESIAN_POINT('',(2.197364687267,0.320727255742,
    -2.308179737816));
#1659 = VECTOR('',#1660,1.);
#1660 = DIRECTION('',(-0.866025403784,4.331189139276E-16,0.5));
#1661 = ORIENTED_EDGE('',*,*,#1662,.F.);
#1662 = EDGE_CURVE('',#1607,#1655,#1663,.T.);
#1663 = LINE('',#1664,#1665);
#1664 = CARTESIAN_POINT('',(2.199568314721,0.306797355645,
    -2.300388683562));
#1665 = VECTOR('',#1666,1.);
#1666 = DIRECTION('',(-0.524844085727,0.819487704508,-0.23017077972));
#1667 = PLANE('',#1668);
#1668 = AXIS2_PLACEMENT_3D('',#1669,#1670,#1671);
#1669 = CARTESIAN_POINT('',(2.197364687267,0.320727255742,
    -2.308179737816));
#1670 = DIRECTION('',(0.435607315937,0.49090229701,0.754494003351));
#1671 = DIRECTION('',(0.245451148505,-0.871214631874,0.425133859986));
#1672 = ADVANCED_FACE('',(#1673),#1757,.T.);
#1673 = FACE_BOUND('',#1674,.T.);
#1674 = EDGE_LOOP('',(#1675,#1676,#1703,#1711,#1719,#1756));
#1675 = ORIENTED_EDGE('',*,*,#1646,.T.);
#1676 = ORIENTED_EDGE('',*,*,#1677,.F.);
#1677 = EDGE_CURVE('',#1678,#1639,#1680,.T.);
#1678 = VERTEX_POINT('',#1679);
#1679 = CARTESIAN_POINT('',(2.492176397725,0.320541574516,
    -2.513550876638));
#1680 = B_SPLINE_CURVE_WITH_KNOTS('',3,(#1681,#1682,#1683,#1684,#1685,
    #1686,#1687,#1688,#1689,#1690,#1691,#1692,#1693,#1694,#1695,#1696,
    #1697,#1698,#1699,#1700,#1701,#1702),.UNSPECIFIED.,.F.,.F.,(4,3,3,3,
    3,3,3,4),(0.,0.408509789904,0.456950096739,0.503396300242,
    0.549746121814,0.596106623065,0.602271017243,1.),.UNSPECIFIED.);
#1681 = CARTESIAN_POINT('',(2.492176397725,0.320541574516,
    -2.513550876638));
#1682 = CARTESIAN_POINT('',(2.494049525076,0.326876121102,
    -2.510306524896));
#1683 = CARTESIAN_POINT('',(2.495922652428,0.333210667688,
    -2.507062173154));
#1684 = CARTESIAN_POINT('',(2.497795779779,0.339545214274,
    -2.503817821413));
#1685 = CARTESIAN_POINT('',(2.498017891626,0.34029635265,-2.50343311241)
  );
#1686 = CARTESIAN_POINT('',(2.498340237881,0.34092768009,-2.502874792318
    ));
#1687 = CARTESIAN_POINT('',(2.498720376977,0.341356073159,
    -2.502216372091));
#1688 = CARTESIAN_POINT('',(2.49908486719,0.341766830914,-2.501585056522
    ));
#1689 = CARTESIAN_POINT('',(2.49950158649,0.341990421369,-2.500863277521
    ));
#1690 = CARTESIAN_POINT('',(2.499919930975,0.341999693035,
    -2.500138683618));
#1691 = CARTESIAN_POINT('',(2.500337407341,0.342008945462,
    -2.499415593342));
#1692 = CARTESIAN_POINT('',(2.500755633058,0.341804765704,
    -2.498691205151));
#1693 = CARTESIAN_POINT('',(2.501124024217,0.341411849064,
    -2.498053132946));
#1694 = CARTESIAN_POINT('',(2.501492500259,0.34101884189,-2.49741491372)
  );
#1695 = CARTESIAN_POINT('',(2.501810353254,0.340437825161,
    -2.496864376184));
#1696 = CARTESIAN_POINT('',(2.50203912218,0.339739103381,-2.496468136781
    ));
#1697 = CARTESIAN_POINT('',(2.502069540786,0.339646196782,
    -2.496415450209));
#1698 = CARTESIAN_POINT('',(2.502098411175,0.339551262615,-2.49636544523
    ));
#1699 = CARTESIAN_POINT('',(2.502125669298,0.339454511485,
    -2.496318232774));
#1700 = CARTESIAN_POINT('',(2.503884373473,0.333212092904,
    -2.493272067788));
#1701 = CARTESIAN_POINT('',(2.505643077648,0.326969674323,
    -2.490225902802));
#1702 = CARTESIAN_POINT('',(2.507401781822,0.320727255742,
    -2.487179737816));
#1703 = ORIENTED_EDGE('',*,*,#1704,.F.);
#1704 = EDGE_CURVE('',#1705,#1678,#1707,.T.);
#1705 = VERTEX_POINT('',#1706);
#1706 = CARTESIAN_POINT('',(2.18213930317,0.320541574516,-2.334550876638
    ));
#1707 = LINE('',#1708,#1709);
#1708 = CARTESIAN_POINT('',(2.18213930317,0.320541574516,-2.334550876638
    ));
#1709 = VECTOR('',#1710,1.);
#1710 = DIRECTION('',(0.866025403784,-4.440892098501E-16,-0.5));
#1711 = ORIENTED_EDGE('',*,*,#1712,.T.);
#1712 = EDGE_CURVE('',#1705,#1713,#1715,.T.);
#1713 = VERTEX_POINT('',#1714);
#1714 = CARTESIAN_POINT('',(2.175488079431,0.320541574516,
    -2.330710790822));
#1715 = LINE('',#1716,#1717);
#1716 = CARTESIAN_POINT('',(2.18213930317,0.320541574516,-2.334550876638
    ));
#1717 = VECTOR('',#1718,1.);
#1718 = DIRECTION('',(-0.866025403784,4.331189139276E-16,0.5));
#1719 = ORIENTED_EDGE('',*,*,#1720,.F.);
#1720 = EDGE_CURVE('',#1655,#1713,#1721,.T.);
#1721 = B_SPLINE_CURVE_WITH_KNOTS('',3,(#1722,#1723,#1724,#1725,#1726,
    #1727,#1728,#1729,#1730,#1731,#1732,#1733,#1734,#1735,#1736,#1737,
    #1738,#1739,#1740,#1741,#1742,#1743,#1744,#1745,#1746,#1747,#1748,
    #1749,#1750,#1751,#1752,#1753,#1754,#1755),.UNSPECIFIED.,.F.,.F.,(4,
    3,3,3,3,3,3,3,3,3,3,4),(-8.205164726913E-03,-3.508632505586E-03,
    -3.46640946951E-03,-3.259837036483E-03,-3.238926009508E-03,
    -3.050823007412E-03,-2.869344717187E-03,-2.683156349681E-03,
    -2.485265991685E-03,-2.341906647325E-03,-1.413995935934E-03,0.),
  .UNSPECIFIED.);
#1722 = CARTESIAN_POINT('',(2.190646856058,0.320727255742,
    -2.304301196159));
#1723 = CARTESIAN_POINT('',(2.186687965152,0.326908638955,
    -2.306037370828));
#1724 = CARTESIAN_POINT('',(2.182729074247,0.333090022167,
    -2.307773545496));
#1725 = CARTESIAN_POINT('',(2.178770183341,0.339271405379,
    -2.309509720165));
#1726 = CARTESIAN_POINT('',(2.178734591891,0.339326977608,
    -2.309525328823));
#1727 = CARTESIAN_POINT('',(2.178695413162,0.339388150989,
    -2.309542510685));
#1728 = CARTESIAN_POINT('',(2.178652912324,0.339454511485,-2.30956114946
    ));
#1729 = CARTESIAN_POINT('',(2.178444980772,0.339779174284,
    -2.309652338003));
#1730 = CARTESIAN_POINT('',(2.17814503386,0.340192468752,-2.309814367289
    ));
#1731 = CARTESIAN_POINT('',(2.177753651531,0.340589721595,-2.31013155858
    ));
#1732 = CARTESIAN_POINT('',(2.177714032467,0.340629934923,
    -2.310163667393));
#1733 = CARTESIAN_POINT('',(2.177673489052,0.340669946011,
    -2.310197344348));
#1734 = CARTESIAN_POINT('',(2.177632034052,0.340709621335,
    -2.310232655842));
#1735 = CARTESIAN_POINT('',(2.177259129849,0.341066516651,
    -2.310550296769));
#1736 = CARTESIAN_POINT('',(2.176879614349,0.341335740686,
    -2.310946672418));
#1737 = CARTESIAN_POINT('',(2.176513409062,0.341514751449,
    -2.311405936783));
#1738 = CARTESIAN_POINT('',(2.176160100989,0.341687457715,-2.31184902653
    ));
#1739 = CARTESIAN_POINT('',(2.175827611811,0.341772084495,
    -2.312340241352));
#1740 = CARTESIAN_POINT('',(2.175531126184,0.34176710785,-2.31285978977)
  );
#1741 = CARTESIAN_POINT('',(2.175226945586,0.341762002041,
    -2.313392822519));
#1742 = CARTESIAN_POINT('',(2.174969078246,0.341662773936,
    -2.313940915411));
#1743 = CARTESIAN_POINT('',(2.174767239735,0.341470497619,
    -2.314479108114));
#1744 = CARTESIAN_POINT('',(2.174552715618,0.341266136681,
    -2.315051126377));
#1745 = CARTESIAN_POINT('',(2.174406916138,0.340962062521,
    -2.315597066541));
#1746 = CARTESIAN_POINT('',(2.174333586907,0.340560227429,
    -2.316087860727));
#1747 = CARTESIAN_POINT('',(2.174280464408,0.340269122718,
    -2.316443410808));
#1748 = CARTESIAN_POINT('',(2.174266160685,0.339931212158,
    -2.316764314411));
#1749 = CARTESIAN_POINT('',(2.174290485949,0.339545214274,
    -2.317041952935));
#1750 = CARTESIAN_POINT('',(2.174447934164,0.337046796238,
    -2.318839001898));
#1751 = CARTESIAN_POINT('',(2.174607594287,0.334513279214,
    -2.320661296675));
#1752 = CARTESIAN_POINT('',(2.174765626712,0.332005590833,
    -2.322465013562));
#1753 = CARTESIAN_POINT('',(2.175006444285,0.328184252061,
    -2.325213605982));
#1754 = CARTESIAN_POINT('',(2.175247261858,0.324362913288,
    -2.327962198402));
#1755 = CARTESIAN_POINT('',(2.175488079431,0.320541574516,
    -2.330710790822));
#1756 = ORIENTED_EDGE('',*,*,#1654,.F.);
#1757 = B_SPLINE_SURFACE_WITH_KNOTS('',3,1,(
    (#1758,#1759)
    ,(#1760,#1761)
    ,(#1762,#1763)
    ,(#1764,#1765)
    ,(#1766,#1767)
    ,(#1768,#1769)
    ,(#1770,#1771)
    ,(#1772,#1773)
    ,(#1774,#1775)
    ,(#1776,#1777
    )),.UNSPECIFIED.,.F.,.F.,.F.,(4,3,3,4),(2,2),(0.,0.408509789904,
    0.602271017243,1.),(-1.701190222046E-03,3.580000000003E-02),
  .UNSPECIFIED.);
#1758 = CARTESIAN_POINT('',(2.16740656368,0.320541574516,-2.326044925528
    ));
#1759 = CARTESIAN_POINT('',(2.492176397725,0.320541574516,
    -2.513550876638));
#1760 = CARTESIAN_POINT('',(2.169279691032,0.326876121102,
    -2.322800573786));
#1761 = CARTESIAN_POINT('',(2.494049525076,0.326876121102,
    -2.510306524896));
#1762 = CARTESIAN_POINT('',(2.171152818383,0.333210667688,
    -2.319556222044));
#1763 = CARTESIAN_POINT('',(2.495922652428,0.333210667688,
    -2.507062173154));
#1764 = CARTESIAN_POINT('',(2.173025945735,0.339545214274,
    -2.316311870302));
#1765 = CARTESIAN_POINT('',(2.497795779779,0.339545214274,
    -2.503817821413));
#1766 = CARTESIAN_POINT('',(2.17391439312,0.342549767779,-2.314773034292
    ));
#1767 = CARTESIAN_POINT('',(2.498684227164,0.342549767779,
    -2.502278985402));
#1768 = CARTESIAN_POINT('',(2.176499049115,0.342495624248,
    -2.310296278788));
#1769 = CARTESIAN_POINT('',(2.50126888316,0.342495624248,-2.497802229898
    ));
#1770 = CARTESIAN_POINT('',(2.177355835254,0.339454511485,
    -2.308812281664));
#1771 = CARTESIAN_POINT('',(2.502125669298,0.339454511485,
    -2.496318232774));
#1772 = CARTESIAN_POINT('',(2.179114539428,0.333212092904,
    -2.305766116678));
#1773 = CARTESIAN_POINT('',(2.503884373473,0.333212092904,
    -2.493272067788));
#1774 = CARTESIAN_POINT('',(2.180873243603,0.326969674323,
    -2.302719951692));
#1775 = CARTESIAN_POINT('',(2.505643077648,0.326969674323,
    -2.490225902802));
#1776 = CARTESIAN_POINT('',(2.182631947778,0.320727255742,
    -2.299673786706));
#1777 = CARTESIAN_POINT('',(2.507401781822,0.320727255742,
    -2.487179737816));
#1778 = ADVANCED_FACE('',(#1779),#1796,.T.);
#1779 = FACE_BOUND('',#1780,.T.);
#1780 = EDGE_LOOP('',(#1781,#1782,#1788,#1789,#1795));
#1781 = ORIENTED_EDGE('',*,*,#1704,.T.);
#1782 = ORIENTED_EDGE('',*,*,#1783,.F.);
#1783 = EDGE_CURVE('',#1584,#1678,#1784,.T.);
#1784 = LINE('',#1785,#1786);
#1785 = CARTESIAN_POINT('',(2.486693648503,0.302,-2.523047276855));
#1786 = VECTOR('',#1787,1.);
#1787 = DIRECTION('',(0.254521427423,0.860741175923,0.440844043912));
#1788 = ORIENTED_EDGE('',*,*,#1583,.F.);
#1789 = ORIENTED_EDGE('',*,*,#1790,.F.);
#1790 = EDGE_CURVE('',#1713,#1576,#1791,.T.);
#1791 = LINE('',#1792,#1793);
#1792 = CARTESIAN_POINT('',(2.175812226249,0.315397951538,
    -2.334410468859));
#1793 = VECTOR('',#1794,1.);
#1794 = DIRECTION('',(5.10929841492E-02,-0.810753130635,-0.583154240434)
  );
#1795 = ORIENTED_EDGE('',*,*,#1712,.F.);
#1796 = PLANE('',#1797);
#1797 = AXIS2_PLACEMENT_3D('',#1798,#1799,#1800);
#1798 = CARTESIAN_POINT('',(2.176656553948,0.302,-2.344047276855));
#1799 = DIRECTION('',(-0.430370587962,0.509042854847,-0.745423724433));
#1800 = DIRECTION('',(0.254521427423,0.860741175923,0.440844043912));
#1801 = ADVANCED_FACE('',(#1802),#1810,.T.);
#1802 = FACE_BOUND('',#1803,.T.);
#1803 = EDGE_LOOP('',(#1804,#1805,#1806,#1807,#1808,#1809));
#1804 = ORIENTED_EDGE('',*,*,#1518,.T.);
#1805 = ORIENTED_EDGE('',*,*,#1591,.T.);
#1806 = ORIENTED_EDGE('',*,*,#1783,.T.);
#1807 = ORIENTED_EDGE('',*,*,#1677,.T.);
#1808 = ORIENTED_EDGE('',*,*,#1638,.T.);
#1809 = ORIENTED_EDGE('',*,*,#1615,.T.);
#1810 = PLANE('',#1811);
#1811 = AXIS2_PLACEMENT_3D('',#1812,#1813,#1814);
#1812 = CARTESIAN_POINT('',(2.499787615192,0.301996970938,
    -2.500367861278));
#1813 = DIRECTION('',(0.866025403784,-4.4408920985E-16,-0.5));
#1814 = DIRECTION('',(-3.845925372767E-16,-1.,2.22044604925E-16));
#1815 = ADVANCED_FACE('',(#1816),#1841,.T.);
#1816 = FACE_BOUND('',#1817,.T.);
#1817 = EDGE_LOOP('',(#1818,#1819,#1827,#1835));
#1818 = ORIENTED_EDGE('',*,*,#1606,.T.);
#1819 = ORIENTED_EDGE('',*,*,#1820,.F.);
#1820 = EDGE_CURVE('',#1821,#1607,#1823,.T.);
#1821 = VERTEX_POINT('',#1822);
#1822 = CARTESIAN_POINT('',(2.131626716681,0.22,-2.258041242858));
#1823 = LINE('',#1824,#1825);
#1824 = CARTESIAN_POINT('',(2.131626716681,0.22,-2.258041242858));
#1825 = VECTOR('',#1826,1.);
#1826 = DIRECTION('',(0.612372435696,0.707106781187,-0.353553390593));
#1827 = ORIENTED_EDGE('',*,*,#1828,.F.);
#1828 = EDGE_CURVE('',#1829,#1821,#1831,.T.);
#1829 = VERTEX_POINT('',#1830);
#1830 = CARTESIAN_POINT('',(2.142568883373,0.212242916686,
    -2.276543365687));
#1831 = LINE('',#1832,#1833);
#1832 = CARTESIAN_POINT('',(2.143816602761,0.211358387733,
    -2.278653135901));
#1833 = VECTOR('',#1834,1.);
#1834 = DIRECTION('',(-0.478819277541,0.339442921406,0.809636092675));
#1835 = ORIENTED_EDGE('',*,*,#1836,.T.);
#1836 = EDGE_CURVE('',#1829,#1469,#1837,.T.);
#1837 = LINE('',#1838,#1839);
#1838 = CARTESIAN_POINT('',(2.13781865937,0.206757830472,-2.27380082258)
  );
#1839 = VECTOR('',#1840,1.);
#1840 = DIRECTION('',(0.612372435696,0.707106781187,-0.353553390593));
#1841 = PLANE('',#1842);
#1842 = AXIS2_PLACEMENT_3D('',#1843,#1844,#1845);
#1843 = CARTESIAN_POINT('',(2.131626716681,0.22,-2.258041242858));
#1844 = DIRECTION('',(0.736222351244,-0.347120343113,0.580933831796));
#1845 = DIRECTION('',(0.288056677632,-0.616041774068,-0.733154747018));
#1846 = ADVANCED_FACE('',(#1847),#1880,.T.);
#1847 = FACE_BOUND('',#1848,.T.);
#1848 = EDGE_LOOP('',(#1849,#1850,#1851,#1874));
#1849 = ORIENTED_EDGE('',*,*,#1466,.T.);
#1850 = ORIENTED_EDGE('',*,*,#1836,.F.);
#1851 = ORIENTED_EDGE('',*,*,#1852,.F.);
#1852 = EDGE_CURVE('',#1853,#1829,#1855,.T.);
#1853 = VERTEX_POINT('',#1854);
#1854 = CARTESIAN_POINT('',(2.127451091151,0.212224131523,
    -2.302818852702));
#1855 = B_SPLINE_CURVE_WITH_KNOTS('',3,(#1856,#1857,#1858,#1859,#1860,
    #1861,#1862,#1863,#1864,#1865,#1866,#1867,#1868,#1869,#1870,#1871,
    #1872,#1873),.UNSPECIFIED.,.F.,.F.,(4,2,2,2,2,2,2,2,4),(0.,
    2.253841892797E-03,2.500890458287E-03,2.682171570668E-03,
    2.85366871768E-03,3.022452517527E-03,3.198854158687E-03,
    3.403048698299E-03,5.405569156717E-03),.UNSPECIFIED.);
#1856 = CARTESIAN_POINT('',(2.127451091151,0.212224131523,
    -2.302818852702));
#1857 = CARTESIAN_POINT('',(2.134527198724,0.209701143777,
    -2.302744737336));
#1858 = CARTESIAN_POINT('',(2.141603306297,0.20717815603,-2.30267062197)
  );
#1859 = CARTESIAN_POINT('',(2.14945504158,0.204378618049,-2.302588382656
    ));
#1860 = CARTESIAN_POINT('',(2.150116520448,0.20414276761,-2.302581454306
    ));
#1861 = CARTESIAN_POINT('',(2.151512099644,0.203747625177,
    -2.302072156677));
#1862 = CARTESIAN_POINT('',(2.152064377888,0.20361740079,-2.301744361659
    ));
#1863 = CARTESIAN_POINT('',(2.152998537446,0.203455694503,
    -2.300907136865));
#1864 = CARTESIAN_POINT('',(2.153376170675,0.203421352312,
    -2.300418875693));
#1865 = CARTESIAN_POINT('',(2.153932530687,0.203446499028,
    -2.299333812797));
#1866 = CARTESIAN_POINT('',(2.15410675065,0.203504159211,-2.298753646977
    ));
#1867 = CARTESIAN_POINT('',(2.15424589548,0.203705540091,-2.297540288159
    ));
#1868 = CARTESIAN_POINT('',(2.15419944658,0.203850477085,-2.296920922303
    ));
#1869 = CARTESIAN_POINT('',(2.153869324653,0.204231846578,
    -2.295651295447));
#1870 = CARTESIAN_POINT('',(2.153595294435,0.204426111141,
    -2.295187937423));
#1871 = CARTESIAN_POINT('',(2.149678181947,0.207203017103,
    -2.288564487203));
#1872 = CARTESIAN_POINT('',(2.14612353266,0.209722966894,-2.282553926445
    ));
#1873 = CARTESIAN_POINT('',(2.142568883373,0.212242916686,
    -2.276543365687));
#1874 = ORIENTED_EDGE('',*,*,#1875,.T.);
#1875 = EDGE_CURVE('',#1853,#1467,#1876,.T.);
#1876 = LINE('',#1877,#1878);
#1877 = CARTESIAN_POINT('',(2.122689363632,0.206725762193,
    -2.300069668037));
#1878 = VECTOR('',#1879,1.);
#1879 = DIRECTION('',(0.612372435696,0.707106781187,-0.353553390593));
#1880 = B_SPLINE_SURFACE_WITH_KNOTS('',3,1,(
    (#1881,#1882)
    ,(#1883,#1884)
    ,(#1885,#1886)
    ,(#1887,#1888)
    ,(#1889,#1890)
    ,(#1891,#1892)
    ,(#1893,#1894)
    ,(#1895,#1896)
    ,(#1897,#1898)
    ,(#1899,#1900
    )),.UNSPECIFIED.,.F.,.F.,.F.,(4,3,3,4),(2,2),(0.,0.399714110513,
    0.594442430575,1.),(0.,1.159655121146E-02),.UNSPECIFIED.);
#1881 = CARTESIAN_POINT('',(2.13781865937,0.206757830472,-2.27380082258)
  );
#1882 = CARTESIAN_POINT('',(2.20883274248,0.288757830472,-2.31480082258)
  );
#1883 = CARTESIAN_POINT('',(2.139882640266,0.202343773963,
    -2.279054015821));
#1884 = CARTESIAN_POINT('',(2.210896723376,0.284343773963,
    -2.320054015821));
#1885 = CARTESIAN_POINT('',(2.141946621162,0.197929717453,
    -2.284307209061));
#1886 = CARTESIAN_POINT('',(2.212960704273,0.279929717453,
    -2.325307209061));
#1887 = CARTESIAN_POINT('',(2.144010602058,0.193515660944,
    -2.289560402302));
#1888 = CARTESIAN_POINT('',(2.215024685169,0.275515660944,
    -2.330560402302));
#1889 = CARTESIAN_POINT('',(2.14501610955,0.191365269486,-2.292119595154
    ));
#1890 = CARTESIAN_POINT('',(2.21603019266,0.273365269486,-2.333119595154
    ));
#1891 = CARTESIAN_POINT('',(2.14246460956,0.191326984228,-2.296615493288
    ));
#1892 = CARTESIAN_POINT('',(2.213478692671,0.273326984228,
    -2.337615493288));
#1893 = CARTESIAN_POINT('',(2.139736256427,0.193451524387,-2.29709205922
    ));
#1894 = CARTESIAN_POINT('',(2.210750339537,0.275451524387,-2.33809205922
    ));
#1895 = CARTESIAN_POINT('',(2.134053958829,0.197876270322,
    -2.298084595492));
#1896 = CARTESIAN_POINT('',(2.205068041939,0.279876270322,
    -2.339084595492));
#1897 = CARTESIAN_POINT('',(2.12837166123,0.202301016258,-2.299077131765
    ));
#1898 = CARTESIAN_POINT('',(2.199385744341,0.284301016258,
    -2.340077131765));
#1899 = CARTESIAN_POINT('',(2.122689363632,0.206725762193,
    -2.300069668037));
#1900 = CARTESIAN_POINT('',(2.193703446743,0.288725762193,
    -2.341069668037));
#1901 = ADVANCED_FACE('',(#1902),#1920,.T.);
#1902 = FACE_BOUND('',#1903,.T.);
#1903 = EDGE_LOOP('',(#1904,#1905,#1906,#1914));
#1904 = ORIENTED_EDGE('',*,*,#1575,.T.);
#1905 = ORIENTED_EDGE('',*,*,#1875,.F.);
#1906 = ORIENTED_EDGE('',*,*,#1907,.F.);
#1907 = EDGE_CURVE('',#1908,#1853,#1910,.T.);
#1908 = VERTEX_POINT('',#1909);
#1909 = CARTESIAN_POINT('',(2.105642470838,0.22,-2.303047276855));
#1910 = LINE('',#1911,#1912);
#1911 = CARTESIAN_POINT('',(2.14871437729,0.204642702068,-2.302596140396
    ));
#1912 = VECTOR('',#1913,1.);
#1913 = DIRECTION('',(0.941872754561,-0.335824942445,9.865203897453E-03)
  );
#1914 = ORIENTED_EDGE('',*,*,#1915,.T.);
#1915 = EDGE_CURVE('',#1908,#1576,#1916,.T.);
#1916 = LINE('',#1917,#1918);
#1917 = CARTESIAN_POINT('',(2.105642470838,0.22,-2.303047276855));
#1918 = VECTOR('',#1919,1.);
#1919 = DIRECTION('',(0.612372435696,0.707106781187,-0.353553390593));
#1920 = PLANE('',#1921);
#1921 = AXIS2_PLACEMENT_3D('',#1922,#1923,#1924);
#1922 = CARTESIAN_POINT('',(2.122689363632,0.206725762193,
    -2.300069668037));
#1923 = DIRECTION('',(-0.118646775063,-0.359947654579,-0.925397551721));
#1924 = DIRECTION('',(-0.781615597827,0.60863592234,-0.136526082745));
#1925 = ADVANCED_FACE('',(#1926),#1960,.T.);
#1926 = FACE_BOUND('',#1927,.T.);
#1927 = EDGE_LOOP('',(#1928,#1929,#1930,#1938,#1946,#1954));
#1928 = ORIENTED_EDGE('',*,*,#1820,.T.);
#1929 = ORIENTED_EDGE('',*,*,#1662,.T.);
#1930 = ORIENTED_EDGE('',*,*,#1931,.F.);
#1931 = EDGE_CURVE('',#1932,#1655,#1934,.T.);
#1932 = VERTEX_POINT('',#1933);
#1933 = CARTESIAN_POINT('',(2.185896632054,0.315242169528,
    -2.301558653052));
#1934 = LINE('',#1935,#1936);
#1935 = CARTESIAN_POINT('',(2.185896632054,0.315242169528,
    -2.301558653052));
#1936 = VECTOR('',#1937,1.);
#1937 = DIRECTION('',(0.612372435696,0.707106781187,-0.353553390593));
#1938 = ORIENTED_EDGE('',*,*,#1939,.F.);
#1939 = EDGE_CURVE('',#1940,#1932,#1942,.T.);
#1940 = VERTEX_POINT('',#1941);
#1941 = CARTESIAN_POINT('',(2.114882548944,0.233242169528,
    -2.260558653052));
#1942 = LINE('',#1943,#1944);
#1943 = CARTESIAN_POINT('',(2.114882548944,0.233242169528,
    -2.260558653052));
#1944 = VECTOR('',#1945,1.);
#1945 = DIRECTION('',(0.612372435696,0.707106781187,-0.353553390593));
#1946 = ORIENTED_EDGE('',*,*,#1947,.T.);
#1947 = EDGE_CURVE('',#1940,#1948,#1950,.T.);
#1948 = VERTEX_POINT('',#1949);
#1949 = CARTESIAN_POINT('',(2.110132324941,0.227757083315,
    -2.257816109945));
#1950 = LINE('',#1951,#1952);
#1951 = CARTESIAN_POINT('',(2.114882548944,0.233242169528,
    -2.260558653052));
#1952 = VECTOR('',#1953,1.);
#1953 = DIRECTION('',(-0.612372435696,-0.707106781187,0.353553390593));
#1954 = ORIENTED_EDGE('',*,*,#1955,.F.);
#1955 = EDGE_CURVE('',#1821,#1948,#1956,.T.);
#1956 = LINE('',#1957,#1958);
#1957 = CARTESIAN_POINT('',(2.126120504614,0.221987129772,
    -2.257983570626));
#1958 = VECTOR('',#1959,1.);
#1959 = DIRECTION('',(-0.940575062848,0.339442921405,9.851611831459E-03)
  );
#1960 = PLANE('',#1961);
#1961 = AXIS2_PLACEMENT_3D('',#1962,#1963,#1964);
#1962 = CARTESIAN_POINT('',(2.114882548944,0.233242169528,
    -2.260558653052));
#1963 = DIRECTION('',(0.134992280628,0.347120343115,0.928054174909));
#1964 = DIRECTION('',(0.778958974639,-0.616041774067,0.117112972953));
#1965 = ADVANCED_FACE('',(#1966),#2033,.T.);
#1966 = FACE_BOUND('',#1967,.T.);
#1967 = EDGE_LOOP('',(#1968,#1969,#1970,#1971,#1979,#1987,#1995,#2032));
#1968 = ORIENTED_EDGE('',*,*,#1939,.T.);
#1969 = ORIENTED_EDGE('',*,*,#1931,.T.);
#1970 = ORIENTED_EDGE('',*,*,#1720,.T.);
#1971 = ORIENTED_EDGE('',*,*,#1972,.F.);
#1972 = EDGE_CURVE('',#1973,#1713,#1975,.T.);
#1973 = VERTEX_POINT('',#1974);
#1974 = CARTESIAN_POINT('',(2.170784954022,0.315110873074,
    -2.327995440101));
#1975 = LINE('',#1976,#1977);
#1976 = CARTESIAN_POINT('',(2.170784954022,0.315110873074,
    -2.327995440101));
#1977 = VECTOR('',#1978,1.);
#1978 = DIRECTION('',(0.612372435696,0.707106781187,-0.353553390593));
#1979 = ORIENTED_EDGE('',*,*,#1980,.F.);
#1980 = EDGE_CURVE('',#1981,#1973,#1983,.T.);
#1981 = VERTEX_POINT('',#1982);
#1982 = CARTESIAN_POINT('',(2.099770870912,0.233110873074,
    -2.286995440101));
#1983 = LINE('',#1984,#1985);
#1984 = CARTESIAN_POINT('',(2.099770870912,0.233110873074,
    -2.286995440101));
#1985 = VECTOR('',#1986,1.);
#1986 = DIRECTION('',(0.612372435696,0.707106781187,-0.353553390593));
#1987 = ORIENTED_EDGE('',*,*,#1988,.T.);
#1988 = EDGE_CURVE('',#1981,#1989,#1991,.T.);
#1989 = VERTEX_POINT('',#1990);
#1990 = CARTESIAN_POINT('',(2.095067745503,0.227680171632,-2.28428008938
    ));
#1991 = LINE('',#1992,#1993);
#1992 = CARTESIAN_POINT('',(2.099770870912,0.233110873074,
    -2.286995440101));
#1993 = VECTOR('',#1994,1.);
#1994 = DIRECTION('',(-0.612372435696,-0.707106781187,0.353553390593));
#1995 = ORIENTED_EDGE('',*,*,#1996,.F.);
#1996 = EDGE_CURVE('',#1948,#1989,#1997,.T.);
#1997 = B_SPLINE_CURVE_WITH_KNOTS('',3,(#1998,#1999,#2000,#2001,#2002,
    #2003,#2004,#2005,#2006,#2007,#2008,#2009,#2010,#2011,#2012,#2013,
    #2014,#2015,#2016,#2017,#2018,#2019,#2020,#2021,#2022,#2023,#2024,
    #2025,#2026,#2027,#2028,#2029,#2030,#2031),.UNSPECIFIED.,.F.,.F.,(4,
    3,3,3,3,3,3,3,3,3,3,4),(-8.205164726892E-03,-3.508632505584E-03,
    -3.466409469507E-03,-3.259837036481E-03,-3.238926009507E-03,
    -3.050823007411E-03,-2.869344717186E-03,-2.683156349681E-03,
    -2.485265991685E-03,-2.341906647325E-03,-1.413995935934E-03,0.),
  .UNSPECIFIED.);
#1998 = CARTESIAN_POINT('',(2.110132324941,0.227757083315,
    -2.257816109945));
#1999 = CARTESIAN_POINT('',(2.103037581638,0.230317496075,
    -2.257741799388));
#2000 = CARTESIAN_POINT('',(2.095942838335,0.232877908836,
    -2.257667488831));
#2001 = CARTESIAN_POINT('',(2.088848095032,0.235438321597,
    -2.257593178273));
#2002 = CARTESIAN_POINT('',(2.08878431146,0.235461340368,-2.257592510202
    ));
#2003 = CARTESIAN_POINT('',(2.088714099112,0.235486679212,
    -2.257591774796));
#2004 = CARTESIAN_POINT('',(2.088637933201,0.235514166629,
    -2.257590977032));
#2005 = CARTESIAN_POINT('',(2.088265298283,0.235648646364,
    -2.257587074043));
#2006 = CARTESIAN_POINT('',(2.087757600939,0.235814496467,
    -2.257629158561));
#2007 = CARTESIAN_POINT('',(2.087168698585,0.235967868952,
    -2.257832311613));
#2008 = CARTESIAN_POINT('',(2.087109084856,0.235983394626,-2.2578528765)
  );
#2009 = CARTESIAN_POINT('',(2.087048674793,0.235998765669,
    -2.257875083441));
#2010 = CARTESIAN_POINT('',(2.086987551702,0.23601391896,-2.257899039557
    ));
#2011 = CARTESIAN_POINT('',(2.086437725197,0.236150228829,
    -2.258114534345));
#2012 = CARTESIAN_POINT('',(2.085926441526,0.236248334094,
    -2.258434833605));
#2013 = CARTESIAN_POINT('',(2.085472812382,0.236313034268,
    -2.258843623782));
#2014 = CARTESIAN_POINT('',(2.085035159391,0.236375455797,
    -2.259238016969));
#2015 = CARTESIAN_POINT('',(2.084661585926,0.236405359425,
    -2.259705511766));
#2016 = CARTESIAN_POINT('',(2.084367384332,0.236403968885,
    -2.260226378872));
#2017 = CARTESIAN_POINT('',(2.084065547048,0.236402542254,
    -2.260760764533));
#2018 = CARTESIAN_POINT('',(2.083855577266,0.236368246638,
    -2.261336511093));
#2019 = CARTESIAN_POINT('',(2.083747564232,0.236298966265,-2.26192887396
    ));
#2020 = CARTESIAN_POINT('',(2.083632762549,0.2362253316,-2.262558466998)
  );
#2021 = CARTESIAN_POINT('',(2.083635957791,0.236114054113,
    -2.263190429305));
#2022 = CARTESIAN_POINT('',(2.083762563819,0.235958530943,
    -2.263796656167));
#2023 = CARTESIAN_POINT('',(2.083854282068,0.23584586401,-2.264235830093
    ));
#2024 = CARTESIAN_POINT('',(2.08400934848,0.235711622513,-2.264654519588
    ));
#2025 = CARTESIAN_POINT('',(2.084229492762,0.235551736954,
    -2.265045214276));
#2026 = CARTESIAN_POINT('',(2.085654403278,0.23451685832,-2.267574032938
    ));
#2027 = CARTESIAN_POINT('',(2.087099331627,0.233467441208,
    -2.270138377672));
#2028 = CARTESIAN_POINT('',(2.088529529253,0.23242872267,-2.27267657948)
  );
#2029 = CARTESIAN_POINT('',(2.09070893467,0.230845872324,-2.276544416114
    ));
#2030 = CARTESIAN_POINT('',(2.092888340086,0.229263021978,
    -2.280412252747));
#2031 = CARTESIAN_POINT('',(2.095067745503,0.227680171632,-2.28428008938
    ));
#2032 = ORIENTED_EDGE('',*,*,#1947,.F.);
#2033 = B_SPLINE_SURFACE_WITH_KNOTS('',3,1,(
    (#2034,#2035)
    ,(#2036,#2037)
    ,(#2038,#2039)
    ,(#2040,#2041)
    ,(#2042,#2043)
    ,(#2044,#2045)
    ,(#2046,#2047)
    ,(#2048,#2049)
    ,(#2050,#2051)
    ,(#2052,#2053
    )),.UNSPECIFIED.,.F.,.F.,.F.,(4,3,3,4),(2,2),(0.,0.408509789904,
    0.602271017243,1.),(-3.920255635902E-03,1.551680684736E-02),
  .UNSPECIFIED.);
#2034 = CARTESIAN_POINT('',(2.075764305989,0.205390479633,-2.27313524338
    ));
#2035 = CARTESIAN_POINT('',(2.194791518945,0.342831266515,
    -2.341855636822));
#2036 = CARTESIAN_POINT('',(2.073758331618,0.209869680479,
    -2.267651291215));
#2037 = CARTESIAN_POINT('',(2.192785544575,0.347310467362,
    -2.336371684657));
#2038 = CARTESIAN_POINT('',(2.071752357248,0.214348881326,-2.26216733905
    ));
#2039 = CARTESIAN_POINT('',(2.190779570204,0.351789668209,
    -2.330887732491));
#2040 = CARTESIAN_POINT('',(2.069746382877,0.218828082173,
    -2.256683386885));
#2041 = CARTESIAN_POINT('',(2.188773595834,0.356268869056,
    -2.325403780326));
#2042 = CARTESIAN_POINT('',(2.068794924514,0.220952622331,
    -2.254082280795));
#2043 = CARTESIAN_POINT('',(2.187822137471,0.358393409213,
    -2.322802674236));
#2044 = CARTESIAN_POINT('',(2.071412736515,0.220914337073,-2.24962466792
    ));
#2045 = CARTESIAN_POINT('',(2.190439949472,0.358355123955,
    -2.318345061361));
#2046 = CARTESIAN_POINT('',(2.074131816284,0.218763945616,
    -2.249215866525));
#2047 = CARTESIAN_POINT('',(2.193159029241,0.356204732498,
    -2.317936259967));
#2048 = CARTESIAN_POINT('',(2.07971320553,0.214349889106,-2.248376729794
    ));
#2049 = CARTESIAN_POINT('',(2.198740418486,0.351790675989,
    -2.317097123235));
#2050 = CARTESIAN_POINT('',(2.085294594775,0.209935832597,
    -2.247537593063));
#2051 = CARTESIAN_POINT('',(2.204321807732,0.347376619479,
    -2.316257986504));
#2052 = CARTESIAN_POINT('',(2.090875984021,0.205521776087,
    -2.246698456331));
#2053 = CARTESIAN_POINT('',(2.209903196978,0.34296256297,-2.315418849773
    ));
#2054 = ADVANCED_FACE('',(#2055),#2068,.T.);
#2055 = FACE_BOUND('',#2056,.T.);
#2056 = EDGE_LOOP('',(#2057,#2058,#2059,#2060,#2061,#2067));
#2057 = ORIENTED_EDGE('',*,*,#1980,.T.);
#2058 = ORIENTED_EDGE('',*,*,#1972,.T.);
#2059 = ORIENTED_EDGE('',*,*,#1790,.T.);
#2060 = ORIENTED_EDGE('',*,*,#1915,.F.);
#2061 = ORIENTED_EDGE('',*,*,#2062,.F.);
#2062 = EDGE_CURVE('',#1989,#1908,#2063,.T.);
#2063 = LINE('',#2064,#2065);
#2064 = CARTESIAN_POINT('',(2.098001282791,0.225549613235,
    -2.289486299708));
#2065 = VECTOR('',#2066,1.);
#2066 = DIRECTION('',(0.462392860095,-0.335824942445,-0.820618334529));
#2067 = ORIENTED_EDGE('',*,*,#1988,.F.);
#2068 = PLANE('',#2069);
#2069 = AXIS2_PLACEMENT_3D('',#2070,#2071,#2072);
#2070 = CARTESIAN_POINT('',(2.105642470838,0.22,-2.303047276855));
#2071 = DIRECTION('',(-0.742094400858,0.359947654577,-0.565449897145));
#2072 = DIRECTION('',(-0.27257274298,0.608635922342,0.745162005083));
#2073 = ADVANCED_FACE('',(#2074),#2099,.T.);
#2074 = FACE_BOUND('',#2075,.T.);
#2075 = EDGE_LOOP('',(#2076,#2077,#2085,#2093));
#2076 = ORIENTED_EDGE('',*,*,#1828,.T.);
#2077 = ORIENTED_EDGE('',*,*,#2078,.F.);
#2078 = EDGE_CURVE('',#2079,#1821,#2081,.T.);
#2079 = VERTEX_POINT('',#2080);
#2080 = CARTESIAN_POINT('',(2.131626716681,7.E-02,-2.258041242858));
#2081 = LINE('',#2082,#2083);
#2082 = CARTESIAN_POINT('',(2.131626716681,7.E-02,-2.258041242858));
#2083 = VECTOR('',#2084,1.);
#2084 = DIRECTION('',(0.,1.,0.));
#2085 = ORIENTED_EDGE('',*,*,#2086,.T.);
#2086 = EDGE_CURVE('',#2079,#2087,#2089,.T.);
#2087 = VERTEX_POINT('',#2088);
#2088 = CARTESIAN_POINT('',(2.142568883373,7.E-02,-2.276543365687));
#2089 = LINE('',#2090,#2091);
#2090 = CARTESIAN_POINT('',(2.131626716681,7.E-02,-2.258041242858));
#2091 = VECTOR('',#2092,1.);
#2092 = DIRECTION('',(0.50904285485,0.,-0.860741175921));
#2093 = ORIENTED_EDGE('',*,*,#2094,.T.);
#2094 = EDGE_CURVE('',#2087,#1829,#2095,.T.);
#2095 = LINE('',#2096,#2097);
#2096 = CARTESIAN_POINT('',(2.142568883373,7.E-02,-2.276543365687));
#2097 = VECTOR('',#2098,1.);
#2098 = DIRECTION('',(0.,1.,0.));
#2099 = PLANE('',#2100);
#2100 = AXIS2_PLACEMENT_3D('',#2101,#2102,#2103);
#2101 = CARTESIAN_POINT('',(2.131626716681,7.E-02,-2.258041242858));
#2102 = DIRECTION('',(0.860741175921,0.,0.50904285485));
#2103 = DIRECTION('',(0.50904285485,0.,-0.860741175921));
#2104 = ADVANCED_FACE('',(#2105),#2123,.T.);
#2105 = FACE_BOUND('',#2106,.T.);
#2106 = EDGE_LOOP('',(#2107,#2115,#2116,#2117));
#2107 = ORIENTED_EDGE('',*,*,#2108,.T.);
#2108 = EDGE_CURVE('',#2109,#2079,#2111,.T.);
#2109 = VERTEX_POINT('',#2110);
#2110 = CARTESIAN_POINT('',(2.110132324941,7.E-02,-2.257816109945));
#2111 = LINE('',#2112,#2113);
#2112 = CARTESIAN_POINT('',(2.088637933201,7.E-02,-2.257590977032));
#2113 = VECTOR('',#2114,1.);
#2114 = DIRECTION('',(0.999945151856,0.,-1.047345595045E-02));
#2115 = ORIENTED_EDGE('',*,*,#2078,.T.);
#2116 = ORIENTED_EDGE('',*,*,#1955,.T.);
#2117 = ORIENTED_EDGE('',*,*,#2118,.F.);
#2118 = EDGE_CURVE('',#2109,#1948,#2119,.T.);
#2119 = LINE('',#2120,#2121);
#2120 = CARTESIAN_POINT('',(2.110132324941,7.E-02,-2.257816109945));
#2121 = VECTOR('',#2122,1.);
#2122 = DIRECTION('',(0.,1.,0.));
#2123 = PLANE('',#2124);
#2124 = AXIS2_PLACEMENT_3D('',#2125,#2126,#2127);
#2125 = CARTESIAN_POINT('',(2.110132324941,7.E-02,-2.257816109945));
#2126 = DIRECTION('',(1.047345595045E-02,0.,0.999945151856));
#2127 = DIRECTION('',(0.999945151856,0.,-1.047345595045E-02));
#2128 = ADVANCED_FACE('',(#2129),#2152,.T.);
#2129 = FACE_BOUND('',#2130,.T.);
#2130 = EDGE_LOOP('',(#2131,#2144,#2145,#2146));
#2131 = ORIENTED_EDGE('',*,*,#2132,.T.);
#2132 = EDGE_CURVE('',#2133,#2109,#2135,.T.);
#2133 = VERTEX_POINT('',#2134);
#2134 = CARTESIAN_POINT('',(2.095067745503,7.E-02,-2.28428008938));
#2135 = B_SPLINE_CURVE_WITH_KNOTS('',3,(#2136,#2137,#2138,#2139,#2140,
    #2141,#2142,#2143),.UNSPECIFIED.,.F.,.F.,(4,2,2,4),(0.,
    0.408509789904,0.602271017243,1.),.UNSPECIFIED.);
#2136 = CARTESIAN_POINT('',(2.095067745503,7.E-02,-2.28428008938));
#2137 = CARTESIAN_POINT('',(2.091454994589,7.E-02,-2.277868464345));
#2138 = CARTESIAN_POINT('',(2.087960624076,7.E-02,-2.271519520528));
#2139 = CARTESIAN_POINT('',(2.082358444894,7.E-02,-2.261927343537));
#2140 = CARTESIAN_POINT('',(2.085004157396,7.E-02,-2.257453377437));
#2141 = CARTESIAN_POINT('',(2.09591176234,7.E-02,-2.257737588447));
#2142 = CARTESIAN_POINT('',(2.102967527694,7.E-02,-2.257741065641));
#2143 = CARTESIAN_POINT('',(2.110132324941,7.E-02,-2.257816109945));
#2144 = ORIENTED_EDGE('',*,*,#2118,.T.);
#2145 = ORIENTED_EDGE('',*,*,#1996,.T.);
#2146 = ORIENTED_EDGE('',*,*,#2147,.F.);
#2147 = EDGE_CURVE('',#2133,#1989,#2148,.T.);
#2148 = LINE('',#2149,#2150);
#2149 = CARTESIAN_POINT('',(2.095067745503,7.E-02,-2.28428008938));
#2150 = VECTOR('',#2151,1.);
#2151 = DIRECTION('',(0.,1.,0.));
#2152 = B_SPLINE_SURFACE_WITH_KNOTS('',3,1,(
    (#2153,#2154)
    ,(#2155,#2156)
    ,(#2157,#2158)
    ,(#2159,#2160)
    ,(#2161,#2162)
    ,(#2163,#2164)
    ,(#2165,#2166)
    ,(#2167,#2168)
    ,(#2169,#2170)
    ,(#2171,#2172
    )),.UNSPECIFIED.,.F.,.F.,.F.,(4,3,3,4),(2,2),(0.,0.408509789904,
    0.602271017243,1.),(0.,1.670119022205E-02),.UNSPECIFIED.);
#2153 = CARTESIAN_POINT('',(2.095067745503,7.E-02,-2.28428008938));
#2154 = CARTESIAN_POINT('',(2.095067745503,0.23701190222,-2.28428008938)
  );
#2155 = CARTESIAN_POINT('',(2.091454994589,7.E-02,-2.277868464345));
#2156 = CARTESIAN_POINT('',(2.091454994589,0.23701190222,-2.277868464345
    ));
#2157 = CARTESIAN_POINT('',(2.087842243676,7.E-02,-2.27145683931));
#2158 = CARTESIAN_POINT('',(2.087842243676,0.23701190222,-2.27145683931)
  );
#2159 = CARTESIAN_POINT('',(2.084229492762,7.E-02,-2.265045214276));
#2160 = CARTESIAN_POINT('',(2.084229492762,0.23701190222,-2.265045214276
    ));
#2161 = CARTESIAN_POINT('',(2.082515920485,7.E-02,-2.262004101512));
#2162 = CARTESIAN_POINT('',(2.082515920485,0.23701190222,-2.262004101512
    ));
#2163 = CARTESIAN_POINT('',(2.085147466153,7.E-02,-2.257554417774));
#2164 = CARTESIAN_POINT('',(2.085147466153,0.23701190222,-2.257554417774
    ));
#2165 = CARTESIAN_POINT('',(2.088637933201,7.E-02,-2.257590977032));
#2166 = CARTESIAN_POINT('',(2.088637933201,0.23701190222,-2.257590977032
    ));
#2167 = CARTESIAN_POINT('',(2.095802730448,7.E-02,-2.257666021336));
#2168 = CARTESIAN_POINT('',(2.095802730448,0.23701190222,-2.257666021336
    ));
#2169 = CARTESIAN_POINT('',(2.102967527694,7.E-02,-2.257741065641));
#2170 = CARTESIAN_POINT('',(2.102967527694,0.23701190222,-2.257741065641
    ));
#2171 = CARTESIAN_POINT('',(2.110132324941,7.E-02,-2.257816109945));
#2172 = CARTESIAN_POINT('',(2.110132324941,0.23701190222,-2.257816109945
    ));
#2173 = ADVANCED_FACE('',(#2174),#2192,.T.);
#2174 = FACE_BOUND('',#2175,.T.);
#2175 = EDGE_LOOP('',(#2176,#2184,#2185,#2186));
#2176 = ORIENTED_EDGE('',*,*,#2177,.T.);
#2177 = EDGE_CURVE('',#2178,#2133,#2180,.T.);
#2178 = VERTEX_POINT('',#2179);
#2179 = CARTESIAN_POINT('',(2.105642470838,7.E-02,-2.303047276855));
#2180 = LINE('',#2181,#2182);
#2181 = CARTESIAN_POINT('',(2.105642470838,7.E-02,-2.303047276855));
#2182 = VECTOR('',#2183,1.);
#2183 = DIRECTION('',(-0.49090229701,0.,0.871214631874));
#2184 = ORIENTED_EDGE('',*,*,#2147,.T.);
#2185 = ORIENTED_EDGE('',*,*,#2062,.T.);
#2186 = ORIENTED_EDGE('',*,*,#2187,.F.);
#2187 = EDGE_CURVE('',#2178,#1908,#2188,.T.);
#2188 = LINE('',#2189,#2190);
#2189 = CARTESIAN_POINT('',(2.105642470838,7.E-02,-2.303047276855));
#2190 = VECTOR('',#2191,1.);
#2191 = DIRECTION('',(0.,1.,0.));
#2192 = PLANE('',#2193);
#2193 = AXIS2_PLACEMENT_3D('',#2194,#2195,#2196);
#2194 = CARTESIAN_POINT('',(2.105642470838,7.E-02,-2.303047276855));
#2195 = DIRECTION('',(-0.871214631874,0.,-0.49090229701));
#2196 = DIRECTION('',(-0.49090229701,0.,0.871214631874));
#2197 = ADVANCED_FACE('',(#2198),#2216,.T.);
#2198 = FACE_BOUND('',#2199,.T.);
#2199 = EDGE_LOOP('',(#2200,#2201,#2209,#2215));
#2200 = ORIENTED_EDGE('',*,*,#1907,.T.);
#2201 = ORIENTED_EDGE('',*,*,#2202,.F.);
#2202 = EDGE_CURVE('',#2203,#1853,#2205,.T.);
#2203 = VERTEX_POINT('',#2204);
#2204 = CARTESIAN_POINT('',(2.127451091151,7.E-02,-2.302818852702));
#2205 = LINE('',#2206,#2207);
#2206 = CARTESIAN_POINT('',(2.127451091151,7.E-02,-2.302818852702));
#2207 = VECTOR('',#2208,1.);
#2208 = DIRECTION('',(0.,1.,0.));
#2209 = ORIENTED_EDGE('',*,*,#2210,.T.);
#2210 = EDGE_CURVE('',#2203,#2178,#2211,.T.);
#2211 = LINE('',#2212,#2213);
#2212 = CARTESIAN_POINT('',(2.149259711465,7.E-02,-2.302590428549));
#2213 = VECTOR('',#2214,1.);
#2214 = DIRECTION('',(-0.999945151856,0.,-1.047345595417E-02));
#2215 = ORIENTED_EDGE('',*,*,#2187,.T.);
#2216 = PLANE('',#2217);
#2217 = AXIS2_PLACEMENT_3D('',#2218,#2219,#2220);
#2218 = CARTESIAN_POINT('',(2.127451091151,7.E-02,-2.302818852702));
#2219 = DIRECTION('',(1.047345595417E-02,0.,-0.999945151856));
#2220 = DIRECTION('',(-0.999945151856,0.,-1.047345595417E-02));
#2221 = ADVANCED_FACE('',(#2222),#2238,.T.);
#2222 = FACE_BOUND('',#2223,.T.);
#2223 = EDGE_LOOP('',(#2224,#2225,#2226,#2237));
#2224 = ORIENTED_EDGE('',*,*,#1852,.T.);
#2225 = ORIENTED_EDGE('',*,*,#2094,.F.);
#2226 = ORIENTED_EDGE('',*,*,#2227,.T.);
#2227 = EDGE_CURVE('',#2087,#2203,#2228,.T.);
#2228 = B_SPLINE_CURVE_WITH_KNOTS('',3,(#2229,#2230,#2231,#2232,#2233,
    #2234,#2235,#2236),.UNSPECIFIED.,.F.,.F.,(4,2,2,4),(0.,
    0.399714110513,0.594442430575,1.),.UNSPECIFIED.);
#2229 = CARTESIAN_POINT('',(2.142568883373,7.E-02,-2.276543365687));
#2230 = CARTESIAN_POINT('',(2.14621627227,7.E-02,-2.282710739963));
#2231 = CARTESIAN_POINT('',(2.149747066035,7.E-02,-2.28881940371));
#2232 = CARTESIAN_POINT('',(2.155446954576,7.E-02,-2.298123528459));
#2233 = CARTESIAN_POINT('',(2.152895312689,7.E-02,-2.302651805261));
#2234 = CARTESIAN_POINT('',(2.141877939683,7.E-02,-2.302596213913));
#2235 = CARTESIAN_POINT('',(2.134720631256,7.E-02,-2.302742711318));
#2236 = CARTESIAN_POINT('',(2.127451091151,7.E-02,-2.302818852702));
#2237 = ORIENTED_EDGE('',*,*,#2202,.T.);
#2238 = B_SPLINE_SURFACE_WITH_KNOTS('',3,1,(
    (#2239,#2240)
    ,(#2241,#2242)
    ,(#2243,#2244)
    ,(#2245,#2246)
    ,(#2247,#2248)
    ,(#2249,#2250)
    ,(#2251,#2252)
    ,(#2253,#2254)
    ,(#2255,#2256)
    ,(#2257,#2258
    )),.UNSPECIFIED.,.F.,.F.,.F.,(4,3,3,4),(2,2),(0.,0.399714110513,
    0.594442430575,1.),(0.,1.5E-02),.UNSPECIFIED.);
#2239 = CARTESIAN_POINT('',(2.142568883373,7.E-02,-2.276543365687));
#2240 = CARTESIAN_POINT('',(2.142568883373,0.22,-2.276543365687));
#2241 = CARTESIAN_POINT('',(2.14621627227,7.E-02,-2.282710739963));
#2242 = CARTESIAN_POINT('',(2.14621627227,0.22,-2.282710739963));
#2243 = CARTESIAN_POINT('',(2.149863661167,7.E-02,-2.288878114239));
#2244 = CARTESIAN_POINT('',(2.149863661167,0.22,-2.288878114239));
#2245 = CARTESIAN_POINT('',(2.153511050065,7.E-02,-2.295045488515));
#2246 = CARTESIAN_POINT('',(2.153511050065,0.22,-2.295045488515));
#2247 = CARTESIAN_POINT('',(2.155287944835,7.E-02,-2.298050042021));
#2248 = CARTESIAN_POINT('',(2.155287944835,0.22,-2.298050042021));
#2249 = CARTESIAN_POINT('',(2.152750178513,7.E-02,-2.302553869291));
#2250 = CARTESIAN_POINT('',(2.152750178513,0.22,-2.302553869291));
#2251 = CARTESIAN_POINT('',(2.149259711464,7.E-02,-2.302590428549));
#2252 = CARTESIAN_POINT('',(2.149259711464,0.22,-2.302590428549));
#2253 = CARTESIAN_POINT('',(2.14199017136,7.E-02,-2.302666569934));
#2254 = CARTESIAN_POINT('',(2.14199017136,0.22,-2.302666569934));
#2255 = CARTESIAN_POINT('',(2.134720631256,7.E-02,-2.302742711318));
#2256 = CARTESIAN_POINT('',(2.134720631256,0.22,-2.302742711318));
#2257 = CARTESIAN_POINT('',(2.127451091151,7.E-02,-2.302818852702));
#2258 = CARTESIAN_POINT('',(2.127451091151,0.22,-2.302818852702));
#2259 = ADVANCED_FACE('',(#2260),#2285,.F.);
#2260 = FACE_BOUND('',#2261,.F.);
#2261 = EDGE_LOOP('',(#2262,#2270,#2278,#2284));
#2262 = ORIENTED_EDGE('',*,*,#2263,.T.);
#2263 = EDGE_CURVE('',#2203,#2264,#2266,.T.);
#2264 = VERTEX_POINT('',#2265);
#2265 = CARTESIAN_POINT('',(2.095250092523,4.E-02,-2.421047404108));
#2266 = LINE('',#2267,#2268);
#2267 = CARTESIAN_POINT('',(2.127451091151,7.E-02,-2.302818852702));
#2268 = VECTOR('',#2269,1.);
#2269 = DIRECTION('',(-0.255251002185,-0.23780411763,-0.937174544854));
#2270 = ORIENTED_EDGE('',*,*,#2271,.F.);
#2271 = EDGE_CURVE('',#2272,#2264,#2274,.T.);
#2272 = VERTEX_POINT('',#2273);
#2273 = CARTESIAN_POINT('',(2.229250092522,4.E-02,-2.188952595895));
#2274 = LINE('',#2275,#2276);
#2275 = CARTESIAN_POINT('',(2.080250092523,4.E-02,-2.447028166221));
#2276 = VECTOR('',#2277,1.);
#2277 = DIRECTION('',(-0.5,0.,-0.866025403785));
#2278 = ORIENTED_EDGE('',*,*,#2279,.F.);
#2279 = EDGE_CURVE('',#2087,#2272,#2280,.T.);
#2280 = LINE('',#2281,#2282);
#2281 = CARTESIAN_POINT('',(2.142568883373,7.E-02,-2.276543365687));
#2282 = VECTOR('',#2283,1.);
#2283 = DIRECTION('',(0.683445622768,-0.236537640444,0.690617133709));
#2284 = ORIENTED_EDGE('',*,*,#2227,.T.);
#2285 = B_SPLINE_SURFACE_WITH_KNOTS('',3,3,(
    (#2286,#2287,#2288,#2289)
    ,(#2290,#2291,#2292,#2293)
    ,(#2294,#2295,#2296,#2297)
    ,(#2298,#2299,#2300,#2301)
    ,(#2302,#2303,#2304,#2305)
    ,(#2306,#2307,#2308,#2309)
    ,(#2310,#2311,#2312,#2313)
    ,(#2314,#2315,#2316,#2317
    )),.UNSPECIFIED.,.F.,.F.,.F.,(4,2,2,4),(4,4),(0.,0.399714110513,
    0.594442430575,1.),(0.,1.),.UNSPECIFIED.);
#2286 = CARTESIAN_POINT('',(2.142568883373,7.E-02,-2.276543365687));
#2287 = CARTESIAN_POINT('',(2.171462619756,6.E-02,-2.247346442423));
#2288 = CARTESIAN_POINT('',(2.200356356139,5.E-02,-2.218149519159));
#2289 = CARTESIAN_POINT('',(2.229250092522,4.E-02,-2.188952595895));
#2290 = CARTESIAN_POINT('',(2.14621627227,7.E-02,-2.282710739963));
#2291 = CARTESIAN_POINT('',(2.167912139147,6.E-02,-2.261751478545));
#2292 = CARTESIAN_POINT('',(2.189700328709,5.E-02,-2.24083571392));
#2293 = CARTESIAN_POINT('',(2.211396195586,4.E-02,-2.219876452502));
#2294 = CARTESIAN_POINT('',(2.149747066035,7.E-02,-2.28881940371));
#2295 = CARTESIAN_POINT('',(2.164356474264,6.E-02,-2.276150013823));
#2296 = CARTESIAN_POINT('',(2.178932890421,5.E-02,-2.263469698995));
#2297 = CARTESIAN_POINT('',(2.19354229865,4.E-02,-2.250800309108));
#2298 = CARTESIAN_POINT('',(2.155446954576,7.E-02,-2.298123528459));
#2299 = CARTESIAN_POINT('',(2.159292477358,6.E-02,-2.297678293857));
#2300 = CARTESIAN_POINT('',(2.163145013969,5.E-02,-2.29723454435));
#2301 = CARTESIAN_POINT('',(2.166990536751,4.E-02,-2.296789309747));
#2302 = CARTESIAN_POINT('',(2.152895312689,7.E-02,-2.302651805261));
#2303 = CARTESIAN_POINT('',(2.154693281529,6.E-02,-2.305717922725));
#2304 = CARTESIAN_POINT('',(2.156494702949,5.E-02,-2.308788336316));
#2305 = CARTESIAN_POINT('',(2.158292671788,4.E-02,-2.31185445378));
#2306 = CARTESIAN_POINT('',(2.141877939683,7.E-02,-2.302596213913));
#2307 = CARTESIAN_POINT('',(2.138419987441,6.E-02,-2.321169722198));
#2308 = CARTESIAN_POINT('',(2.1349378543,5.E-02,-2.339722024959));
#2309 = CARTESIAN_POINT('',(2.131479902058,4.E-02,-2.358295533245));
#2310 = CARTESIAN_POINT('',(2.134720631256,7.E-02,-2.302742711318));
#2311 = CARTESIAN_POINT('',(2.127573913451,6.E-02,-2.331700241261));
#2312 = CARTESIAN_POINT('',(2.120511715095,5.E-02,-2.360713938733));
#2313 = CARTESIAN_POINT('',(2.113364997291,4.E-02,-2.389671468676));
#2314 = CARTESIAN_POINT('',(2.127451091151,7.E-02,-2.302818852702));
#2315 = CARTESIAN_POINT('',(2.116717424942,6.E-02,-2.342228369837));
#2316 = CARTESIAN_POINT('',(2.105983758732,5.E-02,-2.381637886973));
#2317 = CARTESIAN_POINT('',(2.095250092523,4.E-02,-2.421047404108));
#2318 = ADVANCED_FACE('',(#2319),#2338,.F.);
#2319 = FACE_BOUND('',#2320,.F.);
#2320 = EDGE_LOOP('',(#2321,#2329,#2336,#2337));
#2321 = ORIENTED_EDGE('',*,*,#2322,.T.);
#2322 = EDGE_CURVE('',#2178,#2323,#2325,.T.);
#2323 = VERTEX_POINT('',#2324);
#2324 = CARTESIAN_POINT('',(2.051680720355,4.E-02,-2.395892615358));
#2325 = LINE('',#2326,#2327);
#2326 = CARTESIAN_POINT('',(2.105642470838,7.E-02,-2.303047276855));
#2327 = VECTOR('',#2328,1.);
#2328 = DIRECTION('',(-0.483964274097,-0.26905962266,-0.832697724779));
#2329 = ORIENTED_EDGE('',*,*,#2330,.T.);
#2330 = EDGE_CURVE('',#2323,#2264,#2331,.T.);
#2331 = B_SPLINE_CURVE_WITH_KNOTS('',3,(#2332,#2333,#2334,#2335),
  .UNSPECIFIED.,.F.,.F.,(4,4),(-1.,0.),.PIECEWISE_BEZIER_KNOTS.);
#2332 = CARTESIAN_POINT('',(2.051680720355,4.E-02,-2.395892615358));
#2333 = CARTESIAN_POINT('',(2.066203844411,4.E-02,-2.404277544941));
#2334 = CARTESIAN_POINT('',(2.080726968467,4.E-02,-2.412662474525));
#2335 = CARTESIAN_POINT('',(2.095250092523,4.E-02,-2.421047404108));
#2336 = ORIENTED_EDGE('',*,*,#2263,.F.);
#2337 = ORIENTED_EDGE('',*,*,#2210,.T.);
#2338 = B_SPLINE_SURFACE_WITH_KNOTS('',3,3,(
    (#2339,#2340,#2341,#2342)
    ,(#2343,#2344,#2345,#2346)
    ,(#2347,#2348,#2349,#2350)
    ,(#2351,#2352,#2353,#2354
    )),.UNSPECIFIED.,.F.,.F.,.F.,(4,4),(4,4),(0.,1.),(0.,1.),
  .PIECEWISE_BEZIER_KNOTS.);
#2339 = CARTESIAN_POINT('',(2.127451091151,7.E-02,-2.302818852702));
#2340 = CARTESIAN_POINT('',(2.116717424942,6.E-02,-2.342228369837));
#2341 = CARTESIAN_POINT('',(2.105983758732,5.E-02,-2.381637886973));
#2342 = CARTESIAN_POINT('',(2.095250092523,4.E-02,-2.421047404108));
#2343 = CARTESIAN_POINT('',(2.120181551047,7.E-02,-2.302894994087));
#2344 = CARTESIAN_POINT('',(2.10703002352,6.E-02,-2.339484154233));
#2345 = CARTESIAN_POINT('',(2.093878495994,5.E-02,-2.376073314379));
#2346 = CARTESIAN_POINT('',(2.080726968467,4.E-02,-2.412662474525));
#2347 = CARTESIAN_POINT('',(2.112912010942,7.E-02,-2.302971135471));
#2348 = CARTESIAN_POINT('',(2.097342622098,6.E-02,-2.336739938628));
#2349 = CARTESIAN_POINT('',(2.081773233255,5.E-02,-2.370508741785));
#2350 = CARTESIAN_POINT('',(2.066203844411,4.E-02,-2.404277544941));
#2351 = CARTESIAN_POINT('',(2.105642470838,7.E-02,-2.303047276855));
#2352 = CARTESIAN_POINT('',(2.087655220677,6.E-02,-2.333995723023));
#2353 = CARTESIAN_POINT('',(2.069667970516,5.E-02,-2.364944169191));
#2354 = CARTESIAN_POINT('',(2.051680720355,4.E-02,-2.395892615358));
#2355 = ADVANCED_FACE('',(#2356),#2375,.F.);
#2356 = FACE_BOUND('',#2357,.F.);
#2357 = EDGE_LOOP('',(#2358,#2366,#2373,#2374));
#2358 = ORIENTED_EDGE('',*,*,#2359,.T.);
#2359 = EDGE_CURVE('',#2133,#2360,#2362,.T.);
#2360 = VERTEX_POINT('',#2361);
#2361 = CARTESIAN_POINT('',(2.008647552145,4.E-02,-2.371047404108));
#2362 = LINE('',#2363,#2364);
#2363 = CARTESIAN_POINT('',(2.095067745503,7.E-02,-2.28428008938));
#2364 = VECTOR('',#2365,1.);
#2365 = DIRECTION('',(-0.685421018689,-0.237937798582,-0.688174128506));
#2366 = ORIENTED_EDGE('',*,*,#2367,.T.);
#2367 = EDGE_CURVE('',#2360,#2323,#2368,.T.);
#2368 = B_SPLINE_CURVE_WITH_KNOTS('',3,(#2369,#2370,#2371,#2372),
  .UNSPECIFIED.,.F.,.F.,(4,4),(-1.,0.),.PIECEWISE_BEZIER_KNOTS.);
#2369 = CARTESIAN_POINT('',(2.008647552145,4.E-02,-2.371047404108));
#2370 = CARTESIAN_POINT('',(2.022991941548,4.E-02,-2.379329141191));
#2371 = CARTESIAN_POINT('',(2.037336330952,4.E-02,-2.387610878275));
#2372 = CARTESIAN_POINT('',(2.051680720355,4.E-02,-2.395892615358));
#2373 = ORIENTED_EDGE('',*,*,#2322,.F.);
#2374 = ORIENTED_EDGE('',*,*,#2177,.T.);
#2375 = B_SPLINE_SURFACE_WITH_KNOTS('',3,3,(
    (#2376,#2377,#2378,#2379)
    ,(#2380,#2381,#2382,#2383)
    ,(#2384,#2385,#2386,#2387)
    ,(#2388,#2389,#2390,#2391
    )),.UNSPECIFIED.,.F.,.F.,.F.,(4,4),(4,4),(0.,1.),(0.,1.),
  .PIECEWISE_BEZIER_KNOTS.);
#2376 = CARTESIAN_POINT('',(2.105642470838,7.E-02,-2.303047276855));
#2377 = CARTESIAN_POINT('',(2.087655220677,6.E-02,-2.333995723023));
#2378 = CARTESIAN_POINT('',(2.069667970516,5.E-02,-2.364944169191));
#2379 = CARTESIAN_POINT('',(2.051680720355,4.E-02,-2.395892615358));
#2380 = CARTESIAN_POINT('',(2.102117562393,7.E-02,-2.296791547697));
#2381 = CARTESIAN_POINT('',(2.080523818579,6.E-02,-2.32706465789));
#2382 = CARTESIAN_POINT('',(2.058930074765,5.E-02,-2.357337768082));
#2383 = CARTESIAN_POINT('',(2.037336330952,4.E-02,-2.387610878275));
#2384 = CARTESIAN_POINT('',(2.098592653948,7.E-02,-2.290535818539));
#2385 = CARTESIAN_POINT('',(2.073392416481,6.E-02,-2.320133592756));
#2386 = CARTESIAN_POINT('',(2.048192179015,5.E-02,-2.349731366974));
#2387 = CARTESIAN_POINT('',(2.022991941548,4.E-02,-2.379329141191));
#2388 = CARTESIAN_POINT('',(2.095067745503,7.E-02,-2.28428008938));
#2389 = CARTESIAN_POINT('',(2.066261014383,6.E-02,-2.313202527623));
#2390 = CARTESIAN_POINT('',(2.037454283264,5.E-02,-2.342124965865));
#2391 = CARTESIAN_POINT('',(2.008647552145,4.E-02,-2.371047404108));
#2392 = ADVANCED_FACE('',(#2393),#2411,.F.);
#2393 = FACE_BOUND('',#2394,.F.);
#2394 = EDGE_LOOP('',(#2395,#2403,#2409,#2410));
#2395 = ORIENTED_EDGE('',*,*,#2396,.T.);
#2396 = EDGE_CURVE('',#2109,#2397,#2399,.T.);
#2397 = VERTEX_POINT('',#2398);
#2398 = CARTESIAN_POINT('',(2.142647552144,4.E-02,-2.138952595895));
#2399 = LINE('',#2400,#2401);
#2400 = CARTESIAN_POINT('',(2.110132324941,7.E-02,-2.257816109945));
#2401 = VECTOR('',#2402,1.);
#2402 = DIRECTION('',(0.256369170702,-0.236537640444,0.937189838276));
#2403 = ORIENTED_EDGE('',*,*,#2404,.F.);
#2404 = EDGE_CURVE('',#2360,#2397,#2405,.T.);
#2405 = LINE('',#2406,#2407);
#2406 = CARTESIAN_POINT('',(2.157647552144,4.E-02,-2.112971833782));
#2407 = VECTOR('',#2408,1.);
#2408 = DIRECTION('',(0.5,0.,0.866025403785));
#2409 = ORIENTED_EDGE('',*,*,#2359,.F.);
#2410 = ORIENTED_EDGE('',*,*,#2132,.T.);
#2411 = B_SPLINE_SURFACE_WITH_KNOTS('',3,3,(
    (#2412,#2413,#2414,#2415)
    ,(#2416,#2417,#2418,#2419)
    ,(#2420,#2421,#2422,#2423)
    ,(#2424,#2425,#2426,#2427)
    ,(#2428,#2429,#2430,#2431)
    ,(#2432,#2433,#2434,#2435)
    ,(#2436,#2437,#2438,#2439)
    ,(#2440,#2441,#2442,#2443
    )),.UNSPECIFIED.,.F.,.F.,.F.,(4,2,2,4),(4,4),(0.,0.408509789904,
    0.602271017243,1.),(0.,1.),.UNSPECIFIED.);
#2412 = CARTESIAN_POINT('',(2.095067745503,7.E-02,-2.28428008938));
#2413 = CARTESIAN_POINT('',(2.066261014383,6.E-02,-2.313202527623));
#2414 = CARTESIAN_POINT('',(2.037454283264,5.E-02,-2.342124965865));
#2415 = CARTESIAN_POINT('',(2.008647552145,4.E-02,-2.371047404108));
#2416 = CARTESIAN_POINT('',(2.091454994589,7.E-02,-2.277868464345));
#2417 = CARTESIAN_POINT('',(2.069965004409,6.E-02,-2.298408332951));
#2418 = CARTESIAN_POINT('',(2.048384312941,5.E-02,-2.318903201722));
#2419 = CARTESIAN_POINT('',(2.02689432276,4.E-02,-2.339443070328));
#2420 = CARTESIAN_POINT('',(2.087960624076,7.E-02,-2.271519520528));
#2421 = CARTESIAN_POINT('',(2.073677796738,6.E-02,-2.283622735094));
#2422 = CARTESIAN_POINT('',(2.059423920714,5.E-02,-2.295735521982));
#2423 = CARTESIAN_POINT('',(2.045141093376,4.E-02,-2.307838736547));
#2424 = CARTESIAN_POINT('',(2.082358444894,7.E-02,-2.261927343537));
#2425 = CARTESIAN_POINT('',(2.078921264548,6.E-02,-2.261699695042));
#2426 = CARTESIAN_POINT('',(2.075479712492,5.E-02,-2.261471726297));
#2427 = CARTESIAN_POINT('',(2.072042532146,4.E-02,-2.261244077801));
#2428 = CARTESIAN_POINT('',(2.085004157396,7.E-02,-2.257453377437));
#2429 = CARTESIAN_POINT('',(2.083570174842,6.E-02,-2.253721983482));
#2430 = CARTESIAN_POINT('',(2.082131182855,5.E-02,-2.24998514679));
#2431 = CARTESIAN_POINT('',(2.0806972003,4.E-02,-2.246253752835));
#2432 = CARTESIAN_POINT('',(2.09591176234,7.E-02,-2.257737588447));
#2433 = CARTESIAN_POINT('',(2.099638061377,6.E-02,-2.238648327559));
#2434 = CARTESIAN_POINT('',(2.103390797314,5.E-02,-2.219582411432));
#2435 = CARTESIAN_POINT('',(2.107117096351,4.E-02,-2.200493150544));
#2436 = CARTESIAN_POINT('',(2.102967527694,7.E-02,-2.257741065641));
#2437 = CARTESIAN_POINT('',(2.110300481649,6.E-02,-2.228421108809));
#2438 = CARTESIAN_POINT('',(2.117549370292,5.E-02,-2.199042830051));
#2439 = CARTESIAN_POINT('',(2.124882324247,4.E-02,-2.16972287322));
#2440 = CARTESIAN_POINT('',(2.110132324941,7.E-02,-2.257816109945));
#2441 = CARTESIAN_POINT('',(2.120970734009,6.E-02,-2.218194938595));
#2442 = CARTESIAN_POINT('',(2.131809143076,5.E-02,-2.178573767245));
#2443 = CARTESIAN_POINT('',(2.142647552144,4.E-02,-2.138952595895));
#2444 = ADVANCED_FACE('',(#2445),#2464,.F.);
#2445 = FACE_BOUND('',#2446,.F.);
#2446 = EDGE_LOOP('',(#2447,#2455,#2462,#2463));
#2447 = ORIENTED_EDGE('',*,*,#2448,.T.);
#2448 = EDGE_CURVE('',#2079,#2449,#2451,.T.);
#2449 = VERTEX_POINT('',#2450);
#2450 = CARTESIAN_POINT('',(2.185948822334,4.E-02,-2.163952595896));
#2451 = LINE('',#2452,#2453);
#2452 = CARTESIAN_POINT('',(2.131626716681,7.E-02,-2.258041242858));
#2453 = VECTOR('',#2454,1.);
#2454 = DIRECTION('',(0.481963106342,-0.266169601059,0.834784587542));
#2455 = ORIENTED_EDGE('',*,*,#2456,.T.);
#2456 = EDGE_CURVE('',#2449,#2397,#2457,.T.);
#2457 = B_SPLINE_CURVE_WITH_KNOTS('',3,(#2458,#2459,#2460,#2461),
  .UNSPECIFIED.,.F.,.F.,(4,4),(-1.,0.),.PIECEWISE_BEZIER_KNOTS.);
#2458 = CARTESIAN_POINT('',(2.185948822334,4.E-02,-2.163952595896));
#2459 = CARTESIAN_POINT('',(2.171515065604,4.E-02,-2.155619262562));
#2460 = CARTESIAN_POINT('',(2.157081308874,4.E-02,-2.147285929229));
#2461 = CARTESIAN_POINT('',(2.142647552144,4.E-02,-2.138952595895));
#2462 = ORIENTED_EDGE('',*,*,#2396,.F.);
#2463 = ORIENTED_EDGE('',*,*,#2108,.T.);
#2464 = B_SPLINE_SURFACE_WITH_KNOTS('',3,3,(
    (#2465,#2466,#2467,#2468)
    ,(#2469,#2470,#2471,#2472)
    ,(#2473,#2474,#2475,#2476)
    ,(#2477,#2478,#2479,#2480
    )),.UNSPECIFIED.,.F.,.F.,.F.,(4,4),(4,4),(0.,1.),(0.,1.),
  .PIECEWISE_BEZIER_KNOTS.);
#2465 = CARTESIAN_POINT('',(2.110132324941,7.E-02,-2.257816109945));
#2466 = CARTESIAN_POINT('',(2.120970734009,6.E-02,-2.218194938595));
#2467 = CARTESIAN_POINT('',(2.131809143076,5.E-02,-2.178573767245));
#2468 = CARTESIAN_POINT('',(2.142647552144,4.E-02,-2.138952595895));
#2469 = CARTESIAN_POINT('',(2.117297122188,7.E-02,-2.25789115425));
#2470 = CARTESIAN_POINT('',(2.13055851775,6.E-02,-2.221022745909));
#2471 = CARTESIAN_POINT('',(2.143819913312,5.E-02,-2.184154337569));
#2472 = CARTESIAN_POINT('',(2.157081308874,4.E-02,-2.147285929229));
#2473 = CARTESIAN_POINT('',(2.124461919434,7.E-02,-2.257966198554));
#2474 = CARTESIAN_POINT('',(2.140146301491,6.E-02,-2.223850553223));
#2475 = CARTESIAN_POINT('',(2.155830683547,5.E-02,-2.189734907893));
#2476 = CARTESIAN_POINT('',(2.171515065604,4.E-02,-2.155619262562));
#2477 = CARTESIAN_POINT('',(2.131626716681,7.E-02,-2.258041242858));
#2478 = CARTESIAN_POINT('',(2.149734085232,6.E-02,-2.226678360537));
#2479 = CARTESIAN_POINT('',(2.167841453783,5.E-02,-2.195315478216));
#2480 = CARTESIAN_POINT('',(2.185948822334,4.E-02,-2.163952595896));
#2481 = ADVANCED_FACE('',(#2482),#2494,.F.);
#2482 = FACE_BOUND('',#2483,.F.);
#2483 = EDGE_LOOP('',(#2484,#2485,#2492,#2493));
#2484 = ORIENTED_EDGE('',*,*,#2279,.T.);
#2485 = ORIENTED_EDGE('',*,*,#2486,.T.);
#2486 = EDGE_CURVE('',#2272,#2449,#2487,.T.);
#2487 = B_SPLINE_CURVE_WITH_KNOTS('',3,(#2488,#2489,#2490,#2491),
  .UNSPECIFIED.,.F.,.F.,(4,4),(-1.,0.),.PIECEWISE_BEZIER_KNOTS.);
#2488 = CARTESIAN_POINT('',(2.229250092522,4.E-02,-2.188952595895));
#2489 = CARTESIAN_POINT('',(2.214816335793,4.E-02,-2.180619262562));
#2490 = CARTESIAN_POINT('',(2.200382579063,4.E-02,-2.172285929229));
#2491 = CARTESIAN_POINT('',(2.185948822334,4.E-02,-2.163952595896));
#2492 = ORIENTED_EDGE('',*,*,#2448,.F.);
#2493 = ORIENTED_EDGE('',*,*,#2086,.T.);
#2494 = B_SPLINE_SURFACE_WITH_KNOTS('',3,3,(
    (#2495,#2496,#2497,#2498)
    ,(#2499,#2500,#2501,#2502)
    ,(#2503,#2504,#2505,#2506)
    ,(#2507,#2508,#2509,#2510
    )),.UNSPECIFIED.,.F.,.F.,.F.,(4,4),(4,4),(0.,1.),(0.,1.),
  .PIECEWISE_BEZIER_KNOTS.);
#2495 = CARTESIAN_POINT('',(2.131626716681,7.E-02,-2.258041242858));
#2496 = CARTESIAN_POINT('',(2.149734085232,6.E-02,-2.226678360537));
#2497 = CARTESIAN_POINT('',(2.167841453783,5.E-02,-2.195315478216));
#2498 = CARTESIAN_POINT('',(2.185948822334,4.E-02,-2.163952595896));
#2499 = CARTESIAN_POINT('',(2.135274105578,7.E-02,-2.264208617135));
#2500 = CARTESIAN_POINT('',(2.156976930073,6.E-02,-2.233567721166));
#2501 = CARTESIAN_POINT('',(2.178679754568,5.E-02,-2.202926825197));
#2502 = CARTESIAN_POINT('',(2.200382579063,4.E-02,-2.172285929229));
#2503 = CARTESIAN_POINT('',(2.138921494476,7.E-02,-2.270375991411));
#2504 = CARTESIAN_POINT('',(2.164219774915,6.E-02,-2.240457081794));
#2505 = CARTESIAN_POINT('',(2.189518055354,5.E-02,-2.210538172178));
#2506 = CARTESIAN_POINT('',(2.214816335793,4.E-02,-2.180619262562));
#2507 = CARTESIAN_POINT('',(2.142568883373,7.E-02,-2.276543365687));
#2508 = CARTESIAN_POINT('',(2.171462619756,6.E-02,-2.247346442423));
#2509 = CARTESIAN_POINT('',(2.200356356139,5.E-02,-2.218149519159));
#2510 = CARTESIAN_POINT('',(2.229250092522,4.E-02,-2.188952595895));
#2511 = ADVANCED_FACE('',(#2512),#2538,.T.);
#2512 = FACE_BOUND('',#2513,.T.);
#2513 = EDGE_LOOP('',(#2514,#2515,#2516,#2524,#2532));
#2514 = ORIENTED_EDGE('',*,*,#2367,.T.);
#2515 = ORIENTED_EDGE('',*,*,#2330,.T.);
#2516 = ORIENTED_EDGE('',*,*,#2517,.T.);
#2517 = EDGE_CURVE('',#2264,#2518,#2520,.T.);
#2518 = VERTEX_POINT('',#2519);
#2519 = CARTESIAN_POINT('',(2.080250092523,4.E-02,-2.447028166221));
#2520 = LINE('',#2521,#2522);
#2521 = CARTESIAN_POINT('',(2.080250092523,4.E-02,-2.447028166221));
#2522 = VECTOR('',#2523,1.);
#2523 = DIRECTION('',(-0.5,0.,-0.866025403785));
#2524 = ORIENTED_EDGE('',*,*,#2525,.T.);
#2525 = EDGE_CURVE('',#2518,#2526,#2528,.T.);
#2526 = VERTEX_POINT('',#2527);
#2527 = CARTESIAN_POINT('',(1.993647552145,4.E-02,-2.397028166221));
#2528 = LINE('',#2529,#2530);
#2529 = CARTESIAN_POINT('',(1.993647552145,4.E-02,-2.397028166221));
#2530 = VECTOR('',#2531,1.);
#2531 = DIRECTION('',(-0.866025403784,0.,0.5));
#2532 = ORIENTED_EDGE('',*,*,#2533,.T.);
#2533 = EDGE_CURVE('',#2526,#2360,#2534,.T.);
#2534 = LINE('',#2535,#2536);
#2535 = CARTESIAN_POINT('',(2.157647552144,4.E-02,-2.112971833782));
#2536 = VECTOR('',#2537,1.);
#2537 = DIRECTION('',(0.5,0.,0.866025403785));
#2538 = PLANE('',#2539);
#2539 = AXIS2_PLACEMENT_3D('',#2540,#2541,#2542);
#2540 = CARTESIAN_POINT('',(2.118948822333,4.E-02,-2.280000000001));
#2541 = DIRECTION('',(0.,1.,0.));
#2542 = DIRECTION('',(0.866025403784,0.,-0.5));
#2543 = ADVANCED_FACE('',(#2544),#2578,.T.);
#2544 = FACE_BOUND('',#2545,.T.);
#2545 = EDGE_LOOP('',(#2546,#2556,#2564,#2572));
#2546 = ORIENTED_EDGE('',*,*,#2547,.F.);
#2547 = EDGE_CURVE('',#2548,#2550,#2552,.T.);
#2548 = VERTEX_POINT('',#2549);
#2549 = CARTESIAN_POINT('',(2.244250092522,3.E-02,-2.162971833782));
#2550 = VERTEX_POINT('',#2551);
#2551 = CARTESIAN_POINT('',(2.157647552144,3.E-02,-2.112971833782));
#2552 = LINE('',#2553,#2554);
#2553 = CARTESIAN_POINT('',(2.244250092522,3.E-02,-2.162971833782));
#2554 = VECTOR('',#2555,1.);
#2555 = DIRECTION('',(-0.866025403784,0.,0.5));
#2556 = ORIENTED_EDGE('',*,*,#2557,.T.);
#2557 = EDGE_CURVE('',#2548,#2558,#2560,.T.);
#2558 = VERTEX_POINT('',#2559);
#2559 = CARTESIAN_POINT('',(2.244250092522,4.E-02,-2.162971833782));
#2560 = LINE('',#2561,#2562);
#2561 = CARTESIAN_POINT('',(2.244250092522,3.E-02,-2.162971833782));
#2562 = VECTOR('',#2563,1.);
#2563 = DIRECTION('',(0.,1.,0.));
#2564 = ORIENTED_EDGE('',*,*,#2565,.F.);
#2565 = EDGE_CURVE('',#2566,#2558,#2568,.T.);
#2566 = VERTEX_POINT('',#2567);
#2567 = CARTESIAN_POINT('',(2.157647552144,4.E-02,-2.112971833782));
#2568 = LINE('',#2569,#2570);
#2569 = CARTESIAN_POINT('',(2.244250092522,4.E-02,-2.162971833782));
#2570 = VECTOR('',#2571,1.);
#2571 = DIRECTION('',(0.866025403784,0.,-0.5));
#2572 = ORIENTED_EDGE('',*,*,#2573,.F.);
#2573 = EDGE_CURVE('',#2550,#2566,#2574,.T.);
#2574 = LINE('',#2575,#2576);
#2575 = CARTESIAN_POINT('',(2.157647552144,3.E-02,-2.112971833782));
#2576 = VECTOR('',#2577,1.);
#2577 = DIRECTION('',(0.,1.,0.));
#2578 = PLANE('',#2579);
#2579 = AXIS2_PLACEMENT_3D('',#2580,#2581,#2582);
#2580 = CARTESIAN_POINT('',(2.157647552144,3.E-02,-2.112971833782));
#2581 = DIRECTION('',(0.5,0.,0.866025403784));
#2582 = DIRECTION('',(0.866025403784,0.,-0.5));
#2583 = ADVANCED_FACE('',(#2584),#2609,.T.);
#2584 = FACE_BOUND('',#2585,.T.);
#2585 = EDGE_LOOP('',(#2586,#2594,#2595,#2601,#2602,#2603));
#2586 = ORIENTED_EDGE('',*,*,#2587,.F.);
#2587 = EDGE_CURVE('',#2550,#2588,#2590,.T.);
#2588 = VERTEX_POINT('',#2589);
#2589 = CARTESIAN_POINT('',(1.993647552145,3.E-02,-2.397028166221));
#2590 = LINE('',#2591,#2592);
#2591 = CARTESIAN_POINT('',(2.157647552144,3.E-02,-2.112971833782));
#2592 = VECTOR('',#2593,1.);
#2593 = DIRECTION('',(-0.5,0.,-0.866025403785));
#2594 = ORIENTED_EDGE('',*,*,#2573,.T.);
#2595 = ORIENTED_EDGE('',*,*,#2596,.F.);
#2596 = EDGE_CURVE('',#2397,#2566,#2597,.T.);
#2597 = LINE('',#2598,#2599);
#2598 = CARTESIAN_POINT('',(2.157647552144,4.E-02,-2.112971833782));
#2599 = VECTOR('',#2600,1.);
#2600 = DIRECTION('',(0.5,0.,0.866025403785));
#2601 = ORIENTED_EDGE('',*,*,#2404,.F.);
#2602 = ORIENTED_EDGE('',*,*,#2533,.F.);
#2603 = ORIENTED_EDGE('',*,*,#2604,.F.);
#2604 = EDGE_CURVE('',#2588,#2526,#2605,.T.);
#2605 = LINE('',#2606,#2607);
#2606 = CARTESIAN_POINT('',(1.993647552145,3.E-02,-2.397028166221));
#2607 = VECTOR('',#2608,1.);
#2608 = DIRECTION('',(0.,1.,0.));
#2609 = PLANE('',#2610);
#2610 = AXIS2_PLACEMENT_3D('',#2611,#2612,#2613);
#2611 = CARTESIAN_POINT('',(1.993647552145,3.E-02,-2.397028166221));
#2612 = DIRECTION('',(-0.866025403785,0.,0.5));
#2613 = DIRECTION('',(0.5,0.,0.866025403785));
#2614 = ADVANCED_FACE('',(#2615),#2633,.T.);
#2615 = FACE_BOUND('',#2616,.T.);
#2616 = EDGE_LOOP('',(#2617,#2625,#2626,#2627));
#2617 = ORIENTED_EDGE('',*,*,#2618,.F.);
#2618 = EDGE_CURVE('',#2588,#2619,#2621,.T.);
#2619 = VERTEX_POINT('',#2620);
#2620 = CARTESIAN_POINT('',(2.080250092523,3.E-02,-2.447028166221));
#2621 = LINE('',#2622,#2623);
#2622 = CARTESIAN_POINT('',(1.993647552145,3.E-02,-2.397028166221));
#2623 = VECTOR('',#2624,1.);
#2624 = DIRECTION('',(0.866025403784,0.,-0.5));
#2625 = ORIENTED_EDGE('',*,*,#2604,.T.);
#2626 = ORIENTED_EDGE('',*,*,#2525,.F.);
#2627 = ORIENTED_EDGE('',*,*,#2628,.F.);
#2628 = EDGE_CURVE('',#2619,#2518,#2629,.T.);
#2629 = LINE('',#2630,#2631);
#2630 = CARTESIAN_POINT('',(2.080250092523,3.E-02,-2.447028166221));
#2631 = VECTOR('',#2632,1.);
#2632 = DIRECTION('',(0.,1.,0.));
#2633 = PLANE('',#2634);
#2634 = AXIS2_PLACEMENT_3D('',#2635,#2636,#2637);
#2635 = CARTESIAN_POINT('',(2.080250092523,3.E-02,-2.447028166221));
#2636 = DIRECTION('',(-0.5,0.,-0.866025403784));
#2637 = DIRECTION('',(-0.866025403784,0.,0.5));
#2638 = ADVANCED_FACE('',(#2639),#2657,.T.);
#2639 = FACE_BOUND('',#2640,.T.);
#2640 = EDGE_LOOP('',(#2641,#2647,#2648,#2649,#2650,#2656));
#2641 = ORIENTED_EDGE('',*,*,#2642,.F.);
#2642 = EDGE_CURVE('',#2619,#2548,#2643,.T.);
#2643 = LINE('',#2644,#2645);
#2644 = CARTESIAN_POINT('',(2.080250092523,3.E-02,-2.447028166221));
#2645 = VECTOR('',#2646,1.);
#2646 = DIRECTION('',(0.5,0.,0.866025403785));
#2647 = ORIENTED_EDGE('',*,*,#2628,.T.);
#2648 = ORIENTED_EDGE('',*,*,#2517,.F.);
#2649 = ORIENTED_EDGE('',*,*,#2271,.F.);
#2650 = ORIENTED_EDGE('',*,*,#2651,.F.);
#2651 = EDGE_CURVE('',#2558,#2272,#2652,.T.);
#2652 = LINE('',#2653,#2654);
#2653 = CARTESIAN_POINT('',(2.080250092523,4.E-02,-2.447028166221));
#2654 = VECTOR('',#2655,1.);
#2655 = DIRECTION('',(-0.5,0.,-0.866025403785));
#2656 = ORIENTED_EDGE('',*,*,#2557,.F.);
#2657 = PLANE('',#2658);
#2658 = AXIS2_PLACEMENT_3D('',#2659,#2660,#2661);
#2659 = CARTESIAN_POINT('',(2.244250092522,3.E-02,-2.162971833782));
#2660 = DIRECTION('',(0.866025403785,0.,-0.5));
#2661 = DIRECTION('',(-0.5,0.,-0.866025403785));
#2662 = ADVANCED_FACE('',(#2663),#2670,.T.);
#2663 = FACE_BOUND('',#2664,.T.);
#2664 = EDGE_LOOP('',(#2665,#2666,#2667,#2668,#2669));
#2665 = ORIENTED_EDGE('',*,*,#2456,.T.);
#2666 = ORIENTED_EDGE('',*,*,#2596,.T.);
#2667 = ORIENTED_EDGE('',*,*,#2565,.T.);
#2668 = ORIENTED_EDGE('',*,*,#2651,.T.);
#2669 = ORIENTED_EDGE('',*,*,#2486,.T.);
#2670 = PLANE('',#2671);
#2671 = AXIS2_PLACEMENT_3D('',#2672,#2673,#2674);
#2672 = CARTESIAN_POINT('',(2.118948822333,4.E-02,-2.280000000001));
#2673 = DIRECTION('',(0.,1.,0.));
#2674 = DIRECTION('',(0.866025403784,0.,-0.5));
#2675 = ADVANCED_FACE('',(#2676),#2682,.F.);
#2676 = FACE_BOUND('',#2677,.T.);
#2677 = EDGE_LOOP('',(#2678,#2679,#2680,#2681));
#2678 = ORIENTED_EDGE('',*,*,#2642,.T.);
#2679 = ORIENTED_EDGE('',*,*,#2547,.T.);
#2680 = ORIENTED_EDGE('',*,*,#2587,.T.);
#2681 = ORIENTED_EDGE('',*,*,#2618,.T.);
#2682 = PLANE('',#2683);
#2683 = AXIS2_PLACEMENT_3D('',#2684,#2685,#2686);
#2684 = CARTESIAN_POINT('',(2.118948822333,3.E-02,-2.280000000001));
#2685 = DIRECTION('',(0.,1.,0.));
#2686 = DIRECTION('',(-0.5,0.,-0.866025403784));
#2687 = ( GEOMETRIC_REPRESENTATION_CONTEXT(3) 
GLOBAL_UNCERTAINTY_ASSIGNED_CONTEXT((#2691)) 
GLOBAL_UNIT_ASSIGNED_CONTEXT((#2688,#2689,#2690)) REPRESENTATION_CONTEXT
('Context #1','3D Context with UNIT and UNCERTAINTY') );
#2688 = ( LENGTH_UNIT() NAMED_UNIT(*) SI_UNIT(.MILLI.,.METRE.) );
#2689 = ( NAMED_UNIT(*) PLANE_ANGLE_UNIT() SI_UNIT($,.RADIAN.) );
#2690 = ( NAMED_UNIT(*) SI_UNIT($,.STERADIAN.) SOLID_ANGLE_UNIT() );
#2691 = UNCERTAINTY_MEASURE_WITH_UNIT(LENGTH_MEASURE(5.E-04),#2688,
  'distance_accuracy_value','confusion accuracy');
#2692 = CONTEXT_DEPENDENT_SHAPE_REPRESENTATION(#2693,#2695);
#2693 = ( REPRESENTATION_RELATIONSHIP('','',#1459,#10) 
REPRESENTATION_RELATIONSHIP_WITH_TRANSFORMATION(#2694) 
SHAPE_REPRESENTATION_RELATIONSHIP() );
#2694 = ITEM_DEFINED_TRANSFORMATION('','',#11,#23);
#2695 = PRODUCT_DEFINITION_SHAPE('Placement','Placement of an item',
  #2696);
#2696 = NEXT_ASSEMBLY_USAGE_OCCURRENCE('3','Y-junction v041','',#5,#1454
  ,$);
#2697 = PRODUCT_RELATED_PRODUCT_CATEGORY('part',$,(#1456));
#2698 = SHAPE_DEFINITION_REPRESENTATION(#2699,#2705);
#2699 = PRODUCT_DEFINITION_SHAPE('','',#2700);
#2700 = PRODUCT_DEFINITION('design','',#2701,#2704);
#2701 = PRODUCT_DEFINITION_FORMATION('','',#2702);
#2702 = PRODUCT('Y-junction v042','Y-junction v042','',(#2703));
#2703 = PRODUCT_CONTEXT('',#2,'mechanical');
#2704 = PRODUCT_DEFINITION_CONTEXT('part definition',#2,'design');
#2705 = ADVANCED_BREP_SHAPE_REPRESENTATION('',(#11,#2706),#3933);
#2706 = MANIFOLD_SOLID_BREP('',#2707);
#2707 = CLOSED_SHELL('',(#2708,#2817,#2848,#2879,#2918,#3024,#3047,#3061
    ,#3092,#3147,#3171,#3211,#3300,#3319,#3350,#3374,#3419,#3443,#3467,
    #3505,#3564,#3601,#3638,#3690,#3727,#3757,#3789,#3829,#3860,#3884,
    #3908,#3921));
#2708 = ADVANCED_FACE('',(#2709),#2796,.T.);
#2709 = FACE_BOUND('',#2710,.T.);
#2710 = EDGE_LOOP('',(#2711,#2755,#2763,#2790));
#2711 = ORIENTED_EDGE('',*,*,#2712,.F.);
#2712 = EDGE_CURVE('',#2713,#2715,#2717,.T.);
#2713 = VERTEX_POINT('',#2714);
#2714 = CARTESIAN_POINT('',(2.795547709059,0.283227392864,
    -2.311455385104));
#2715 = VERTEX_POINT('',#2716);
#2716 = CARTESIAN_POINT('',(2.810721045168,0.283272744258,-2.33769880384
    ));
#2717 = B_SPLINE_CURVE_WITH_KNOTS('',3,(#2718,#2719,#2720,#2721,#2722,
    #2723,#2724,#2725,#2726,#2727,#2728,#2729,#2730,#2731,#2732,#2733,
    #2734,#2735,#2736,#2737,#2738,#2739,#2740,#2741,#2742,#2743,#2744,
    #2745,#2746,#2747,#2748,#2749,#2750,#2751,#2752,#2753,#2754),
  .UNSPECIFIED.,.F.,.F.,(4,3,3,3,3,3,3,3,3,3,3,3,4),(0.,
    2.30883048078E-03,2.314799947523E-03,2.374371059153E-03,
    2.397817584916E-03,2.454516119181E-03,2.508291012636E-03,
    2.561740871701E-03,2.618038914519E-03,2.642769320378E-03,
    2.653629538554E-03,2.67161199269E-03,3.063043912555E-03),
  .UNSPECIFIED.);
#2718 = CARTESIAN_POINT('',(2.795547709059,0.283227392864,
    -2.311455385104));
#2719 = CARTESIAN_POINT('',(2.795154492261,0.276987754396,
    -2.315943399388));
#2720 = CARTESIAN_POINT('',(2.794761275464,0.270748115928,
    -2.320431413672));
#2721 = CARTESIAN_POINT('',(2.794368058667,0.26450847746,-2.324919427957
    ));
#2722 = CARTESIAN_POINT('',(2.794367042007,0.264492344913,-2.32493103169
    ));
#2723 = CARTESIAN_POINT('',(2.794365878693,0.264474428717,
    -2.324943938132));
#2724 = CARTESIAN_POINT('',(2.794364604146,0.264454785727,
    -2.324958088005));
#2725 = CARTESIAN_POINT('',(2.794351885062,0.2642587624,-2.325099293859)
  );
#2726 = CARTESIAN_POINT('',(2.79433544093,0.263900347938,-2.325377062812
    ));
#2727 = CARTESIAN_POINT('',(2.794391764387,0.263531129471,
    -2.325803997153));
#2728 = CARTESIAN_POINT('',(2.794413932672,0.263385809197,
    -2.325972033753));
#2729 = CARTESIAN_POINT('',(2.794447229683,0.263239130951,
    -2.326162928715));
#2730 = CARTESIAN_POINT('',(2.794494814656,0.263100240178,
    -2.326374844292));
#2731 = CARTESIAN_POINT('',(2.794609884935,0.262764373647,
    -2.326887299859));
#2732 = CARTESIAN_POINT('',(2.794792641079,0.262524212096,
    -2.327440536681));
#2733 = CARTESIAN_POINT('',(2.795037775157,0.262381854365,-2.32800685125
    ));
#2734 = CARTESIAN_POINT('',(2.795270268979,0.262246837263,
    -2.328543963998));
#2735 = CARTESIAN_POINT('',(2.795553014199,0.262203329784,
    -2.329079056482));
#2736 = CARTESIAN_POINT('',(2.795874565497,0.262251644297,
    -2.329588695319));
#2737 = CARTESIAN_POINT('',(2.796194173226,0.262299666779,
    -2.330095253719));
#2738 = CARTESIAN_POINT('',(2.796543548264,0.262437139604,
    -2.330563145629));
#2739 = CARTESIAN_POINT('',(2.796906082373,0.262661967628,
    -2.330973957567));
#2740 = CARTESIAN_POINT('',(2.797287934845,0.262898776067,-2.33140666045
    ));
#2741 = CARTESIAN_POINT('',(2.797675479649,0.263226973539,
    -2.331766146115));
#2742 = CARTESIAN_POINT('',(2.798047234441,0.263644369057,
    -2.332037036772));
#2743 = CARTESIAN_POINT('',(2.798210537576,0.26382772109,-2.332156032666
    ));
#2744 = CARTESIAN_POINT('',(2.798353283687,0.264005074688,
    -2.332246894598));
#2745 = CARTESIAN_POINT('',(2.798510705089,0.264224536667,
    -2.332331646271));
#2746 = CARTESIAN_POINT('',(2.79857983581,0.264320912156,-2.33236886449)
  );
#2747 = CARTESIAN_POINT('',(2.798651604433,0.264425810119,
    -2.332404571468));
#2748 = CARTESIAN_POINT('',(2.798727749848,0.264545488516,
    -2.332438476178));
#2749 = CARTESIAN_POINT('',(2.798853832162,0.264743653163,
    -2.332494615925));
#2750 = CARTESIAN_POINT('',(2.798999003694,0.264970034709,
    -2.332558093486));
#2751 = CARTESIAN_POINT('',(2.799175800578,0.265246084067,
    -2.332635627896));
#2752 = CARTESIAN_POINT('',(2.803024215442,0.271254970797,
    -2.334323353211));
#2753 = CARTESIAN_POINT('',(2.806872630305,0.277263857528,
    -2.336011078526));
#2754 = CARTESIAN_POINT('',(2.810721045168,0.283272744258,-2.33769880384
    ));
#2755 = ORIENTED_EDGE('',*,*,#2756,.T.);
#2756 = EDGE_CURVE('',#2713,#2757,#2759,.T.);
#2757 = VERTEX_POINT('',#2758);
#2758 = CARTESIAN_POINT('',(2.492244714141,0.283227392864,
    -2.486567450865));
#2759 = LINE('',#2760,#2761);
#2760 = CARTESIAN_POINT('',(2.802281808696,0.283227392864,
    -2.307567450865));
#2761 = VECTOR('',#2762,1.);
#2762 = DIRECTION('',(-0.866025403784,-4.440892098501E-16,-0.5));
#2763 = ORIENTED_EDGE('',*,*,#2764,.F.);
#2764 = EDGE_CURVE('',#2765,#2757,#2767,.T.);
#2765 = VERTEX_POINT('',#2766);
#2766 = CARTESIAN_POINT('',(2.507401781823,0.283272744258,
    -2.512820262183));
#2767 = B_SPLINE_CURVE_WITH_KNOTS('',3,(#2768,#2769,#2770,#2771,#2772,
    #2773,#2774,#2775,#2776,#2777,#2778,#2779,#2780,#2781,#2782,#2783,
    #2784,#2785,#2786,#2787,#2788,#2789),.UNSPECIFIED.,.F.,.F.,(4,3,3,3,
    3,3,3,4),(0.,0.399714110513,0.448396190528,0.495074214328,
    0.541655375138,0.588247268932,0.594442430575,1.),.UNSPECIFIED.);
#2768 = CARTESIAN_POINT('',(2.507401781823,0.283272744258,
    -2.512820262183));
#2769 = CARTESIAN_POINT('',(2.505643077648,0.277030325678,
    -2.509774097198));
#2770 = CARTESIAN_POINT('',(2.503884373473,0.270787907097,
    -2.506727932212));
#2771 = CARTESIAN_POINT('',(2.502125669299,0.264545488516,
    -2.503681767226));
#2772 = CARTESIAN_POINT('',(2.501911472764,0.263785210325,
    -2.503310767945));
#2773 = CARTESIAN_POINT('',(2.501595809044,0.263140517814,
    -2.502764022344));
#2774 = CARTESIAN_POINT('',(2.501220239856,0.262696294122,
    -2.502113517429));
#2775 = CARTESIAN_POINT('',(2.500860131424,0.26227035743,-2.501489791328
    ));
#2776 = CARTESIAN_POINT('',(2.500445845183,0.26202935902,-2.500772226509
    ));
#2777 = CARTESIAN_POINT('',(2.500027689578,0.262002564299,
    -2.500047959756));
#2778 = CARTESIAN_POINT('',(2.499610401701,0.26197582518,-2.499325195951
    ));
#2779 = CARTESIAN_POINT('',(2.499190129386,0.26216244003,-2.498597262949
    ));
#2780 = CARTESIAN_POINT('',(2.498817704077,0.262539838002,
    -2.497952203393));
#2781 = CARTESIAN_POINT('',(2.498445192957,0.262917322932,
    -2.497306995205));
#2782 = CARTESIAN_POINT('',(2.498121324775,0.263484896846,-2.49674603906
    ));
#2783 = CARTESIAN_POINT('',(2.497885288407,0.264173881857,
    -2.496337212078));
#2784 = CARTESIAN_POINT('',(2.497853903475,0.264265493792,-2.49628285178
    ));
#2785 = CARTESIAN_POINT('',(2.497824045186,0.264359197707,
    -2.496231135707));
#2786 = CARTESIAN_POINT('',(2.497795779779,0.264454785727,
    -2.496182178586));
#2787 = CARTESIAN_POINT('',(2.495945424566,0.270712321439,
    -2.492977269346));
#2788 = CARTESIAN_POINT('',(2.494095069354,0.276969857151,
    -2.489772360106));
#2789 = CARTESIAN_POINT('',(2.492244714141,0.283227392864,
    -2.486567450865));
#2790 = ORIENTED_EDGE('',*,*,#2791,.F.);
#2791 = EDGE_CURVE('',#2715,#2765,#2792,.T.);
#2792 = LINE('',#2793,#2794);
#2793 = CARTESIAN_POINT('',(2.817438876378,0.283272744258,
    -2.333820262183));
#2794 = VECTOR('',#2795,1.);
#2795 = DIRECTION('',(-0.866025403784,-4.440892098501E-16,-0.5));
#2796 = B_SPLINE_SURFACE_WITH_KNOTS('',3,1,(
    (#2797,#2798)
    ,(#2799,#2800)
    ,(#2801,#2802)
    ,(#2803,#2804)
    ,(#2805,#2806)
    ,(#2807,#2808)
    ,(#2809,#2810)
    ,(#2811,#2812)
    ,(#2813,#2814)
    ,(#2815,#2816
    )),.UNSPECIFIED.,.F.,.F.,.F.,(4,3,3,4),(2,2),(0.,0.399714110513,
    0.594442430575,1.),(0.,3.580000000003E-02),.UNSPECIFIED.);
#2797 = CARTESIAN_POINT('',(2.817438876378,0.283272744258,
    -2.333820262183));
#2798 = CARTESIAN_POINT('',(2.507401781823,0.283272744258,
    -2.512820262183));
#2799 = CARTESIAN_POINT('',(2.815680172203,0.277030325678,
    -2.330774097197));
#2800 = CARTESIAN_POINT('',(2.505643077648,0.277030325678,
    -2.509774097198));
#2801 = CARTESIAN_POINT('',(2.813921468028,0.270787907097,
    -2.327727932212));
#2802 = CARTESIAN_POINT('',(2.503884373473,0.270787907097,
    -2.506727932212));
#2803 = CARTESIAN_POINT('',(2.812162763854,0.264545488516,
    -2.324681767226));
#2804 = CARTESIAN_POINT('',(2.502125669299,0.264545488516,
    -2.503681767226));
#2805 = CARTESIAN_POINT('',(2.811305977715,0.261504375753,
    -2.323197770102));
#2806 = CARTESIAN_POINT('',(2.50126888316,0.261504375753,-2.502197770102
    ));
#2807 = CARTESIAN_POINT('',(2.808721321719,0.261450232222,
    -2.318721014597));
#2808 = CARTESIAN_POINT('',(2.498684227164,0.261450232222,
    -2.497721014597));
#2809 = CARTESIAN_POINT('',(2.807832874334,0.264454785727,
    -2.317182178586));
#2810 = CARTESIAN_POINT('',(2.497795779779,0.264454785727,
    -2.496182178586));
#2811 = CARTESIAN_POINT('',(2.805982519121,0.270712321439,
    -2.313977269346));
#2812 = CARTESIAN_POINT('',(2.495945424566,0.270712321439,
    -2.492977269346));
#2813 = CARTESIAN_POINT('',(2.804132163909,0.276969857151,
    -2.310772360106));
#2814 = CARTESIAN_POINT('',(2.494095069354,0.276969857151,
    -2.489772360106));
#2815 = CARTESIAN_POINT('',(2.802281808696,0.283227392864,
    -2.307567450865));
#2816 = CARTESIAN_POINT('',(2.492244714141,0.283227392864,
    -2.486567450865));
#2817 = ADVANCED_FACE('',(#2818),#2843,.T.);
#2818 = FACE_BOUND('',#2819,.T.);
#2819 = EDGE_LOOP('',(#2820,#2828,#2836,#2842));
#2820 = ORIENTED_EDGE('',*,*,#2821,.F.);
#2821 = EDGE_CURVE('',#2822,#2713,#2824,.T.);
#2822 = VERTEX_POINT('',#2823);
#2823 = CARTESIAN_POINT('',(2.796730743058,0.302,-2.297952723144));
#2824 = LINE('',#2825,#2826);
#2825 = CARTESIAN_POINT('',(2.794686244297,0.269557507178,
    -2.321287788461));
#2826 = VECTOR('',#2827,1.);
#2827 = DIRECTION('',(-5.109298414708E-02,-0.810753130633,
    -0.583154240437));
#2828 = ORIENTED_EDGE('',*,*,#2829,.T.);
#2829 = EDGE_CURVE('',#2822,#2830,#2832,.T.);
#2830 = VERTEX_POINT('',#2831);
#2831 = CARTESIAN_POINT('',(2.486693648503,0.302,-2.476952723144));
#2832 = LINE('',#2833,#2834);
#2833 = CARTESIAN_POINT('',(2.796730743058,0.302,-2.297952723144));
#2834 = VECTOR('',#2835,1.);
#2835 = DIRECTION('',(-0.866025403784,-4.440892098501E-16,-0.5));
#2836 = ORIENTED_EDGE('',*,*,#2837,.F.);
#2837 = EDGE_CURVE('',#2757,#2830,#2838,.T.);
#2838 = LINE('',#2839,#2840);
#2839 = CARTESIAN_POINT('',(2.497795779779,0.264454785727,
    -2.496182178586));
#2840 = VECTOR('',#2841,1.);
#2841 = DIRECTION('',(-0.254521427425,0.860741175921,0.440844043915));
#2842 = ORIENTED_EDGE('',*,*,#2756,.F.);
#2843 = PLANE('',#2844);
#2844 = AXIS2_PLACEMENT_3D('',#2845,#2846,#2847);
#2845 = CARTESIAN_POINT('',(2.802281808696,0.283227392864,
    -2.307567450865));
#2846 = DIRECTION('',(-0.430370587961,-0.50904285485,0.745423724431));
#2847 = DIRECTION('',(-0.254521427425,0.860741175921,0.440844043915));
#2848 = ADVANCED_FACE('',(#2849),#2874,.T.);
#2849 = FACE_BOUND('',#2850,.T.);
#2850 = EDGE_LOOP('',(#2851,#2859,#2860,#2868));
#2851 = ORIENTED_EDGE('',*,*,#2852,.F.);
#2852 = EDGE_CURVE('',#2715,#2853,#2855,.T.);
#2853 = VERTEX_POINT('',#2854);
#2854 = CARTESIAN_POINT('',(2.822714988901,0.302,-2.342958757141));
#2855 = LINE('',#2856,#2857);
#2856 = CARTESIAN_POINT('',(2.812385093624,0.285870977308,
    -2.338428573578));
#2857 = VECTOR('',#2858,1.);
#2858 = DIRECTION('',(0.524844085726,0.81948770451,-0.230170779717));
#2859 = ORIENTED_EDGE('',*,*,#2791,.T.);
#2860 = ORIENTED_EDGE('',*,*,#2861,.F.);
#2861 = EDGE_CURVE('',#2862,#2765,#2864,.T.);
#2862 = VERTEX_POINT('',#2863);
#2863 = CARTESIAN_POINT('',(2.512677894346,0.302,-2.521958757141));
#2864 = LINE('',#2865,#2866);
#2865 = CARTESIAN_POINT('',(2.512677894346,0.302,-2.521958757141));
#2866 = VECTOR('',#2867,1.);
#2867 = DIRECTION('',(-0.245451148503,-0.871214631875,0.425133859984));
#2868 = ORIENTED_EDGE('',*,*,#2869,.F.);
#2869 = EDGE_CURVE('',#2853,#2862,#2870,.T.);
#2870 = LINE('',#2871,#2872);
#2871 = CARTESIAN_POINT('',(2.822714988901,0.302,-2.342958757141));
#2872 = VECTOR('',#2873,1.);
#2873 = DIRECTION('',(-0.866025403784,-4.440892098501E-16,-0.5));
#2874 = PLANE('',#2875);
#2875 = AXIS2_PLACEMENT_3D('',#2876,#2877,#2878);
#2876 = CARTESIAN_POINT('',(2.822714988901,0.302,-2.342958757141));
#2877 = DIRECTION('',(0.435607315938,-0.490902297006,-0.754494003353));
#2878 = DIRECTION('',(-0.245451148503,-0.871214631875,0.425133859984));
#2879 = ADVANCED_FACE('',(#2880),#2913,.T.);
#2880 = FACE_BOUND('',#2881,.T.);
#2881 = EDGE_LOOP('',(#2882,#2883,#2891,#2899,#2907));
#2882 = ORIENTED_EDGE('',*,*,#2869,.T.);
#2883 = ORIENTED_EDGE('',*,*,#2884,.F.);
#2884 = EDGE_CURVE('',#2885,#2862,#2887,.T.);
#2885 = VERTEX_POINT('',#2886);
#2886 = CARTESIAN_POINT('',(2.507401781822,0.320727255742,
    -2.512820262183));
#2887 = LINE('',#2888,#2889);
#2888 = CARTESIAN_POINT('',(2.502125669298,0.339454511485,
    -2.503681767225));
#2889 = VECTOR('',#2890,1.);
#2890 = DIRECTION('',(0.245451148505,-0.871214631874,-0.425133859986));
#2891 = ORIENTED_EDGE('',*,*,#2892,.F.);
#2892 = EDGE_CURVE('',#2893,#2885,#2895,.T.);
#2893 = VERTEX_POINT('',#2894);
#2894 = CARTESIAN_POINT('',(2.817438876377,0.320727255742,
    -2.333820262183));
#2895 = LINE('',#2896,#2897);
#2896 = CARTESIAN_POINT('',(2.817438876377,0.320727255742,
    -2.333820262183));
#2897 = VECTOR('',#2898,1.);
#2898 = DIRECTION('',(-0.866025403784,-4.440892098501E-16,-0.5));
#2899 = ORIENTED_EDGE('',*,*,#2900,.T.);
#2900 = EDGE_CURVE('',#2893,#2901,#2903,.T.);
#2901 = VERTEX_POINT('',#2902);
#2902 = CARTESIAN_POINT('',(2.824156707587,0.320727255742,
    -2.329941720526));
#2903 = LINE('',#2904,#2905);
#2904 = CARTESIAN_POINT('',(2.817438876377,0.320727255742,
    -2.333820262183));
#2905 = VECTOR('',#2906,1.);
#2906 = DIRECTION('',(0.866025403784,4.331189139276E-16,0.5));
#2907 = ORIENTED_EDGE('',*,*,#2908,.F.);
#2908 = EDGE_CURVE('',#2853,#2901,#2909,.T.);
#2909 = LINE('',#2910,#2911);
#2910 = CARTESIAN_POINT('',(2.823084313557,0.306797355645,
    -2.339624186665));
#2911 = VECTOR('',#2912,1.);
#2912 = DIRECTION('',(6.308830041695E-02,0.819487704509,0.569613701125)
  );
#2913 = PLANE('',#2914);
#2914 = AXIS2_PLACEMENT_3D('',#2915,#2916,#2917);
#2915 = CARTESIAN_POINT('',(2.817438876377,0.320727255742,
    -2.333820262183));
#2916 = DIRECTION('',(0.435607315937,0.49090229701,-0.754494003351));
#2917 = DIRECTION('',(0.245451148505,-0.871214631874,-0.425133859986));
#2918 = ADVANCED_FACE('',(#2919),#3003,.T.);
#2919 = FACE_BOUND('',#2920,.T.);
#2920 = EDGE_LOOP('',(#2921,#2922,#2949,#2957,#2965,#3002));
#2921 = ORIENTED_EDGE('',*,*,#2892,.T.);
#2922 = ORIENTED_EDGE('',*,*,#2923,.F.);
#2923 = EDGE_CURVE('',#2924,#2885,#2926,.T.);
#2924 = VERTEX_POINT('',#2925);
#2925 = CARTESIAN_POINT('',(2.492176397725,0.320541574516,
    -2.486449123361));
#2926 = B_SPLINE_CURVE_WITH_KNOTS('',3,(#2927,#2928,#2929,#2930,#2931,
    #2932,#2933,#2934,#2935,#2936,#2937,#2938,#2939,#2940,#2941,#2942,
    #2943,#2944,#2945,#2946,#2947,#2948),.UNSPECIFIED.,.F.,.F.,(4,3,3,3,
    3,3,3,4),(0.,0.408509789904,0.456950096739,0.503396300242,
    0.549746121814,0.596106623065,0.602271017243,1.),.UNSPECIFIED.);
#2927 = CARTESIAN_POINT('',(2.492176397725,0.320541574516,
    -2.486449123361));
#2928 = CARTESIAN_POINT('',(2.494049525076,0.326876121102,
    -2.489693475103));
#2929 = CARTESIAN_POINT('',(2.495922652428,0.333210667688,
    -2.492937826845));
#2930 = CARTESIAN_POINT('',(2.497795779779,0.339545214274,
    -2.496182178587));
#2931 = CARTESIAN_POINT('',(2.498017891626,0.34029635265,-2.49656688759)
  );
#2932 = CARTESIAN_POINT('',(2.498340237881,0.34092768009,-2.497125207682
    ));
#2933 = CARTESIAN_POINT('',(2.498720376977,0.341356073159,
    -2.497783627909));
#2934 = CARTESIAN_POINT('',(2.49908486719,0.341766830914,-2.498414943478
    ));
#2935 = CARTESIAN_POINT('',(2.49950158649,0.341990421369,-2.499136722478
    ));
#2936 = CARTESIAN_POINT('',(2.499919930975,0.341999693035,
    -2.499861316381));
#2937 = CARTESIAN_POINT('',(2.500337407341,0.342008945462,
    -2.500584406658));
#2938 = CARTESIAN_POINT('',(2.500755633058,0.341804765704,
    -2.501308794849));
#2939 = CARTESIAN_POINT('',(2.501124024217,0.341411849064,
    -2.501946867053));
#2940 = CARTESIAN_POINT('',(2.501492500259,0.34101884189,-2.502585086279
    ));
#2941 = CARTESIAN_POINT('',(2.501810353254,0.340437825161,
    -2.503135623816));
#2942 = CARTESIAN_POINT('',(2.50203912218,0.339739103381,-2.503531863219
    ));
#2943 = CARTESIAN_POINT('',(2.502069540786,0.339646196782,
    -2.503584549791));
#2944 = CARTESIAN_POINT('',(2.502098411175,0.339551262615,-2.50363455477
    ));
#2945 = CARTESIAN_POINT('',(2.502125669298,0.339454511485,
    -2.503681767225));
#2946 = CARTESIAN_POINT('',(2.503884373473,0.333212092904,
    -2.506727932211));
#2947 = CARTESIAN_POINT('',(2.505643077648,0.326969674323,
    -2.509774097197));
#2948 = CARTESIAN_POINT('',(2.507401781822,0.320727255742,
    -2.512820262183));
#2949 = ORIENTED_EDGE('',*,*,#2950,.F.);
#2950 = EDGE_CURVE('',#2951,#2924,#2953,.T.);
#2951 = VERTEX_POINT('',#2952);
#2952 = CARTESIAN_POINT('',(2.80221349228,0.320541574516,-2.307449123361
    ));
#2953 = LINE('',#2954,#2955);
#2954 = CARTESIAN_POINT('',(2.80221349228,0.320541574516,-2.307449123361
    ));
#2955 = VECTOR('',#2956,1.);
#2956 = DIRECTION('',(-0.866025403784,-4.440892098501E-16,-0.5));
#2957 = ORIENTED_EDGE('',*,*,#2958,.T.);
#2958 = EDGE_CURVE('',#2951,#2959,#2961,.T.);
#2959 = VERTEX_POINT('',#2960);
#2960 = CARTESIAN_POINT('',(2.808864716019,0.320541574516,
    -2.303609037545));
#2961 = LINE('',#2962,#2963);
#2962 = CARTESIAN_POINT('',(2.80221349228,0.320541574516,-2.307449123361
    ));
#2963 = VECTOR('',#2964,1.);
#2964 = DIRECTION('',(0.866025403784,4.331189139276E-16,0.5));
#2965 = ORIENTED_EDGE('',*,*,#2966,.F.);
#2966 = EDGE_CURVE('',#2901,#2959,#2967,.T.);
#2967 = B_SPLINE_CURVE_WITH_KNOTS('',3,(#2968,#2969,#2970,#2971,#2972,
    #2973,#2974,#2975,#2976,#2977,#2978,#2979,#2980,#2981,#2982,#2983,
    #2984,#2985,#2986,#2987,#2988,#2989,#2990,#2991,#2992,#2993,#2994,
    #2995,#2996,#2997,#2998,#2999,#3000,#3001),.UNSPECIFIED.,.F.,.F.,(4,
    3,3,3,3,3,3,3,3,3,3,4),(-8.205164726913E-03,-3.508632505586E-03,
    -3.46640946951E-03,-3.259837036483E-03,-3.238926009508E-03,
    -3.050823007412E-03,-2.869344717187E-03,-2.683156349681E-03,
    -2.485265991685E-03,-2.341906647325E-03,-1.413995935934E-03,0.),
  .UNSPECIFIED.);
#2968 = CARTESIAN_POINT('',(2.824156707587,0.320727255742,
    -2.329941720526));
#2969 = CARTESIAN_POINT('',(2.824632581672,0.326908638955,
    -2.325645133096));
#2970 = CARTESIAN_POINT('',(2.825108455756,0.333090022167,
    -2.321348545667));
#2971 = CARTESIAN_POINT('',(2.82558432984,0.339271405379,-2.317051958238
    ));
#2972 = CARTESIAN_POINT('',(2.825588608071,0.339326977608,
    -2.317013330809));
#2973 = CARTESIAN_POINT('',(2.825593317507,0.339388150989,
    -2.316970810103));
#2974 = CARTESIAN_POINT('',(2.825598426273,0.339454511485,-2.31692468391
    ));
#2975 = CARTESIAN_POINT('',(2.825623420454,0.339779174284,
    -2.316699015633));
#2976 = CARTESIAN_POINT('',(2.825633072432,0.340192468752,
    -2.316358239344));
#2977 = CARTESIAN_POINT('',(2.825554067881,0.340589721595,
    -2.315860696659));
#2978 = CARTESIAN_POINT('',(2.825546070365,0.340629934923,
    -2.315810331136));
#2979 = CARTESIAN_POINT('',(2.825537176974,0.340669946011,
    -2.315758381031));
#2980 = CARTESIAN_POINT('',(2.825527323823,0.340709621335,
    -2.315704824202));
#2981 = CARTESIAN_POINT('',(2.825438690812,0.341066516651,
    -2.315223059225));
#2982 = CARTESIAN_POINT('',(2.825285177181,0.341335740686,
    -2.314696201336));
#2983 = CARTESIAN_POINT('',(2.825070545217,0.341514751449,
    -2.314149426073));
#2984 = CARTESIAN_POINT('',(2.824863472276,0.341687457715,
    -2.313621907432));
#2985 = CARTESIAN_POINT('',(2.824604312352,0.341772084495,
    -2.313088355947));
#2986 = CARTESIAN_POINT('',(2.824302613036,0.34176710785,-2.312571817653
    ));
#2987 = CARTESIAN_POINT('',(2.823993083434,0.341762002041,
    -2.312041873153));
#2988 = CARTESIAN_POINT('',(2.823647354736,0.341662773936,-2.31154450704
    ));
#2989 = CARTESIAN_POINT('',(2.823282185438,0.341470497619,
    -2.311100613411));
#2990 = CARTESIAN_POINT('',(2.822894065149,0.341266136681,
    -2.310628820944));
#2991 = CARTESIAN_POINT('',(2.822494166838,0.340962062521,
    -2.310229584808));
#2992 = CARTESIAN_POINT('',(2.82210579122,0.340560227429,-2.309920682738
    ));
#2993 = CARTESIAN_POINT('',(2.821824437068,0.340269122718,
    -2.309696902264));
#2994 = CARTESIAN_POINT('',(2.821553678257,0.339931212158,
    -2.309524063075));
#2995 = CARTESIAN_POINT('',(2.82130107361,0.339545214274,-2.30940631011)
  );
#2996 = CARTESIAN_POINT('',(2.819666059449,0.337046796238,
    -2.308644139782));
#2997 = CARTESIAN_POINT('',(2.818008075817,0.334513279214,
    -2.307871262117));
#2998 = CARTESIAN_POINT('',(2.81636699496,0.332005590833,-2.307106263767
    ));
#2999 = CARTESIAN_POINT('',(2.813866235313,0.328184252061,
    -2.305940521693));
#3000 = CARTESIAN_POINT('',(2.811365475666,0.324362913288,
    -2.304774779619));
#3001 = CARTESIAN_POINT('',(2.808864716019,0.320541574516,
    -2.303609037545));
#3002 = ORIENTED_EDGE('',*,*,#2900,.F.);
#3003 = B_SPLINE_SURFACE_WITH_KNOTS('',3,1,(
    (#3004,#3005)
    ,(#3006,#3007)
    ,(#3008,#3009)
    ,(#3010,#3011)
    ,(#3012,#3013)
    ,(#3014,#3015)
    ,(#3016,#3017)
    ,(#3018,#3019)
    ,(#3020,#3021)
    ,(#3022,#3023
    )),.UNSPECIFIED.,.F.,.F.,.F.,(4,3,3,4),(2,2),(0.,0.408509789904,
    0.602271017243,1.),(-1.701190222046E-03,3.580000000003E-02),
  .UNSPECIFIED.);
#3004 = CARTESIAN_POINT('',(2.81694623177,0.320541574516,-2.298943172251
    ));
#3005 = CARTESIAN_POINT('',(2.492176397725,0.320541574516,
    -2.486449123361));
#3006 = CARTESIAN_POINT('',(2.818819359121,0.326876121102,
    -2.302187523993));
#3007 = CARTESIAN_POINT('',(2.494049525076,0.326876121102,
    -2.489693475103));
#3008 = CARTESIAN_POINT('',(2.820692486473,0.333210667688,
    -2.305431875735));
#3009 = CARTESIAN_POINT('',(2.495922652428,0.333210667688,
    -2.492937826845));
#3010 = CARTESIAN_POINT('',(2.822565613824,0.339545214274,
    -2.308676227477));
#3011 = CARTESIAN_POINT('',(2.497795779779,0.339545214274,
    -2.496182178587));
#3012 = CARTESIAN_POINT('',(2.823454061209,0.342549767779,
    -2.310215063487));
#3013 = CARTESIAN_POINT('',(2.498684227164,0.342549767779,
    -2.497721014598));
#3014 = CARTESIAN_POINT('',(2.826038717204,0.342495624248,
    -2.314691818991));
#3015 = CARTESIAN_POINT('',(2.50126888316,0.342495624248,-2.502197770102
    ));
#3016 = CARTESIAN_POINT('',(2.826895503343,0.339454511485,
    -2.316175816115));
#3017 = CARTESIAN_POINT('',(2.502125669298,0.339454511485,
    -2.503681767225));
#3018 = CARTESIAN_POINT('',(2.828654207518,0.333212092904,
    -2.319221981101));
#3019 = CARTESIAN_POINT('',(2.503884373473,0.333212092904,
    -2.506727932211));
#3020 = CARTESIAN_POINT('',(2.830412911692,0.326969674323,
    -2.322268146087));
#3021 = CARTESIAN_POINT('',(2.505643077648,0.326969674323,
    -2.509774097197));
#3022 = CARTESIAN_POINT('',(2.832171615867,0.320727255742,
    -2.325314311073));
#3023 = CARTESIAN_POINT('',(2.507401781822,0.320727255742,
    -2.512820262183));
#3024 = ADVANCED_FACE('',(#3025),#3042,.T.);
#3025 = FACE_BOUND('',#3026,.T.);
#3026 = EDGE_LOOP('',(#3027,#3028,#3034,#3035,#3041));
#3027 = ORIENTED_EDGE('',*,*,#2950,.T.);
#3028 = ORIENTED_EDGE('',*,*,#3029,.F.);
#3029 = EDGE_CURVE('',#2830,#2924,#3030,.T.);
#3030 = LINE('',#3031,#3032);
#3031 = CARTESIAN_POINT('',(2.486693648503,0.302,-2.476952723144));
#3032 = VECTOR('',#3033,1.);
#3033 = DIRECTION('',(0.254521427423,0.860741175923,-0.440844043912));
#3034 = ORIENTED_EDGE('',*,*,#2829,.F.);
#3035 = ORIENTED_EDGE('',*,*,#3036,.F.);
#3036 = EDGE_CURVE('',#2959,#2822,#3037,.T.);
#3037 = LINE('',#3038,#3039);
#3038 = CARTESIAN_POINT('',(2.805498627444,0.315397951538,
    -2.302039917905));
#3039 = VECTOR('',#3040,1.);
#3040 = DIRECTION('',(-0.530572878615,-0.810753130635,0.247329297989));
#3041 = ORIENTED_EDGE('',*,*,#2958,.F.);
#3042 = PLANE('',#3043);
#3043 = AXIS2_PLACEMENT_3D('',#3044,#3045,#3046);
#3044 = CARTESIAN_POINT('',(2.796730743058,0.302,-2.297952723144));
#3045 = DIRECTION('',(-0.430370587962,0.509042854847,0.745423724433));
#3046 = DIRECTION('',(0.254521427423,0.860741175923,-0.440844043912));
#3047 = ADVANCED_FACE('',(#3048),#3056,.T.);
#3048 = FACE_BOUND('',#3049,.T.);
#3049 = EDGE_LOOP('',(#3050,#3051,#3052,#3053,#3054,#3055));
#3050 = ORIENTED_EDGE('',*,*,#2764,.T.);
#3051 = ORIENTED_EDGE('',*,*,#2837,.T.);
#3052 = ORIENTED_EDGE('',*,*,#3029,.T.);
#3053 = ORIENTED_EDGE('',*,*,#2923,.T.);
#3054 = ORIENTED_EDGE('',*,*,#2884,.T.);
#3055 = ORIENTED_EDGE('',*,*,#2861,.T.);
#3056 = PLANE('',#3057);
#3057 = AXIS2_PLACEMENT_3D('',#3058,#3059,#3060);
#3058 = CARTESIAN_POINT('',(2.499787615192,0.301996970938,
    -2.499632138721));
#3059 = DIRECTION('',(-0.866025403784,-4.4408920985E-16,-0.5));
#3060 = DIRECTION('',(3.845925372767E-16,-1.,2.22044604925E-16));
#3061 = ADVANCED_FACE('',(#3062),#3087,.T.);
#3062 = FACE_BOUND('',#3063,.T.);
#3063 = EDGE_LOOP('',(#3064,#3065,#3073,#3081));
#3064 = ORIENTED_EDGE('',*,*,#2852,.T.);
#3065 = ORIENTED_EDGE('',*,*,#3066,.F.);
#3066 = EDGE_CURVE('',#3067,#2853,#3069,.T.);
#3067 = VERTEX_POINT('',#3068);
#3068 = CARTESIAN_POINT('',(2.893729072012,0.22,-2.301958757141));
#3069 = LINE('',#3070,#3071);
#3070 = CARTESIAN_POINT('',(2.893729072012,0.22,-2.301958757141));
#3071 = VECTOR('',#3072,1.);
#3072 = DIRECTION('',(-0.612372435696,0.707106781187,-0.353553390593));
#3073 = ORIENTED_EDGE('',*,*,#3074,.F.);
#3074 = EDGE_CURVE('',#3075,#3067,#3077,.T.);
#3075 = VERTEX_POINT('',#3076);
#3076 = CARTESIAN_POINT('',(2.872234680272,0.212242916686,
    -2.302183890054));
#3077 = LINE('',#3078,#3079);
#3078 = CARTESIAN_POINT('',(2.869783705977,0.211358387733,
    -2.302209561634));
#3079 = VECTOR('',#3080,1.);
#3080 = DIRECTION('',(0.940575062848,0.339442921406,9.851611834954E-03)
  );
#3081 = ORIENTED_EDGE('',*,*,#3082,.T.);
#3082 = EDGE_CURVE('',#3075,#2715,#3083,.T.);
#3083 = LINE('',#3084,#3085);
#3084 = CARTESIAN_POINT('',(2.876984904275,0.206757830472,
    -2.299441346947));
#3085 = VECTOR('',#3086,1.);
#3086 = DIRECTION('',(-0.612372435696,0.707106781187,-0.353553390593));
#3087 = PLANE('',#3088);
#3088 = AXIS2_PLACEMENT_3D('',#3089,#3090,#3091);
#3089 = CARTESIAN_POINT('',(2.893729072012,0.22,-2.301958757141));
#3090 = DIRECTION('',(0.134992280631,-0.347120343113,-0.928054174909));
#3091 = DIRECTION('',(-0.778958974639,-0.616041774068,0.11711297295));
#3092 = ADVANCED_FACE('',(#3093),#3126,.T.);
#3093 = FACE_BOUND('',#3094,.T.);
#3094 = EDGE_LOOP('',(#3095,#3096,#3097,#3120));
#3095 = ORIENTED_EDGE('',*,*,#2712,.T.);
#3096 = ORIENTED_EDGE('',*,*,#3082,.F.);
#3097 = ORIENTED_EDGE('',*,*,#3098,.F.);
#3098 = EDGE_CURVE('',#3099,#3075,#3101,.T.);
#3099 = VERTEX_POINT('',#3100);
#3100 = CARTESIAN_POINT('',(2.857038337131,0.212224131523,
    -2.275953754433));
#3101 = B_SPLINE_CURVE_WITH_KNOTS('',3,(#3102,#3103,#3104,#3105,#3106,
    #3107,#3108,#3109,#3110,#3111,#3112,#3113,#3114,#3115,#3116,#3117,
    #3118,#3119),.UNSPECIFIED.,.F.,.F.,(4,2,2,2,2,2,2,2,4),(0.,
    2.253841892797E-03,2.500890458287E-03,2.682171570668E-03,
    2.85366871768E-03,3.022452517527E-03,3.198854158687E-03,
    3.403048698299E-03,5.405569156717E-03),.UNSPECIFIED.);
#3102 = CARTESIAN_POINT('',(2.857038337131,0.212224131523,
    -2.275953754433));
#3103 = CARTESIAN_POINT('',(2.853564469134,0.209701143777,
    -2.282118901035));
#3104 = CARTESIAN_POINT('',(2.850090601138,0.20717815603,-2.288284047636
    ));
#3105 = CARTESIAN_POINT('',(2.846235954832,0.204378618049,
    -2.295124969512));
#3106 = CARTESIAN_POINT('',(2.845911215525,0.20414276761,-2.29570129119)
  );
#3107 = CARTESIAN_POINT('',(2.845654490612,0.203747625177,
    -2.297164547041));
#3108 = CARTESIAN_POINT('',(2.845662230302,0.20361740079,-2.29780673154)
  );
#3109 = CARTESIAN_POINT('',(2.845920208463,0.203455694503,
    -2.299034349845));
#3110 = CARTESIAN_POINT('',(2.846154238428,0.203421352312,
    -2.299605520401));
#3111 = CARTESIAN_POINT('',(2.846815750455,0.203446499028,
    -2.300629873753));
#3112 = CARTESIAN_POINT('',(2.847231078811,0.203504159211,
    -2.301070835577));
#3113 = CARTESIAN_POINT('',(2.848212305956,0.203705540091,
    -2.301798017943));
#3114 = CARTESIAN_POINT('',(2.848771916972,0.203850477085,
    -2.302067474944));
#3115 = CARTESIAN_POINT('',(2.850036507046,0.204231846578,
    -2.302416394396));
#3116 = CARTESIAN_POINT('',(2.850574801975,0.204426111141,
    -2.302410756279));
#3117 = CARTESIAN_POINT('',(2.85826943437,0.207203017103,-2.302330162465
    ));
#3118 = CARTESIAN_POINT('',(2.865252057321,0.209722966894,-2.30225702626
    ));
#3119 = CARTESIAN_POINT('',(2.872234680272,0.212242916686,
    -2.302183890054));
#3120 = ORIENTED_EDGE('',*,*,#3121,.T.);
#3121 = EDGE_CURVE('',#3099,#2713,#3122,.T.);
#3122 = LINE('',#3123,#3124);
#3123 = CARTESIAN_POINT('',(2.86180006465,0.206725762193,-2.273204569769
    ));
#3124 = VECTOR('',#3125,1.);
#3125 = DIRECTION('',(-0.612372435696,0.707106781187,-0.353553390593));
#3126 = B_SPLINE_SURFACE_WITH_KNOTS('',3,1,(
    (#3127,#3128)
    ,(#3129,#3130)
    ,(#3131,#3132)
    ,(#3133,#3134)
    ,(#3135,#3136)
    ,(#3137,#3138)
    ,(#3139,#3140)
    ,(#3141,#3142)
    ,(#3143,#3144)
    ,(#3145,#3146
    )),.UNSPECIFIED.,.F.,.F.,.F.,(4,3,3,4),(2,2),(0.,0.399714110513,
    0.594442430575,1.),(0.,1.159655121146E-02),.UNSPECIFIED.);
#3127 = CARTESIAN_POINT('',(2.876984904275,0.206757830472,
    -2.299441346947));
#3128 = CARTESIAN_POINT('',(2.805970821165,0.288757830472,
    -2.340441346947));
#3129 = CARTESIAN_POINT('',(2.87140351503,0.202343773963,-2.298602210216
    ));
#3130 = CARTESIAN_POINT('',(2.80038943192,0.284343773963,-2.339602210216
    ));
#3131 = CARTESIAN_POINT('',(2.865822125785,0.197929717453,
    -2.297763073485));
#3132 = CARTESIAN_POINT('',(2.794808042674,0.279929717453,
    -2.338763073485));
#3133 = CARTESIAN_POINT('',(2.860240736539,0.193515660944,
    -2.296923936754));
#3134 = CARTESIAN_POINT('',(2.789226653429,0.275515660944,
    -2.337923936754));
#3135 = CARTESIAN_POINT('',(2.85752165677,0.191365269486,-2.296515135359
    ));
#3136 = CARTESIAN_POINT('',(2.78650757366,0.273365269486,-2.337515135359
    ));
#3137 = CARTESIAN_POINT('',(2.854903844768,0.191326984228,
    -2.292057522483));
#3138 = CARTESIAN_POINT('',(2.783889761658,0.273326984228,
    -2.333057522483));
#3139 = CARTESIAN_POINT('',(2.855855303131,0.193451524387,
    -2.289456416393));
#3140 = CARTESIAN_POINT('',(2.784841220021,0.275451524387,
    -2.330456416393));
#3141 = CARTESIAN_POINT('',(2.857836890304,0.197876270322,
    -2.284039134185));
#3142 = CARTESIAN_POINT('',(2.786822807194,0.279876270322,
    -2.325039134185));
#3143 = CARTESIAN_POINT('',(2.859818477477,0.202301016258,
    -2.278621851977));
#3144 = CARTESIAN_POINT('',(2.788804394367,0.284301016258,
    -2.319621851977));
#3145 = CARTESIAN_POINT('',(2.86180006465,0.206725762193,-2.273204569769
    ));
#3146 = CARTESIAN_POINT('',(2.79078598154,0.288725762193,-2.314204569769
    ));
#3147 = ADVANCED_FACE('',(#3148),#3166,.T.);
#3148 = FACE_BOUND('',#3149,.T.);
#3149 = EDGE_LOOP('',(#3150,#3151,#3152,#3160));
#3150 = ORIENTED_EDGE('',*,*,#2821,.T.);
#3151 = ORIENTED_EDGE('',*,*,#3121,.F.);
#3152 = ORIENTED_EDGE('',*,*,#3153,.F.);
#3153 = EDGE_CURVE('',#3154,#3099,#3156,.T.);
#3154 = VERTEX_POINT('',#3155);
#3155 = CARTESIAN_POINT('',(2.867744826168,0.22,-2.256952723144));
#3156 = LINE('',#3157,#3158);
#3157 = CARTESIAN_POINT('',(2.846599568576,0.204642702068,
    -2.294479656551));
#3158 = VECTOR('',#3159,1.);
#3159 = DIRECTION('',(-0.462392860092,-0.335824942445,-0.820618334531));
#3160 = ORIENTED_EDGE('',*,*,#3161,.T.);
#3161 = EDGE_CURVE('',#3154,#2822,#3162,.T.);
#3162 = LINE('',#3163,#3164);
#3163 = CARTESIAN_POINT('',(2.867744826168,0.22,-2.256952723144));
#3164 = VECTOR('',#3165,1.);
#3165 = DIRECTION('',(-0.612372435696,0.707106781187,-0.353553390593));
#3166 = PLANE('',#3167);
#3167 = AXIS2_PLACEMENT_3D('',#3168,#3169,#3170);
#3168 = CARTESIAN_POINT('',(2.86180006465,0.206725762193,-2.273204569769
    ));
#3169 = DIRECTION('',(-0.742094400859,-0.359947654579,0.565449897142));
#3170 = DIRECTION('',(0.272572742978,0.60863592234,0.745162005085));
#3171 = ADVANCED_FACE('',(#3172),#3206,.T.);
#3172 = FACE_BOUND('',#3173,.T.);
#3173 = EDGE_LOOP('',(#3174,#3175,#3176,#3184,#3192,#3200));
#3174 = ORIENTED_EDGE('',*,*,#3066,.T.);
#3175 = ORIENTED_EDGE('',*,*,#2908,.T.);
#3176 = ORIENTED_EDGE('',*,*,#3177,.F.);
#3177 = EDGE_CURVE('',#3178,#2901,#3180,.T.);
#3178 = VERTEX_POINT('',#3179);
#3179 = CARTESIAN_POINT('',(2.82890693159,0.315242169528,-2.327199177419
    ));
#3180 = LINE('',#3181,#3182);
#3181 = CARTESIAN_POINT('',(2.82890693159,0.315242169528,-2.327199177419
    ));
#3182 = VECTOR('',#3183,1.);
#3183 = DIRECTION('',(-0.612372435696,0.707106781187,-0.353553390593));
#3184 = ORIENTED_EDGE('',*,*,#3185,.F.);
#3185 = EDGE_CURVE('',#3186,#3178,#3188,.T.);
#3186 = VERTEX_POINT('',#3187);
#3187 = CARTESIAN_POINT('',(2.899921014701,0.233242169528,
    -2.286199177419));
#3188 = LINE('',#3189,#3190);
#3189 = CARTESIAN_POINT('',(2.899921014701,0.233242169528,
    -2.286199177419));
#3190 = VECTOR('',#3191,1.);
#3191 = DIRECTION('',(-0.612372435696,0.707106781187,-0.353553390593));
#3192 = ORIENTED_EDGE('',*,*,#3193,.T.);
#3193 = EDGE_CURVE('',#3186,#3194,#3196,.T.);
#3194 = VERTEX_POINT('',#3195);
#3195 = CARTESIAN_POINT('',(2.904671238704,0.227757083315,
    -2.283456634312));
#3196 = LINE('',#3197,#3198);
#3197 = CARTESIAN_POINT('',(2.899921014701,0.233242169528,
    -2.286199177419));
#3198 = VECTOR('',#3199,1.);
#3199 = DIRECTION('',(0.612372435696,-0.707106781187,0.353553390593));
#3200 = ORIENTED_EDGE('',*,*,#3201,.F.);
#3201 = EDGE_CURVE('',#3067,#3194,#3202,.T.);
#3202 = LINE('',#3203,#3204);
#3203 = CARTESIAN_POINT('',(2.896532123664,0.221987129772,
    -2.297219073729));
#3204 = VECTOR('',#3205,1.);
#3205 = DIRECTION('',(0.478819277538,0.339442921405,0.809636092677));
#3206 = PLANE('',#3207);
#3207 = AXIS2_PLACEMENT_3D('',#3208,#3209,#3210);
#3208 = CARTESIAN_POINT('',(2.899921014701,0.233242169528,
    -2.286199177419));
#3209 = DIRECTION('',(0.736222351245,0.347120343115,-0.580933831794));
#3210 = DIRECTION('',(-0.28805667763,-0.616041774067,-0.73315474702));
#3211 = ADVANCED_FACE('',(#3212),#3279,.T.);
#3212 = FACE_BOUND('',#3213,.T.);
#3213 = EDGE_LOOP('',(#3214,#3215,#3216,#3217,#3225,#3233,#3241,#3278));
#3214 = ORIENTED_EDGE('',*,*,#3185,.T.);
#3215 = ORIENTED_EDGE('',*,*,#3177,.T.);
#3216 = ORIENTED_EDGE('',*,*,#2966,.T.);
#3217 = ORIENTED_EDGE('',*,*,#3218,.F.);
#3218 = EDGE_CURVE('',#3219,#2959,#3221,.T.);
#3219 = VERTEX_POINT('',#3220);
#3220 = CARTESIAN_POINT('',(2.813567841428,0.315110873074,
    -2.300893686824));
#3221 = LINE('',#3222,#3223);
#3222 = CARTESIAN_POINT('',(2.813567841428,0.315110873074,
    -2.300893686824));
#3223 = VECTOR('',#3224,1.);
#3224 = DIRECTION('',(-0.612372435696,0.707106781187,-0.353553390593));
#3225 = ORIENTED_EDGE('',*,*,#3226,.F.);
#3226 = EDGE_CURVE('',#3227,#3219,#3229,.T.);
#3227 = VERTEX_POINT('',#3228);
#3228 = CARTESIAN_POINT('',(2.884581924538,0.233110873074,
    -2.259893686824));
#3229 = LINE('',#3230,#3231);
#3230 = CARTESIAN_POINT('',(2.884581924538,0.233110873074,
    -2.259893686824));
#3231 = VECTOR('',#3232,1.);
#3232 = DIRECTION('',(-0.612372435696,0.707106781187,-0.353553390593));
#3233 = ORIENTED_EDGE('',*,*,#3234,.T.);
#3234 = EDGE_CURVE('',#3227,#3235,#3237,.T.);
#3235 = VERTEX_POINT('',#3236);
#3236 = CARTESIAN_POINT('',(2.889285049947,0.227680171632,
    -2.257178336103));
#3237 = LINE('',#3238,#3239);
#3238 = CARTESIAN_POINT('',(2.884581924538,0.233110873074,
    -2.259893686824));
#3239 = VECTOR('',#3240,1.);
#3240 = DIRECTION('',(0.612372435696,-0.707106781187,0.353553390593));
#3241 = ORIENTED_EDGE('',*,*,#3242,.F.);
#3242 = EDGE_CURVE('',#3194,#3235,#3243,.T.);
#3243 = B_SPLINE_CURVE_WITH_KNOTS('',3,(#3244,#3245,#3246,#3247,#3248,
    #3249,#3250,#3251,#3252,#3253,#3254,#3255,#3256,#3257,#3258,#3259,
    #3260,#3261,#3262,#3263,#3264,#3265,#3266,#3267,#3268,#3269,#3270,
    #3271,#3272,#3273,#3274,#3275,#3276,#3277),.UNSPECIFIED.,.F.,.F.,(4,
    3,3,3,3,3,3,3,3,3,3,4),(-8.205164726892E-03,-3.508632505584E-03,
    -3.466409469507E-03,-3.259837036481E-03,-3.238926009507E-03,
    -3.050823007411E-03,-2.869344717186E-03,-2.683156349681E-03,
    -2.485265991685E-03,-2.341906647325E-03,-1.413995935934E-03,0.),
  .UNSPECIFIED.);
#3244 = CARTESIAN_POINT('',(2.904671238704,0.227757083315,
    -2.283456634312));
#3245 = CARTESIAN_POINT('',(2.908282965186,0.230317496075,
    -2.277349561657));
#3246 = CARTESIAN_POINT('',(2.911894691667,0.232877908836,
    -2.271242489002));
#3247 = CARTESIAN_POINT('',(2.915506418149,0.235438321597,
    -2.265135416347));
#3248 = CARTESIAN_POINT('',(2.915538888502,0.235461340368,
    -2.265080512188));
#3249 = CARTESIAN_POINT('',(2.915574631556,0.235486679212,
    -2.265020074214));
#3250 = CARTESIAN_POINT('',(2.915613405396,0.235514166629,
    -2.264954511483));
#3251 = CARTESIAN_POINT('',(2.915803102943,0.235648646364,
    -2.264633751672));
#3252 = CARTESIAN_POINT('',(2.916020505353,0.235814496467,
    -2.264173030616));
#3253 = CARTESIAN_POINT('',(2.916139020826,0.235967868952,
    -2.263561449691));
#3254 = CARTESIAN_POINT('',(2.916151017975,0.235983394626,
    -2.263499540243));
#3255 = CARTESIAN_POINT('',(2.916161991233,0.235998765669,
    -2.263436120124));
#3256 = CARTESIAN_POINT('',(2.916171806173,0.23601391896,-2.263371207916
    ));
#3257 = CARTESIAN_POINT('',(2.916260095464,0.236150228829,
    -2.262787296801));
#3258 = CARTESIAN_POINT('',(2.916238350004,0.236248334094,
    -2.262184362523));
#3259 = CARTESIAN_POINT('',(2.916111141898,0.236313034268,
    -2.261587113072));
#3260 = CARTESIAN_POINT('',(2.915988413874,0.236375455797,
    -2.261010897871));
#3261 = CARTESIAN_POINT('',(2.915770338237,0.236405359425,
    -2.260453626361));
#3262 = CARTESIAN_POINT('',(2.915466354888,0.236403968885,
    -2.259938406755));
#3263 = CARTESIAN_POINT('',(2.915154481972,0.236402542254,
    -2.259409815167));
#3264 = CARTESIAN_POINT('',(2.914760855716,0.236368246638,
    -2.258940102722));
#3265 = CARTESIAN_POINT('',(2.914301860941,0.236298966265,
    -2.258550379258));
#3266 = CARTESIAN_POINT('',(2.913814018218,0.2362253316,-2.258136161565)
  );
#3267 = CARTESIAN_POINT('',(2.913265125185,0.236114054113,
    -2.257822947572));
#3268 = CARTESIAN_POINT('',(2.912676814308,0.235958530943,
    -2.257629478178));
#3269 = CARTESIAN_POINT('',(2.912250619407,0.23584586401,-2.257489321549
    ));
#3270 = CARTESIAN_POINT('',(2.911810490462,0.235711622513,
    -2.257414268253));
#3271 = CARTESIAN_POINT('',(2.911362066796,0.235551736954,-2.25740957145
    ));
#3272 = CARTESIAN_POINT('',(2.908459590335,0.23451685832,-2.257379170823
    ));
#3273 = CARTESIAN_POINT('',(2.905516338477,0.233467441208,
    -2.257348343113));
#3274 = CARTESIAN_POINT('',(2.902603092418,0.23242872267,-2.257317829686
    ));
#3275 = CARTESIAN_POINT('',(2.898163744928,0.230845872324,
    -2.257271331825));
#3276 = CARTESIAN_POINT('',(2.893724397437,0.229263021978,
    -2.257224833964));
#3277 = CARTESIAN_POINT('',(2.889285049947,0.227680171632,
    -2.257178336103));
#3278 = ORIENTED_EDGE('',*,*,#3193,.F.);
#3279 = B_SPLINE_SURFACE_WITH_KNOTS('',3,1,(
    (#3280,#3281)
    ,(#3282,#3283)
    ,(#3284,#3285)
    ,(#3286,#3287)
    ,(#3288,#3289)
    ,(#3290,#3291)
    ,(#3292,#3293)
    ,(#3294,#3295)
    ,(#3296,#3297)
    ,(#3298,#3299
    )),.UNSPECIFIED.,.F.,.F.,.F.,(4,3,3,4),(2,2),(0.,0.408509789904,
    0.602271017243,1.),(-3.920255635902E-03,1.551680684736E-02),
  .UNSPECIFIED.);
#3280 = CARTESIAN_POINT('',(2.908588489461,0.205390479633,
    -2.246033490104));
#3281 = CARTESIAN_POINT('',(2.789561276505,0.342831266515,
    -2.314753883545));
#3282 = CARTESIAN_POINT('',(2.914340718535,0.209869680479,
    -2.247038241422));
#3283 = CARTESIAN_POINT('',(2.795313505578,0.347310467362,
    -2.315758634863));
#3284 = CARTESIAN_POINT('',(2.920092947608,0.214348881326,
    -2.248042992741));
#3285 = CARTESIAN_POINT('',(2.801065734652,0.351789668209,
    -2.316763386182));
#3286 = CARTESIAN_POINT('',(2.925845176681,0.218828082173,
    -2.249047744059));
#3287 = CARTESIAN_POINT('',(2.806817963725,0.356268869056,-2.3177681375)
  );
#3288 = CARTESIAN_POINT('',(2.928573529815,0.220952622331,
    -2.249524309991));
#3289 = CARTESIAN_POINT('',(2.809546316858,0.358393409213,
    -2.318244703432));
#3290 = CARTESIAN_POINT('',(2.931125029804,0.220914337073,
    -2.254020208124));
#3291 = CARTESIAN_POINT('',(2.812097816847,0.358355123955,
    -2.322740601565));
#3292 = CARTESIAN_POINT('',(2.930119522313,0.218763945616,
    -2.256579400976));
#3293 = CARTESIAN_POINT('',(2.811092309356,0.356204732498,
    -2.325299794417));
#3294 = CARTESIAN_POINT('',(2.928055541416,0.214349889106,
    -2.261832594217));
#3295 = CARTESIAN_POINT('',(2.80902832846,0.351790675989,-2.330552987658
    ));
#3296 = CARTESIAN_POINT('',(2.92599156052,0.209935832597,-2.267085787457
    ));
#3297 = CARTESIAN_POINT('',(2.806964347564,0.347376619479,
    -2.335806180899));
#3298 = CARTESIAN_POINT('',(2.923927579624,0.205521776087,
    -2.272338980698));
#3299 = CARTESIAN_POINT('',(2.804900366667,0.34296256297,-2.341059374139
    ));
#3300 = ADVANCED_FACE('',(#3301),#3314,.T.);
#3301 = FACE_BOUND('',#3302,.T.);
#3302 = EDGE_LOOP('',(#3303,#3304,#3305,#3306,#3307,#3313));
#3303 = ORIENTED_EDGE('',*,*,#3226,.T.);
#3304 = ORIENTED_EDGE('',*,*,#3218,.T.);
#3305 = ORIENTED_EDGE('',*,*,#3036,.T.);
#3306 = ORIENTED_EDGE('',*,*,#3161,.F.);
#3307 = ORIENTED_EDGE('',*,*,#3308,.F.);
#3308 = EDGE_CURVE('',#3235,#3154,#3309,.T.);
#3309 = LINE('',#3310,#3311);
#3310 = CARTESIAN_POINT('',(2.883309570902,0.225549613235,
    -2.257115748754));
#3311 = VECTOR('',#3312,1.);
#3312 = DIRECTION('',(-0.941872754561,-0.335824942445,9.865203893966E-03
    ));
#3313 = ORIENTED_EDGE('',*,*,#3234,.F.);
#3314 = PLANE('',#3315);
#3315 = AXIS2_PLACEMENT_3D('',#3316,#3317,#3318);
#3316 = CARTESIAN_POINT('',(2.867744826168,0.22,-2.256952723144));
#3317 = DIRECTION('',(-0.118646775066,0.359947654577,0.925397551721));
#3318 = DIRECTION('',(0.781615597827,0.608635922342,-0.136526082741));
#3319 = ADVANCED_FACE('',(#3320),#3345,.T.);
#3320 = FACE_BOUND('',#3321,.T.);
#3321 = EDGE_LOOP('',(#3322,#3323,#3331,#3339));
#3322 = ORIENTED_EDGE('',*,*,#3074,.T.);
#3323 = ORIENTED_EDGE('',*,*,#3324,.F.);
#3324 = EDGE_CURVE('',#3325,#3067,#3327,.T.);
#3325 = VERTEX_POINT('',#3326);
#3326 = CARTESIAN_POINT('',(2.893729072012,7.E-02,-2.301958757141));
#3327 = LINE('',#3328,#3329);
#3328 = CARTESIAN_POINT('',(2.893729072012,7.E-02,-2.301958757141));
#3329 = VECTOR('',#3330,1.);
#3330 = DIRECTION('',(0.,1.,0.));
#3331 = ORIENTED_EDGE('',*,*,#3332,.T.);
#3332 = EDGE_CURVE('',#3325,#3333,#3335,.T.);
#3333 = VERTEX_POINT('',#3334);
#3334 = CARTESIAN_POINT('',(2.872234680272,7.E-02,-2.302183890054));
#3335 = LINE('',#3336,#3337);
#3336 = CARTESIAN_POINT('',(2.893729072012,7.E-02,-2.301958757141));
#3337 = VECTOR('',#3338,1.);
#3338 = DIRECTION('',(-0.999945151856,0.,-1.047345595417E-02));
#3339 = ORIENTED_EDGE('',*,*,#3340,.T.);
#3340 = EDGE_CURVE('',#3333,#3075,#3341,.T.);
#3341 = LINE('',#3342,#3343);
#3342 = CARTESIAN_POINT('',(2.872234680272,7.E-02,-2.302183890054));
#3343 = VECTOR('',#3344,1.);
#3344 = DIRECTION('',(0.,1.,0.));
#3345 = PLANE('',#3346);
#3346 = AXIS2_PLACEMENT_3D('',#3347,#3348,#3349);
#3347 = CARTESIAN_POINT('',(2.893729072012,7.E-02,-2.301958757141));
#3348 = DIRECTION('',(1.047345595417E-02,0.,-0.999945151856));
#3349 = DIRECTION('',(-0.999945151856,0.,-1.047345595417E-02));
#3350 = ADVANCED_FACE('',(#3351),#3369,.T.);
#3351 = FACE_BOUND('',#3352,.T.);
#3352 = EDGE_LOOP('',(#3353,#3361,#3362,#3363));
#3353 = ORIENTED_EDGE('',*,*,#3354,.T.);
#3354 = EDGE_CURVE('',#3355,#3325,#3357,.T.);
#3355 = VERTEX_POINT('',#3356);
#3356 = CARTESIAN_POINT('',(2.904671238704,7.E-02,-2.283456634312));
#3357 = LINE('',#3358,#3359);
#3358 = CARTESIAN_POINT('',(2.915613405396,7.E-02,-2.264954511483));
#3359 = VECTOR('',#3360,1.);
#3360 = DIRECTION('',(-0.509042854847,0.,-0.860741175923));
#3361 = ORIENTED_EDGE('',*,*,#3324,.T.);
#3362 = ORIENTED_EDGE('',*,*,#3201,.T.);
#3363 = ORIENTED_EDGE('',*,*,#3364,.F.);
#3364 = EDGE_CURVE('',#3355,#3194,#3365,.T.);
#3365 = LINE('',#3366,#3367);
#3366 = CARTESIAN_POINT('',(2.904671238704,7.E-02,-2.283456634312));
#3367 = VECTOR('',#3368,1.);
#3368 = DIRECTION('',(0.,1.,0.));
#3369 = PLANE('',#3370);
#3370 = AXIS2_PLACEMENT_3D('',#3371,#3372,#3373);
#3371 = CARTESIAN_POINT('',(2.904671238704,7.E-02,-2.283456634312));
#3372 = DIRECTION('',(0.860741175923,0.,-0.509042854847));
#3373 = DIRECTION('',(-0.509042854847,0.,-0.860741175923));
#3374 = ADVANCED_FACE('',(#3375),#3398,.T.);
#3375 = FACE_BOUND('',#3376,.T.);
#3376 = EDGE_LOOP('',(#3377,#3390,#3391,#3392));
#3377 = ORIENTED_EDGE('',*,*,#3378,.T.);
#3378 = EDGE_CURVE('',#3379,#3355,#3381,.T.);
#3379 = VERTEX_POINT('',#3380);
#3380 = CARTESIAN_POINT('',(2.889285049947,7.E-02,-2.257178336103));
#3381 = B_SPLINE_CURVE_WITH_KNOTS('',3,(#3382,#3383,#3384,#3385,#3386,
    #3387,#3388,#3389),.UNSPECIFIED.,.F.,.F.,(4,2,2,4),(0.,
    0.408509789904,0.602271017243,1.),.UNSPECIFIED.);
#3382 = CARTESIAN_POINT('',(2.889285049947,7.E-02,-2.257178336103));
#3383 = CARTESIAN_POINT('',(2.896644055563,7.E-02,-2.257255414552));
#3384 = CARTESIAN_POINT('',(2.903888314259,7.E-02,-2.257404289867));
#3385 = CARTESIAN_POINT('',(2.914997734499,7.E-02,-2.257348118695));
#3386 = CARTESIAN_POINT('',(2.917549420973,7.E-02,-2.261876396097));
#3387 = CARTESIAN_POINT('',(2.911848506257,7.E-02,-2.27118119769));
#3388 = CARTESIAN_POINT('',(2.908318627601,7.E-02,-2.277289260035));
#3389 = CARTESIAN_POINT('',(2.904671238704,7.E-02,-2.283456634312));
#3390 = ORIENTED_EDGE('',*,*,#3364,.T.);
#3391 = ORIENTED_EDGE('',*,*,#3242,.T.);
#3392 = ORIENTED_EDGE('',*,*,#3393,.F.);
#3393 = EDGE_CURVE('',#3379,#3235,#3394,.T.);
#3394 = LINE('',#3395,#3396);
#3395 = CARTESIAN_POINT('',(2.889285049947,7.E-02,-2.257178336103));
#3396 = VECTOR('',#3397,1.);
#3397 = DIRECTION('',(0.,1.,0.));
#3398 = B_SPLINE_SURFACE_WITH_KNOTS('',3,1,(
    (#3399,#3400)
    ,(#3401,#3402)
    ,(#3403,#3404)
    ,(#3405,#3406)
    ,(#3407,#3408)
    ,(#3409,#3410)
    ,(#3411,#3412)
    ,(#3413,#3414)
    ,(#3415,#3416)
    ,(#3417,#3418
    )),.UNSPECIFIED.,.F.,.F.,.F.,(4,3,3,4),(2,2),(0.,0.408509789904,
    0.602271017243,1.),(0.,1.670119022205E-02),.UNSPECIFIED.);
#3399 = CARTESIAN_POINT('',(2.889285049947,7.E-02,-2.257178336103));
#3400 = CARTESIAN_POINT('',(2.889285049947,0.23701190222,-2.257178336103
    ));
#3401 = CARTESIAN_POINT('',(2.896644055563,7.E-02,-2.257255414552));
#3402 = CARTESIAN_POINT('',(2.896644055563,0.23701190222,-2.257255414552
    ));
#3403 = CARTESIAN_POINT('',(2.90400306118,7.E-02,-2.257332493001));
#3404 = CARTESIAN_POINT('',(2.90400306118,0.23701190222,-2.257332493001)
  );
#3405 = CARTESIAN_POINT('',(2.911362066796,7.E-02,-2.25740957145));
#3406 = CARTESIAN_POINT('',(2.911362066796,0.23701190222,-2.25740957145)
  );
#3407 = CARTESIAN_POINT('',(2.914852533844,7.E-02,-2.257446130708));
#3408 = CARTESIAN_POINT('',(2.914852533844,0.23701190222,-2.257446130708
    ));
#3409 = CARTESIAN_POINT('',(2.917390300166,7.E-02,-2.261949957977));
#3410 = CARTESIAN_POINT('',(2.917390300166,0.23701190222,-2.261949957977
    ));
#3411 = CARTESIAN_POINT('',(2.915613405396,7.E-02,-2.264954511483));
#3412 = CARTESIAN_POINT('',(2.915613405396,0.23701190222,-2.264954511483
    ));
#3413 = CARTESIAN_POINT('',(2.911966016499,7.E-02,-2.271121885759));
#3414 = CARTESIAN_POINT('',(2.911966016499,0.23701190222,-2.271121885759
    ));
#3415 = CARTESIAN_POINT('',(2.908318627601,7.E-02,-2.277289260035));
#3416 = CARTESIAN_POINT('',(2.908318627601,0.23701190222,-2.277289260035
    ));
#3417 = CARTESIAN_POINT('',(2.904671238704,7.E-02,-2.283456634312));
#3418 = CARTESIAN_POINT('',(2.904671238704,0.23701190222,-2.283456634312
    ));
#3419 = ADVANCED_FACE('',(#3420),#3438,.T.);
#3420 = FACE_BOUND('',#3421,.T.);
#3421 = EDGE_LOOP('',(#3422,#3430,#3431,#3432));
#3422 = ORIENTED_EDGE('',*,*,#3423,.T.);
#3423 = EDGE_CURVE('',#3424,#3379,#3426,.T.);
#3424 = VERTEX_POINT('',#3425);
#3425 = CARTESIAN_POINT('',(2.867744826168,7.E-02,-2.256952723144));
#3426 = LINE('',#3427,#3428);
#3427 = CARTESIAN_POINT('',(2.867744826168,7.E-02,-2.256952723144));
#3428 = VECTOR('',#3429,1.);
#3429 = DIRECTION('',(0.999945151856,0.,-1.047345595048E-02));
#3430 = ORIENTED_EDGE('',*,*,#3393,.T.);
#3431 = ORIENTED_EDGE('',*,*,#3308,.T.);
#3432 = ORIENTED_EDGE('',*,*,#3433,.F.);
#3433 = EDGE_CURVE('',#3424,#3154,#3434,.T.);
#3434 = LINE('',#3435,#3436);
#3435 = CARTESIAN_POINT('',(2.867744826168,7.E-02,-2.256952723144));
#3436 = VECTOR('',#3437,1.);
#3437 = DIRECTION('',(0.,1.,0.));
#3438 = PLANE('',#3439);
#3439 = AXIS2_PLACEMENT_3D('',#3440,#3441,#3442);
#3440 = CARTESIAN_POINT('',(2.867744826168,7.E-02,-2.256952723144));
#3441 = DIRECTION('',(1.047345595048E-02,0.,0.999945151856));
#3442 = DIRECTION('',(0.999945151856,0.,-1.047345595048E-02));
#3443 = ADVANCED_FACE('',(#3444),#3462,.T.);
#3444 = FACE_BOUND('',#3445,.T.);
#3445 = EDGE_LOOP('',(#3446,#3447,#3455,#3461));
#3446 = ORIENTED_EDGE('',*,*,#3153,.T.);
#3447 = ORIENTED_EDGE('',*,*,#3448,.F.);
#3448 = EDGE_CURVE('',#3449,#3099,#3451,.T.);
#3449 = VERTEX_POINT('',#3450);
#3450 = CARTESIAN_POINT('',(2.857038337131,7.E-02,-2.275953754433));
#3451 = LINE('',#3452,#3453);
#3452 = CARTESIAN_POINT('',(2.857038337131,7.E-02,-2.275953754433));
#3453 = VECTOR('',#3454,1.);
#3454 = DIRECTION('',(0.,1.,0.));
#3455 = ORIENTED_EDGE('',*,*,#3456,.T.);
#3456 = EDGE_CURVE('',#3449,#3424,#3457,.T.);
#3457 = LINE('',#3458,#3459);
#3458 = CARTESIAN_POINT('',(2.846331848094,7.E-02,-2.294954785723));
#3459 = VECTOR('',#3460,1.);
#3460 = DIRECTION('',(0.490902297006,0.,0.871214631875));
#3461 = ORIENTED_EDGE('',*,*,#3433,.T.);
#3462 = PLANE('',#3463);
#3463 = AXIS2_PLACEMENT_3D('',#3464,#3465,#3466);
#3464 = CARTESIAN_POINT('',(2.857038337131,7.E-02,-2.275953754433));
#3465 = DIRECTION('',(-0.871214631875,0.,0.490902297006));
#3466 = DIRECTION('',(0.490902297006,0.,0.871214631875));
#3467 = ADVANCED_FACE('',(#3468),#3484,.T.);
#3468 = FACE_BOUND('',#3469,.T.);
#3469 = EDGE_LOOP('',(#3470,#3471,#3472,#3483));
#3470 = ORIENTED_EDGE('',*,*,#3098,.T.);
#3471 = ORIENTED_EDGE('',*,*,#3340,.F.);
#3472 = ORIENTED_EDGE('',*,*,#3473,.T.);
#3473 = EDGE_CURVE('',#3333,#3449,#3474,.T.);
#3474 = B_SPLINE_CURVE_WITH_KNOTS('',3,(#3475,#3476,#3477,#3478,#3479,
    #3480,#3481,#3482),.UNSPECIFIED.,.F.,.F.,(4,2,2,4),(0.,
    0.399714110513,0.594442430575,1.),.UNSPECIFIED.);
#3475 = CARTESIAN_POINT('',(2.872234680272,7.E-02,-2.302183890054));
#3476 = CARTESIAN_POINT('',(2.865069883026,7.E-02,-2.302258934359));
#3477 = CARTESIAN_POINT('',(2.8580151602,7.E-02,-2.302261894651));
#3478 = CARTESIAN_POINT('',(2.847106722671,7.E-02,-2.302546524903));
#3479 = CARTESIAN_POINT('',(2.844460915341,7.E-02,-2.298072593982));
#3480 = CARTESIAN_POINT('',(2.85001865668,7.E-02,-2.288558452375));
#3481 = CARTESIAN_POINT('',(2.853469507452,7.E-02,-2.28228743153));
#3482 = CARTESIAN_POINT('',(2.857038337131,7.E-02,-2.275953754433));
#3483 = ORIENTED_EDGE('',*,*,#3448,.T.);
#3484 = B_SPLINE_SURFACE_WITH_KNOTS('',3,1,(
    (#3485,#3486)
    ,(#3487,#3488)
    ,(#3489,#3490)
    ,(#3491,#3492)
    ,(#3493,#3494)
    ,(#3495,#3496)
    ,(#3497,#3498)
    ,(#3499,#3500)
    ,(#3501,#3502)
    ,(#3503,#3504
    )),.UNSPECIFIED.,.F.,.F.,.F.,(4,3,3,4),(2,2),(0.,0.399714110513,
    0.594442430575,1.),(0.,1.5E-02),.UNSPECIFIED.);
#3485 = CARTESIAN_POINT('',(2.872234680272,7.E-02,-2.302183890054));
#3486 = CARTESIAN_POINT('',(2.872234680272,0.22,-2.302183890054));
#3487 = CARTESIAN_POINT('',(2.865069883026,7.E-02,-2.302258934359));
#3488 = CARTESIAN_POINT('',(2.865069883026,0.22,-2.302258934359));
#3489 = CARTESIAN_POINT('',(2.85790508578,7.E-02,-2.302333978663));
#3490 = CARTESIAN_POINT('',(2.85790508578,0.22,-2.302333978663));
#3491 = CARTESIAN_POINT('',(2.850740288533,7.E-02,-2.302409022967));
#3492 = CARTESIAN_POINT('',(2.850740288533,0.22,-2.302409022967));
#3493 = CARTESIAN_POINT('',(2.847249821485,7.E-02,-2.302445582226));
#3494 = CARTESIAN_POINT('',(2.847249821485,0.22,-2.302445582226));
#3495 = CARTESIAN_POINT('',(2.844618275816,7.E-02,-2.297995898486));
#3496 = CARTESIAN_POINT('',(2.844618275816,0.22,-2.297995898486));
#3497 = CARTESIAN_POINT('',(2.846331848094,7.E-02,-2.294954785723));
#3498 = CARTESIAN_POINT('',(2.846331848094,0.22,-2.294954785723));
#3499 = CARTESIAN_POINT('',(2.849900677773,7.E-02,-2.288621108626));
#3500 = CARTESIAN_POINT('',(2.849900677773,0.22,-2.288621108626));
#3501 = CARTESIAN_POINT('',(2.853469507452,7.E-02,-2.28228743153));
#3502 = CARTESIAN_POINT('',(2.853469507452,0.22,-2.28228743153));
#3503 = CARTESIAN_POINT('',(2.857038337131,7.E-02,-2.275953754433));
#3504 = CARTESIAN_POINT('',(2.857038337131,0.22,-2.275953754433));
#3505 = ADVANCED_FACE('',(#3506),#3531,.F.);
#3506 = FACE_BOUND('',#3507,.F.);
#3507 = EDGE_LOOP('',(#3508,#3516,#3524,#3530));
#3508 = ORIENTED_EDGE('',*,*,#3509,.T.);
#3509 = EDGE_CURVE('',#3449,#3510,#3512,.T.);
#3510 = VERTEX_POINT('',#3511);
#3511 = CARTESIAN_POINT('',(2.770749907475,4.E-02,-2.188952595891));
#3512 = LINE('',#3513,#3514);
#3513 = CARTESIAN_POINT('',(2.857038337131,7.E-02,-2.275953754433));
#3514 = VECTOR('',#3515,1.);
#3515 = DIRECTION('',(-0.683991462531,-0.23780411763,0.689641124661));
#3516 = ORIENTED_EDGE('',*,*,#3517,.F.);
#3517 = EDGE_CURVE('',#3518,#3510,#3520,.T.);
#3518 = VERTEX_POINT('',#3519);
#3519 = CARTESIAN_POINT('',(2.904749907474,4.E-02,-2.421047404104));
#3520 = LINE('',#3521,#3522);
#3521 = CARTESIAN_POINT('',(2.755749907475,4.E-02,-2.162971833778));
#3522 = VECTOR('',#3523,1.);
#3523 = DIRECTION('',(-0.5,0.,0.866025403784));
#3524 = ORIENTED_EDGE('',*,*,#3525,.F.);
#3525 = EDGE_CURVE('',#3333,#3518,#3526,.T.);
#3526 = LINE('',#3527,#3528);
#3527 = CARTESIAN_POINT('',(2.872234680272,7.E-02,-2.302183890054));
#3528 = VECTOR('',#3529,1.);
#3529 = DIRECTION('',(0.256369170696,-0.236537640444,-0.937189838277));
#3530 = ORIENTED_EDGE('',*,*,#3473,.T.);
#3531 = B_SPLINE_SURFACE_WITH_KNOTS('',3,3,(
    (#3532,#3533,#3534,#3535)
    ,(#3536,#3537,#3538,#3539)
    ,(#3540,#3541,#3542,#3543)
    ,(#3544,#3545,#3546,#3547)
    ,(#3548,#3549,#3550,#3551)
    ,(#3552,#3553,#3554,#3555)
    ,(#3556,#3557,#3558,#3559)
    ,(#3560,#3561,#3562,#3563
    )),.UNSPECIFIED.,.F.,.F.,.F.,(4,2,2,4),(4,4),(0.,0.399714110513,
    0.594442430575,1.),(0.,1.),.UNSPECIFIED.);
#3532 = CARTESIAN_POINT('',(2.872234680272,7.E-02,-2.302183890054));
#3533 = CARTESIAN_POINT('',(2.88307308934,6.E-02,-2.341805061404));
#3534 = CARTESIAN_POINT('',(2.893911498407,5.E-02,-2.381426232754));
#3535 = CARTESIAN_POINT('',(2.904749907474,4.E-02,-2.421047404104));
#3536 = CARTESIAN_POINT('',(2.865069883026,7.E-02,-2.302258934359));
#3537 = CARTESIAN_POINT('',(2.87237320242,6.E-02,-2.331527736941));
#3538 = CARTESIAN_POINT('',(2.879592691144,5.E-02,-2.360854744916));
#3539 = CARTESIAN_POINT('',(2.886896010538,4.E-02,-2.390123547498));
#3540 = CARTESIAN_POINT('',(2.8580151602,7.E-02,-2.302261894651));
#3541 = CARTESIAN_POINT('',(2.861682469578,6.E-02,-2.321248708255));
#3542 = CARTESIAN_POINT('',(2.865374804224,5.E-02,-2.340212877287));
#3543 = CARTESIAN_POINT('',(2.869042113602,4.E-02,-2.359199690891));
#3544 = CARTESIAN_POINT('',(2.847106722671,7.E-02,-2.302546524903));
#3545 = CARTESIAN_POINT('',(2.845569545756,6.E-02,-2.306099462624));
#3546 = CARTESIAN_POINT('',(2.844027528618,5.E-02,-2.309657752531));
#3547 = CARTESIAN_POINT('',(2.842490351703,4.E-02,-2.313210690252));
#3548 = CARTESIAN_POINT('',(2.844460915341,7.E-02,-2.298072593982));
#3549 = CARTESIAN_POINT('',(2.840906595306,6.E-02,-2.29809662194));
#3550 = CARTESIAN_POINT('',(2.837346806775,5.E-02,-2.298121518261));
#3551 = CARTESIAN_POINT('',(2.833792486741,4.E-02,-2.298145546219));
#3552 = CARTESIAN_POINT('',(2.85001865668,7.E-02,-2.288558452375));
#3553 = CARTESIAN_POINT('',(2.835662502788,6.E-02,-2.276277023746));
#3554 = CARTESIAN_POINT('',(2.821335870902,5.E-02,-2.263985895384));
#3555 = CARTESIAN_POINT('',(2.80697971701,4.E-02,-2.251704466755));
#3556 = CARTESIAN_POINT('',(2.853469507452,7.E-02,-2.28228743153));
#3557 = CARTESIAN_POINT('',(2.831964909793,6.E-02,-2.261619427386));
#3558 = CARTESIAN_POINT('',(2.810369409902,5.E-02,-2.240996535467));
#3559 = CARTESIAN_POINT('',(2.788864812243,4.E-02,-2.220328531323));
#3560 = CARTESIAN_POINT('',(2.857038337131,7.E-02,-2.275953754433));
#3561 = CARTESIAN_POINT('',(2.828275527246,6.E-02,-2.246953368253));
#3562 = CARTESIAN_POINT('',(2.799512717361,5.E-02,-2.217952982072));
#3563 = CARTESIAN_POINT('',(2.770749907475,4.E-02,-2.188952595891));
#3564 = ADVANCED_FACE('',(#3565),#3584,.F.);
#3565 = FACE_BOUND('',#3566,.F.);
#3566 = EDGE_LOOP('',(#3567,#3575,#3582,#3583));
#3567 = ORIENTED_EDGE('',*,*,#3568,.T.);
#3568 = EDGE_CURVE('',#3424,#3569,#3571,.T.);
#3569 = VERTEX_POINT('',#3570);
#3570 = CARTESIAN_POINT('',(2.814319279643,4.E-02,-2.163797807142));
#3571 = LINE('',#3572,#3573);
#3572 = CARTESIAN_POINT('',(2.867744826168,7.E-02,-2.256952723144));
#3573 = VECTOR('',#3574,1.);
#3574 = DIRECTION('',(-0.479155246283,-0.26905962266,0.835474218282));
#3575 = ORIENTED_EDGE('',*,*,#3576,.T.);
#3576 = EDGE_CURVE('',#3569,#3510,#3577,.T.);
#3577 = B_SPLINE_CURVE_WITH_KNOTS('',3,(#3578,#3579,#3580,#3581),
  .UNSPECIFIED.,.F.,.F.,(4,4),(-1.,0.),.PIECEWISE_BEZIER_KNOTS.);
#3578 = CARTESIAN_POINT('',(2.814319279643,4.E-02,-2.163797807142));
#3579 = CARTESIAN_POINT('',(2.799796155587,4.E-02,-2.172182736725));
#3580 = CARTESIAN_POINT('',(2.785273031531,4.E-02,-2.180567666308));
#3581 = CARTESIAN_POINT('',(2.770749907475,4.E-02,-2.188952595891));
#3582 = ORIENTED_EDGE('',*,*,#3509,.F.);
#3583 = ORIENTED_EDGE('',*,*,#3456,.T.);
#3584 = B_SPLINE_SURFACE_WITH_KNOTS('',3,3,(
    (#3585,#3586,#3587,#3588)
    ,(#3589,#3590,#3591,#3592)
    ,(#3593,#3594,#3595,#3596)
    ,(#3597,#3598,#3599,#3600
    )),.UNSPECIFIED.,.F.,.F.,.F.,(4,4),(4,4),(0.,1.),(0.,1.),
  .PIECEWISE_BEZIER_KNOTS.);
#3585 = CARTESIAN_POINT('',(2.857038337131,7.E-02,-2.275953754433));
#3586 = CARTESIAN_POINT('',(2.828275527246,6.E-02,-2.246953368253));
#3587 = CARTESIAN_POINT('',(2.799512717361,5.E-02,-2.217952982072));
#3588 = CARTESIAN_POINT('',(2.770749907475,4.E-02,-2.188952595891));
#3589 = CARTESIAN_POINT('',(2.86060716681,7.E-02,-2.269620077337));
#3590 = CARTESIAN_POINT('',(2.835495788384,6.E-02,-2.239935940327));
#3591 = CARTESIAN_POINT('',(2.810384409958,5.E-02,-2.210251803318));
#3592 = CARTESIAN_POINT('',(2.785273031531,4.E-02,-2.180567666308));
#3593 = CARTESIAN_POINT('',(2.864175996489,7.E-02,-2.263286400241));
#3594 = CARTESIAN_POINT('',(2.842716049522,6.E-02,-2.232918512402));
#3595 = CARTESIAN_POINT('',(2.821256102555,5.E-02,-2.202550624564));
#3596 = CARTESIAN_POINT('',(2.799796155587,4.E-02,-2.172182736725));
#3597 = CARTESIAN_POINT('',(2.867744826168,7.E-02,-2.256952723144));
#3598 = CARTESIAN_POINT('',(2.84993631066,6.E-02,-2.225901084477));
#3599 = CARTESIAN_POINT('',(2.832127795152,5.E-02,-2.194849445809));
#3600 = CARTESIAN_POINT('',(2.814319279643,4.E-02,-2.163797807142));
#3601 = ADVANCED_FACE('',(#3602),#3621,.F.);
#3602 = FACE_BOUND('',#3603,.F.);
#3603 = EDGE_LOOP('',(#3604,#3612,#3619,#3620));
#3604 = ORIENTED_EDGE('',*,*,#3605,.T.);
#3605 = EDGE_CURVE('',#3379,#3606,#3608,.T.);
#3606 = VERTEX_POINT('',#3607);
#3607 = CARTESIAN_POINT('',(2.857352447854,4.E-02,-2.138952595891));
#3608 = LINE('',#3609,#3610);
#3609 = CARTESIAN_POINT('',(2.889285049947,7.E-02,-2.257178336103));
#3610 = VECTOR('',#3611,1.);
#3611 = DIRECTION('',(-0.253265768169,-0.237937798582,0.937679078726));
#3612 = ORIENTED_EDGE('',*,*,#3613,.T.);
#3613 = EDGE_CURVE('',#3606,#3569,#3614,.T.);
#3614 = B_SPLINE_CURVE_WITH_KNOTS('',3,(#3615,#3616,#3617,#3618),
  .UNSPECIFIED.,.F.,.F.,(4,4),(-1.,0.),.PIECEWISE_BEZIER_KNOTS.);
#3615 = CARTESIAN_POINT('',(2.857352447854,4.E-02,-2.138952595891));
#3616 = CARTESIAN_POINT('',(2.84300805845,4.E-02,-2.147234332975));
#3617 = CARTESIAN_POINT('',(2.828663669047,4.E-02,-2.155516070058));
#3618 = CARTESIAN_POINT('',(2.814319279643,4.E-02,-2.163797807142));
#3619 = ORIENTED_EDGE('',*,*,#3568,.F.);
#3620 = ORIENTED_EDGE('',*,*,#3423,.T.);
#3621 = B_SPLINE_SURFACE_WITH_KNOTS('',3,3,(
    (#3622,#3623,#3624,#3625)
    ,(#3626,#3627,#3628,#3629)
    ,(#3630,#3631,#3632,#3633)
    ,(#3634,#3635,#3636,#3637
    )),.UNSPECIFIED.,.F.,.F.,.F.,(4,4),(4,4),(0.,1.),(0.,1.),
  .PIECEWISE_BEZIER_KNOTS.);
#3622 = CARTESIAN_POINT('',(2.867744826168,7.E-02,-2.256952723144));
#3623 = CARTESIAN_POINT('',(2.84993631066,6.E-02,-2.225901084477));
#3624 = CARTESIAN_POINT('',(2.832127795152,5.E-02,-2.194849445809));
#3625 = CARTESIAN_POINT('',(2.814319279643,4.E-02,-2.163797807142));
#3626 = CARTESIAN_POINT('',(2.874924900761,7.E-02,-2.257027927464));
#3627 = CARTESIAN_POINT('',(2.85950449019,6.E-02,-2.223190641662));
#3628 = CARTESIAN_POINT('',(2.844084079618,5.E-02,-2.18935335586));
#3629 = CARTESIAN_POINT('',(2.828663669047,4.E-02,-2.155516070058));
#3630 = CARTESIAN_POINT('',(2.882104975354,7.E-02,-2.257103131784));
#3631 = CARTESIAN_POINT('',(2.86907266972,6.E-02,-2.220480198847));
#3632 = CARTESIAN_POINT('',(2.856040364085,5.E-02,-2.183857265911));
#3633 = CARTESIAN_POINT('',(2.84300805845,4.E-02,-2.147234332975));
#3634 = CARTESIAN_POINT('',(2.889285049947,7.E-02,-2.257178336103));
#3635 = CARTESIAN_POINT('',(2.878640849249,6.E-02,-2.217769756033));
#3636 = CARTESIAN_POINT('',(2.867996648551,5.E-02,-2.178361175962));
#3637 = CARTESIAN_POINT('',(2.857352447854,4.E-02,-2.138952595891));
#3638 = ADVANCED_FACE('',(#3639),#3657,.F.);
#3639 = FACE_BOUND('',#3640,.F.);
#3640 = EDGE_LOOP('',(#3641,#3649,#3655,#3656));
#3641 = ORIENTED_EDGE('',*,*,#3642,.T.);
#3642 = EDGE_CURVE('',#3355,#3643,#3645,.T.);
#3643 = VERTEX_POINT('',#3644);
#3644 = CARTESIAN_POINT('',(2.991352447853,4.E-02,-2.371047404104));
#3645 = LINE('',#3646,#3647);
#3646 = CARTESIAN_POINT('',(2.904671238704,7.E-02,-2.283456634312));
#3647 = VECTOR('',#3648,1.);
#3648 = DIRECTION('',(0.683445622765,-0.236537640444,-0.690617133712));
#3649 = ORIENTED_EDGE('',*,*,#3650,.F.);
#3650 = EDGE_CURVE('',#3606,#3643,#3651,.T.);
#3651 = LINE('',#3652,#3653);
#3652 = CARTESIAN_POINT('',(3.006352447853,4.E-02,-2.397028166218));
#3653 = VECTOR('',#3654,1.);
#3654 = DIRECTION('',(0.5,0.,-0.866025403784));
#3655 = ORIENTED_EDGE('',*,*,#3605,.F.);
#3656 = ORIENTED_EDGE('',*,*,#3378,.T.);
#3657 = B_SPLINE_SURFACE_WITH_KNOTS('',3,3,(
    (#3658,#3659,#3660,#3661)
    ,(#3662,#3663,#3664,#3665)
    ,(#3666,#3667,#3668,#3669)
    ,(#3670,#3671,#3672,#3673)
    ,(#3674,#3675,#3676,#3677)
    ,(#3678,#3679,#3680,#3681)
    ,(#3682,#3683,#3684,#3685)
    ,(#3686,#3687,#3688,#3689
    )),.UNSPECIFIED.,.F.,.F.,.F.,(4,2,2,4),(4,4),(0.,0.408509789904,
    0.602271017243,1.),(0.,1.),.UNSPECIFIED.);
#3658 = CARTESIAN_POINT('',(2.889285049947,7.E-02,-2.257178336103));
#3659 = CARTESIAN_POINT('',(2.878640849249,6.E-02,-2.217769756033));
#3660 = CARTESIAN_POINT('',(2.867996648551,5.E-02,-2.178361175962));
#3661 = CARTESIAN_POINT('',(2.857352447854,4.E-02,-2.138952595891));
#3662 = CARTESIAN_POINT('',(2.896644055563,7.E-02,-2.257255414552));
#3663 = CARTESIAN_POINT('',(2.889601002651,6.E-02,-2.228374602826));
#3664 = CARTESIAN_POINT('',(2.882642271382,5.E-02,-2.199437741398));
#3665 = CARTESIAN_POINT('',(2.875599218469,4.E-02,-2.170556929672));
#3666 = CARTESIAN_POINT('',(2.903888314259,7.E-02,-2.257404289867));
#3667 = CARTESIAN_POINT('',(2.900548036647,6.E-02,-2.238983391271));
#3668 = CARTESIAN_POINT('',(2.897186266697,5.E-02,-2.220582162048));
#3669 = CARTESIAN_POINT('',(2.893845989085,4.E-02,-2.202161263452));
#3670 = CARTESIAN_POINT('',(2.914997734499,7.E-02,-2.257348118695));
#3671 = CARTESIAN_POINT('',(2.916913474053,6.E-02,-2.254485257445));
#3672 = CARTESIAN_POINT('',(2.918831688302,5.E-02,-2.251618783448));
#3673 = CARTESIAN_POINT('',(2.920747427855,4.E-02,-2.248755922198));
#3674 = CARTESIAN_POINT('',(2.917549420973,7.E-02,-2.261876396097));
#3675 = CARTESIAN_POINT('',(2.921497894207,6.E-02,-2.262500227753));
#3676 = CARTESIAN_POINT('',(2.925453622776,5.E-02,-2.263122415508));
#3677 = CARTESIAN_POINT('',(2.929402096009,4.E-02,-2.263746247164));
#3678 = CARTESIAN_POINT('',(2.911848506257,7.E-02,-2.27118119769));
#3679 = CARTESIAN_POINT('',(2.926517141607,6.E-02,-2.283952897762));
#3680 = CARTESIAN_POINT('',(2.94115335671,5.E-02,-2.296735149383));
#3681 = CARTESIAN_POINT('',(2.95582199206,4.E-02,-2.309506849455));
#3682 = CARTESIAN_POINT('',(2.908318627601,7.E-02,-2.277289260035));
#3683 = CARTESIAN_POINT('',(2.930043978078,6.E-02,-2.298299762861));
#3684 = CARTESIAN_POINT('',(2.95186186948,5.E-02,-2.319266623954));
#3685 = CARTESIAN_POINT('',(2.973587219957,4.E-02,-2.34027712678));
#3686 = CARTESIAN_POINT('',(2.904671238704,7.E-02,-2.283456634312));
#3687 = CARTESIAN_POINT('',(2.933564975087,6.E-02,-2.312653557576));
#3688 = CARTESIAN_POINT('',(2.96245871147,5.E-02,-2.34185048084));
#3689 = CARTESIAN_POINT('',(2.991352447853,4.E-02,-2.371047404104));
#3690 = ADVANCED_FACE('',(#3691),#3710,.F.);
#3691 = FACE_BOUND('',#3692,.F.);
#3692 = EDGE_LOOP('',(#3693,#3701,#3708,#3709));
#3693 = ORIENTED_EDGE('',*,*,#3694,.T.);
#3694 = EDGE_CURVE('',#3325,#3695,#3697,.T.);
#3695 = VERTEX_POINT('',#3696);
#3696 = CARTESIAN_POINT('',(2.948051177663,4.E-02,-2.396047404105));
#3697 = LINE('',#3698,#3699);
#3698 = CARTESIAN_POINT('',(2.893729072012,7.E-02,-2.301958757141));
#3699 = VECTOR('',#3700,1.);
#3700 = DIRECTION('',(0.481963106328,-0.266169601059,-0.83478458755));
#3701 = ORIENTED_EDGE('',*,*,#3702,.T.);
#3702 = EDGE_CURVE('',#3695,#3643,#3703,.T.);
#3703 = B_SPLINE_CURVE_WITH_KNOTS('',3,(#3704,#3705,#3706,#3707),
  .UNSPECIFIED.,.F.,.F.,(4,4),(-1.,0.),.PIECEWISE_BEZIER_KNOTS.);
#3704 = CARTESIAN_POINT('',(2.948051177663,4.E-02,-2.396047404105));
#3705 = CARTESIAN_POINT('',(2.962484934393,4.E-02,-2.387714070771));
#3706 = CARTESIAN_POINT('',(2.976918691123,4.E-02,-2.379380737438));
#3707 = CARTESIAN_POINT('',(2.991352447853,4.E-02,-2.371047404104));
#3708 = ORIENTED_EDGE('',*,*,#3642,.F.);
#3709 = ORIENTED_EDGE('',*,*,#3354,.T.);
#3710 = B_SPLINE_SURFACE_WITH_KNOTS('',3,3,(
    (#3711,#3712,#3713,#3714)
    ,(#3715,#3716,#3717,#3718)
    ,(#3719,#3720,#3721,#3722)
    ,(#3723,#3724,#3725,#3726
    )),.UNSPECIFIED.,.F.,.F.,.F.,(4,4),(4,4),(0.,1.),(0.,1.),
  .PIECEWISE_BEZIER_KNOTS.);
#3711 = CARTESIAN_POINT('',(2.904671238704,7.E-02,-2.283456634312));
#3712 = CARTESIAN_POINT('',(2.933564975087,6.E-02,-2.312653557576));
#3713 = CARTESIAN_POINT('',(2.96245871147,5.E-02,-2.34185048084));
#3714 = CARTESIAN_POINT('',(2.991352447853,4.E-02,-2.371047404104));
#3715 = CARTESIAN_POINT('',(2.901023849806,7.E-02,-2.289624008588));
#3716 = CARTESIAN_POINT('',(2.926322130245,6.E-02,-2.319542918205));
#3717 = CARTESIAN_POINT('',(2.951620410684,5.E-02,-2.349461827821));
#3718 = CARTESIAN_POINT('',(2.976918691123,4.E-02,-2.379380737438));
#3719 = CARTESIAN_POINT('',(2.897376460909,7.E-02,-2.295791382865));
#3720 = CARTESIAN_POINT('',(2.919079285404,6.E-02,-2.326432278833));
#3721 = CARTESIAN_POINT('',(2.940782109898,5.E-02,-2.357073174802));
#3722 = CARTESIAN_POINT('',(2.962484934393,4.E-02,-2.387714070771));
#3723 = CARTESIAN_POINT('',(2.893729072012,7.E-02,-2.301958757141));
#3724 = CARTESIAN_POINT('',(2.911836440562,6.E-02,-2.333321639462));
#3725 = CARTESIAN_POINT('',(2.929943809113,5.E-02,-2.364684521783));
#3726 = CARTESIAN_POINT('',(2.948051177663,4.E-02,-2.396047404105));
#3727 = ADVANCED_FACE('',(#3728),#3740,.F.);
#3728 = FACE_BOUND('',#3729,.F.);
#3729 = EDGE_LOOP('',(#3730,#3731,#3738,#3739));
#3730 = ORIENTED_EDGE('',*,*,#3525,.T.);
#3731 = ORIENTED_EDGE('',*,*,#3732,.T.);
#3732 = EDGE_CURVE('',#3518,#3695,#3733,.T.);
#3733 = B_SPLINE_CURVE_WITH_KNOTS('',3,(#3734,#3735,#3736,#3737),
  .UNSPECIFIED.,.F.,.F.,(4,4),(-1.,0.),.PIECEWISE_BEZIER_KNOTS.);
#3734 = CARTESIAN_POINT('',(2.904749907474,4.E-02,-2.421047404104));
#3735 = CARTESIAN_POINT('',(2.919183664204,4.E-02,-2.412714070771));
#3736 = CARTESIAN_POINT('',(2.933617420933,4.E-02,-2.404380737438));
#3737 = CARTESIAN_POINT('',(2.948051177663,4.E-02,-2.396047404105));
#3738 = ORIENTED_EDGE('',*,*,#3694,.F.);
#3739 = ORIENTED_EDGE('',*,*,#3332,.T.);
#3740 = B_SPLINE_SURFACE_WITH_KNOTS('',3,3,(
    (#3741,#3742,#3743,#3744)
    ,(#3745,#3746,#3747,#3748)
    ,(#3749,#3750,#3751,#3752)
    ,(#3753,#3754,#3755,#3756
    )),.UNSPECIFIED.,.F.,.F.,.F.,(4,4),(4,4),(0.,1.),(0.,1.),
  .PIECEWISE_BEZIER_KNOTS.);
#3741 = CARTESIAN_POINT('',(2.893729072012,7.E-02,-2.301958757141));
#3742 = CARTESIAN_POINT('',(2.911836440562,6.E-02,-2.333321639462));
#3743 = CARTESIAN_POINT('',(2.929943809113,5.E-02,-2.364684521783));
#3744 = CARTESIAN_POINT('',(2.948051177663,4.E-02,-2.396047404105));
#3745 = CARTESIAN_POINT('',(2.886564274765,7.E-02,-2.302033801445));
#3746 = CARTESIAN_POINT('',(2.902248656821,6.E-02,-2.336149446776));
#3747 = CARTESIAN_POINT('',(2.917933038877,5.E-02,-2.370265092107));
#3748 = CARTESIAN_POINT('',(2.933617420933,4.E-02,-2.404380737438));
#3749 = CARTESIAN_POINT('',(2.879399477519,7.E-02,-2.30210884575));
#3750 = CARTESIAN_POINT('',(2.892660873081,6.E-02,-2.33897725409));
#3751 = CARTESIAN_POINT('',(2.905922268642,5.E-02,-2.375845662431));
#3752 = CARTESIAN_POINT('',(2.919183664204,4.E-02,-2.412714070771));
#3753 = CARTESIAN_POINT('',(2.872234680272,7.E-02,-2.302183890054));
#3754 = CARTESIAN_POINT('',(2.88307308934,6.E-02,-2.341805061404));
#3755 = CARTESIAN_POINT('',(2.893911498407,5.E-02,-2.381426232754));
#3756 = CARTESIAN_POINT('',(2.904749907474,4.E-02,-2.421047404104));
#3757 = ADVANCED_FACE('',(#3758),#3784,.T.);
#3758 = FACE_BOUND('',#3759,.T.);
#3759 = EDGE_LOOP('',(#3760,#3761,#3762,#3770,#3778));
#3760 = ORIENTED_EDGE('',*,*,#3613,.T.);
#3761 = ORIENTED_EDGE('',*,*,#3576,.T.);
#3762 = ORIENTED_EDGE('',*,*,#3763,.T.);
#3763 = EDGE_CURVE('',#3510,#3764,#3766,.T.);
#3764 = VERTEX_POINT('',#3765);
#3765 = CARTESIAN_POINT('',(2.755749907475,4.E-02,-2.162971833778));
#3766 = LINE('',#3767,#3768);
#3767 = CARTESIAN_POINT('',(2.755749907475,4.E-02,-2.162971833778));
#3768 = VECTOR('',#3769,1.);
#3769 = DIRECTION('',(-0.5,0.,0.866025403784));
#3770 = ORIENTED_EDGE('',*,*,#3771,.T.);
#3771 = EDGE_CURVE('',#3764,#3772,#3774,.T.);
#3772 = VERTEX_POINT('',#3773);
#3773 = CARTESIAN_POINT('',(2.842352447854,4.E-02,-2.112971833778));
#3774 = LINE('',#3775,#3776);
#3775 = CARTESIAN_POINT('',(2.842352447854,4.E-02,-2.112971833778));
#3776 = VECTOR('',#3777,1.);
#3777 = DIRECTION('',(0.866025403784,0.,0.5));
#3778 = ORIENTED_EDGE('',*,*,#3779,.T.);
#3779 = EDGE_CURVE('',#3772,#3606,#3780,.T.);
#3780 = LINE('',#3781,#3782);
#3781 = CARTESIAN_POINT('',(3.006352447853,4.E-02,-2.397028166218));
#3782 = VECTOR('',#3783,1.);
#3783 = DIRECTION('',(0.5,0.,-0.866025403784));
#3784 = PLANE('',#3785);
#3785 = AXIS2_PLACEMENT_3D('',#3786,#3787,#3788);
#3786 = CARTESIAN_POINT('',(2.881051177664,4.E-02,-2.279999999998));
#3787 = DIRECTION('',(0.,1.,0.));
#3788 = DIRECTION('',(-0.866025403784,0.,-0.5));
#3789 = ADVANCED_FACE('',(#3790),#3824,.T.);
#3790 = FACE_BOUND('',#3791,.T.);
#3791 = EDGE_LOOP('',(#3792,#3802,#3810,#3818));
#3792 = ORIENTED_EDGE('',*,*,#3793,.F.);
#3793 = EDGE_CURVE('',#3794,#3796,#3798,.T.);
#3794 = VERTEX_POINT('',#3795);
#3795 = CARTESIAN_POINT('',(2.919749907474,3.E-02,-2.447028166218));
#3796 = VERTEX_POINT('',#3797);
#3797 = CARTESIAN_POINT('',(3.006352447853,3.E-02,-2.397028166218));
#3798 = LINE('',#3799,#3800);
#3799 = CARTESIAN_POINT('',(2.919749907474,3.E-02,-2.447028166218));
#3800 = VECTOR('',#3801,1.);
#3801 = DIRECTION('',(0.866025403784,0.,0.5));
#3802 = ORIENTED_EDGE('',*,*,#3803,.T.);
#3803 = EDGE_CURVE('',#3794,#3804,#3806,.T.);
#3804 = VERTEX_POINT('',#3805);
#3805 = CARTESIAN_POINT('',(2.919749907474,4.E-02,-2.447028166218));
#3806 = LINE('',#3807,#3808);
#3807 = CARTESIAN_POINT('',(2.919749907474,3.E-02,-2.447028166218));
#3808 = VECTOR('',#3809,1.);
#3809 = DIRECTION('',(0.,1.,0.));
#3810 = ORIENTED_EDGE('',*,*,#3811,.F.);
#3811 = EDGE_CURVE('',#3812,#3804,#3814,.T.);
#3812 = VERTEX_POINT('',#3813);
#3813 = CARTESIAN_POINT('',(3.006352447853,4.E-02,-2.397028166218));
#3814 = LINE('',#3815,#3816);
#3815 = CARTESIAN_POINT('',(2.919749907474,4.E-02,-2.447028166218));
#3816 = VECTOR('',#3817,1.);
#3817 = DIRECTION('',(-0.866025403784,0.,-0.5));
#3818 = ORIENTED_EDGE('',*,*,#3819,.F.);
#3819 = EDGE_CURVE('',#3796,#3812,#3820,.T.);
#3820 = LINE('',#3821,#3822);
#3821 = CARTESIAN_POINT('',(3.006352447853,3.E-02,-2.397028166218));
#3822 = VECTOR('',#3823,1.);
#3823 = DIRECTION('',(0.,1.,0.));
#3824 = PLANE('',#3825);
#3825 = AXIS2_PLACEMENT_3D('',#3826,#3827,#3828);
#3826 = CARTESIAN_POINT('',(3.006352447853,3.E-02,-2.397028166218));
#3827 = DIRECTION('',(0.5,0.,-0.866025403784));
#3828 = DIRECTION('',(-0.866025403784,0.,-0.5));
#3829 = ADVANCED_FACE('',(#3830),#3855,.T.);
#3830 = FACE_BOUND('',#3831,.T.);
#3831 = EDGE_LOOP('',(#3832,#3840,#3841,#3847,#3848,#3849));
#3832 = ORIENTED_EDGE('',*,*,#3833,.F.);
#3833 = EDGE_CURVE('',#3796,#3834,#3836,.T.);
#3834 = VERTEX_POINT('',#3835);
#3835 = CARTESIAN_POINT('',(2.842352447854,3.E-02,-2.112971833778));
#3836 = LINE('',#3837,#3838);
#3837 = CARTESIAN_POINT('',(3.006352447853,3.E-02,-2.397028166218));
#3838 = VECTOR('',#3839,1.);
#3839 = DIRECTION('',(-0.5,0.,0.866025403784));
#3840 = ORIENTED_EDGE('',*,*,#3819,.T.);
#3841 = ORIENTED_EDGE('',*,*,#3842,.F.);
#3842 = EDGE_CURVE('',#3643,#3812,#3843,.T.);
#3843 = LINE('',#3844,#3845);
#3844 = CARTESIAN_POINT('',(3.006352447853,4.E-02,-2.397028166218));
#3845 = VECTOR('',#3846,1.);
#3846 = DIRECTION('',(0.5,0.,-0.866025403784));
#3847 = ORIENTED_EDGE('',*,*,#3650,.F.);
#3848 = ORIENTED_EDGE('',*,*,#3779,.F.);
#3849 = ORIENTED_EDGE('',*,*,#3850,.F.);
#3850 = EDGE_CURVE('',#3834,#3772,#3851,.T.);
#3851 = LINE('',#3852,#3853);
#3852 = CARTESIAN_POINT('',(2.842352447854,3.E-02,-2.112971833778));
#3853 = VECTOR('',#3854,1.);
#3854 = DIRECTION('',(0.,1.,0.));
#3855 = PLANE('',#3856);
#3856 = AXIS2_PLACEMENT_3D('',#3857,#3858,#3859);
#3857 = CARTESIAN_POINT('',(2.842352447854,3.E-02,-2.112971833778));
#3858 = DIRECTION('',(0.866025403784,0.,0.5));
#3859 = DIRECTION('',(0.5,0.,-0.866025403784));
#3860 = ADVANCED_FACE('',(#3861),#3879,.T.);
#3861 = FACE_BOUND('',#3862,.T.);
#3862 = EDGE_LOOP('',(#3863,#3871,#3872,#3873));
#3863 = ORIENTED_EDGE('',*,*,#3864,.F.);
#3864 = EDGE_CURVE('',#3834,#3865,#3867,.T.);
#3865 = VERTEX_POINT('',#3866);
#3866 = CARTESIAN_POINT('',(2.755749907475,3.E-02,-2.162971833778));
#3867 = LINE('',#3868,#3869);
#3868 = CARTESIAN_POINT('',(2.842352447854,3.E-02,-2.112971833778));
#3869 = VECTOR('',#3870,1.);
#3870 = DIRECTION('',(-0.866025403784,0.,-0.5));
#3871 = ORIENTED_EDGE('',*,*,#3850,.T.);
#3872 = ORIENTED_EDGE('',*,*,#3771,.F.);
#3873 = ORIENTED_EDGE('',*,*,#3874,.F.);
#3874 = EDGE_CURVE('',#3865,#3764,#3875,.T.);
#3875 = LINE('',#3876,#3877);
#3876 = CARTESIAN_POINT('',(2.755749907475,3.E-02,-2.162971833778));
#3877 = VECTOR('',#3878,1.);
#3878 = DIRECTION('',(0.,1.,0.));
#3879 = PLANE('',#3880);
#3880 = AXIS2_PLACEMENT_3D('',#3881,#3882,#3883);
#3881 = CARTESIAN_POINT('',(2.755749907475,3.E-02,-2.162971833778));
#3882 = DIRECTION('',(-0.5,0.,0.866025403784));
#3883 = DIRECTION('',(0.866025403784,0.,0.5));
#3884 = ADVANCED_FACE('',(#3885),#3903,.T.);
#3885 = FACE_BOUND('',#3886,.T.);
#3886 = EDGE_LOOP('',(#3887,#3893,#3894,#3895,#3896,#3902));
#3887 = ORIENTED_EDGE('',*,*,#3888,.F.);
#3888 = EDGE_CURVE('',#3865,#3794,#3889,.T.);
#3889 = LINE('',#3890,#3891);
#3890 = CARTESIAN_POINT('',(2.755749907475,3.E-02,-2.162971833778));
#3891 = VECTOR('',#3892,1.);
#3892 = DIRECTION('',(0.5,0.,-0.866025403784));
#3893 = ORIENTED_EDGE('',*,*,#3874,.T.);
#3894 = ORIENTED_EDGE('',*,*,#3763,.F.);
#3895 = ORIENTED_EDGE('',*,*,#3517,.F.);
#3896 = ORIENTED_EDGE('',*,*,#3897,.F.);
#3897 = EDGE_CURVE('',#3804,#3518,#3898,.T.);
#3898 = LINE('',#3899,#3900);
#3899 = CARTESIAN_POINT('',(2.755749907475,4.E-02,-2.162971833778));
#3900 = VECTOR('',#3901,1.);
#3901 = DIRECTION('',(-0.5,0.,0.866025403784));
#3902 = ORIENTED_EDGE('',*,*,#3803,.F.);
#3903 = PLANE('',#3904);
#3904 = AXIS2_PLACEMENT_3D('',#3905,#3906,#3907);
#3905 = CARTESIAN_POINT('',(2.919749907474,3.E-02,-2.447028166218));
#3906 = DIRECTION('',(-0.866025403784,0.,-0.5));
#3907 = DIRECTION('',(-0.5,0.,0.866025403784));
#3908 = ADVANCED_FACE('',(#3909),#3916,.T.);
#3909 = FACE_BOUND('',#3910,.T.);
#3910 = EDGE_LOOP('',(#3911,#3912,#3913,#3914,#3915));
#3911 = ORIENTED_EDGE('',*,*,#3702,.T.);
#3912 = ORIENTED_EDGE('',*,*,#3842,.T.);
#3913 = ORIENTED_EDGE('',*,*,#3811,.T.);
#3914 = ORIENTED_EDGE('',*,*,#3897,.T.);
#3915 = ORIENTED_EDGE('',*,*,#3732,.T.);
#3916 = PLANE('',#3917);
#3917 = AXIS2_PLACEMENT_3D('',#3918,#3919,#3920);
#3918 = CARTESIAN_POINT('',(2.881051177664,4.E-02,-2.279999999998));
#3919 = DIRECTION('',(0.,1.,0.));
#3920 = DIRECTION('',(-0.866025403784,0.,-0.5));
#3921 = ADVANCED_FACE('',(#3922),#3928,.F.);
#3922 = FACE_BOUND('',#3923,.T.);
#3923 = EDGE_LOOP('',(#3924,#3925,#3926,#3927));
#3924 = ORIENTED_EDGE('',*,*,#3888,.T.);
#3925 = ORIENTED_EDGE('',*,*,#3793,.T.);
#3926 = ORIENTED_EDGE('',*,*,#3833,.T.);
#3927 = ORIENTED_EDGE('',*,*,#3864,.T.);
#3928 = PLANE('',#3929);
#3929 = AXIS2_PLACEMENT_3D('',#3930,#3931,#3932);
#3930 = CARTESIAN_POINT('',(2.881051177664,3.E-02,-2.279999999998));
#3931 = DIRECTION('',(0.,1.,0.));
#3932 = DIRECTION('',(-0.5,0.,0.866025403784));
#3933 = ( GEOMETRIC_REPRESENTATION_CONTEXT(3) 
GLOBAL_UNCERTAINTY_ASSIGNED_CONTEXT((#3937)) 
GLOBAL_UNIT_ASSIGNED_CONTEXT((#3934,#3935,#3936)) REPRESENTATION_CONTEXT
('Context #1','3D Context with UNIT and UNCERTAINTY') );
#3934 = ( LENGTH_UNIT() NAMED_UNIT(*) SI_UNIT(.MILLI.,.METRE.) );
#3935 = ( NAMED_UNIT(*) PLANE_ANGLE_UNIT() SI_UNIT($,.RADIAN.) );
#3936 = ( NAMED_UNIT(*) SI_UNIT($,.STERADIAN.) SOLID_ANGLE_UNIT() );
#3937 = UNCERTAINTY_MEASURE_WITH_UNIT(LENGTH_MEASURE(5.E-04),#3934,
  'distance_accuracy_value','confusion accuracy');
#3938 = CONTEXT_DEPENDENT_SHAPE_REPRESENTATION(#3939,#3941);
#3939 = ( REPRESENTATION_RELATIONSHIP('','',#2705,#10) 
REPRESENTATION_RELATIONSHIP_WITH_TRANSFORMATION(#3940) 
SHAPE_REPRESENTATION_RELATIONSHIP() );
#3940 = ITEM_DEFINED_TRANSFORMATION('','',#11,#27);
#3941 = PRODUCT_DEFINITION_SHAPE('Placement','Placement of an item',
  #3942);
#3942 = NEXT_ASSEMBLY_USAGE_OCCURRENCE('4','Y-junction v042','',#5,#2700
  ,$);
#3943 = PRODUCT_RELATED_PRODUCT_CATEGORY('part',$,(#2702));
#3944 = MECHANICAL_DESIGN_GEOMETRIC_PRESENTATION_REPRESENTATION('',(
    #3945),#1441);
#3945 = STYLED_ITEM('color',(#3946),#1291);
#3946 = PRESENTATION_STYLE_ASSIGNMENT((#3947,#3953));
#3947 = SURFACE_STYLE_USAGE(.BOTH.,#3948);
#3948 = SURFACE_SIDE_STYLE('',(#3949));
#3949 = SURFACE_STYLE_FILL_AREA(#3950);
#3950 = FILL_AREA_STYLE('',(#3951));
#3951 = FILL_AREA_STYLE_COLOUR('',#3952);
#3952 = COLOUR_RGB('',0.627451011593,0.627451011593,0.627451011593);
#3953 = CURVE_STYLE('',#3954,POSITIVE_LENGTH_MEASURE(0.1),#3955);
#3954 = DRAUGHTING_PRE_DEFINED_CURVE_FONT('continuous');
#3955 = COLOUR_RGB('',9.803921802644E-02,9.803921802644E-02,
  9.803921802644E-02);
#3956 = MECHANICAL_DESIGN_GEOMETRIC_PRESENTATION_REPRESENTATION('',(
    #3957),#1272);
#3957 = STYLED_ITEM('color',(#3958),#45);
#3958 = PRESENTATION_STYLE_ASSIGNMENT((#3959,#3964));
#3959 = SURFACE_STYLE_USAGE(.BOTH.,#3960);
#3960 = SURFACE_SIDE_STYLE('',(#3961));
#3961 = SURFACE_STYLE_FILL_AREA(#3962);
#3962 = FILL_AREA_STYLE('',(#3963));
#3963 = FILL_AREA_STYLE_COLOUR('',#3952);
#3964 = CURVE_STYLE('',#3965,POSITIVE_LENGTH_MEASURE(0.1),#3955);
#3965 = DRAUGHTING_PRE_DEFINED_CURVE_FONT('continuous');
#3966 = MECHANICAL_DESIGN_GEOMETRIC_PRESENTATION_REPRESENTATION('',(
    #3967),#3933);
#3967 = STYLED_ITEM('color',(#3968),#2706);
#3968 = PRESENTATION_STYLE_ASSIGNMENT((#3969,#3974));
#3969 = SURFACE_STYLE_USAGE(.BOTH.,#3970);
#3970 = SURFACE_SIDE_STYLE('',(#3971));
#3971 = SURFACE_STYLE_FILL_AREA(#3972);
#3972 = FILL_AREA_STYLE('',(#3973));
#3973 = FILL_AREA_STYLE_COLOUR('',#3952);
#3974 = CURVE_STYLE('',#3975,POSITIVE_LENGTH_MEASURE(0.1),#3955);
#3975 = DRAUGHTING_PRE_DEFINED_CURVE_FONT('continuous');
#3976 = MECHANICAL_DESIGN_GEOMETRIC_PRESENTATION_REPRESENTATION('',(
    #3977),#2687);
#3977 = STYLED_ITEM('color',(#3978),#1460);
#3978 = PRESENTATION_STYLE_ASSIGNMENT((#3979,#3984));
#3979 = SURFACE_STYLE_USAGE(.BOTH.,#3980);
#3980 = SURFACE_SIDE_STYLE('',(#3981));
#3981 = SURFACE_STYLE_FILL_AREA(#3982);
#3982 = FILL_AREA_STYLE('',(#3983));
#3983 = FILL_AREA_STYLE_COLOUR('',#3952);
#3984 = CURVE_STYLE('',#3985,POSITIVE_LENGTH_MEASURE(0.1),#3955);
#3985 = DRAUGHTING_PRE_DEFINED_CURVE_FONT('continuous');
ENDSEC;
END-ISO-10303-21;
