ISO-10303-21;
HEADER;
/* Generated by software containing ST-Developer
 * from STEP Tools, Inc. (www.steptools.com) 
 */

FILE_DESCRIPTION(
/* description */ (''),
/* implementation_level */ '2;1');

FILE_NAME(
/* name */ 'Y-junction.step',
/* time_stamp */ '2026-05-20T18:37:53-07:00',
/* author */ (''),
/* organization */ (''),
/* preprocessor_version */ 'ST-DEVELOPER v20.1',
/* originating_system */ 'Autodesk Translation Framework v15.8.0.0',
/* authorisation */ '');

FILE_SCHEMA (('AUTOMOTIVE_DESIGN { 1 0 10303 214 3 1 1 }'));
ENDSEC;

DATA;
#10=MECHANICAL_DESIGN_GEOMETRIC_PRESENTATION_REPRESENTATION('',(#94,#95,
#96,#97,#98,#99,#100,#101,#102,#103,#104,#105,#106,#107,#108,#109,#110,
#111,#112,#113,#114,#115,#116,#117,#118,#119,#120,#121,#122,#123,#124,#125),
#8893);
#11=SHAPE_REPRESENTATION_RELATIONSHIP('SRR','None',#8900,#12);
#12=ADVANCED_BREP_SHAPE_REPRESENTATION('',(#126,#127,#128,#129,#130,#131,
#132,#133,#134,#135,#136,#137,#138,#139,#140,#141,#142,#143,#144,#145,#146,
#147,#148,#149,#150,#151,#152,#153,#154,#155,#156,#157),#8892);
#13=B_SPLINE_CURVE_WITH_KNOTS('',3,(#6461,#6462,#6463,#6464,#6465,#6466,
#6467,#6468,#6469,#6470,#6471,#6472,#6473,#6474,#6475,#6476,#6477,#6478,
#6479,#6480,#6481,#6482,#6483,#6484,#6485,#6486,#6487,#6488,#6489,#6490,
#6491,#6492,#6493,#6494,#6495,#6496,#6497),.UNSPECIFIED.,.F.,.F.,(4,3,3,
3,3,3,3,3,3,3,3,3,4),(0.,0.00230883048078008,0.00231479994752325,0.0023743710591528,
0.00239781758491619,0.00245451611918107,0.00250829101263628,0.00256174087170142,
0.0026180389145191,0.00264276932037806,0.00265362953855392,0.00267161199268965,
0.00306304391255506),.UNSPECIFIED.);
#14=B_SPLINE_CURVE_WITH_KNOTS('',3,(#6501,#6502,#6503,#6504,#6505,#6506,
#6507,#6508,#6509,#6510,#6511,#6512,#6513,#6514,#6515,#6516,#6517,#6518,
#6519,#6520,#6521,#6522),.UNSPECIFIED.,.F.,.F.,(4,3,3,3,3,3,3,4),(0.,0.399714110512906,
0.448396190528486,0.49507421432773,0.54165537513791,0.58824726893172,0.594442430575225,
1.),.UNSPECIFIED.);
#15=B_SPLINE_CURVE_WITH_KNOTS('',3,(#6565,#6566,#6567,#6568,#6569,#6570,
#6571,#6572,#6573,#6574,#6575,#6576,#6577,#6578,#6579,#6580,#6581,#6582,
#6583,#6584,#6585,#6586),.UNSPECIFIED.,.F.,.F.,(4,3,3,3,3,3,3,4),(0.,0.40850978990432,
0.456950096738964,0.503396300242092,0.549746121813509,0.59610662306459,
0.602271017242897,1.),.UNSPECIFIED.);
#16=B_SPLINE_CURVE_WITH_KNOTS('',3,(#6591,#6592,#6593,#6594,#6595,#6596,
#6597,#6598,#6599,#6600,#6601,#6602,#6603,#6604,#6605,#6606,#6607,#6608,
#6609,#6610,#6611,#6612,#6613,#6614,#6615,#6616,#6617,#6618,#6619,#6620,
#6621,#6622,#6623,#6624),.UNSPECIFIED.,.F.,.F.,(4,3,3,3,3,3,3,3,3,3,3,4),
(-0.00820516472691328,-0.00350863250558633,-0.00346640946950983,-0.00325983703648338,
-0.00323892600950836,-0.00305082300741198,-0.00286934471718673,-0.00268315634968092,
-0.00248526599168502,-0.00234190664732524,-0.00141399593593446,0.),
 .UNSPECIFIED.);
#17=B_SPLINE_CURVE_WITH_KNOTS('',3,(#6656,#6657,#6658,#6659,#6660,#6661,
#6662,#6663,#6664,#6665,#6666,#6667,#6668,#6669,#6670,#6671,#6672,#6673),
 .UNSPECIFIED.,.F.,.F.,(4,2,2,2,2,2,2,2,4),(0.,0.00225384189279724,0.00250089045828664,
0.00268217157066762,0.00285366871767951,0.00302245251752659,0.00319885415868659,
0.00340304869829864,0.00540556915671661),.UNSPECIFIED.);
#18=B_SPLINE_CURVE_WITH_KNOTS('',3,(#6713,#6714,#6715,#6716,#6717,#6718,
#6719,#6720,#6721,#6722,#6723,#6724,#6725,#6726,#6727,#6728,#6729,#6730,
#6731,#6732,#6733,#6734,#6735,#6736,#6737,#6738,#6739,#6740,#6741,#6742,
#6743,#6744,#6745,#6746),.UNSPECIFIED.,.F.,.F.,(4,3,3,3,3,3,3,3,3,3,3,4),
(-0.00820516472689239,-0.00350863250558362,-0.0034664094695074,-0.00325983703648131,
-0.00323892600950664,-0.00305082300741094,-0.00286934471718642,-0.00268315634968108,
-0.00248526599168503,-0.0023419066473252,-0.00141399593593443,0.),
 .UNSPECIFIED.);
#19=B_SPLINE_CURVE_WITH_KNOTS('',3,(#6780,#6781,#6782,#6783,#6784,#6785,
#6786,#6787),.UNSPECIFIED.,.F.,.F.,(4,2,2,4),(0.,0.40850978990432,0.602271017242897,
1.),.UNSPECIFIED.);
#20=B_SPLINE_CURVE_WITH_KNOTS('',3,(#6817,#6818,#6819,#6820,#6821,#6822,
#6823,#6824),.UNSPECIFIED.,.F.,.F.,(4,2,2,4),(0.,0.399714110512906,0.594442430575225,
1.),.UNSPECIFIED.);
#21=B_SPLINE_CURVE_WITH_KNOTS('',3,(#6879,#6880,#6881,#6882),
 .UNSPECIFIED.,.F.,.F.,(4,4),(-1.,0.),.UNSPECIFIED.);
#22=B_SPLINE_CURVE_WITH_KNOTS('',3,(#6901,#6902,#6903,#6904),
 .UNSPECIFIED.,.F.,.F.,(4,4),(-1.,0.),.UNSPECIFIED.);
#23=B_SPLINE_CURVE_WITH_KNOTS('',3,(#6958,#6959,#6960,#6961),
 .UNSPECIFIED.,.F.,.F.,(4,4),(-1.,0.),.UNSPECIFIED.);
#24=B_SPLINE_CURVE_WITH_KNOTS('',3,(#6979,#6980,#6981,#6982),
 .UNSPECIFIED.,.F.,.F.,(4,4),(-1.,0.),.UNSPECIFIED.);
#25=B_SPLINE_CURVE_WITH_KNOTS('',3,(#7766,#7767,#7768,#7769,#7770,#7771,
#7772,#7773,#7774,#7775,#7776,#7777,#7778,#7779,#7780,#7781,#7782,#7783,
#7784,#7785,#7786,#7787,#7788,#7789,#7790,#7791,#7792,#7793,#7794,#7795,
#7796,#7797,#7798,#7799,#7800,#7801,#7802),.UNSPECIFIED.,.F.,.F.,(4,3,3,
3,3,3,3,3,3,3,3,3,4),(0.,0.00230883048078008,0.00231479994752325,0.0023743710591528,
0.00239781758491619,0.00245451611918107,0.00250829101263628,0.00256174087170142,
0.0026180389145191,0.00264276932037806,0.00265362953855392,0.00267161199268965,
0.00306304391255506),.UNSPECIFIED.);
#26=B_SPLINE_CURVE_WITH_KNOTS('',3,(#7806,#7807,#7808,#7809,#7810,#7811,
#7812,#7813,#7814,#7815,#7816,#7817,#7818,#7819,#7820,#7821,#7822,#7823,
#7824,#7825,#7826,#7827),.UNSPECIFIED.,.F.,.F.,(4,3,3,3,3,3,3,4),(0.,0.399714110512906,
0.448396190528486,0.49507421432773,0.54165537513791,0.58824726893172,0.594442430575225,
1.),.UNSPECIFIED.);
#27=B_SPLINE_CURVE_WITH_KNOTS('',3,(#7870,#7871,#7872,#7873,#7874,#7875,
#7876,#7877,#7878,#7879,#7880,#7881,#7882,#7883,#7884,#7885,#7886,#7887,
#7888,#7889,#7890,#7891),.UNSPECIFIED.,.F.,.F.,(4,3,3,3,3,3,3,4),(0.,0.40850978990432,
0.456950096738964,0.503396300242092,0.549746121813509,0.59610662306459,
0.602271017242897,1.),.UNSPECIFIED.);
#28=B_SPLINE_CURVE_WITH_KNOTS('',3,(#7896,#7897,#7898,#7899,#7900,#7901,
#7902,#7903,#7904,#7905,#7906,#7907,#7908,#7909,#7910,#7911,#7912,#7913,
#7914,#7915,#7916,#7917,#7918,#7919,#7920,#7921,#7922,#7923,#7924,#7925,
#7926,#7927,#7928,#7929),.UNSPECIFIED.,.F.,.F.,(4,3,3,3,3,3,3,3,3,3,3,4),
(-0.00820516472691328,-0.00350863250558633,-0.00346640946950983,-0.00325983703648338,
-0.00323892600950836,-0.00305082300741198,-0.00286934471718673,-0.00268315634968092,
-0.00248526599168502,-0.00234190664732524,-0.00141399593593446,0.),
 .UNSPECIFIED.);
#29=B_SPLINE_CURVE_WITH_KNOTS('',3,(#7961,#7962,#7963,#7964,#7965,#7966,
#7967,#7968,#7969,#7970,#7971,#7972,#7973,#7974,#7975,#7976,#7977,#7978),
 .UNSPECIFIED.,.F.,.F.,(4,2,2,2,2,2,2,2,4),(0.,0.00225384189279724,0.00250089045828664,
0.00268217157066762,0.00285366871767951,0.00302245251752659,0.00319885415868659,
0.00340304869829864,0.00540556915671661),.UNSPECIFIED.);
#30=B_SPLINE_CURVE_WITH_KNOTS('',3,(#8018,#8019,#8020,#8021,#8022,#8023,
#8024,#8025,#8026,#8027,#8028,#8029,#8030,#8031,#8032,#8033,#8034,#8035,
#8036,#8037,#8038,#8039,#8040,#8041,#8042,#8043,#8044,#8045,#8046,#8047,
#8048,#8049,#8050,#8051),.UNSPECIFIED.,.F.,.F.,(4,3,3,3,3,3,3,3,3,3,3,4),
(-0.00820516472689239,-0.00350863250558362,-0.0034664094695074,-0.00325983703648131,
-0.00323892600950664,-0.00305082300741094,-0.00286934471718642,-0.00268315634968108,
-0.00248526599168503,-0.0023419066473252,-0.00141399593593443,0.),
 .UNSPECIFIED.);
#31=B_SPLINE_CURVE_WITH_KNOTS('',3,(#8085,#8086,#8087,#8088,#8089,#8090,
#8091,#8092),.UNSPECIFIED.,.F.,.F.,(4,2,2,4),(0.,0.40850978990432,0.602271017242897,
1.),.UNSPECIFIED.);
#32=B_SPLINE_CURVE_WITH_KNOTS('',3,(#8122,#8123,#8124,#8125,#8126,#8127,
#8128,#8129),.UNSPECIFIED.,.F.,.F.,(4,2,2,4),(0.,0.399714110512906,0.594442430575225,
1.),.UNSPECIFIED.);
#33=B_SPLINE_CURVE_WITH_KNOTS('',3,(#8184,#8185,#8186,#8187),
 .UNSPECIFIED.,.F.,.F.,(4,4),(-1.,0.),.UNSPECIFIED.);
#34=B_SPLINE_CURVE_WITH_KNOTS('',3,(#8206,#8207,#8208,#8209),
 .UNSPECIFIED.,.F.,.F.,(4,4),(-1.,0.),.UNSPECIFIED.);
#35=B_SPLINE_CURVE_WITH_KNOTS('',3,(#8263,#8264,#8265,#8266),
 .UNSPECIFIED.,.F.,.F.,(4,4),(-1.,0.),.UNSPECIFIED.);
#36=B_SPLINE_CURVE_WITH_KNOTS('',3,(#8284,#8285,#8286,#8287),
 .UNSPECIFIED.,.F.,.F.,(4,4),(-1.,0.),.UNSPECIFIED.);
#37=B_SPLINE_CURVE_WITH_KNOTS('',3,(#8339,#8340,#8341,#8342,#8343,#8344,
#8345,#8346,#8347,#8348,#8349,#8350,#8351,#8352,#8353,#8354,#8355,#8356,
#8357,#8358,#8359,#8360,#8361,#8362,#8363,#8364,#8365,#8366,#8367,#8368,
#8369,#8370,#8371,#8372,#8373,#8374,#8375),.UNSPECIFIED.,.F.,.F.,(4,3,3,
3,3,3,3,3,3,3,3,3,4),(0.,0.00230883048078008,0.00231479994752325,0.0023743710591528,
0.00239781758491619,0.00245451611918107,0.00250829101263628,0.00256174087170142,
0.0026180389145191,0.00264276932037806,0.00265362953855392,0.00267161199268965,
0.00306304391255506),.UNSPECIFIED.);
#38=B_SPLINE_CURVE_WITH_KNOTS('',3,(#8379,#8380,#8381,#8382,#8383,#8384,
#8385,#8386,#8387,#8388,#8389,#8390,#8391,#8392,#8393,#8394,#8395,#8396,
#8397,#8398,#8399,#8400),.UNSPECIFIED.,.F.,.F.,(4,3,3,3,3,3,3,4),(0.,0.399714110512906,
0.448396190528486,0.49507421432773,0.54165537513791,0.58824726893172,0.594442430575225,
1.),.UNSPECIFIED.);
#39=B_SPLINE_CURVE_WITH_KNOTS('',3,(#8443,#8444,#8445,#8446,#8447,#8448,
#8449,#8450,#8451,#8452,#8453,#8454,#8455,#8456,#8457,#8458,#8459,#8460,
#8461,#8462,#8463,#8464),.UNSPECIFIED.,.F.,.F.,(4,3,3,3,3,3,3,4),(0.,0.40850978990432,
0.456950096738964,0.503396300242092,0.549746121813509,0.59610662306459,
0.602271017242897,1.),.UNSPECIFIED.);
#40=B_SPLINE_CURVE_WITH_KNOTS('',3,(#8469,#8470,#8471,#8472,#8473,#8474,
#8475,#8476,#8477,#8478,#8479,#8480,#8481,#8482,#8483,#8484,#8485,#8486,
#8487,#8488,#8489,#8490,#8491,#8492,#8493,#8494,#8495,#8496,#8497,#8498,
#8499,#8500,#8501,#8502),.UNSPECIFIED.,.F.,.F.,(4,3,3,3,3,3,3,3,3,3,3,4),
(-0.00820516472691328,-0.00350863250558633,-0.00346640946950983,-0.00325983703648338,
-0.00323892600950836,-0.00305082300741198,-0.00286934471718673,-0.00268315634968092,
-0.00248526599168502,-0.00234190664732524,-0.00141399593593446,0.),
 .UNSPECIFIED.);
#41=B_SPLINE_CURVE_WITH_KNOTS('',3,(#8534,#8535,#8536,#8537,#8538,#8539,
#8540,#8541,#8542,#8543,#8544,#8545,#8546,#8547,#8548,#8549,#8550,#8551),
 .UNSPECIFIED.,.F.,.F.,(4,2,2,2,2,2,2,2,4),(0.,0.00225384189279724,0.00250089045828664,
0.00268217157066762,0.00285366871767951,0.00302245251752659,0.00319885415868659,
0.00340304869829864,0.00540556915671661),.UNSPECIFIED.);
#42=B_SPLINE_CURVE_WITH_KNOTS('',3,(#8591,#8592,#8593,#8594,#8595,#8596,
#8597,#8598,#8599,#8600,#8601,#8602,#8603,#8604,#8605,#8606,#8607,#8608,
#8609,#8610,#8611,#8612,#8613,#8614,#8615,#8616,#8617,#8618,#8619,#8620,
#8621,#8622,#8623,#8624),.UNSPECIFIED.,.F.,.F.,(4,3,3,3,3,3,3,3,3,3,3,4),
(-0.00820516472689239,-0.00350863250558362,-0.0034664094695074,-0.00325983703648131,
-0.00323892600950664,-0.00305082300741094,-0.00286934471718642,-0.00268315634968108,
-0.00248526599168503,-0.0023419066473252,-0.00141399593593443,0.),
 .UNSPECIFIED.);
#43=B_SPLINE_CURVE_WITH_KNOTS('',3,(#8658,#8659,#8660,#8661,#8662,#8663,
#8664,#8665),.UNSPECIFIED.,.F.,.F.,(4,2,2,4),(0.,0.40850978990432,0.602271017242897,
1.),.UNSPECIFIED.);
#44=B_SPLINE_CURVE_WITH_KNOTS('',3,(#8695,#8696,#8697,#8698,#8699,#8700,
#8701,#8702),.UNSPECIFIED.,.F.,.F.,(4,2,2,4),(0.,0.399714110512906,0.594442430575225,
1.),.UNSPECIFIED.);
#45=B_SPLINE_CURVE_WITH_KNOTS('',3,(#8757,#8758,#8759,#8760),
 .UNSPECIFIED.,.F.,.F.,(4,4),(-1.,0.),.UNSPECIFIED.);
#46=B_SPLINE_CURVE_WITH_KNOTS('',3,(#8779,#8780,#8781,#8782),
 .UNSPECIFIED.,.F.,.F.,(4,4),(-1.,0.),.UNSPECIFIED.);
#47=B_SPLINE_CURVE_WITH_KNOTS('',3,(#8836,#8837,#8838,#8839),
 .UNSPECIFIED.,.F.,.F.,(4,4),(-1.,0.),.UNSPECIFIED.);
#48=B_SPLINE_CURVE_WITH_KNOTS('',3,(#8857,#8858,#8859,#8860),
 .UNSPECIFIED.,.F.,.F.,(4,4),(-1.,0.),.UNSPECIFIED.);
#49=B_SPLINE_SURFACE_WITH_KNOTS('',3,1,((#6439,#6440),(#6441,#6442),(#6443,
#6444),(#6445,#6446),(#6447,#6448),(#6449,#6450),(#6451,#6452),(#6453,#6454),
(#6455,#6456),(#6457,#6458)),.UNSPECIFIED.,.F.,.F.,.F.,(4,3,3,4),(2,2),
(0.,0.399714110512906,0.594442430575225,1.),(0.,0.0358000000000257),
 .UNSPECIFIED.);
#50=B_SPLINE_SURFACE_WITH_KNOTS('',3,1,((#6544,#6545),(#6546,#6547),(#6548,
#6549),(#6550,#6551),(#6552,#6553),(#6554,#6555),(#6556,#6557),(#6558,#6559),
(#6560,#6561),(#6562,#6563)),.UNSPECIFIED.,.F.,.F.,.F.,(4,3,3,4),(2,2),
(0.,0.40850978990432,0.602271017242897,1.),(-0.00170119022204623,0.0358000000000257),
 .UNSPECIFIED.);
#51=B_SPLINE_SURFACE_WITH_KNOTS('',3,1,((#6635,#6636),(#6637,#6638),(#6639,
#6640),(#6641,#6642),(#6643,#6644),(#6645,#6646),(#6647,#6648),(#6649,#6650),
(#6651,#6652),(#6653,#6654)),.UNSPECIFIED.,.F.,.F.,.F.,(4,3,3,4),(2,2),
(0.,0.399714110512906,0.594442430575225,1.),(0.,0.0115965512114593),
 .UNSPECIFIED.);
#52=B_SPLINE_SURFACE_WITH_KNOTS('',3,1,((#6687,#6688),(#6689,#6690),(#6691,
#6692),(#6693,#6694),(#6695,#6696),(#6697,#6698),(#6699,#6700),(#6701,#6702),
(#6703,#6704),(#6705,#6706)),.UNSPECIFIED.,.F.,.F.,.F.,(4,3,3,4),(2,2),
(0.,0.40850978990432,0.602271017242897,1.),(-0.00392025563590239,0.0155168068473617),
 .UNSPECIFIED.);
#53=B_SPLINE_SURFACE_WITH_KNOTS('',3,1,((#6759,#6760),(#6761,#6762),(#6763,
#6764),(#6765,#6766),(#6767,#6768),(#6769,#6770),(#6771,#6772),(#6773,#6774),
(#6775,#6776),(#6777,#6778)),.UNSPECIFIED.,.F.,.F.,.F.,(4,3,3,4),(2,2),
(0.,0.40850978990432,0.602271017242897,1.),(0.,0.0167011902220462),
 .UNSPECIFIED.);
#54=B_SPLINE_SURFACE_WITH_KNOTS('',3,1,((#6797,#6798),(#6799,#6800),(#6801,
#6802),(#6803,#6804),(#6805,#6806),(#6807,#6808),(#6809,#6810),(#6811,#6812),
(#6813,#6814),(#6815,#6816)),.UNSPECIFIED.,.F.,.F.,.F.,(4,3,3,4),(2,2),
(0.,0.399714110512906,0.594442430575225,1.),(0.,0.015),.UNSPECIFIED.);
#55=B_SPLINE_SURFACE_WITH_KNOTS('',3,3,((#6825,#6826,#6827,#6828),(#6829,
#6830,#6831,#6832),(#6833,#6834,#6835,#6836),(#6837,#6838,#6839,#6840),
(#6841,#6842,#6843,#6844),(#6845,#6846,#6847,#6848),(#6849,#6850,#6851,
#6852),(#6853,#6854,#6855,#6856)),.UNSPECIFIED.,.F.,.F.,.F.,(4,2,2,4),(4,
4),(0.,0.399714110512906,0.594442430575225,1.),(0.,1.),.UNSPECIFIED.);
#56=B_SPLINE_SURFACE_WITH_KNOTS('',3,3,((#6862,#6863,#6864,#6865),(#6866,
#6867,#6868,#6869),(#6870,#6871,#6872,#6873),(#6874,#6875,#6876,#6877)),
 .UNSPECIFIED.,.F.,.F.,.F.,(4,4),(4,4),(0.,1.),(0.,1.),.UNSPECIFIED.);
#57=B_SPLINE_SURFACE_WITH_KNOTS('',3,3,((#6884,#6885,#6886,#6887),(#6888,
#6889,#6890,#6891),(#6892,#6893,#6894,#6895),(#6896,#6897,#6898,#6899)),
 .UNSPECIFIED.,.F.,.F.,.F.,(4,4),(4,4),(0.,1.),(0.,1.),.UNSPECIFIED.);
#58=B_SPLINE_SURFACE_WITH_KNOTS('',3,3,((#6906,#6907,#6908,#6909),(#6910,
#6911,#6912,#6913),(#6914,#6915,#6916,#6917),(#6918,#6919,#6920,#6921),
(#6922,#6923,#6924,#6925),(#6926,#6927,#6928,#6929),(#6930,#6931,#6932,
#6933),(#6934,#6935,#6936,#6937)),.UNSPECIFIED.,.F.,.F.,.F.,(4,2,2,4),(4,
4),(0.,0.40850978990432,0.602271017242897,1.),(0.,1.),.UNSPECIFIED.);
#59=B_SPLINE_SURFACE_WITH_KNOTS('',3,3,((#6941,#6942,#6943,#6944),(#6945,
#6946,#6947,#6948),(#6949,#6950,#6951,#6952),(#6953,#6954,#6955,#6956)),
 .UNSPECIFIED.,.F.,.F.,.F.,(4,4),(4,4),(0.,1.),(0.,1.),.UNSPECIFIED.);
#60=B_SPLINE_SURFACE_WITH_KNOTS('',3,3,((#6963,#6964,#6965,#6966),(#6967,
#6968,#6969,#6970),(#6971,#6972,#6973,#6974),(#6975,#6976,#6977,#6978)),
 .UNSPECIFIED.,.F.,.F.,.F.,(4,4),(4,4),(0.,1.),(0.,1.),.UNSPECIFIED.);
#61=B_SPLINE_SURFACE_WITH_KNOTS('',3,1,((#7744,#7745),(#7746,#7747),(#7748,
#7749),(#7750,#7751),(#7752,#7753),(#7754,#7755),(#7756,#7757),(#7758,#7759),
(#7760,#7761),(#7762,#7763)),.UNSPECIFIED.,.F.,.F.,.F.,(4,3,3,4),(2,2),
(0.,0.399714110512906,0.594442430575225,1.),(0.,0.0358000000000257),
 .UNSPECIFIED.);
#62=B_SPLINE_SURFACE_WITH_KNOTS('',3,1,((#7849,#7850),(#7851,#7852),(#7853,
#7854),(#7855,#7856),(#7857,#7858),(#7859,#7860),(#7861,#7862),(#7863,#7864),
(#7865,#7866),(#7867,#7868)),.UNSPECIFIED.,.F.,.F.,.F.,(4,3,3,4),(2,2),
(0.,0.40850978990432,0.602271017242897,1.),(-0.00170119022204623,0.0358000000000257),
 .UNSPECIFIED.);
#63=B_SPLINE_SURFACE_WITH_KNOTS('',3,1,((#7940,#7941),(#7942,#7943),(#7944,
#7945),(#7946,#7947),(#7948,#7949),(#7950,#7951),(#7952,#7953),(#7954,#7955),
(#7956,#7957),(#7958,#7959)),.UNSPECIFIED.,.F.,.F.,.F.,(4,3,3,4),(2,2),
(0.,0.399714110512906,0.594442430575225,1.),(0.,0.0115965512114593),
 .UNSPECIFIED.);
#64=B_SPLINE_SURFACE_WITH_KNOTS('',3,1,((#7992,#7993),(#7994,#7995),(#7996,
#7997),(#7998,#7999),(#8000,#8001),(#8002,#8003),(#8004,#8005),(#8006,#8007),
(#8008,#8009),(#8010,#8011)),.UNSPECIFIED.,.F.,.F.,.F.,(4,3,3,4),(2,2),
(0.,0.40850978990432,0.602271017242897,1.),(-0.00392025563590239,0.0155168068473617),
 .UNSPECIFIED.);
#65=B_SPLINE_SURFACE_WITH_KNOTS('',3,1,((#8064,#8065),(#8066,#8067),(#8068,
#8069),(#8070,#8071),(#8072,#8073),(#8074,#8075),(#8076,#8077),(#8078,#8079),
(#8080,#8081),(#8082,#8083)),.UNSPECIFIED.,.F.,.F.,.F.,(4,3,3,4),(2,2),
(0.,0.40850978990432,0.602271017242897,1.),(0.,0.0167011902220462),
 .UNSPECIFIED.);
#66=B_SPLINE_SURFACE_WITH_KNOTS('',3,1,((#8102,#8103),(#8104,#8105),(#8106,
#8107),(#8108,#8109),(#8110,#8111),(#8112,#8113),(#8114,#8115),(#8116,#8117),
(#8118,#8119),(#8120,#8121)),.UNSPECIFIED.,.F.,.F.,.F.,(4,3,3,4),(2,2),
(0.,0.399714110512906,0.594442430575225,1.),(0.,0.015),.UNSPECIFIED.);
#67=B_SPLINE_SURFACE_WITH_KNOTS('',3,3,((#8130,#8131,#8132,#8133),(#8134,
#8135,#8136,#8137),(#8138,#8139,#8140,#8141),(#8142,#8143,#8144,#8145),
(#8146,#8147,#8148,#8149),(#8150,#8151,#8152,#8153),(#8154,#8155,#8156,
#8157),(#8158,#8159,#8160,#8161)),.UNSPECIFIED.,.F.,.F.,.F.,(4,2,2,4),(4,
4),(0.,0.399714110512906,0.594442430575225,1.),(0.,1.),.UNSPECIFIED.);
#68=B_SPLINE_SURFACE_WITH_KNOTS('',3,3,((#8167,#8168,#8169,#8170),(#8171,
#8172,#8173,#8174),(#8175,#8176,#8177,#8178),(#8179,#8180,#8181,#8182)),
 .UNSPECIFIED.,.F.,.F.,.F.,(4,4),(4,4),(0.,1.),(0.,1.),.UNSPECIFIED.);
#69=B_SPLINE_SURFACE_WITH_KNOTS('',3,3,((#8189,#8190,#8191,#8192),(#8193,
#8194,#8195,#8196),(#8197,#8198,#8199,#8200),(#8201,#8202,#8203,#8204)),
 .UNSPECIFIED.,.F.,.F.,.F.,(4,4),(4,4),(0.,1.),(0.,1.),.UNSPECIFIED.);
#70=B_SPLINE_SURFACE_WITH_KNOTS('',3,3,((#8211,#8212,#8213,#8214),(#8215,
#8216,#8217,#8218),(#8219,#8220,#8221,#8222),(#8223,#8224,#8225,#8226),
(#8227,#8228,#8229,#8230),(#8231,#8232,#8233,#8234),(#8235,#8236,#8237,
#8238),(#8239,#8240,#8241,#8242)),.UNSPECIFIED.,.F.,.F.,.F.,(4,2,2,4),(4,
4),(0.,0.40850978990432,0.602271017242897,1.),(0.,1.),.UNSPECIFIED.);
#71=B_SPLINE_SURFACE_WITH_KNOTS('',3,3,((#8246,#8247,#8248,#8249),(#8250,
#8251,#8252,#8253),(#8254,#8255,#8256,#8257),(#8258,#8259,#8260,#8261)),
 .UNSPECIFIED.,.F.,.F.,.F.,(4,4),(4,4),(0.,1.),(0.,1.),.UNSPECIFIED.);
#72=B_SPLINE_SURFACE_WITH_KNOTS('',3,3,((#8268,#8269,#8270,#8271),(#8272,
#8273,#8274,#8275),(#8276,#8277,#8278,#8279),(#8280,#8281,#8282,#8283)),
 .UNSPECIFIED.,.F.,.F.,.F.,(4,4),(4,4),(0.,1.),(0.,1.),.UNSPECIFIED.);
#73=B_SPLINE_SURFACE_WITH_KNOTS('',3,1,((#8317,#8318),(#8319,#8320),(#8321,
#8322),(#8323,#8324),(#8325,#8326),(#8327,#8328),(#8329,#8330),(#8331,#8332),
(#8333,#8334),(#8335,#8336)),.UNSPECIFIED.,.F.,.F.,.F.,(4,3,3,4),(2,2),
(0.,0.399714110512906,0.594442430575225,1.),(0.,0.0358000000000257),
 .UNSPECIFIED.);
#74=B_SPLINE_SURFACE_WITH_KNOTS('',3,1,((#8422,#8423),(#8424,#8425),(#8426,
#8427),(#8428,#8429),(#8430,#8431),(#8432,#8433),(#8434,#8435),(#8436,#8437),
(#8438,#8439),(#8440,#8441)),.UNSPECIFIED.,.F.,.F.,.F.,(4,3,3,4),(2,2),
(0.,0.40850978990432,0.602271017242897,1.),(-0.00170119022204623,0.0358000000000257),
 .UNSPECIFIED.);
#75=B_SPLINE_SURFACE_WITH_KNOTS('',3,1,((#8513,#8514),(#8515,#8516),(#8517,
#8518),(#8519,#8520),(#8521,#8522),(#8523,#8524),(#8525,#8526),(#8527,#8528),
(#8529,#8530),(#8531,#8532)),.UNSPECIFIED.,.F.,.F.,.F.,(4,3,3,4),(2,2),
(0.,0.399714110512906,0.594442430575225,1.),(0.,0.0115965512114593),
 .UNSPECIFIED.);
#76=B_SPLINE_SURFACE_WITH_KNOTS('',3,1,((#8565,#8566),(#8567,#8568),(#8569,
#8570),(#8571,#8572),(#8573,#8574),(#8575,#8576),(#8577,#8578),(#8579,#8580),
(#8581,#8582),(#8583,#8584)),.UNSPECIFIED.,.F.,.F.,.F.,(4,3,3,4),(2,2),
(0.,0.40850978990432,0.602271017242897,1.),(-0.00392025563590239,0.0155168068473617),
 .UNSPECIFIED.);
#77=B_SPLINE_SURFACE_WITH_KNOTS('',3,1,((#8637,#8638),(#8639,#8640),(#8641,
#8642),(#8643,#8644),(#8645,#8646),(#8647,#8648),(#8649,#8650),(#8651,#8652),
(#8653,#8654),(#8655,#8656)),.UNSPECIFIED.,.F.,.F.,.F.,(4,3,3,4),(2,2),
(0.,0.40850978990432,0.602271017242897,1.),(0.,0.0167011902220462),
 .UNSPECIFIED.);
#78=B_SPLINE_SURFACE_WITH_KNOTS('',3,1,((#8675,#8676),(#8677,#8678),(#8679,
#8680),(#8681,#8682),(#8683,#8684),(#8685,#8686),(#8687,#8688),(#8689,#8690),
(#8691,#8692),(#8693,#8694)),.UNSPECIFIED.,.F.,.F.,.F.,(4,3,3,4),(2,2),
(0.,0.399714110512906,0.594442430575225,1.),(0.,0.015),.UNSPECIFIED.);
#79=B_SPLINE_SURFACE_WITH_KNOTS('',3,3,((#8703,#8704,#8705,#8706),(#8707,
#8708,#8709,#8710),(#8711,#8712,#8713,#8714),(#8715,#8716,#8717,#8718),
(#8719,#8720,#8721,#8722),(#8723,#8724,#8725,#8726),(#8727,#8728,#8729,
#8730),(#8731,#8732,#8733,#8734)),.UNSPECIFIED.,.F.,.F.,.F.,(4,2,2,4),(4,
4),(0.,0.399714110512906,0.594442430575225,1.),(0.,1.),.UNSPECIFIED.);
#80=B_SPLINE_SURFACE_WITH_KNOTS('',3,3,((#8740,#8741,#8742,#8743),(#8744,
#8745,#8746,#8747),(#8748,#8749,#8750,#8751),(#8752,#8753,#8754,#8755)),
 .UNSPECIFIED.,.F.,.F.,.F.,(4,4),(4,4),(0.,1.),(0.,1.),.UNSPECIFIED.);
#81=B_SPLINE_SURFACE_WITH_KNOTS('',3,3,((#8762,#8763,#8764,#8765),(#8766,
#8767,#8768,#8769),(#8770,#8771,#8772,#8773),(#8774,#8775,#8776,#8777)),
 .UNSPECIFIED.,.F.,.F.,.F.,(4,4),(4,4),(0.,1.),(0.,1.),.UNSPECIFIED.);
#82=B_SPLINE_SURFACE_WITH_KNOTS('',3,3,((#8784,#8785,#8786,#8787),(#8788,
#8789,#8790,#8791),(#8792,#8793,#8794,#8795),(#8796,#8797,#8798,#8799),
(#8800,#8801,#8802,#8803),(#8804,#8805,#8806,#8807),(#8808,#8809,#8810,
#8811),(#8812,#8813,#8814,#8815)),.UNSPECIFIED.,.F.,.F.,.F.,(4,2,2,4),(4,
4),(0.,0.40850978990432,0.602271017242897,1.),(0.,1.),.UNSPECIFIED.);
#83=B_SPLINE_SURFACE_WITH_KNOTS('',3,3,((#8819,#8820,#8821,#8822),(#8823,
#8824,#8825,#8826),(#8827,#8828,#8829,#8830),(#8831,#8832,#8833,#8834)),
 .UNSPECIFIED.,.F.,.F.,.F.,(4,4),(4,4),(0.,1.),(0.,1.),.UNSPECIFIED.);
#84=B_SPLINE_SURFACE_WITH_KNOTS('',3,3,((#8841,#8842,#8843,#8844),(#8845,
#8846,#8847,#8848),(#8849,#8850,#8851,#8852),(#8853,#8854,#8855,#8856)),
 .UNSPECIFIED.,.F.,.F.,.F.,(4,4),(4,4),(0.,1.),(0.,1.),.UNSPECIFIED.);
#85=CIRCLE('',#4889,0.00300000000000084);
#86=CIRCLE('',#4890,0.00300000000000084);
#87=CIRCLE('',#4906,0.00300000000000078);
#88=CIRCLE('',#4907,0.00300000000000078);
#89=CIRCLE('',#5030,0.00300000000000087);
#90=CIRCLE('',#5031,0.00300000000000087);
#91=CYLINDRICAL_SURFACE('',#4888,0.00300000000000084);
#92=CYLINDRICAL_SURFACE('',#4905,0.00300000000000078);
#93=CYLINDRICAL_SURFACE('',#5029,0.00300000000000087);
#94=STYLED_ITEM('',(#8909),#126);
#95=STYLED_ITEM('',(#8909),#127);
#96=STYLED_ITEM('',(#8909),#128);
#97=STYLED_ITEM('',(#8909),#129);
#98=STYLED_ITEM('',(#8909),#130);
#99=STYLED_ITEM('',(#8909),#131);
#100=STYLED_ITEM('',(#8909),#132);
#101=STYLED_ITEM('',(#8909),#133);
#102=STYLED_ITEM('',(#8909),#134);
#103=STYLED_ITEM('',(#8909),#135);
#104=STYLED_ITEM('',(#8909),#136);
#105=STYLED_ITEM('',(#8909),#137);
#106=STYLED_ITEM('',(#8909),#138);
#107=STYLED_ITEM('',(#8909),#139);
#108=STYLED_ITEM('',(#8909),#140);
#109=STYLED_ITEM('',(#8909),#141);
#110=STYLED_ITEM('',(#8909),#142);
#111=STYLED_ITEM('',(#8909),#143);
#112=STYLED_ITEM('',(#8909),#144);
#113=STYLED_ITEM('',(#8909),#145);
#114=STYLED_ITEM('',(#8909),#146);
#115=STYLED_ITEM('',(#8909),#147);
#116=STYLED_ITEM('',(#8909),#148);
#117=STYLED_ITEM('',(#8909),#149);
#118=STYLED_ITEM('',(#8909),#150);
#119=STYLED_ITEM('',(#8909),#151);
#120=STYLED_ITEM('',(#8909),#152);
#121=STYLED_ITEM('',(#8909),#153);
#122=STYLED_ITEM('',(#8909),#154);
#123=STYLED_ITEM('',(#8909),#155);
#124=STYLED_ITEM('',(#8909),#156);
#125=STYLED_ITEM('',(#8909),#157);
#126=MANIFOLD_SOLID_BREP('Body102',#4833);
#127=MANIFOLD_SOLID_BREP('Body110',#4834);
#128=MANIFOLD_SOLID_BREP('Body109',#4835);
#129=MANIFOLD_SOLID_BREP('Body108',#4836);
#130=MANIFOLD_SOLID_BREP('Body107',#4837);
#131=MANIFOLD_SOLID_BREP('Body88',#4838);
#132=MANIFOLD_SOLID_BREP('Body94',#4839);
#133=MANIFOLD_SOLID_BREP('Body117',#4840);
#134=MANIFOLD_SOLID_BREP('Body118',#4841);
#135=MANIFOLD_SOLID_BREP('Body119',#4842);
#136=MANIFOLD_SOLID_BREP('Body120',#4843);
#137=MANIFOLD_SOLID_BREP('Body121',#4844);
#138=MANIFOLD_SOLID_BREP('Body112',#4845);
#139=MANIFOLD_SOLID_BREP('Body103',#4846);
#140=MANIFOLD_SOLID_BREP('Body104',#4847);
#141=MANIFOLD_SOLID_BREP('Body105',#4848);
#142=MANIFOLD_SOLID_BREP('Body106',#4849);
#143=MANIFOLD_SOLID_BREP('Body91',#4850);
#144=MANIFOLD_SOLID_BREP('Body66',#4851);
#145=MANIFOLD_SOLID_BREP('Body116',#4852);
#146=MANIFOLD_SOLID_BREP('Body115',#4853);
#147=MANIFOLD_SOLID_BREP('Body114',#4854);
#148=MANIFOLD_SOLID_BREP('Body113',#4855);
#149=MANIFOLD_SOLID_BREP('Body122',#4856);
#150=MANIFOLD_SOLID_BREP('Body123',#4857);
#151=MANIFOLD_SOLID_BREP('Body124',#4858);
#152=MANIFOLD_SOLID_BREP('Body125',#4859);
#153=MANIFOLD_SOLID_BREP('Body126',#4860);
#154=MANIFOLD_SOLID_BREP('Body127',#4861);
#155=MANIFOLD_SOLID_BREP('Body128',#4862);
#156=MANIFOLD_SOLID_BREP('Body100',#4863);
#157=MANIFOLD_SOLID_BREP('Body101',#4864);
#158=FACE_OUTER_BOUND('',#452,.T.);
#159=FACE_OUTER_BOUND('',#453,.T.);
#160=FACE_OUTER_BOUND('',#454,.T.);
#161=FACE_OUTER_BOUND('',#455,.T.);
#162=FACE_OUTER_BOUND('',#456,.T.);
#163=FACE_OUTER_BOUND('',#457,.T.);
#164=FACE_OUTER_BOUND('',#458,.T.);
#165=FACE_OUTER_BOUND('',#459,.T.);
#166=FACE_OUTER_BOUND('',#460,.T.);
#167=FACE_OUTER_BOUND('',#461,.T.);
#168=FACE_OUTER_BOUND('',#462,.T.);
#169=FACE_OUTER_BOUND('',#463,.T.);
#170=FACE_OUTER_BOUND('',#464,.T.);
#171=FACE_OUTER_BOUND('',#465,.T.);
#172=FACE_OUTER_BOUND('',#466,.T.);
#173=FACE_OUTER_BOUND('',#467,.T.);
#174=FACE_OUTER_BOUND('',#468,.T.);
#175=FACE_OUTER_BOUND('',#469,.T.);
#176=FACE_OUTER_BOUND('',#470,.T.);
#177=FACE_OUTER_BOUND('',#471,.T.);
#178=FACE_OUTER_BOUND('',#472,.T.);
#179=FACE_OUTER_BOUND('',#473,.T.);
#180=FACE_OUTER_BOUND('',#474,.T.);
#181=FACE_OUTER_BOUND('',#475,.T.);
#182=FACE_OUTER_BOUND('',#476,.T.);
#183=FACE_OUTER_BOUND('',#477,.T.);
#184=FACE_OUTER_BOUND('',#478,.T.);
#185=FACE_OUTER_BOUND('',#479,.T.);
#186=FACE_OUTER_BOUND('',#480,.T.);
#187=FACE_OUTER_BOUND('',#481,.T.);
#188=FACE_OUTER_BOUND('',#482,.T.);
#189=FACE_OUTER_BOUND('',#483,.T.);
#190=FACE_OUTER_BOUND('',#484,.T.);
#191=FACE_OUTER_BOUND('',#485,.T.);
#192=FACE_OUTER_BOUND('',#486,.T.);
#193=FACE_OUTER_BOUND('',#487,.T.);
#194=FACE_OUTER_BOUND('',#488,.T.);
#195=FACE_OUTER_BOUND('',#489,.T.);
#196=FACE_OUTER_BOUND('',#490,.T.);
#197=FACE_OUTER_BOUND('',#491,.T.);
#198=FACE_OUTER_BOUND('',#492,.T.);
#199=FACE_OUTER_BOUND('',#493,.T.);
#200=FACE_OUTER_BOUND('',#494,.T.);
#201=FACE_OUTER_BOUND('',#495,.T.);
#202=FACE_OUTER_BOUND('',#496,.T.);
#203=FACE_OUTER_BOUND('',#497,.T.);
#204=FACE_OUTER_BOUND('',#498,.T.);
#205=FACE_OUTER_BOUND('',#499,.T.);
#206=FACE_OUTER_BOUND('',#500,.T.);
#207=FACE_OUTER_BOUND('',#501,.T.);
#208=FACE_OUTER_BOUND('',#502,.T.);
#209=FACE_OUTER_BOUND('',#503,.T.);
#210=FACE_OUTER_BOUND('',#504,.T.);
#211=FACE_OUTER_BOUND('',#505,.T.);
#212=FACE_OUTER_BOUND('',#506,.T.);
#213=FACE_OUTER_BOUND('',#507,.T.);
#214=FACE_OUTER_BOUND('',#508,.T.);
#215=FACE_OUTER_BOUND('',#509,.T.);
#216=FACE_OUTER_BOUND('',#510,.T.);
#217=FACE_OUTER_BOUND('',#511,.T.);
#218=FACE_OUTER_BOUND('',#512,.T.);
#219=FACE_OUTER_BOUND('',#513,.T.);
#220=FACE_OUTER_BOUND('',#514,.T.);
#221=FACE_OUTER_BOUND('',#515,.T.);
#222=FACE_OUTER_BOUND('',#516,.T.);
#223=FACE_OUTER_BOUND('',#517,.T.);
#224=FACE_OUTER_BOUND('',#518,.T.);
#225=FACE_OUTER_BOUND('',#519,.T.);
#226=FACE_OUTER_BOUND('',#520,.T.);
#227=FACE_OUTER_BOUND('',#521,.T.);
#228=FACE_OUTER_BOUND('',#522,.T.);
#229=FACE_OUTER_BOUND('',#523,.T.);
#230=FACE_OUTER_BOUND('',#524,.T.);
#231=FACE_OUTER_BOUND('',#525,.T.);
#232=FACE_OUTER_BOUND('',#526,.T.);
#233=FACE_OUTER_BOUND('',#527,.T.);
#234=FACE_OUTER_BOUND('',#528,.T.);
#235=FACE_OUTER_BOUND('',#529,.T.);
#236=FACE_OUTER_BOUND('',#530,.T.);
#237=FACE_OUTER_BOUND('',#531,.T.);
#238=FACE_OUTER_BOUND('',#532,.T.);
#239=FACE_OUTER_BOUND('',#533,.T.);
#240=FACE_OUTER_BOUND('',#534,.T.);
#241=FACE_OUTER_BOUND('',#535,.T.);
#242=FACE_OUTER_BOUND('',#536,.T.);
#243=FACE_OUTER_BOUND('',#537,.T.);
#244=FACE_OUTER_BOUND('',#538,.T.);
#245=FACE_OUTER_BOUND('',#539,.T.);
#246=FACE_OUTER_BOUND('',#540,.T.);
#247=FACE_OUTER_BOUND('',#541,.T.);
#248=FACE_OUTER_BOUND('',#542,.T.);
#249=FACE_OUTER_BOUND('',#543,.T.);
#250=FACE_OUTER_BOUND('',#544,.T.);
#251=FACE_OUTER_BOUND('',#545,.T.);
#252=FACE_OUTER_BOUND('',#546,.T.);
#253=FACE_OUTER_BOUND('',#547,.T.);
#254=FACE_OUTER_BOUND('',#548,.T.);
#255=FACE_OUTER_BOUND('',#549,.T.);
#256=FACE_OUTER_BOUND('',#550,.T.);
#257=FACE_OUTER_BOUND('',#551,.T.);
#258=FACE_OUTER_BOUND('',#552,.T.);
#259=FACE_OUTER_BOUND('',#553,.T.);
#260=FACE_OUTER_BOUND('',#554,.T.);
#261=FACE_OUTER_BOUND('',#555,.T.);
#262=FACE_OUTER_BOUND('',#556,.T.);
#263=FACE_OUTER_BOUND('',#557,.T.);
#264=FACE_OUTER_BOUND('',#558,.T.);
#265=FACE_OUTER_BOUND('',#559,.T.);
#266=FACE_OUTER_BOUND('',#560,.T.);
#267=FACE_OUTER_BOUND('',#561,.T.);
#268=FACE_OUTER_BOUND('',#562,.T.);
#269=FACE_OUTER_BOUND('',#563,.T.);
#270=FACE_OUTER_BOUND('',#564,.T.);
#271=FACE_OUTER_BOUND('',#565,.T.);
#272=FACE_OUTER_BOUND('',#566,.T.);
#273=FACE_OUTER_BOUND('',#567,.T.);
#274=FACE_OUTER_BOUND('',#568,.T.);
#275=FACE_OUTER_BOUND('',#569,.T.);
#276=FACE_OUTER_BOUND('',#570,.T.);
#277=FACE_OUTER_BOUND('',#571,.T.);
#278=FACE_OUTER_BOUND('',#572,.T.);
#279=FACE_OUTER_BOUND('',#573,.T.);
#280=FACE_OUTER_BOUND('',#574,.T.);
#281=FACE_OUTER_BOUND('',#575,.T.);
#282=FACE_OUTER_BOUND('',#576,.T.);
#283=FACE_OUTER_BOUND('',#577,.T.);
#284=FACE_OUTER_BOUND('',#578,.T.);
#285=FACE_OUTER_BOUND('',#579,.T.);
#286=FACE_OUTER_BOUND('',#580,.T.);
#287=FACE_OUTER_BOUND('',#581,.T.);
#288=FACE_OUTER_BOUND('',#582,.T.);
#289=FACE_OUTER_BOUND('',#583,.T.);
#290=FACE_OUTER_BOUND('',#584,.T.);
#291=FACE_OUTER_BOUND('',#585,.T.);
#292=FACE_OUTER_BOUND('',#586,.T.);
#293=FACE_OUTER_BOUND('',#587,.T.);
#294=FACE_OUTER_BOUND('',#588,.T.);
#295=FACE_OUTER_BOUND('',#589,.T.);
#296=FACE_OUTER_BOUND('',#590,.T.);
#297=FACE_OUTER_BOUND('',#591,.T.);
#298=FACE_OUTER_BOUND('',#592,.T.);
#299=FACE_OUTER_BOUND('',#593,.T.);
#300=FACE_OUTER_BOUND('',#594,.T.);
#301=FACE_OUTER_BOUND('',#595,.T.);
#302=FACE_OUTER_BOUND('',#596,.T.);
#303=FACE_OUTER_BOUND('',#597,.T.);
#304=FACE_OUTER_BOUND('',#598,.T.);
#305=FACE_OUTER_BOUND('',#599,.T.);
#306=FACE_OUTER_BOUND('',#600,.T.);
#307=FACE_OUTER_BOUND('',#601,.T.);
#308=FACE_OUTER_BOUND('',#602,.T.);
#309=FACE_OUTER_BOUND('',#603,.T.);
#310=FACE_OUTER_BOUND('',#604,.T.);
#311=FACE_OUTER_BOUND('',#605,.T.);
#312=FACE_OUTER_BOUND('',#606,.T.);
#313=FACE_OUTER_BOUND('',#607,.T.);
#314=FACE_OUTER_BOUND('',#608,.T.);
#315=FACE_OUTER_BOUND('',#609,.T.);
#316=FACE_OUTER_BOUND('',#610,.T.);
#317=FACE_OUTER_BOUND('',#611,.T.);
#318=FACE_OUTER_BOUND('',#612,.T.);
#319=FACE_OUTER_BOUND('',#613,.T.);
#320=FACE_OUTER_BOUND('',#614,.T.);
#321=FACE_OUTER_BOUND('',#615,.T.);
#322=FACE_OUTER_BOUND('',#616,.T.);
#323=FACE_OUTER_BOUND('',#617,.T.);
#324=FACE_OUTER_BOUND('',#618,.T.);
#325=FACE_OUTER_BOUND('',#619,.T.);
#326=FACE_OUTER_BOUND('',#620,.T.);
#327=FACE_OUTER_BOUND('',#621,.T.);
#328=FACE_OUTER_BOUND('',#622,.T.);
#329=FACE_OUTER_BOUND('',#623,.T.);
#330=FACE_OUTER_BOUND('',#624,.T.);
#331=FACE_OUTER_BOUND('',#625,.T.);
#332=FACE_OUTER_BOUND('',#626,.T.);
#333=FACE_OUTER_BOUND('',#627,.T.);
#334=FACE_OUTER_BOUND('',#628,.T.);
#335=FACE_OUTER_BOUND('',#629,.T.);
#336=FACE_OUTER_BOUND('',#630,.T.);
#337=FACE_OUTER_BOUND('',#631,.T.);
#338=FACE_OUTER_BOUND('',#632,.T.);
#339=FACE_OUTER_BOUND('',#633,.T.);
#340=FACE_OUTER_BOUND('',#634,.T.);
#341=FACE_OUTER_BOUND('',#635,.T.);
#342=FACE_OUTER_BOUND('',#636,.T.);
#343=FACE_OUTER_BOUND('',#637,.T.);
#344=FACE_OUTER_BOUND('',#638,.T.);
#345=FACE_OUTER_BOUND('',#639,.T.);
#346=FACE_OUTER_BOUND('',#640,.T.);
#347=FACE_OUTER_BOUND('',#641,.T.);
#348=FACE_OUTER_BOUND('',#642,.T.);
#349=FACE_OUTER_BOUND('',#643,.T.);
#350=FACE_OUTER_BOUND('',#644,.T.);
#351=FACE_OUTER_BOUND('',#645,.T.);
#352=FACE_OUTER_BOUND('',#646,.T.);
#353=FACE_OUTER_BOUND('',#647,.T.);
#354=FACE_OUTER_BOUND('',#648,.T.);
#355=FACE_OUTER_BOUND('',#649,.T.);
#356=FACE_OUTER_BOUND('',#650,.T.);
#357=FACE_OUTER_BOUND('',#651,.T.);
#358=FACE_OUTER_BOUND('',#652,.T.);
#359=FACE_OUTER_BOUND('',#653,.T.);
#360=FACE_OUTER_BOUND('',#654,.T.);
#361=FACE_OUTER_BOUND('',#655,.T.);
#362=FACE_OUTER_BOUND('',#656,.T.);
#363=FACE_OUTER_BOUND('',#657,.T.);
#364=FACE_OUTER_BOUND('',#658,.T.);
#365=FACE_OUTER_BOUND('',#659,.T.);
#366=FACE_OUTER_BOUND('',#660,.T.);
#367=FACE_OUTER_BOUND('',#661,.T.);
#368=FACE_OUTER_BOUND('',#662,.T.);
#369=FACE_OUTER_BOUND('',#663,.T.);
#370=FACE_OUTER_BOUND('',#664,.T.);
#371=FACE_OUTER_BOUND('',#665,.T.);
#372=FACE_OUTER_BOUND('',#666,.T.);
#373=FACE_OUTER_BOUND('',#667,.T.);
#374=FACE_OUTER_BOUND('',#668,.T.);
#375=FACE_OUTER_BOUND('',#669,.T.);
#376=FACE_OUTER_BOUND('',#670,.T.);
#377=FACE_OUTER_BOUND('',#671,.T.);
#378=FACE_OUTER_BOUND('',#672,.T.);
#379=FACE_OUTER_BOUND('',#673,.T.);
#380=FACE_OUTER_BOUND('',#674,.T.);
#381=FACE_OUTER_BOUND('',#675,.T.);
#382=FACE_OUTER_BOUND('',#676,.T.);
#383=FACE_OUTER_BOUND('',#677,.T.);
#384=FACE_OUTER_BOUND('',#678,.T.);
#385=FACE_OUTER_BOUND('',#679,.T.);
#386=FACE_OUTER_BOUND('',#680,.T.);
#387=FACE_OUTER_BOUND('',#681,.T.);
#388=FACE_OUTER_BOUND('',#682,.T.);
#389=FACE_OUTER_BOUND('',#683,.T.);
#390=FACE_OUTER_BOUND('',#684,.T.);
#391=FACE_OUTER_BOUND('',#685,.T.);
#392=FACE_OUTER_BOUND('',#686,.T.);
#393=FACE_OUTER_BOUND('',#687,.T.);
#394=FACE_OUTER_BOUND('',#688,.T.);
#395=FACE_OUTER_BOUND('',#689,.T.);
#396=FACE_OUTER_BOUND('',#690,.T.);
#397=FACE_OUTER_BOUND('',#691,.T.);
#398=FACE_OUTER_BOUND('',#692,.T.);
#399=FACE_OUTER_BOUND('',#693,.T.);
#400=FACE_OUTER_BOUND('',#694,.T.);
#401=FACE_OUTER_BOUND('',#695,.T.);
#402=FACE_OUTER_BOUND('',#696,.T.);
#403=FACE_OUTER_BOUND('',#697,.T.);
#404=FACE_OUTER_BOUND('',#698,.T.);
#405=FACE_OUTER_BOUND('',#699,.T.);
#406=FACE_OUTER_BOUND('',#700,.T.);
#407=FACE_OUTER_BOUND('',#701,.T.);
#408=FACE_OUTER_BOUND('',#702,.T.);
#409=FACE_OUTER_BOUND('',#703,.T.);
#410=FACE_OUTER_BOUND('',#704,.T.);
#411=FACE_OUTER_BOUND('',#705,.T.);
#412=FACE_OUTER_BOUND('',#706,.T.);
#413=FACE_OUTER_BOUND('',#707,.T.);
#414=FACE_OUTER_BOUND('',#708,.T.);
#415=FACE_OUTER_BOUND('',#709,.T.);
#416=FACE_OUTER_BOUND('',#710,.T.);
#417=FACE_OUTER_BOUND('',#711,.T.);
#418=FACE_OUTER_BOUND('',#712,.T.);
#419=FACE_OUTER_BOUND('',#713,.T.);
#420=FACE_OUTER_BOUND('',#714,.T.);
#421=FACE_OUTER_BOUND('',#715,.T.);
#422=FACE_OUTER_BOUND('',#716,.T.);
#423=FACE_OUTER_BOUND('',#717,.T.);
#424=FACE_OUTER_BOUND('',#718,.T.);
#425=FACE_OUTER_BOUND('',#719,.T.);
#426=FACE_OUTER_BOUND('',#720,.T.);
#427=FACE_OUTER_BOUND('',#721,.T.);
#428=FACE_OUTER_BOUND('',#722,.T.);
#429=FACE_OUTER_BOUND('',#723,.T.);
#430=FACE_OUTER_BOUND('',#724,.T.);
#431=FACE_OUTER_BOUND('',#725,.T.);
#432=FACE_OUTER_BOUND('',#726,.T.);
#433=FACE_OUTER_BOUND('',#727,.T.);
#434=FACE_OUTER_BOUND('',#728,.T.);
#435=FACE_OUTER_BOUND('',#729,.T.);
#436=FACE_OUTER_BOUND('',#730,.T.);
#437=FACE_OUTER_BOUND('',#731,.T.);
#438=FACE_OUTER_BOUND('',#732,.T.);
#439=FACE_OUTER_BOUND('',#733,.T.);
#440=FACE_OUTER_BOUND('',#734,.T.);
#441=FACE_OUTER_BOUND('',#735,.T.);
#442=FACE_OUTER_BOUND('',#736,.T.);
#443=FACE_OUTER_BOUND('',#737,.T.);
#444=FACE_OUTER_BOUND('',#738,.T.);
#445=FACE_OUTER_BOUND('',#739,.T.);
#446=FACE_OUTER_BOUND('',#740,.T.);
#447=FACE_OUTER_BOUND('',#741,.T.);
#448=FACE_OUTER_BOUND('',#742,.T.);
#449=FACE_OUTER_BOUND('',#743,.T.);
#450=FACE_OUTER_BOUND('',#744,.T.);
#451=FACE_OUTER_BOUND('',#745,.T.);
#452=EDGE_LOOP('',(#3000,#3001,#3002,#3003));
#453=EDGE_LOOP('',(#3004,#3005,#3006,#3007));
#454=EDGE_LOOP('',(#3008,#3009,#3010,#3011));
#455=EDGE_LOOP('',(#3012,#3013,#3014,#3015));
#456=EDGE_LOOP('',(#3016,#3017,#3018,#3019));
#457=EDGE_LOOP('',(#3020,#3021,#3022,#3023));
#458=EDGE_LOOP('',(#3024,#3025,#3026,#3027));
#459=EDGE_LOOP('',(#3028,#3029,#3030,#3031));
#460=EDGE_LOOP('',(#3032,#3033,#3034,#3035));
#461=EDGE_LOOP('',(#3036,#3037,#3038,#3039));
#462=EDGE_LOOP('',(#3040,#3041,#3042,#3043));
#463=EDGE_LOOP('',(#3044,#3045,#3046,#3047));
#464=EDGE_LOOP('',(#3048,#3049,#3050,#3051));
#465=EDGE_LOOP('',(#3052,#3053,#3054,#3055,#3056,#3057,#3058));
#466=EDGE_LOOP('',(#3059,#3060,#3061,#3062,#3063,#3064,#3065));
#467=EDGE_LOOP('',(#3066,#3067,#3068,#3069));
#468=EDGE_LOOP('',(#3070,#3071,#3072,#3073));
#469=EDGE_LOOP('',(#3074,#3075,#3076,#3077));
#470=EDGE_LOOP('',(#3078,#3079,#3080,#3081));
#471=EDGE_LOOP('',(#3082,#3083,#3084,#3085));
#472=EDGE_LOOP('',(#3086,#3087,#3088,#3089));
#473=EDGE_LOOP('',(#3090,#3091,#3092,#3093));
#474=EDGE_LOOP('',(#3094,#3095,#3096,#3097));
#475=EDGE_LOOP('',(#3098,#3099,#3100,#3101));
#476=EDGE_LOOP('',(#3102,#3103,#3104,#3105));
#477=EDGE_LOOP('',(#3106,#3107,#3108,#3109));
#478=EDGE_LOOP('',(#3110,#3111,#3112,#3113));
#479=EDGE_LOOP('',(#3114,#3115,#3116,#3117));
#480=EDGE_LOOP('',(#3118,#3119,#3120,#3121,#3122,#3123,#3124));
#481=EDGE_LOOP('',(#3125,#3126,#3127,#3128,#3129,#3130,#3131));
#482=EDGE_LOOP('',(#3132,#3133,#3134,#3135));
#483=EDGE_LOOP('',(#3136,#3137,#3138,#3139));
#484=EDGE_LOOP('',(#3140,#3141,#3142,#3143));
#485=EDGE_LOOP('',(#3144,#3145,#3146,#3147));
#486=EDGE_LOOP('',(#3148,#3149,#3150,#3151));
#487=EDGE_LOOP('',(#3152,#3153,#3154,#3155));
#488=EDGE_LOOP('',(#3156,#3157,#3158,#3159));
#489=EDGE_LOOP('',(#3160,#3161,#3162,#3163));
#490=EDGE_LOOP('',(#3164,#3165,#3166,#3167));
#491=EDGE_LOOP('',(#3168,#3169,#3170,#3171,#3172));
#492=EDGE_LOOP('',(#3173,#3174,#3175,#3176,#3177,#3178));
#493=EDGE_LOOP('',(#3179,#3180,#3181,#3182,#3183));
#494=EDGE_LOOP('',(#3184,#3185,#3186,#3187,#3188,#3189));
#495=EDGE_LOOP('',(#3190,#3191,#3192,#3193));
#496=EDGE_LOOP('',(#3194,#3195,#3196,#3197));
#497=EDGE_LOOP('',(#3198,#3199,#3200,#3201));
#498=EDGE_LOOP('',(#3202,#3203,#3204,#3205,#3206,#3207));
#499=EDGE_LOOP('',(#3208,#3209,#3210,#3211,#3212,#3213,#3214,#3215));
#500=EDGE_LOOP('',(#3216,#3217,#3218,#3219,#3220,#3221));
#501=EDGE_LOOP('',(#3222,#3223,#3224,#3225));
#502=EDGE_LOOP('',(#3226,#3227,#3228,#3229));
#503=EDGE_LOOP('',(#3230,#3231,#3232,#3233));
#504=EDGE_LOOP('',(#3234,#3235,#3236,#3237));
#505=EDGE_LOOP('',(#3238,#3239,#3240,#3241));
#506=EDGE_LOOP('',(#3242,#3243,#3244,#3245));
#507=EDGE_LOOP('',(#3246,#3247,#3248,#3249));
#508=EDGE_LOOP('',(#3250,#3251,#3252,#3253));
#509=EDGE_LOOP('',(#3254,#3255,#3256,#3257));
#510=EDGE_LOOP('',(#3258,#3259,#3260,#3261));
#511=EDGE_LOOP('',(#3262,#3263,#3264,#3265));
#512=EDGE_LOOP('',(#3266,#3267,#3268,#3269));
#513=EDGE_LOOP('',(#3270,#3271,#3272,#3273,#3274));
#514=EDGE_LOOP('',(#3275,#3276,#3277,#3278));
#515=EDGE_LOOP('',(#3279,#3280,#3281,#3282,#3283,#3284));
#516=EDGE_LOOP('',(#3285,#3286,#3287,#3288));
#517=EDGE_LOOP('',(#3289,#3290,#3291,#3292,#3293,#3294));
#518=EDGE_LOOP('',(#3295,#3296,#3297,#3298,#3299));
#519=EDGE_LOOP('',(#3300,#3301,#3302,#3303));
#520=EDGE_LOOP('',(#3304,#3305,#3306,#3307));
#521=EDGE_LOOP('',(#3308,#3309,#3310,#3311));
#522=EDGE_LOOP('',(#3312,#3313,#3314,#3315));
#523=EDGE_LOOP('',(#3316,#3317,#3318,#3319));
#524=EDGE_LOOP('',(#3320,#3321,#3322,#3323));
#525=EDGE_LOOP('',(#3324,#3325,#3326,#3327));
#526=EDGE_LOOP('',(#3328,#3329,#3330,#3331));
#527=EDGE_LOOP('',(#3332,#3333,#3334,#3335));
#528=EDGE_LOOP('',(#3336,#3337,#3338,#3339));
#529=EDGE_LOOP('',(#3340,#3341,#3342,#3343));
#530=EDGE_LOOP('',(#3344,#3345,#3346,#3347));
#531=EDGE_LOOP('',(#3348,#3349,#3350,#3351));
#532=EDGE_LOOP('',(#3352,#3353,#3354,#3355));
#533=EDGE_LOOP('',(#3356,#3357,#3358,#3359));
#534=EDGE_LOOP('',(#3360,#3361,#3362,#3363));
#535=EDGE_LOOP('',(#3364,#3365,#3366,#3367));
#536=EDGE_LOOP('',(#3368,#3369,#3370,#3371));
#537=EDGE_LOOP('',(#3372,#3373,#3374,#3375));
#538=EDGE_LOOP('',(#3376,#3377,#3378,#3379));
#539=EDGE_LOOP('',(#3380,#3381,#3382,#3383,#3384,#3385,#3386,#3387,#3388,
#3389,#3390,#3391,#3392,#3393,#3394,#3395,#3396,#3397,#3398));
#540=EDGE_LOOP('',(#3399,#3400,#3401,#3402,#3403,#3404,#3405,#3406,#3407,
#3408,#3409,#3410,#3411,#3412,#3413,#3414,#3415,#3416,#3417));
#541=EDGE_LOOP('',(#3418,#3419,#3420,#3421));
#542=EDGE_LOOP('',(#3422,#3423,#3424,#3425));
#543=EDGE_LOOP('',(#3426,#3427,#3428,#3429));
#544=EDGE_LOOP('',(#3430,#3431,#3432,#3433));
#545=EDGE_LOOP('',(#3434,#3435,#3436,#3437));
#546=EDGE_LOOP('',(#3438,#3439,#3440,#3441));
#547=EDGE_LOOP('',(#3442,#3443,#3444,#3445));
#548=EDGE_LOOP('',(#3446,#3447,#3448,#3449));
#549=EDGE_LOOP('',(#3450,#3451,#3452,#3453));
#550=EDGE_LOOP('',(#3454,#3455,#3456,#3457));
#551=EDGE_LOOP('',(#3458,#3459,#3460,#3461));
#552=EDGE_LOOP('',(#3462,#3463,#3464,#3465));
#553=EDGE_LOOP('',(#3466,#3467,#3468,#3469));
#554=EDGE_LOOP('',(#3470,#3471,#3472,#3473));
#555=EDGE_LOOP('',(#3474,#3475,#3476,#3477));
#556=EDGE_LOOP('',(#3478,#3479,#3480,#3481));
#557=EDGE_LOOP('',(#3482,#3483,#3484,#3485));
#558=EDGE_LOOP('',(#3486,#3487,#3488,#3489));
#559=EDGE_LOOP('',(#3490,#3491,#3492,#3493));
#560=EDGE_LOOP('',(#3494,#3495,#3496,#3497));
#561=EDGE_LOOP('',(#3498,#3499,#3500,#3501));
#562=EDGE_LOOP('',(#3502,#3503,#3504,#3505));
#563=EDGE_LOOP('',(#3506,#3507,#3508,#3509));
#564=EDGE_LOOP('',(#3510,#3511,#3512,#3513));
#565=EDGE_LOOP('',(#3514,#3515,#3516,#3517));
#566=EDGE_LOOP('',(#3518,#3519,#3520,#3521));
#567=EDGE_LOOP('',(#3522,#3523,#3524,#3525));
#568=EDGE_LOOP('',(#3526,#3527,#3528,#3529));
#569=EDGE_LOOP('',(#3530,#3531,#3532,#3533));
#570=EDGE_LOOP('',(#3534,#3535,#3536,#3537));
#571=EDGE_LOOP('',(#3538,#3539,#3540,#3541));
#572=EDGE_LOOP('',(#3542,#3543,#3544,#3545));
#573=EDGE_LOOP('',(#3546,#3547,#3548,#3549));
#574=EDGE_LOOP('',(#3550,#3551,#3552,#3553));
#575=EDGE_LOOP('',(#3554,#3555,#3556,#3557));
#576=EDGE_LOOP('',(#3558,#3559,#3560,#3561));
#577=EDGE_LOOP('',(#3562,#3563,#3564,#3565));
#578=EDGE_LOOP('',(#3566,#3567,#3568,#3569));
#579=EDGE_LOOP('',(#3570,#3571,#3572,#3573));
#580=EDGE_LOOP('',(#3574,#3575,#3576,#3577));
#581=EDGE_LOOP('',(#3578,#3579,#3580,#3581));
#582=EDGE_LOOP('',(#3582,#3583,#3584,#3585));
#583=EDGE_LOOP('',(#3586,#3587,#3588,#3589));
#584=EDGE_LOOP('',(#3590,#3591,#3592,#3593));
#585=EDGE_LOOP('',(#3594,#3595,#3596,#3597));
#586=EDGE_LOOP('',(#3598,#3599,#3600,#3601));
#587=EDGE_LOOP('',(#3602,#3603,#3604,#3605));
#588=EDGE_LOOP('',(#3606,#3607,#3608,#3609));
#589=EDGE_LOOP('',(#3610,#3611,#3612,#3613));
#590=EDGE_LOOP('',(#3614,#3615,#3616,#3617));
#591=EDGE_LOOP('',(#3618,#3619,#3620,#3621));
#592=EDGE_LOOP('',(#3622,#3623,#3624,#3625));
#593=EDGE_LOOP('',(#3626,#3627,#3628,#3629));
#594=EDGE_LOOP('',(#3630,#3631,#3632,#3633));
#595=EDGE_LOOP('',(#3634,#3635,#3636,#3637));
#596=EDGE_LOOP('',(#3638,#3639,#3640,#3641));
#597=EDGE_LOOP('',(#3642,#3643,#3644,#3645));
#598=EDGE_LOOP('',(#3646,#3647,#3648,#3649));
#599=EDGE_LOOP('',(#3650,#3651,#3652,#3653));
#600=EDGE_LOOP('',(#3654,#3655,#3656,#3657));
#601=EDGE_LOOP('',(#3658,#3659,#3660,#3661));
#602=EDGE_LOOP('',(#3662,#3663,#3664,#3665));
#603=EDGE_LOOP('',(#3666,#3667,#3668,#3669));
#604=EDGE_LOOP('',(#3670,#3671,#3672,#3673));
#605=EDGE_LOOP('',(#3674,#3675,#3676,#3677));
#606=EDGE_LOOP('',(#3678,#3679,#3680,#3681));
#607=EDGE_LOOP('',(#3682,#3683,#3684,#3685));
#608=EDGE_LOOP('',(#3686,#3687,#3688,#3689));
#609=EDGE_LOOP('',(#3690,#3691,#3692,#3693));
#610=EDGE_LOOP('',(#3694,#3695,#3696,#3697));
#611=EDGE_LOOP('',(#3698,#3699,#3700,#3701));
#612=EDGE_LOOP('',(#3702,#3703,#3704,#3705));
#613=EDGE_LOOP('',(#3706,#3707,#3708,#3709));
#614=EDGE_LOOP('',(#3710,#3711,#3712,#3713,#3714,#3715,#3716));
#615=EDGE_LOOP('',(#3717,#3718,#3719,#3720,#3721,#3722,#3723));
#616=EDGE_LOOP('',(#3724,#3725,#3726,#3727));
#617=EDGE_LOOP('',(#3728,#3729,#3730,#3731));
#618=EDGE_LOOP('',(#3732,#3733,#3734,#3735));
#619=EDGE_LOOP('',(#3736,#3737,#3738,#3739));
#620=EDGE_LOOP('',(#3740,#3741,#3742,#3743));
#621=EDGE_LOOP('',(#3744,#3745,#3746,#3747));
#622=EDGE_LOOP('',(#3748,#3749,#3750,#3751));
#623=EDGE_LOOP('',(#3752,#3753,#3754,#3755));
#624=EDGE_LOOP('',(#3756,#3757,#3758,#3759));
#625=EDGE_LOOP('',(#3760,#3761,#3762,#3763));
#626=EDGE_LOOP('',(#3764,#3765,#3766,#3767));
#627=EDGE_LOOP('',(#3768,#3769,#3770,#3771));
#628=EDGE_LOOP('',(#3772,#3773,#3774,#3775));
#629=EDGE_LOOP('',(#3776,#3777,#3778,#3779));
#630=EDGE_LOOP('',(#3780,#3781,#3782,#3783));
#631=EDGE_LOOP('',(#3784,#3785,#3786,#3787));
#632=EDGE_LOOP('',(#3788,#3789,#3790,#3791));
#633=EDGE_LOOP('',(#3792,#3793,#3794,#3795));
#634=EDGE_LOOP('',(#3796,#3797,#3798,#3799));
#635=EDGE_LOOP('',(#3800,#3801,#3802,#3803));
#636=EDGE_LOOP('',(#3804,#3805,#3806,#3807));
#637=EDGE_LOOP('',(#3808,#3809,#3810,#3811));
#638=EDGE_LOOP('',(#3812,#3813,#3814,#3815));
#639=EDGE_LOOP('',(#3816,#3817,#3818,#3819));
#640=EDGE_LOOP('',(#3820,#3821,#3822,#3823));
#641=EDGE_LOOP('',(#3824,#3825,#3826,#3827));
#642=EDGE_LOOP('',(#3828,#3829,#3830,#3831));
#643=EDGE_LOOP('',(#3832,#3833,#3834,#3835));
#644=EDGE_LOOP('',(#3836,#3837,#3838,#3839));
#645=EDGE_LOOP('',(#3840,#3841,#3842,#3843));
#646=EDGE_LOOP('',(#3844,#3845,#3846,#3847));
#647=EDGE_LOOP('',(#3848,#3849,#3850,#3851));
#648=EDGE_LOOP('',(#3852,#3853,#3854,#3855));
#649=EDGE_LOOP('',(#3856,#3857,#3858,#3859));
#650=EDGE_LOOP('',(#3860,#3861,#3862,#3863));
#651=EDGE_LOOP('',(#3864,#3865,#3866,#3867));
#652=EDGE_LOOP('',(#3868,#3869,#3870,#3871));
#653=EDGE_LOOP('',(#3872,#3873,#3874,#3875));
#654=EDGE_LOOP('',(#3876,#3877,#3878,#3879));
#655=EDGE_LOOP('',(#3880,#3881,#3882,#3883));
#656=EDGE_LOOP('',(#3884,#3885,#3886,#3887));
#657=EDGE_LOOP('',(#3888,#3889,#3890,#3891));
#658=EDGE_LOOP('',(#3892,#3893,#3894,#3895));
#659=EDGE_LOOP('',(#3896,#3897,#3898,#3899));
#660=EDGE_LOOP('',(#3900,#3901,#3902,#3903));
#661=EDGE_LOOP('',(#3904,#3905,#3906,#3907));
#662=EDGE_LOOP('',(#3908,#3909,#3910,#3911));
#663=EDGE_LOOP('',(#3912,#3913,#3914,#3915));
#664=EDGE_LOOP('',(#3916,#3917,#3918,#3919));
#665=EDGE_LOOP('',(#3920,#3921,#3922,#3923));
#666=EDGE_LOOP('',(#3924,#3925,#3926,#3927));
#667=EDGE_LOOP('',(#3928,#3929,#3930,#3931));
#668=EDGE_LOOP('',(#3932,#3933,#3934,#3935));
#669=EDGE_LOOP('',(#3936,#3937,#3938,#3939));
#670=EDGE_LOOP('',(#3940,#3941,#3942,#3943));
#671=EDGE_LOOP('',(#3944,#3945,#3946,#3947));
#672=EDGE_LOOP('',(#3948,#3949,#3950,#3951));
#673=EDGE_LOOP('',(#3952,#3953,#3954,#3955));
#674=EDGE_LOOP('',(#3956,#3957,#3958,#3959));
#675=EDGE_LOOP('',(#3960,#3961,#3962,#3963));
#676=EDGE_LOOP('',(#3964,#3965,#3966,#3967));
#677=EDGE_LOOP('',(#3968,#3969,#3970,#3971));
#678=EDGE_LOOP('',(#3972,#3973,#3974,#3975));
#679=EDGE_LOOP('',(#3976,#3977,#3978,#3979));
#680=EDGE_LOOP('',(#3980,#3981,#3982,#3983));
#681=EDGE_LOOP('',(#3984,#3985,#3986,#3987));
#682=EDGE_LOOP('',(#3988,#3989,#3990,#3991));
#683=EDGE_LOOP('',(#3992,#3993,#3994,#3995));
#684=EDGE_LOOP('',(#3996,#3997,#3998,#3999));
#685=EDGE_LOOP('',(#4000,#4001,#4002,#4003,#4004));
#686=EDGE_LOOP('',(#4005,#4006,#4007,#4008,#4009,#4010));
#687=EDGE_LOOP('',(#4011,#4012,#4013,#4014,#4015));
#688=EDGE_LOOP('',(#4016,#4017,#4018,#4019,#4020,#4021));
#689=EDGE_LOOP('',(#4022,#4023,#4024,#4025));
#690=EDGE_LOOP('',(#4026,#4027,#4028,#4029));
#691=EDGE_LOOP('',(#4030,#4031,#4032,#4033));
#692=EDGE_LOOP('',(#4034,#4035,#4036,#4037,#4038,#4039));
#693=EDGE_LOOP('',(#4040,#4041,#4042,#4043,#4044,#4045,#4046,#4047));
#694=EDGE_LOOP('',(#4048,#4049,#4050,#4051,#4052,#4053));
#695=EDGE_LOOP('',(#4054,#4055,#4056,#4057));
#696=EDGE_LOOP('',(#4058,#4059,#4060,#4061));
#697=EDGE_LOOP('',(#4062,#4063,#4064,#4065));
#698=EDGE_LOOP('',(#4066,#4067,#4068,#4069));
#699=EDGE_LOOP('',(#4070,#4071,#4072,#4073));
#700=EDGE_LOOP('',(#4074,#4075,#4076,#4077));
#701=EDGE_LOOP('',(#4078,#4079,#4080,#4081));
#702=EDGE_LOOP('',(#4082,#4083,#4084,#4085));
#703=EDGE_LOOP('',(#4086,#4087,#4088,#4089));
#704=EDGE_LOOP('',(#4090,#4091,#4092,#4093));
#705=EDGE_LOOP('',(#4094,#4095,#4096,#4097));
#706=EDGE_LOOP('',(#4098,#4099,#4100,#4101));
#707=EDGE_LOOP('',(#4102,#4103,#4104,#4105,#4106));
#708=EDGE_LOOP('',(#4107,#4108,#4109,#4110));
#709=EDGE_LOOP('',(#4111,#4112,#4113,#4114,#4115,#4116));
#710=EDGE_LOOP('',(#4117,#4118,#4119,#4120));
#711=EDGE_LOOP('',(#4121,#4122,#4123,#4124,#4125,#4126));
#712=EDGE_LOOP('',(#4127,#4128,#4129,#4130,#4131));
#713=EDGE_LOOP('',(#4132,#4133,#4134,#4135));
#714=EDGE_LOOP('',(#4136,#4137,#4138,#4139));
#715=EDGE_LOOP('',(#4140,#4141,#4142,#4143));
#716=EDGE_LOOP('',(#4144,#4145,#4146,#4147));
#717=EDGE_LOOP('',(#4148,#4149,#4150,#4151,#4152));
#718=EDGE_LOOP('',(#4153,#4154,#4155,#4156,#4157,#4158));
#719=EDGE_LOOP('',(#4159,#4160,#4161,#4162,#4163));
#720=EDGE_LOOP('',(#4164,#4165,#4166,#4167,#4168,#4169));
#721=EDGE_LOOP('',(#4170,#4171,#4172,#4173));
#722=EDGE_LOOP('',(#4174,#4175,#4176,#4177));
#723=EDGE_LOOP('',(#4178,#4179,#4180,#4181));
#724=EDGE_LOOP('',(#4182,#4183,#4184,#4185,#4186,#4187));
#725=EDGE_LOOP('',(#4188,#4189,#4190,#4191,#4192,#4193,#4194,#4195));
#726=EDGE_LOOP('',(#4196,#4197,#4198,#4199,#4200,#4201));
#727=EDGE_LOOP('',(#4202,#4203,#4204,#4205));
#728=EDGE_LOOP('',(#4206,#4207,#4208,#4209));
#729=EDGE_LOOP('',(#4210,#4211,#4212,#4213));
#730=EDGE_LOOP('',(#4214,#4215,#4216,#4217));
#731=EDGE_LOOP('',(#4218,#4219,#4220,#4221));
#732=EDGE_LOOP('',(#4222,#4223,#4224,#4225));
#733=EDGE_LOOP('',(#4226,#4227,#4228,#4229));
#734=EDGE_LOOP('',(#4230,#4231,#4232,#4233));
#735=EDGE_LOOP('',(#4234,#4235,#4236,#4237));
#736=EDGE_LOOP('',(#4238,#4239,#4240,#4241));
#737=EDGE_LOOP('',(#4242,#4243,#4244,#4245));
#738=EDGE_LOOP('',(#4246,#4247,#4248,#4249));
#739=EDGE_LOOP('',(#4250,#4251,#4252,#4253,#4254));
#740=EDGE_LOOP('',(#4255,#4256,#4257,#4258));
#741=EDGE_LOOP('',(#4259,#4260,#4261,#4262,#4263,#4264));
#742=EDGE_LOOP('',(#4265,#4266,#4267,#4268));
#743=EDGE_LOOP('',(#4269,#4270,#4271,#4272,#4273,#4274));
#744=EDGE_LOOP('',(#4275,#4276,#4277,#4278,#4279));
#745=EDGE_LOOP('',(#4280,#4281,#4282,#4283));
#746=LINE('',#6276,#1346);
#747=LINE('',#6278,#1347);
#748=LINE('',#6280,#1348);
#749=LINE('',#6281,#1349);
#750=LINE('',#6284,#1350);
#751=LINE('',#6286,#1351);
#752=LINE('',#6287,#1352);
#753=LINE('',#6290,#1353);
#754=LINE('',#6292,#1354);
#755=LINE('',#6293,#1355);
#756=LINE('',#6295,#1356);
#757=LINE('',#6296,#1357);
#758=LINE('',#6302,#1358);
#759=LINE('',#6304,#1359);
#760=LINE('',#6306,#1360);
#761=LINE('',#6307,#1361);
#762=LINE('',#6310,#1362);
#763=LINE('',#6312,#1363);
#764=LINE('',#6313,#1364);
#765=LINE('',#6316,#1365);
#766=LINE('',#6318,#1366);
#767=LINE('',#6319,#1367);
#768=LINE('',#6322,#1368);
#769=LINE('',#6324,#1369);
#770=LINE('',#6325,#1370);
#771=LINE('',#6331,#1371);
#772=LINE('',#6334,#1372);
#773=LINE('',#6336,#1373);
#774=LINE('',#6337,#1374);
#775=LINE('',#6339,#1375);
#776=LINE('',#6340,#1376);
#777=LINE('',#6346,#1377);
#778=LINE('',#6348,#1378);
#779=LINE('',#6350,#1379);
#780=LINE('',#6351,#1380);
#781=LINE('',#6354,#1381);
#782=LINE('',#6356,#1382);
#783=LINE('',#6357,#1383);
#784=LINE('',#6360,#1384);
#785=LINE('',#6362,#1385);
#786=LINE('',#6363,#1386);
#787=LINE('',#6365,#1387);
#788=LINE('',#6366,#1388);
#789=LINE('',#6372,#1389);
#790=LINE('',#6374,#1390);
#791=LINE('',#6376,#1391);
#792=LINE('',#6377,#1392);
#793=LINE('',#6380,#1393);
#794=LINE('',#6382,#1394);
#795=LINE('',#6383,#1395);
#796=LINE('',#6386,#1396);
#797=LINE('',#6388,#1397);
#798=LINE('',#6389,#1398);
#799=LINE('',#6392,#1399);
#800=LINE('',#6394,#1400);
#801=LINE('',#6395,#1401);
#802=LINE('',#6401,#1402);
#803=LINE('',#6404,#1403);
#804=LINE('',#6406,#1404);
#805=LINE('',#6407,#1405);
#806=LINE('',#6409,#1406);
#807=LINE('',#6410,#1407);
#808=LINE('',#6416,#1408);
#809=LINE('',#6418,#1409);
#810=LINE('',#6420,#1410);
#811=LINE('',#6421,#1411);
#812=LINE('',#6424,#1412);
#813=LINE('',#6426,#1413);
#814=LINE('',#6427,#1414);
#815=LINE('',#6430,#1415);
#816=LINE('',#6432,#1416);
#817=LINE('',#6433,#1417);
#818=LINE('',#6435,#1418);
#819=LINE('',#6436,#1419);
#820=LINE('',#6499,#1420);
#821=LINE('',#6523,#1421);
#822=LINE('',#6526,#1422);
#823=LINE('',#6528,#1423);
#824=LINE('',#6529,#1424);
#825=LINE('',#6532,#1425);
#826=LINE('',#6534,#1426);
#827=LINE('',#6535,#1427);
#828=LINE('',#6538,#1428);
#829=LINE('',#6540,#1429);
#830=LINE('',#6542,#1430);
#831=LINE('',#6543,#1431);
#832=LINE('',#6588,#1432);
#833=LINE('',#6590,#1433);
#834=LINE('',#6626,#1434);
#835=LINE('',#6627,#1435);
#836=LINE('',#6631,#1436);
#837=LINE('',#6633,#1437);
#838=LINE('',#6634,#1438);
#839=LINE('',#6674,#1439);
#840=LINE('',#6677,#1440);
#841=LINE('',#6678,#1441);
#842=LINE('',#6681,#1442);
#843=LINE('',#6683,#1443);
#844=LINE('',#6685,#1444);
#845=LINE('',#6686,#1445);
#846=LINE('',#6708,#1446);
#847=LINE('',#6710,#1447);
#848=LINE('',#6712,#1448);
#849=LINE('',#6748,#1449);
#850=LINE('',#6751,#1450);
#851=LINE('',#6753,#1451);
#852=LINE('',#6754,#1452);
#853=LINE('',#6757,#1453);
#854=LINE('',#6758,#1454);
#855=LINE('',#6788,#1455);
#856=LINE('',#6791,#1456);
#857=LINE('',#6792,#1457);
#858=LINE('',#6795,#1458);
#859=LINE('',#6796,#1459);
#860=LINE('',#6858,#1460);
#861=LINE('',#6860,#1461);
#862=LINE('',#6861,#1462);
#863=LINE('',#6883,#1463);
#864=LINE('',#6905,#1464);
#865=LINE('',#6939,#1465);
#866=LINE('',#6940,#1466);
#867=LINE('',#6962,#1467);
#868=LINE('',#6985,#1468);
#869=LINE('',#6987,#1469);
#870=LINE('',#6988,#1470);
#871=LINE('',#6992,#1471);
#872=LINE('',#6994,#1472);
#873=LINE('',#6996,#1473);
#874=LINE('',#6997,#1474);
#875=LINE('',#7000,#1475);
#876=LINE('',#7001,#1476);
#877=LINE('',#7002,#1477);
#878=LINE('',#7005,#1478);
#879=LINE('',#7006,#1479);
#880=LINE('',#7008,#1480);
#881=LINE('',#7009,#1481);
#882=LINE('',#7015,#1482);
#883=LINE('',#7017,#1483);
#884=LINE('',#7019,#1484);
#885=LINE('',#7020,#1485);
#886=LINE('',#7024,#1486);
#887=LINE('',#7026,#1487);
#888=LINE('',#7028,#1488);
#889=LINE('',#7029,#1489);
#890=LINE('',#7032,#1490);
#891=LINE('',#7034,#1491);
#892=LINE('',#7035,#1492);
#893=LINE('',#7038,#1493);
#894=LINE('',#7040,#1494);
#895=LINE('',#7041,#1495);
#896=LINE('',#7044,#1496);
#897=LINE('',#7046,#1497);
#898=LINE('',#7047,#1498);
#899=LINE('',#7050,#1499);
#900=LINE('',#7052,#1500);
#901=LINE('',#7053,#1501);
#902=LINE('',#7056,#1502);
#903=LINE('',#7058,#1503);
#904=LINE('',#7059,#1504);
#905=LINE('',#7062,#1505);
#906=LINE('',#7064,#1506);
#907=LINE('',#7065,#1507);
#908=LINE('',#7068,#1508);
#909=LINE('',#7070,#1509);
#910=LINE('',#7071,#1510);
#911=LINE('',#7074,#1511);
#912=LINE('',#7076,#1512);
#913=LINE('',#7077,#1513);
#914=LINE('',#7080,#1514);
#915=LINE('',#7082,#1515);
#916=LINE('',#7083,#1516);
#917=LINE('',#7086,#1517);
#918=LINE('',#7088,#1518);
#919=LINE('',#7089,#1519);
#920=LINE('',#7092,#1520);
#921=LINE('',#7094,#1521);
#922=LINE('',#7095,#1522);
#923=LINE('',#7097,#1523);
#924=LINE('',#7098,#1524);
#925=LINE('',#7102,#1525);
#926=LINE('',#7104,#1526);
#927=LINE('',#7106,#1527);
#928=LINE('',#7107,#1528);
#929=LINE('',#7110,#1529);
#930=LINE('',#7112,#1530);
#931=LINE('',#7113,#1531);
#932=LINE('',#7116,#1532);
#933=LINE('',#7118,#1533);
#934=LINE('',#7119,#1534);
#935=LINE('',#7121,#1535);
#936=LINE('',#7122,#1536);
#937=LINE('',#7124,#1537);
#938=LINE('',#7125,#1538);
#939=LINE('',#7131,#1539);
#940=LINE('',#7133,#1540);
#941=LINE('',#7135,#1541);
#942=LINE('',#7136,#1542);
#943=LINE('',#7139,#1543);
#944=LINE('',#7141,#1544);
#945=LINE('',#7142,#1545);
#946=LINE('',#7145,#1546);
#947=LINE('',#7147,#1547);
#948=LINE('',#7148,#1548);
#949=LINE('',#7150,#1549);
#950=LINE('',#7151,#1550);
#951=LINE('',#7157,#1551);
#952=LINE('',#7159,#1552);
#953=LINE('',#7161,#1553);
#954=LINE('',#7162,#1554);
#955=LINE('',#7165,#1555);
#956=LINE('',#7167,#1556);
#957=LINE('',#7168,#1557);
#958=LINE('',#7171,#1558);
#959=LINE('',#7173,#1559);
#960=LINE('',#7174,#1560);
#961=LINE('',#7176,#1561);
#962=LINE('',#7177,#1562);
#963=LINE('',#7183,#1563);
#964=LINE('',#7185,#1564);
#965=LINE('',#7187,#1565);
#966=LINE('',#7188,#1566);
#967=LINE('',#7191,#1567);
#968=LINE('',#7193,#1568);
#969=LINE('',#7194,#1569);
#970=LINE('',#7197,#1570);
#971=LINE('',#7199,#1571);
#972=LINE('',#7200,#1572);
#973=LINE('',#7202,#1573);
#974=LINE('',#7203,#1574);
#975=LINE('',#7209,#1575);
#976=LINE('',#7211,#1576);
#977=LINE('',#7213,#1577);
#978=LINE('',#7214,#1578);
#979=LINE('',#7217,#1579);
#980=LINE('',#7219,#1580);
#981=LINE('',#7220,#1581);
#982=LINE('',#7223,#1582);
#983=LINE('',#7225,#1583);
#984=LINE('',#7226,#1584);
#985=LINE('',#7228,#1585);
#986=LINE('',#7229,#1586);
#987=LINE('',#7235,#1587);
#988=LINE('',#7237,#1588);
#989=LINE('',#7239,#1589);
#990=LINE('',#7240,#1590);
#991=LINE('',#7243,#1591);
#992=LINE('',#7245,#1592);
#993=LINE('',#7246,#1593);
#994=LINE('',#7249,#1594);
#995=LINE('',#7251,#1595);
#996=LINE('',#7252,#1596);
#997=LINE('',#7254,#1597);
#998=LINE('',#7255,#1598);
#999=LINE('',#7261,#1599);
#1000=LINE('',#7263,#1600);
#1001=LINE('',#7265,#1601);
#1002=LINE('',#7266,#1602);
#1003=LINE('',#7269,#1603);
#1004=LINE('',#7271,#1604);
#1005=LINE('',#7272,#1605);
#1006=LINE('',#7275,#1606);
#1007=LINE('',#7277,#1607);
#1008=LINE('',#7278,#1608);
#1009=LINE('',#7280,#1609);
#1010=LINE('',#7281,#1610);
#1011=LINE('',#7287,#1611);
#1012=LINE('',#7289,#1612);
#1013=LINE('',#7291,#1613);
#1014=LINE('',#7292,#1614);
#1015=LINE('',#7295,#1615);
#1016=LINE('',#7297,#1616);
#1017=LINE('',#7298,#1617);
#1018=LINE('',#7301,#1618);
#1019=LINE('',#7303,#1619);
#1020=LINE('',#7304,#1620);
#1021=LINE('',#7306,#1621);
#1022=LINE('',#7307,#1622);
#1023=LINE('',#7313,#1623);
#1024=LINE('',#7315,#1624);
#1025=LINE('',#7317,#1625);
#1026=LINE('',#7318,#1626);
#1027=LINE('',#7321,#1627);
#1028=LINE('',#7323,#1628);
#1029=LINE('',#7324,#1629);
#1030=LINE('',#7327,#1630);
#1031=LINE('',#7329,#1631);
#1032=LINE('',#7330,#1632);
#1033=LINE('',#7332,#1633);
#1034=LINE('',#7333,#1634);
#1035=LINE('',#7339,#1635);
#1036=LINE('',#7341,#1636);
#1037=LINE('',#7343,#1637);
#1038=LINE('',#7344,#1638);
#1039=LINE('',#7347,#1639);
#1040=LINE('',#7349,#1640);
#1041=LINE('',#7350,#1641);
#1042=LINE('',#7353,#1642);
#1043=LINE('',#7355,#1643);
#1044=LINE('',#7356,#1644);
#1045=LINE('',#7358,#1645);
#1046=LINE('',#7359,#1646);
#1047=LINE('',#7365,#1647);
#1048=LINE('',#7367,#1648);
#1049=LINE('',#7369,#1649);
#1050=LINE('',#7370,#1650);
#1051=LINE('',#7373,#1651);
#1052=LINE('',#7375,#1652);
#1053=LINE('',#7376,#1653);
#1054=LINE('',#7379,#1654);
#1055=LINE('',#7381,#1655);
#1056=LINE('',#7382,#1656);
#1057=LINE('',#7384,#1657);
#1058=LINE('',#7385,#1658);
#1059=LINE('',#7391,#1659);
#1060=LINE('',#7393,#1660);
#1061=LINE('',#7395,#1661);
#1062=LINE('',#7396,#1662);
#1063=LINE('',#7399,#1663);
#1064=LINE('',#7401,#1664);
#1065=LINE('',#7402,#1665);
#1066=LINE('',#7405,#1666);
#1067=LINE('',#7407,#1667);
#1068=LINE('',#7408,#1668);
#1069=LINE('',#7410,#1669);
#1070=LINE('',#7411,#1670);
#1071=LINE('',#7417,#1671);
#1072=LINE('',#7419,#1672);
#1073=LINE('',#7421,#1673);
#1074=LINE('',#7422,#1674);
#1075=LINE('',#7425,#1675);
#1076=LINE('',#7427,#1676);
#1077=LINE('',#7428,#1677);
#1078=LINE('',#7431,#1678);
#1079=LINE('',#7433,#1679);
#1080=LINE('',#7434,#1680);
#1081=LINE('',#7437,#1681);
#1082=LINE('',#7439,#1682);
#1083=LINE('',#7440,#1683);
#1084=LINE('',#7446,#1684);
#1085=LINE('',#7449,#1685);
#1086=LINE('',#7451,#1686);
#1087=LINE('',#7452,#1687);
#1088=LINE('',#7454,#1688);
#1089=LINE('',#7455,#1689);
#1090=LINE('',#7461,#1690);
#1091=LINE('',#7463,#1691);
#1092=LINE('',#7465,#1692);
#1093=LINE('',#7466,#1693);
#1094=LINE('',#7469,#1694);
#1095=LINE('',#7471,#1695);
#1096=LINE('',#7472,#1696);
#1097=LINE('',#7475,#1697);
#1098=LINE('',#7477,#1698);
#1099=LINE('',#7478,#1699);
#1100=LINE('',#7480,#1700);
#1101=LINE('',#7481,#1701);
#1102=LINE('',#7487,#1702);
#1103=LINE('',#7489,#1703);
#1104=LINE('',#7491,#1704);
#1105=LINE('',#7492,#1705);
#1106=LINE('',#7495,#1706);
#1107=LINE('',#7497,#1707);
#1108=LINE('',#7498,#1708);
#1109=LINE('',#7501,#1709);
#1110=LINE('',#7503,#1710);
#1111=LINE('',#7504,#1711);
#1112=LINE('',#7506,#1712);
#1113=LINE('',#7507,#1713);
#1114=LINE('',#7513,#1714);
#1115=LINE('',#7515,#1715);
#1116=LINE('',#7517,#1716);
#1117=LINE('',#7518,#1717);
#1118=LINE('',#7521,#1718);
#1119=LINE('',#7523,#1719);
#1120=LINE('',#7524,#1720);
#1121=LINE('',#7527,#1721);
#1122=LINE('',#7529,#1722);
#1123=LINE('',#7530,#1723);
#1124=LINE('',#7532,#1724);
#1125=LINE('',#7533,#1725);
#1126=LINE('',#7539,#1726);
#1127=LINE('',#7541,#1727);
#1128=LINE('',#7543,#1728);
#1129=LINE('',#7544,#1729);
#1130=LINE('',#7547,#1730);
#1131=LINE('',#7549,#1731);
#1132=LINE('',#7550,#1732);
#1133=LINE('',#7553,#1733);
#1134=LINE('',#7555,#1734);
#1135=LINE('',#7556,#1735);
#1136=LINE('',#7558,#1736);
#1137=LINE('',#7559,#1737);
#1138=LINE('',#7565,#1738);
#1139=LINE('',#7567,#1739);
#1140=LINE('',#7569,#1740);
#1141=LINE('',#7570,#1741);
#1142=LINE('',#7573,#1742);
#1143=LINE('',#7575,#1743);
#1144=LINE('',#7576,#1744);
#1145=LINE('',#7579,#1745);
#1146=LINE('',#7581,#1746);
#1147=LINE('',#7582,#1747);
#1148=LINE('',#7584,#1748);
#1149=LINE('',#7585,#1749);
#1150=LINE('',#7591,#1750);
#1151=LINE('',#7593,#1751);
#1152=LINE('',#7595,#1752);
#1153=LINE('',#7596,#1753);
#1154=LINE('',#7599,#1754);
#1155=LINE('',#7601,#1755);
#1156=LINE('',#7602,#1756);
#1157=LINE('',#7605,#1757);
#1158=LINE('',#7607,#1758);
#1159=LINE('',#7608,#1759);
#1160=LINE('',#7610,#1760);
#1161=LINE('',#7611,#1761);
#1162=LINE('',#7617,#1762);
#1163=LINE('',#7619,#1763);
#1164=LINE('',#7621,#1764);
#1165=LINE('',#7622,#1765);
#1166=LINE('',#7625,#1766);
#1167=LINE('',#7627,#1767);
#1168=LINE('',#7628,#1768);
#1169=LINE('',#7631,#1769);
#1170=LINE('',#7633,#1770);
#1171=LINE('',#7634,#1771);
#1172=LINE('',#7636,#1772);
#1173=LINE('',#7637,#1773);
#1174=LINE('',#7643,#1774);
#1175=LINE('',#7645,#1775);
#1176=LINE('',#7647,#1776);
#1177=LINE('',#7648,#1777);
#1178=LINE('',#7651,#1778);
#1179=LINE('',#7653,#1779);
#1180=LINE('',#7654,#1780);
#1181=LINE('',#7657,#1781);
#1182=LINE('',#7659,#1782);
#1183=LINE('',#7660,#1783);
#1184=LINE('',#7662,#1784);
#1185=LINE('',#7663,#1785);
#1186=LINE('',#7669,#1786);
#1187=LINE('',#7671,#1787);
#1188=LINE('',#7673,#1788);
#1189=LINE('',#7674,#1789);
#1190=LINE('',#7677,#1790);
#1191=LINE('',#7679,#1791);
#1192=LINE('',#7680,#1792);
#1193=LINE('',#7683,#1793);
#1194=LINE('',#7685,#1794);
#1195=LINE('',#7686,#1795);
#1196=LINE('',#7688,#1796);
#1197=LINE('',#7689,#1797);
#1198=LINE('',#7695,#1798);
#1199=LINE('',#7697,#1799);
#1200=LINE('',#7699,#1800);
#1201=LINE('',#7700,#1801);
#1202=LINE('',#7703,#1802);
#1203=LINE('',#7705,#1803);
#1204=LINE('',#7706,#1804);
#1205=LINE('',#7709,#1805);
#1206=LINE('',#7711,#1806);
#1207=LINE('',#7712,#1807);
#1208=LINE('',#7714,#1808);
#1209=LINE('',#7715,#1809);
#1210=LINE('',#7721,#1810);
#1211=LINE('',#7723,#1811);
#1212=LINE('',#7725,#1812);
#1213=LINE('',#7726,#1813);
#1214=LINE('',#7729,#1814);
#1215=LINE('',#7731,#1815);
#1216=LINE('',#7732,#1816);
#1217=LINE('',#7735,#1817);
#1218=LINE('',#7737,#1818);
#1219=LINE('',#7738,#1819);
#1220=LINE('',#7740,#1820);
#1221=LINE('',#7741,#1821);
#1222=LINE('',#7804,#1822);
#1223=LINE('',#7828,#1823);
#1224=LINE('',#7831,#1824);
#1225=LINE('',#7833,#1825);
#1226=LINE('',#7834,#1826);
#1227=LINE('',#7837,#1827);
#1228=LINE('',#7839,#1828);
#1229=LINE('',#7840,#1829);
#1230=LINE('',#7843,#1830);
#1231=LINE('',#7845,#1831);
#1232=LINE('',#7847,#1832);
#1233=LINE('',#7848,#1833);
#1234=LINE('',#7893,#1834);
#1235=LINE('',#7895,#1835);
#1236=LINE('',#7931,#1836);
#1237=LINE('',#7932,#1837);
#1238=LINE('',#7936,#1838);
#1239=LINE('',#7938,#1839);
#1240=LINE('',#7939,#1840);
#1241=LINE('',#7979,#1841);
#1242=LINE('',#7982,#1842);
#1243=LINE('',#7983,#1843);
#1244=LINE('',#7986,#1844);
#1245=LINE('',#7988,#1845);
#1246=LINE('',#7990,#1846);
#1247=LINE('',#7991,#1847);
#1248=LINE('',#8013,#1848);
#1249=LINE('',#8015,#1849);
#1250=LINE('',#8017,#1850);
#1251=LINE('',#8053,#1851);
#1252=LINE('',#8056,#1852);
#1253=LINE('',#8058,#1853);
#1254=LINE('',#8059,#1854);
#1255=LINE('',#8062,#1855);
#1256=LINE('',#8063,#1856);
#1257=LINE('',#8093,#1857);
#1258=LINE('',#8096,#1858);
#1259=LINE('',#8097,#1859);
#1260=LINE('',#8100,#1860);
#1261=LINE('',#8101,#1861);
#1262=LINE('',#8163,#1862);
#1263=LINE('',#8165,#1863);
#1264=LINE('',#8166,#1864);
#1265=LINE('',#8188,#1865);
#1266=LINE('',#8210,#1866);
#1267=LINE('',#8244,#1867);
#1268=LINE('',#8245,#1868);
#1269=LINE('',#8267,#1869);
#1270=LINE('',#8290,#1870);
#1271=LINE('',#8292,#1871);
#1272=LINE('',#8293,#1872);
#1273=LINE('',#8297,#1873);
#1274=LINE('',#8299,#1874);
#1275=LINE('',#8301,#1875);
#1276=LINE('',#8302,#1876);
#1277=LINE('',#8305,#1877);
#1278=LINE('',#8306,#1878);
#1279=LINE('',#8307,#1879);
#1280=LINE('',#8310,#1880);
#1281=LINE('',#8311,#1881);
#1282=LINE('',#8313,#1882);
#1283=LINE('',#8314,#1883);
#1284=LINE('',#8377,#1884);
#1285=LINE('',#8401,#1885);
#1286=LINE('',#8404,#1886);
#1287=LINE('',#8406,#1887);
#1288=LINE('',#8407,#1888);
#1289=LINE('',#8410,#1889);
#1290=LINE('',#8412,#1890);
#1291=LINE('',#8413,#1891);
#1292=LINE('',#8416,#1892);
#1293=LINE('',#8418,#1893);
#1294=LINE('',#8420,#1894);
#1295=LINE('',#8421,#1895);
#1296=LINE('',#8466,#1896);
#1297=LINE('',#8468,#1897);
#1298=LINE('',#8504,#1898);
#1299=LINE('',#8505,#1899);
#1300=LINE('',#8509,#1900);
#1301=LINE('',#8511,#1901);
#1302=LINE('',#8512,#1902);
#1303=LINE('',#8552,#1903);
#1304=LINE('',#8555,#1904);
#1305=LINE('',#8556,#1905);
#1306=LINE('',#8559,#1906);
#1307=LINE('',#8561,#1907);
#1308=LINE('',#8563,#1908);
#1309=LINE('',#8564,#1909);
#1310=LINE('',#8586,#1910);
#1311=LINE('',#8588,#1911);
#1312=LINE('',#8590,#1912);
#1313=LINE('',#8626,#1913);
#1314=LINE('',#8629,#1914);
#1315=LINE('',#8631,#1915);
#1316=LINE('',#8632,#1916);
#1317=LINE('',#8635,#1917);
#1318=LINE('',#8636,#1918);
#1319=LINE('',#8666,#1919);
#1320=LINE('',#8669,#1920);
#1321=LINE('',#8670,#1921);
#1322=LINE('',#8673,#1922);
#1323=LINE('',#8674,#1923);
#1324=LINE('',#8736,#1924);
#1325=LINE('',#8738,#1925);
#1326=LINE('',#8739,#1926);
#1327=LINE('',#8761,#1927);
#1328=LINE('',#8783,#1928);
#1329=LINE('',#8817,#1929);
#1330=LINE('',#8818,#1930);
#1331=LINE('',#8840,#1931);
#1332=LINE('',#8863,#1932);
#1333=LINE('',#8865,#1933);
#1334=LINE('',#8866,#1934);
#1335=LINE('',#8870,#1935);
#1336=LINE('',#8872,#1936);
#1337=LINE('',#8874,#1937);
#1338=LINE('',#8875,#1938);
#1339=LINE('',#8878,#1939);
#1340=LINE('',#8879,#1940);
#1341=LINE('',#8880,#1941);
#1342=LINE('',#8883,#1942);
#1343=LINE('',#8884,#1943);
#1344=LINE('',#8886,#1944);
#1345=LINE('',#8887,#1945);
#1346=VECTOR('',#5146,10.);
#1347=VECTOR('',#5147,10.);
#1348=VECTOR('',#5148,10.);
#1349=VECTOR('',#5149,10.);
#1350=VECTOR('',#5152,10.);
#1351=VECTOR('',#5153,10.);
#1352=VECTOR('',#5154,10.);
#1353=VECTOR('',#5157,10.);
#1354=VECTOR('',#5158,10.);
#1355=VECTOR('',#5159,10.);
#1356=VECTOR('',#5162,10.);
#1357=VECTOR('',#5163,10.);
#1358=VECTOR('',#5170,10.);
#1359=VECTOR('',#5171,10.);
#1360=VECTOR('',#5172,10.);
#1361=VECTOR('',#5173,10.);
#1362=VECTOR('',#5176,10.);
#1363=VECTOR('',#5177,10.);
#1364=VECTOR('',#5178,10.);
#1365=VECTOR('',#5181,10.);
#1366=VECTOR('',#5182,10.);
#1367=VECTOR('',#5183,10.);
#1368=VECTOR('',#5186,10.);
#1369=VECTOR('',#5187,10.);
#1370=VECTOR('',#5188,10.);
#1371=VECTOR('',#5195,10.);
#1372=VECTOR('',#5198,10.);
#1373=VECTOR('',#5199,10.);
#1374=VECTOR('',#5200,10.);
#1375=VECTOR('',#5203,10.);
#1376=VECTOR('',#5204,10.);
#1377=VECTOR('',#5211,10.);
#1378=VECTOR('',#5212,10.);
#1379=VECTOR('',#5213,10.);
#1380=VECTOR('',#5214,10.);
#1381=VECTOR('',#5217,10.);
#1382=VECTOR('',#5218,10.);
#1383=VECTOR('',#5219,10.);
#1384=VECTOR('',#5222,10.);
#1385=VECTOR('',#5223,10.);
#1386=VECTOR('',#5224,10.);
#1387=VECTOR('',#5227,10.);
#1388=VECTOR('',#5228,10.);
#1389=VECTOR('',#5235,10.);
#1390=VECTOR('',#5236,10.);
#1391=VECTOR('',#5237,10.);
#1392=VECTOR('',#5238,10.);
#1393=VECTOR('',#5241,10.);
#1394=VECTOR('',#5242,10.);
#1395=VECTOR('',#5243,10.);
#1396=VECTOR('',#5246,10.);
#1397=VECTOR('',#5247,10.);
#1398=VECTOR('',#5248,10.);
#1399=VECTOR('',#5251,10.);
#1400=VECTOR('',#5252,10.);
#1401=VECTOR('',#5253,10.);
#1402=VECTOR('',#5260,10.);
#1403=VECTOR('',#5263,10.);
#1404=VECTOR('',#5264,10.);
#1405=VECTOR('',#5265,10.);
#1406=VECTOR('',#5268,10.);
#1407=VECTOR('',#5269,10.);
#1408=VECTOR('',#5276,10.);
#1409=VECTOR('',#5277,10.);
#1410=VECTOR('',#5278,10.);
#1411=VECTOR('',#5279,10.);
#1412=VECTOR('',#5282,10.);
#1413=VECTOR('',#5283,10.);
#1414=VECTOR('',#5284,10.);
#1415=VECTOR('',#5287,10.);
#1416=VECTOR('',#5288,10.);
#1417=VECTOR('',#5289,10.);
#1418=VECTOR('',#5292,10.);
#1419=VECTOR('',#5293,10.);
#1420=VECTOR('',#5298,10.);
#1421=VECTOR('',#5299,10.);
#1422=VECTOR('',#5302,10.);
#1423=VECTOR('',#5303,10.);
#1424=VECTOR('',#5304,10.);
#1425=VECTOR('',#5307,10.);
#1426=VECTOR('',#5308,10.);
#1427=VECTOR('',#5309,10.);
#1428=VECTOR('',#5312,10.);
#1429=VECTOR('',#5313,10.);
#1430=VECTOR('',#5314,10.);
#1431=VECTOR('',#5315,10.);
#1432=VECTOR('',#5316,10.);
#1433=VECTOR('',#5317,10.);
#1434=VECTOR('',#5320,10.);
#1435=VECTOR('',#5321,10.);
#1436=VECTOR('',#5326,10.);
#1437=VECTOR('',#5327,10.);
#1438=VECTOR('',#5328,10.);
#1439=VECTOR('',#5329,10.);
#1440=VECTOR('',#5332,10.);
#1441=VECTOR('',#5333,10.);
#1442=VECTOR('',#5336,10.);
#1443=VECTOR('',#5337,10.);
#1444=VECTOR('',#5338,10.);
#1445=VECTOR('',#5339,10.);
#1446=VECTOR('',#5340,10.);
#1447=VECTOR('',#5341,10.);
#1448=VECTOR('',#5342,10.);
#1449=VECTOR('',#5345,10.);
#1450=VECTOR('',#5348,10.);
#1451=VECTOR('',#5349,10.);
#1452=VECTOR('',#5350,10.);
#1453=VECTOR('',#5353,10.);
#1454=VECTOR('',#5354,10.);
#1455=VECTOR('',#5355,10.);
#1456=VECTOR('',#5358,10.);
#1457=VECTOR('',#5359,10.);
#1458=VECTOR('',#5362,10.);
#1459=VECTOR('',#5363,10.);
#1460=VECTOR('',#5364,0.12682970855563);
#1461=VECTOR('',#5365,10.);
#1462=VECTOR('',#5366,0.126154249552279);
#1463=VECTOR('',#5367,0.11149945020896);
#1464=VECTOR('',#5368,0.126083372119862);
#1465=VECTOR('',#5369,10.);
#1466=VECTOR('',#5370,0.126829708555888);
#1467=VECTOR('',#5371,0.112710091162373);
#1468=VECTOR('',#5374,10.);
#1469=VECTOR('',#5375,10.);
#1470=VECTOR('',#5376,10.);
#1471=VECTOR('',#5379,10.);
#1472=VECTOR('',#5380,10.);
#1473=VECTOR('',#5381,10.);
#1474=VECTOR('',#5382,10.);
#1475=VECTOR('',#5385,10.);
#1476=VECTOR('',#5386,10.);
#1477=VECTOR('',#5387,10.);
#1478=VECTOR('',#5390,10.);
#1479=VECTOR('',#5391,10.);
#1480=VECTOR('',#5394,10.);
#1481=VECTOR('',#5395,10.);
#1482=VECTOR('',#5402,10.);
#1483=VECTOR('',#5403,10.);
#1484=VECTOR('',#5404,10.);
#1485=VECTOR('',#5405,10.);
#1486=VECTOR('',#5408,10.);
#1487=VECTOR('',#5409,10.);
#1488=VECTOR('',#5410,10.);
#1489=VECTOR('',#5411,10.);
#1490=VECTOR('',#5414,10.);
#1491=VECTOR('',#5415,10.);
#1492=VECTOR('',#5416,10.);
#1493=VECTOR('',#5419,10.);
#1494=VECTOR('',#5420,10.);
#1495=VECTOR('',#5421,10.);
#1496=VECTOR('',#5424,10.);
#1497=VECTOR('',#5425,10.);
#1498=VECTOR('',#5426,10.);
#1499=VECTOR('',#5429,10.);
#1500=VECTOR('',#5430,10.);
#1501=VECTOR('',#5431,10.);
#1502=VECTOR('',#5434,10.);
#1503=VECTOR('',#5435,10.);
#1504=VECTOR('',#5436,10.);
#1505=VECTOR('',#5439,10.);
#1506=VECTOR('',#5440,10.);
#1507=VECTOR('',#5441,10.);
#1508=VECTOR('',#5444,10.);
#1509=VECTOR('',#5445,10.);
#1510=VECTOR('',#5446,10.);
#1511=VECTOR('',#5449,10.);
#1512=VECTOR('',#5450,10.);
#1513=VECTOR('',#5451,10.);
#1514=VECTOR('',#5454,10.);
#1515=VECTOR('',#5455,10.);
#1516=VECTOR('',#5456,10.);
#1517=VECTOR('',#5459,10.);
#1518=VECTOR('',#5460,10.);
#1519=VECTOR('',#5461,10.);
#1520=VECTOR('',#5464,10.);
#1521=VECTOR('',#5465,10.);
#1522=VECTOR('',#5466,10.);
#1523=VECTOR('',#5469,10.);
#1524=VECTOR('',#5470,10.);
#1525=VECTOR('',#5473,10.);
#1526=VECTOR('',#5474,10.);
#1527=VECTOR('',#5475,10.);
#1528=VECTOR('',#5476,10.);
#1529=VECTOR('',#5479,10.);
#1530=VECTOR('',#5480,10.);
#1531=VECTOR('',#5481,10.);
#1532=VECTOR('',#5484,10.);
#1533=VECTOR('',#5485,10.);
#1534=VECTOR('',#5486,10.);
#1535=VECTOR('',#5489,10.);
#1536=VECTOR('',#5490,10.);
#1537=VECTOR('',#5493,10.);
#1538=VECTOR('',#5494,10.);
#1539=VECTOR('',#5501,10.);
#1540=VECTOR('',#5502,10.);
#1541=VECTOR('',#5503,10.);
#1542=VECTOR('',#5504,10.);
#1543=VECTOR('',#5507,10.);
#1544=VECTOR('',#5508,10.);
#1545=VECTOR('',#5509,10.);
#1546=VECTOR('',#5512,10.);
#1547=VECTOR('',#5513,10.);
#1548=VECTOR('',#5514,10.);
#1549=VECTOR('',#5517,10.);
#1550=VECTOR('',#5518,10.);
#1551=VECTOR('',#5525,10.);
#1552=VECTOR('',#5526,10.);
#1553=VECTOR('',#5527,10.);
#1554=VECTOR('',#5528,10.);
#1555=VECTOR('',#5531,10.);
#1556=VECTOR('',#5532,10.);
#1557=VECTOR('',#5533,10.);
#1558=VECTOR('',#5536,10.);
#1559=VECTOR('',#5537,10.);
#1560=VECTOR('',#5538,10.);
#1561=VECTOR('',#5541,10.);
#1562=VECTOR('',#5542,10.);
#1563=VECTOR('',#5549,10.);
#1564=VECTOR('',#5550,10.);
#1565=VECTOR('',#5551,10.);
#1566=VECTOR('',#5552,10.);
#1567=VECTOR('',#5555,10.);
#1568=VECTOR('',#5556,10.);
#1569=VECTOR('',#5557,10.);
#1570=VECTOR('',#5560,10.);
#1571=VECTOR('',#5561,10.);
#1572=VECTOR('',#5562,10.);
#1573=VECTOR('',#5565,10.);
#1574=VECTOR('',#5566,10.);
#1575=VECTOR('',#5573,10.);
#1576=VECTOR('',#5574,10.);
#1577=VECTOR('',#5575,10.);
#1578=VECTOR('',#5576,10.);
#1579=VECTOR('',#5579,10.);
#1580=VECTOR('',#5580,10.);
#1581=VECTOR('',#5581,10.);
#1582=VECTOR('',#5584,10.);
#1583=VECTOR('',#5585,10.);
#1584=VECTOR('',#5586,10.);
#1585=VECTOR('',#5589,10.);
#1586=VECTOR('',#5590,10.);
#1587=VECTOR('',#5597,10.);
#1588=VECTOR('',#5598,10.);
#1589=VECTOR('',#5599,10.);
#1590=VECTOR('',#5600,10.);
#1591=VECTOR('',#5603,10.);
#1592=VECTOR('',#5604,10.);
#1593=VECTOR('',#5605,10.);
#1594=VECTOR('',#5608,10.);
#1595=VECTOR('',#5609,10.);
#1596=VECTOR('',#5610,10.);
#1597=VECTOR('',#5613,10.);
#1598=VECTOR('',#5614,10.);
#1599=VECTOR('',#5621,10.);
#1600=VECTOR('',#5622,10.);
#1601=VECTOR('',#5623,10.);
#1602=VECTOR('',#5624,10.);
#1603=VECTOR('',#5627,10.);
#1604=VECTOR('',#5628,10.);
#1605=VECTOR('',#5629,10.);
#1606=VECTOR('',#5632,10.);
#1607=VECTOR('',#5633,10.);
#1608=VECTOR('',#5634,10.);
#1609=VECTOR('',#5637,10.);
#1610=VECTOR('',#5638,10.);
#1611=VECTOR('',#5645,10.);
#1612=VECTOR('',#5646,10.);
#1613=VECTOR('',#5647,10.);
#1614=VECTOR('',#5648,10.);
#1615=VECTOR('',#5651,10.);
#1616=VECTOR('',#5652,10.);
#1617=VECTOR('',#5653,10.);
#1618=VECTOR('',#5656,10.);
#1619=VECTOR('',#5657,10.);
#1620=VECTOR('',#5658,10.);
#1621=VECTOR('',#5661,10.);
#1622=VECTOR('',#5662,10.);
#1623=VECTOR('',#5669,10.);
#1624=VECTOR('',#5670,10.);
#1625=VECTOR('',#5671,10.);
#1626=VECTOR('',#5672,10.);
#1627=VECTOR('',#5675,10.);
#1628=VECTOR('',#5676,10.);
#1629=VECTOR('',#5677,10.);
#1630=VECTOR('',#5680,10.);
#1631=VECTOR('',#5681,10.);
#1632=VECTOR('',#5682,10.);
#1633=VECTOR('',#5685,10.);
#1634=VECTOR('',#5686,10.);
#1635=VECTOR('',#5693,10.);
#1636=VECTOR('',#5694,10.);
#1637=VECTOR('',#5695,10.);
#1638=VECTOR('',#5696,10.);
#1639=VECTOR('',#5699,10.);
#1640=VECTOR('',#5700,10.);
#1641=VECTOR('',#5701,10.);
#1642=VECTOR('',#5704,10.);
#1643=VECTOR('',#5705,10.);
#1644=VECTOR('',#5706,10.);
#1645=VECTOR('',#5709,10.);
#1646=VECTOR('',#5710,10.);
#1647=VECTOR('',#5717,10.);
#1648=VECTOR('',#5718,10.);
#1649=VECTOR('',#5719,10.);
#1650=VECTOR('',#5720,10.);
#1651=VECTOR('',#5723,10.);
#1652=VECTOR('',#5724,10.);
#1653=VECTOR('',#5725,10.);
#1654=VECTOR('',#5728,10.);
#1655=VECTOR('',#5729,10.);
#1656=VECTOR('',#5730,10.);
#1657=VECTOR('',#5733,10.);
#1658=VECTOR('',#5734,10.);
#1659=VECTOR('',#5741,10.);
#1660=VECTOR('',#5742,10.);
#1661=VECTOR('',#5743,10.);
#1662=VECTOR('',#5744,10.);
#1663=VECTOR('',#5747,10.);
#1664=VECTOR('',#5748,10.);
#1665=VECTOR('',#5749,10.);
#1666=VECTOR('',#5752,10.);
#1667=VECTOR('',#5753,10.);
#1668=VECTOR('',#5754,10.);
#1669=VECTOR('',#5757,10.);
#1670=VECTOR('',#5758,10.);
#1671=VECTOR('',#5765,10.);
#1672=VECTOR('',#5766,10.);
#1673=VECTOR('',#5767,10.);
#1674=VECTOR('',#5768,10.);
#1675=VECTOR('',#5771,10.);
#1676=VECTOR('',#5772,10.);
#1677=VECTOR('',#5773,10.);
#1678=VECTOR('',#5776,10.);
#1679=VECTOR('',#5777,10.);
#1680=VECTOR('',#5778,10.);
#1681=VECTOR('',#5781,10.);
#1682=VECTOR('',#5782,10.);
#1683=VECTOR('',#5783,10.);
#1684=VECTOR('',#5790,10.);
#1685=VECTOR('',#5793,10.);
#1686=VECTOR('',#5794,10.);
#1687=VECTOR('',#5795,10.);
#1688=VECTOR('',#5798,10.);
#1689=VECTOR('',#5799,10.);
#1690=VECTOR('',#5806,10.);
#1691=VECTOR('',#5807,10.);
#1692=VECTOR('',#5808,10.);
#1693=VECTOR('',#5809,10.);
#1694=VECTOR('',#5812,10.);
#1695=VECTOR('',#5813,10.);
#1696=VECTOR('',#5814,10.);
#1697=VECTOR('',#5817,10.);
#1698=VECTOR('',#5818,10.);
#1699=VECTOR('',#5819,10.);
#1700=VECTOR('',#5822,10.);
#1701=VECTOR('',#5823,10.);
#1702=VECTOR('',#5830,10.);
#1703=VECTOR('',#5831,10.);
#1704=VECTOR('',#5832,10.);
#1705=VECTOR('',#5833,10.);
#1706=VECTOR('',#5836,10.);
#1707=VECTOR('',#5837,10.);
#1708=VECTOR('',#5838,10.);
#1709=VECTOR('',#5841,10.);
#1710=VECTOR('',#5842,10.);
#1711=VECTOR('',#5843,10.);
#1712=VECTOR('',#5846,10.);
#1713=VECTOR('',#5847,10.);
#1714=VECTOR('',#5854,10.);
#1715=VECTOR('',#5855,10.);
#1716=VECTOR('',#5856,10.);
#1717=VECTOR('',#5857,10.);
#1718=VECTOR('',#5860,10.);
#1719=VECTOR('',#5861,10.);
#1720=VECTOR('',#5862,10.);
#1721=VECTOR('',#5865,10.);
#1722=VECTOR('',#5866,10.);
#1723=VECTOR('',#5867,10.);
#1724=VECTOR('',#5870,10.);
#1725=VECTOR('',#5871,10.);
#1726=VECTOR('',#5878,10.);
#1727=VECTOR('',#5879,10.);
#1728=VECTOR('',#5880,10.);
#1729=VECTOR('',#5881,10.);
#1730=VECTOR('',#5884,10.);
#1731=VECTOR('',#5885,10.);
#1732=VECTOR('',#5886,10.);
#1733=VECTOR('',#5889,10.);
#1734=VECTOR('',#5890,10.);
#1735=VECTOR('',#5891,10.);
#1736=VECTOR('',#5894,10.);
#1737=VECTOR('',#5895,10.);
#1738=VECTOR('',#5902,10.);
#1739=VECTOR('',#5903,10.);
#1740=VECTOR('',#5904,10.);
#1741=VECTOR('',#5905,10.);
#1742=VECTOR('',#5908,10.);
#1743=VECTOR('',#5909,10.);
#1744=VECTOR('',#5910,10.);
#1745=VECTOR('',#5913,10.);
#1746=VECTOR('',#5914,10.);
#1747=VECTOR('',#5915,10.);
#1748=VECTOR('',#5918,10.);
#1749=VECTOR('',#5919,10.);
#1750=VECTOR('',#5926,10.);
#1751=VECTOR('',#5927,10.);
#1752=VECTOR('',#5928,10.);
#1753=VECTOR('',#5929,10.);
#1754=VECTOR('',#5932,10.);
#1755=VECTOR('',#5933,10.);
#1756=VECTOR('',#5934,10.);
#1757=VECTOR('',#5937,10.);
#1758=VECTOR('',#5938,10.);
#1759=VECTOR('',#5939,10.);
#1760=VECTOR('',#5942,10.);
#1761=VECTOR('',#5943,10.);
#1762=VECTOR('',#5950,10.);
#1763=VECTOR('',#5951,10.);
#1764=VECTOR('',#5952,10.);
#1765=VECTOR('',#5953,10.);
#1766=VECTOR('',#5956,10.);
#1767=VECTOR('',#5957,10.);
#1768=VECTOR('',#5958,10.);
#1769=VECTOR('',#5961,10.);
#1770=VECTOR('',#5962,10.);
#1771=VECTOR('',#5963,10.);
#1772=VECTOR('',#5966,10.);
#1773=VECTOR('',#5967,10.);
#1774=VECTOR('',#5974,10.);
#1775=VECTOR('',#5975,10.);
#1776=VECTOR('',#5976,10.);
#1777=VECTOR('',#5977,10.);
#1778=VECTOR('',#5980,10.);
#1779=VECTOR('',#5981,10.);
#1780=VECTOR('',#5982,10.);
#1781=VECTOR('',#5985,10.);
#1782=VECTOR('',#5986,10.);
#1783=VECTOR('',#5987,10.);
#1784=VECTOR('',#5990,10.);
#1785=VECTOR('',#5991,10.);
#1786=VECTOR('',#5998,10.);
#1787=VECTOR('',#5999,10.);
#1788=VECTOR('',#6000,10.);
#1789=VECTOR('',#6001,10.);
#1790=VECTOR('',#6004,10.);
#1791=VECTOR('',#6005,10.);
#1792=VECTOR('',#6006,10.);
#1793=VECTOR('',#6009,10.);
#1794=VECTOR('',#6010,10.);
#1795=VECTOR('',#6011,10.);
#1796=VECTOR('',#6014,10.);
#1797=VECTOR('',#6015,10.);
#1798=VECTOR('',#6022,10.);
#1799=VECTOR('',#6023,10.);
#1800=VECTOR('',#6024,10.);
#1801=VECTOR('',#6025,10.);
#1802=VECTOR('',#6028,10.);
#1803=VECTOR('',#6029,10.);
#1804=VECTOR('',#6030,10.);
#1805=VECTOR('',#6033,10.);
#1806=VECTOR('',#6034,10.);
#1807=VECTOR('',#6035,10.);
#1808=VECTOR('',#6038,10.);
#1809=VECTOR('',#6039,10.);
#1810=VECTOR('',#6046,10.);
#1811=VECTOR('',#6047,10.);
#1812=VECTOR('',#6048,10.);
#1813=VECTOR('',#6049,10.);
#1814=VECTOR('',#6052,10.);
#1815=VECTOR('',#6053,10.);
#1816=VECTOR('',#6054,10.);
#1817=VECTOR('',#6057,10.);
#1818=VECTOR('',#6058,10.);
#1819=VECTOR('',#6059,10.);
#1820=VECTOR('',#6062,10.);
#1821=VECTOR('',#6063,10.);
#1822=VECTOR('',#6068,10.);
#1823=VECTOR('',#6069,10.);
#1824=VECTOR('',#6072,10.);
#1825=VECTOR('',#6073,10.);
#1826=VECTOR('',#6074,10.);
#1827=VECTOR('',#6077,10.);
#1828=VECTOR('',#6078,10.);
#1829=VECTOR('',#6079,10.);
#1830=VECTOR('',#6082,10.);
#1831=VECTOR('',#6083,10.);
#1832=VECTOR('',#6084,10.);
#1833=VECTOR('',#6085,10.);
#1834=VECTOR('',#6086,10.);
#1835=VECTOR('',#6087,10.);
#1836=VECTOR('',#6090,10.);
#1837=VECTOR('',#6091,10.);
#1838=VECTOR('',#6096,10.);
#1839=VECTOR('',#6097,10.);
#1840=VECTOR('',#6098,10.);
#1841=VECTOR('',#6099,10.);
#1842=VECTOR('',#6102,10.);
#1843=VECTOR('',#6103,10.);
#1844=VECTOR('',#6106,10.);
#1845=VECTOR('',#6107,10.);
#1846=VECTOR('',#6108,10.);
#1847=VECTOR('',#6109,10.);
#1848=VECTOR('',#6110,10.);
#1849=VECTOR('',#6111,10.);
#1850=VECTOR('',#6112,10.);
#1851=VECTOR('',#6115,10.);
#1852=VECTOR('',#6118,10.);
#1853=VECTOR('',#6119,10.);
#1854=VECTOR('',#6120,10.);
#1855=VECTOR('',#6123,10.);
#1856=VECTOR('',#6124,10.);
#1857=VECTOR('',#6125,10.);
#1858=VECTOR('',#6128,10.);
#1859=VECTOR('',#6129,10.);
#1860=VECTOR('',#6132,10.);
#1861=VECTOR('',#6133,10.);
#1862=VECTOR('',#6134,0.12682970855563);
#1863=VECTOR('',#6135,10.);
#1864=VECTOR('',#6136,0.12615424955228);
#1865=VECTOR('',#6137,0.11149945020896);
#1866=VECTOR('',#6138,0.126083372119862);
#1867=VECTOR('',#6139,10.);
#1868=VECTOR('',#6140,0.126829708555888);
#1869=VECTOR('',#6141,0.112710091162373);
#1870=VECTOR('',#6144,10.);
#1871=VECTOR('',#6145,10.);
#1872=VECTOR('',#6146,10.);
#1873=VECTOR('',#6149,10.);
#1874=VECTOR('',#6150,10.);
#1875=VECTOR('',#6151,10.);
#1876=VECTOR('',#6152,10.);
#1877=VECTOR('',#6155,10.);
#1878=VECTOR('',#6156,10.);
#1879=VECTOR('',#6157,10.);
#1880=VECTOR('',#6160,10.);
#1881=VECTOR('',#6161,10.);
#1882=VECTOR('',#6164,10.);
#1883=VECTOR('',#6165,10.);
#1884=VECTOR('',#6170,10.);
#1885=VECTOR('',#6171,10.);
#1886=VECTOR('',#6174,10.);
#1887=VECTOR('',#6175,10.);
#1888=VECTOR('',#6176,10.);
#1889=VECTOR('',#6179,10.);
#1890=VECTOR('',#6180,10.);
#1891=VECTOR('',#6181,10.);
#1892=VECTOR('',#6184,10.);
#1893=VECTOR('',#6185,10.);
#1894=VECTOR('',#6186,10.);
#1895=VECTOR('',#6187,10.);
#1896=VECTOR('',#6188,10.);
#1897=VECTOR('',#6189,10.);
#1898=VECTOR('',#6192,10.);
#1899=VECTOR('',#6193,10.);
#1900=VECTOR('',#6198,10.);
#1901=VECTOR('',#6199,10.);
#1902=VECTOR('',#6200,10.);
#1903=VECTOR('',#6201,10.);
#1904=VECTOR('',#6204,10.);
#1905=VECTOR('',#6205,10.);
#1906=VECTOR('',#6208,10.);
#1907=VECTOR('',#6209,10.);
#1908=VECTOR('',#6210,10.);
#1909=VECTOR('',#6211,10.);
#1910=VECTOR('',#6212,10.);
#1911=VECTOR('',#6213,10.);
#1912=VECTOR('',#6214,10.);
#1913=VECTOR('',#6217,10.);
#1914=VECTOR('',#6220,10.);
#1915=VECTOR('',#6221,10.);
#1916=VECTOR('',#6222,10.);
#1917=VECTOR('',#6225,10.);
#1918=VECTOR('',#6226,10.);
#1919=VECTOR('',#6227,10.);
#1920=VECTOR('',#6230,10.);
#1921=VECTOR('',#6231,10.);
#1922=VECTOR('',#6234,10.);
#1923=VECTOR('',#6235,10.);
#1924=VECTOR('',#6236,0.12682970855563);
#1925=VECTOR('',#6237,10.);
#1926=VECTOR('',#6238,0.126154249552279);
#1927=VECTOR('',#6239,0.11149945020896);
#1928=VECTOR('',#6240,0.126083372119862);
#1929=VECTOR('',#6241,10.);
#1930=VECTOR('',#6242,0.126829708555888);
#1931=VECTOR('',#6243,0.112710091162373);
#1932=VECTOR('',#6246,10.);
#1933=VECTOR('',#6247,10.);
#1934=VECTOR('',#6248,10.);
#1935=VECTOR('',#6251,10.);
#1936=VECTOR('',#6252,10.);
#1937=VECTOR('',#6253,10.);
#1938=VECTOR('',#6254,10.);
#1939=VECTOR('',#6257,10.);
#1940=VECTOR('',#6258,10.);
#1941=VECTOR('',#6259,10.);
#1942=VECTOR('',#6262,10.);
#1943=VECTOR('',#6263,10.);
#1944=VECTOR('',#6266,10.);
#1945=VECTOR('',#6267,10.);
#1946=VERTEX_POINT('',#6274);
#1947=VERTEX_POINT('',#6275);
#1948=VERTEX_POINT('',#6277);
#1949=VERTEX_POINT('',#6279);
#1950=VERTEX_POINT('',#6283);
#1951=VERTEX_POINT('',#6285);
#1952=VERTEX_POINT('',#6289);
#1953=VERTEX_POINT('',#6291);
#1954=VERTEX_POINT('',#6300);
#1955=VERTEX_POINT('',#6301);
#1956=VERTEX_POINT('',#6303);
#1957=VERTEX_POINT('',#6305);
#1958=VERTEX_POINT('',#6309);
#1959=VERTEX_POINT('',#6311);
#1960=VERTEX_POINT('',#6315);
#1961=VERTEX_POINT('',#6317);
#1962=VERTEX_POINT('',#6321);
#1963=VERTEX_POINT('',#6323);
#1964=VERTEX_POINT('',#6327);
#1965=VERTEX_POINT('',#6329);
#1966=VERTEX_POINT('',#6333);
#1967=VERTEX_POINT('',#6335);
#1968=VERTEX_POINT('',#6344);
#1969=VERTEX_POINT('',#6345);
#1970=VERTEX_POINT('',#6347);
#1971=VERTEX_POINT('',#6349);
#1972=VERTEX_POINT('',#6353);
#1973=VERTEX_POINT('',#6355);
#1974=VERTEX_POINT('',#6359);
#1975=VERTEX_POINT('',#6361);
#1976=VERTEX_POINT('',#6370);
#1977=VERTEX_POINT('',#6371);
#1978=VERTEX_POINT('',#6373);
#1979=VERTEX_POINT('',#6375);
#1980=VERTEX_POINT('',#6379);
#1981=VERTEX_POINT('',#6381);
#1982=VERTEX_POINT('',#6385);
#1983=VERTEX_POINT('',#6387);
#1984=VERTEX_POINT('',#6391);
#1985=VERTEX_POINT('',#6393);
#1986=VERTEX_POINT('',#6397);
#1987=VERTEX_POINT('',#6399);
#1988=VERTEX_POINT('',#6403);
#1989=VERTEX_POINT('',#6405);
#1990=VERTEX_POINT('',#6414);
#1991=VERTEX_POINT('',#6415);
#1992=VERTEX_POINT('',#6417);
#1993=VERTEX_POINT('',#6419);
#1994=VERTEX_POINT('',#6423);
#1995=VERTEX_POINT('',#6425);
#1996=VERTEX_POINT('',#6429);
#1997=VERTEX_POINT('',#6431);
#1998=VERTEX_POINT('',#6459);
#1999=VERTEX_POINT('',#6460);
#2000=VERTEX_POINT('',#6498);
#2001=VERTEX_POINT('',#6500);
#2002=VERTEX_POINT('',#6525);
#2003=VERTEX_POINT('',#6527);
#2004=VERTEX_POINT('',#6531);
#2005=VERTEX_POINT('',#6533);
#2006=VERTEX_POINT('',#6537);
#2007=VERTEX_POINT('',#6539);
#2008=VERTEX_POINT('',#6541);
#2009=VERTEX_POINT('',#6564);
#2010=VERTEX_POINT('',#6587);
#2011=VERTEX_POINT('',#6589);
#2012=VERTEX_POINT('',#6630);
#2013=VERTEX_POINT('',#6632);
#2014=VERTEX_POINT('',#6655);
#2015=VERTEX_POINT('',#6676);
#2016=VERTEX_POINT('',#6680);
#2017=VERTEX_POINT('',#6682);
#2018=VERTEX_POINT('',#6684);
#2019=VERTEX_POINT('',#6707);
#2020=VERTEX_POINT('',#6709);
#2021=VERTEX_POINT('',#6711);
#2022=VERTEX_POINT('',#6750);
#2023=VERTEX_POINT('',#6752);
#2024=VERTEX_POINT('',#6756);
#2025=VERTEX_POINT('',#6779);
#2026=VERTEX_POINT('',#6790);
#2027=VERTEX_POINT('',#6794);
#2028=VERTEX_POINT('',#6857);
#2029=VERTEX_POINT('',#6859);
#2030=VERTEX_POINT('',#6878);
#2031=VERTEX_POINT('',#6900);
#2032=VERTEX_POINT('',#6938);
#2033=VERTEX_POINT('',#6957);
#2034=VERTEX_POINT('',#6984);
#2035=VERTEX_POINT('',#6986);
#2036=VERTEX_POINT('',#6990);
#2037=VERTEX_POINT('',#6991);
#2038=VERTEX_POINT('',#6993);
#2039=VERTEX_POINT('',#6995);
#2040=VERTEX_POINT('',#6999);
#2041=VERTEX_POINT('',#7004);
#2042=VERTEX_POINT('',#7013);
#2043=VERTEX_POINT('',#7014);
#2044=VERTEX_POINT('',#7016);
#2045=VERTEX_POINT('',#7018);
#2046=VERTEX_POINT('',#7022);
#2047=VERTEX_POINT('',#7023);
#2048=VERTEX_POINT('',#7025);
#2049=VERTEX_POINT('',#7027);
#2050=VERTEX_POINT('',#7031);
#2051=VERTEX_POINT('',#7033);
#2052=VERTEX_POINT('',#7037);
#2053=VERTEX_POINT('',#7039);
#2054=VERTEX_POINT('',#7043);
#2055=VERTEX_POINT('',#7045);
#2056=VERTEX_POINT('',#7049);
#2057=VERTEX_POINT('',#7051);
#2058=VERTEX_POINT('',#7055);
#2059=VERTEX_POINT('',#7057);
#2060=VERTEX_POINT('',#7061);
#2061=VERTEX_POINT('',#7063);
#2062=VERTEX_POINT('',#7067);
#2063=VERTEX_POINT('',#7069);
#2064=VERTEX_POINT('',#7073);
#2065=VERTEX_POINT('',#7075);
#2066=VERTEX_POINT('',#7079);
#2067=VERTEX_POINT('',#7081);
#2068=VERTEX_POINT('',#7085);
#2069=VERTEX_POINT('',#7087);
#2070=VERTEX_POINT('',#7091);
#2071=VERTEX_POINT('',#7093);
#2072=VERTEX_POINT('',#7100);
#2073=VERTEX_POINT('',#7101);
#2074=VERTEX_POINT('',#7103);
#2075=VERTEX_POINT('',#7105);
#2076=VERTEX_POINT('',#7109);
#2077=VERTEX_POINT('',#7111);
#2078=VERTEX_POINT('',#7115);
#2079=VERTEX_POINT('',#7117);
#2080=VERTEX_POINT('',#7129);
#2081=VERTEX_POINT('',#7130);
#2082=VERTEX_POINT('',#7132);
#2083=VERTEX_POINT('',#7134);
#2084=VERTEX_POINT('',#7138);
#2085=VERTEX_POINT('',#7140);
#2086=VERTEX_POINT('',#7144);
#2087=VERTEX_POINT('',#7146);
#2088=VERTEX_POINT('',#7155);
#2089=VERTEX_POINT('',#7156);
#2090=VERTEX_POINT('',#7158);
#2091=VERTEX_POINT('',#7160);
#2092=VERTEX_POINT('',#7164);
#2093=VERTEX_POINT('',#7166);
#2094=VERTEX_POINT('',#7170);
#2095=VERTEX_POINT('',#7172);
#2096=VERTEX_POINT('',#7181);
#2097=VERTEX_POINT('',#7182);
#2098=VERTEX_POINT('',#7184);
#2099=VERTEX_POINT('',#7186);
#2100=VERTEX_POINT('',#7190);
#2101=VERTEX_POINT('',#7192);
#2102=VERTEX_POINT('',#7196);
#2103=VERTEX_POINT('',#7198);
#2104=VERTEX_POINT('',#7207);
#2105=VERTEX_POINT('',#7208);
#2106=VERTEX_POINT('',#7210);
#2107=VERTEX_POINT('',#7212);
#2108=VERTEX_POINT('',#7216);
#2109=VERTEX_POINT('',#7218);
#2110=VERTEX_POINT('',#7222);
#2111=VERTEX_POINT('',#7224);
#2112=VERTEX_POINT('',#7233);
#2113=VERTEX_POINT('',#7234);
#2114=VERTEX_POINT('',#7236);
#2115=VERTEX_POINT('',#7238);
#2116=VERTEX_POINT('',#7242);
#2117=VERTEX_POINT('',#7244);
#2118=VERTEX_POINT('',#7248);
#2119=VERTEX_POINT('',#7250);
#2120=VERTEX_POINT('',#7259);
#2121=VERTEX_POINT('',#7260);
#2122=VERTEX_POINT('',#7262);
#2123=VERTEX_POINT('',#7264);
#2124=VERTEX_POINT('',#7268);
#2125=VERTEX_POINT('',#7270);
#2126=VERTEX_POINT('',#7274);
#2127=VERTEX_POINT('',#7276);
#2128=VERTEX_POINT('',#7285);
#2129=VERTEX_POINT('',#7286);
#2130=VERTEX_POINT('',#7288);
#2131=VERTEX_POINT('',#7290);
#2132=VERTEX_POINT('',#7294);
#2133=VERTEX_POINT('',#7296);
#2134=VERTEX_POINT('',#7300);
#2135=VERTEX_POINT('',#7302);
#2136=VERTEX_POINT('',#7311);
#2137=VERTEX_POINT('',#7312);
#2138=VERTEX_POINT('',#7314);
#2139=VERTEX_POINT('',#7316);
#2140=VERTEX_POINT('',#7320);
#2141=VERTEX_POINT('',#7322);
#2142=VERTEX_POINT('',#7326);
#2143=VERTEX_POINT('',#7328);
#2144=VERTEX_POINT('',#7337);
#2145=VERTEX_POINT('',#7338);
#2146=VERTEX_POINT('',#7340);
#2147=VERTEX_POINT('',#7342);
#2148=VERTEX_POINT('',#7346);
#2149=VERTEX_POINT('',#7348);
#2150=VERTEX_POINT('',#7352);
#2151=VERTEX_POINT('',#7354);
#2152=VERTEX_POINT('',#7363);
#2153=VERTEX_POINT('',#7364);
#2154=VERTEX_POINT('',#7366);
#2155=VERTEX_POINT('',#7368);
#2156=VERTEX_POINT('',#7372);
#2157=VERTEX_POINT('',#7374);
#2158=VERTEX_POINT('',#7378);
#2159=VERTEX_POINT('',#7380);
#2160=VERTEX_POINT('',#7389);
#2161=VERTEX_POINT('',#7390);
#2162=VERTEX_POINT('',#7392);
#2163=VERTEX_POINT('',#7394);
#2164=VERTEX_POINT('',#7398);
#2165=VERTEX_POINT('',#7400);
#2166=VERTEX_POINT('',#7404);
#2167=VERTEX_POINT('',#7406);
#2168=VERTEX_POINT('',#7415);
#2169=VERTEX_POINT('',#7416);
#2170=VERTEX_POINT('',#7418);
#2171=VERTEX_POINT('',#7420);
#2172=VERTEX_POINT('',#7424);
#2173=VERTEX_POINT('',#7426);
#2174=VERTEX_POINT('',#7430);
#2175=VERTEX_POINT('',#7432);
#2176=VERTEX_POINT('',#7436);
#2177=VERTEX_POINT('',#7438);
#2178=VERTEX_POINT('',#7442);
#2179=VERTEX_POINT('',#7444);
#2180=VERTEX_POINT('',#7448);
#2181=VERTEX_POINT('',#7450);
#2182=VERTEX_POINT('',#7459);
#2183=VERTEX_POINT('',#7460);
#2184=VERTEX_POINT('',#7462);
#2185=VERTEX_POINT('',#7464);
#2186=VERTEX_POINT('',#7468);
#2187=VERTEX_POINT('',#7470);
#2188=VERTEX_POINT('',#7474);
#2189=VERTEX_POINT('',#7476);
#2190=VERTEX_POINT('',#7485);
#2191=VERTEX_POINT('',#7486);
#2192=VERTEX_POINT('',#7488);
#2193=VERTEX_POINT('',#7490);
#2194=VERTEX_POINT('',#7494);
#2195=VERTEX_POINT('',#7496);
#2196=VERTEX_POINT('',#7500);
#2197=VERTEX_POINT('',#7502);
#2198=VERTEX_POINT('',#7511);
#2199=VERTEX_POINT('',#7512);
#2200=VERTEX_POINT('',#7514);
#2201=VERTEX_POINT('',#7516);
#2202=VERTEX_POINT('',#7520);
#2203=VERTEX_POINT('',#7522);
#2204=VERTEX_POINT('',#7526);
#2205=VERTEX_POINT('',#7528);
#2206=VERTEX_POINT('',#7537);
#2207=VERTEX_POINT('',#7538);
#2208=VERTEX_POINT('',#7540);
#2209=VERTEX_POINT('',#7542);
#2210=VERTEX_POINT('',#7546);
#2211=VERTEX_POINT('',#7548);
#2212=VERTEX_POINT('',#7552);
#2213=VERTEX_POINT('',#7554);
#2214=VERTEX_POINT('',#7563);
#2215=VERTEX_POINT('',#7564);
#2216=VERTEX_POINT('',#7566);
#2217=VERTEX_POINT('',#7568);
#2218=VERTEX_POINT('',#7572);
#2219=VERTEX_POINT('',#7574);
#2220=VERTEX_POINT('',#7578);
#2221=VERTEX_POINT('',#7580);
#2222=VERTEX_POINT('',#7589);
#2223=VERTEX_POINT('',#7590);
#2224=VERTEX_POINT('',#7592);
#2225=VERTEX_POINT('',#7594);
#2226=VERTEX_POINT('',#7598);
#2227=VERTEX_POINT('',#7600);
#2228=VERTEX_POINT('',#7604);
#2229=VERTEX_POINT('',#7606);
#2230=VERTEX_POINT('',#7615);
#2231=VERTEX_POINT('',#7616);
#2232=VERTEX_POINT('',#7618);
#2233=VERTEX_POINT('',#7620);
#2234=VERTEX_POINT('',#7624);
#2235=VERTEX_POINT('',#7626);
#2236=VERTEX_POINT('',#7630);
#2237=VERTEX_POINT('',#7632);
#2238=VERTEX_POINT('',#7641);
#2239=VERTEX_POINT('',#7642);
#2240=VERTEX_POINT('',#7644);
#2241=VERTEX_POINT('',#7646);
#2242=VERTEX_POINT('',#7650);
#2243=VERTEX_POINT('',#7652);
#2244=VERTEX_POINT('',#7656);
#2245=VERTEX_POINT('',#7658);
#2246=VERTEX_POINT('',#7667);
#2247=VERTEX_POINT('',#7668);
#2248=VERTEX_POINT('',#7670);
#2249=VERTEX_POINT('',#7672);
#2250=VERTEX_POINT('',#7676);
#2251=VERTEX_POINT('',#7678);
#2252=VERTEX_POINT('',#7682);
#2253=VERTEX_POINT('',#7684);
#2254=VERTEX_POINT('',#7693);
#2255=VERTEX_POINT('',#7694);
#2256=VERTEX_POINT('',#7696);
#2257=VERTEX_POINT('',#7698);
#2258=VERTEX_POINT('',#7702);
#2259=VERTEX_POINT('',#7704);
#2260=VERTEX_POINT('',#7708);
#2261=VERTEX_POINT('',#7710);
#2262=VERTEX_POINT('',#7719);
#2263=VERTEX_POINT('',#7720);
#2264=VERTEX_POINT('',#7722);
#2265=VERTEX_POINT('',#7724);
#2266=VERTEX_POINT('',#7728);
#2267=VERTEX_POINT('',#7730);
#2268=VERTEX_POINT('',#7734);
#2269=VERTEX_POINT('',#7736);
#2270=VERTEX_POINT('',#7764);
#2271=VERTEX_POINT('',#7765);
#2272=VERTEX_POINT('',#7803);
#2273=VERTEX_POINT('',#7805);
#2274=VERTEX_POINT('',#7830);
#2275=VERTEX_POINT('',#7832);
#2276=VERTEX_POINT('',#7836);
#2277=VERTEX_POINT('',#7838);
#2278=VERTEX_POINT('',#7842);
#2279=VERTEX_POINT('',#7844);
#2280=VERTEX_POINT('',#7846);
#2281=VERTEX_POINT('',#7869);
#2282=VERTEX_POINT('',#7892);
#2283=VERTEX_POINT('',#7894);
#2284=VERTEX_POINT('',#7935);
#2285=VERTEX_POINT('',#7937);
#2286=VERTEX_POINT('',#7960);
#2287=VERTEX_POINT('',#7981);
#2288=VERTEX_POINT('',#7985);
#2289=VERTEX_POINT('',#7987);
#2290=VERTEX_POINT('',#7989);
#2291=VERTEX_POINT('',#8012);
#2292=VERTEX_POINT('',#8014);
#2293=VERTEX_POINT('',#8016);
#2294=VERTEX_POINT('',#8055);
#2295=VERTEX_POINT('',#8057);
#2296=VERTEX_POINT('',#8061);
#2297=VERTEX_POINT('',#8084);
#2298=VERTEX_POINT('',#8095);
#2299=VERTEX_POINT('',#8099);
#2300=VERTEX_POINT('',#8162);
#2301=VERTEX_POINT('',#8164);
#2302=VERTEX_POINT('',#8183);
#2303=VERTEX_POINT('',#8205);
#2304=VERTEX_POINT('',#8243);
#2305=VERTEX_POINT('',#8262);
#2306=VERTEX_POINT('',#8289);
#2307=VERTEX_POINT('',#8291);
#2308=VERTEX_POINT('',#8295);
#2309=VERTEX_POINT('',#8296);
#2310=VERTEX_POINT('',#8298);
#2311=VERTEX_POINT('',#8300);
#2312=VERTEX_POINT('',#8304);
#2313=VERTEX_POINT('',#8309);
#2314=VERTEX_POINT('',#8337);
#2315=VERTEX_POINT('',#8338);
#2316=VERTEX_POINT('',#8376);
#2317=VERTEX_POINT('',#8378);
#2318=VERTEX_POINT('',#8403);
#2319=VERTEX_POINT('',#8405);
#2320=VERTEX_POINT('',#8409);
#2321=VERTEX_POINT('',#8411);
#2322=VERTEX_POINT('',#8415);
#2323=VERTEX_POINT('',#8417);
#2324=VERTEX_POINT('',#8419);
#2325=VERTEX_POINT('',#8442);
#2326=VERTEX_POINT('',#8465);
#2327=VERTEX_POINT('',#8467);
#2328=VERTEX_POINT('',#8508);
#2329=VERTEX_POINT('',#8510);
#2330=VERTEX_POINT('',#8533);
#2331=VERTEX_POINT('',#8554);
#2332=VERTEX_POINT('',#8558);
#2333=VERTEX_POINT('',#8560);
#2334=VERTEX_POINT('',#8562);
#2335=VERTEX_POINT('',#8585);
#2336=VERTEX_POINT('',#8587);
#2337=VERTEX_POINT('',#8589);
#2338=VERTEX_POINT('',#8628);
#2339=VERTEX_POINT('',#8630);
#2340=VERTEX_POINT('',#8634);
#2341=VERTEX_POINT('',#8657);
#2342=VERTEX_POINT('',#8668);
#2343=VERTEX_POINT('',#8672);
#2344=VERTEX_POINT('',#8735);
#2345=VERTEX_POINT('',#8737);
#2346=VERTEX_POINT('',#8756);
#2347=VERTEX_POINT('',#8778);
#2348=VERTEX_POINT('',#8816);
#2349=VERTEX_POINT('',#8835);
#2350=VERTEX_POINT('',#8862);
#2351=VERTEX_POINT('',#8864);
#2352=VERTEX_POINT('',#8868);
#2353=VERTEX_POINT('',#8869);
#2354=VERTEX_POINT('',#8871);
#2355=VERTEX_POINT('',#8873);
#2356=VERTEX_POINT('',#8877);
#2357=VERTEX_POINT('',#8882);
#2358=EDGE_CURVE('',#1946,#1947,#746,.T.);
#2359=EDGE_CURVE('',#1947,#1948,#747,.T.);
#2360=EDGE_CURVE('',#1949,#1948,#748,.T.);
#2361=EDGE_CURVE('',#1946,#1949,#749,.T.);
#2362=EDGE_CURVE('',#1950,#1946,#750,.T.);
#2363=EDGE_CURVE('',#1951,#1949,#751,.T.);
#2364=EDGE_CURVE('',#1950,#1951,#752,.T.);
#2365=EDGE_CURVE('',#1952,#1950,#753,.T.);
#2366=EDGE_CURVE('',#1953,#1951,#754,.T.);
#2367=EDGE_CURVE('',#1952,#1953,#755,.T.);
#2368=EDGE_CURVE('',#1947,#1952,#756,.T.);
#2369=EDGE_CURVE('',#1948,#1953,#757,.T.);
#2370=EDGE_CURVE('',#1954,#1955,#758,.T.);
#2371=EDGE_CURVE('',#1954,#1956,#759,.T.);
#2372=EDGE_CURVE('',#1957,#1956,#760,.T.);
#2373=EDGE_CURVE('',#1955,#1957,#761,.T.);
#2374=EDGE_CURVE('',#1958,#1955,#762,.T.);
#2375=EDGE_CURVE('',#1959,#1957,#763,.T.);
#2376=EDGE_CURVE('',#1958,#1959,#764,.T.);
#2377=EDGE_CURVE('',#1958,#1960,#765,.T.);
#2378=EDGE_CURVE('',#1961,#1959,#766,.T.);
#2379=EDGE_CURVE('',#1960,#1961,#767,.T.);
#2380=EDGE_CURVE('',#1960,#1962,#768,.T.);
#2381=EDGE_CURVE('',#1963,#1961,#769,.T.);
#2382=EDGE_CURVE('',#1962,#1963,#770,.T.);
#2383=EDGE_CURVE('',#1964,#1962,#85,.T.);
#2384=EDGE_CURVE('',#1965,#1963,#86,.T.);
#2385=EDGE_CURVE('',#1964,#1965,#771,.T.);
#2386=EDGE_CURVE('',#1966,#1964,#772,.T.);
#2387=EDGE_CURVE('',#1967,#1965,#773,.T.);
#2388=EDGE_CURVE('',#1966,#1967,#774,.T.);
#2389=EDGE_CURVE('',#1954,#1966,#775,.T.);
#2390=EDGE_CURVE('',#1956,#1967,#776,.T.);
#2391=EDGE_CURVE('',#1968,#1969,#777,.T.);
#2392=EDGE_CURVE('',#1968,#1970,#778,.T.);
#2393=EDGE_CURVE('',#1971,#1970,#779,.T.);
#2394=EDGE_CURVE('',#1969,#1971,#780,.T.);
#2395=EDGE_CURVE('',#1969,#1972,#781,.T.);
#2396=EDGE_CURVE('',#1973,#1971,#782,.T.);
#2397=EDGE_CURVE('',#1972,#1973,#783,.T.);
#2398=EDGE_CURVE('',#1972,#1974,#784,.T.);
#2399=EDGE_CURVE('',#1975,#1973,#785,.T.);
#2400=EDGE_CURVE('',#1974,#1975,#786,.T.);
#2401=EDGE_CURVE('',#1974,#1968,#787,.T.);
#2402=EDGE_CURVE('',#1970,#1975,#788,.T.);
#2403=EDGE_CURVE('',#1976,#1977,#789,.T.);
#2404=EDGE_CURVE('',#1976,#1978,#790,.T.);
#2405=EDGE_CURVE('',#1979,#1978,#791,.T.);
#2406=EDGE_CURVE('',#1977,#1979,#792,.T.);
#2407=EDGE_CURVE('',#1980,#1977,#793,.T.);
#2408=EDGE_CURVE('',#1981,#1979,#794,.T.);
#2409=EDGE_CURVE('',#1980,#1981,#795,.T.);
#2410=EDGE_CURVE('',#1980,#1982,#796,.T.);
#2411=EDGE_CURVE('',#1983,#1981,#797,.T.);
#2412=EDGE_CURVE('',#1982,#1983,#798,.T.);
#2413=EDGE_CURVE('',#1982,#1984,#799,.T.);
#2414=EDGE_CURVE('',#1985,#1983,#800,.T.);
#2415=EDGE_CURVE('',#1984,#1985,#801,.T.);
#2416=EDGE_CURVE('',#1986,#1984,#87,.T.);
#2417=EDGE_CURVE('',#1987,#1985,#88,.T.);
#2418=EDGE_CURVE('',#1986,#1987,#802,.T.);
#2419=EDGE_CURVE('',#1988,#1986,#803,.T.);
#2420=EDGE_CURVE('',#1989,#1987,#804,.T.);
#2421=EDGE_CURVE('',#1988,#1989,#805,.T.);
#2422=EDGE_CURVE('',#1976,#1988,#806,.T.);
#2423=EDGE_CURVE('',#1978,#1989,#807,.T.);
#2424=EDGE_CURVE('',#1990,#1991,#808,.T.);
#2425=EDGE_CURVE('',#1990,#1992,#809,.T.);
#2426=EDGE_CURVE('',#1993,#1992,#810,.T.);
#2427=EDGE_CURVE('',#1991,#1993,#811,.T.);
#2428=EDGE_CURVE('',#1991,#1994,#812,.T.);
#2429=EDGE_CURVE('',#1995,#1993,#813,.T.);
#2430=EDGE_CURVE('',#1994,#1995,#814,.T.);
#2431=EDGE_CURVE('',#1994,#1996,#815,.T.);
#2432=EDGE_CURVE('',#1997,#1995,#816,.T.);
#2433=EDGE_CURVE('',#1996,#1997,#817,.T.);
#2434=EDGE_CURVE('',#1996,#1990,#818,.T.);
#2435=EDGE_CURVE('',#1992,#1997,#819,.T.);
#2436=EDGE_CURVE('',#1998,#1999,#13,.T.);
#2437=EDGE_CURVE('',#1998,#2000,#820,.T.);
#2438=EDGE_CURVE('',#2001,#2000,#14,.T.);
#2439=EDGE_CURVE('',#1999,#2001,#821,.T.);
#2440=EDGE_CURVE('',#2002,#1998,#822,.T.);
#2441=EDGE_CURVE('',#2002,#2003,#823,.T.);
#2442=EDGE_CURVE('',#2000,#2003,#824,.T.);
#2443=EDGE_CURVE('',#1999,#2004,#825,.T.);
#2444=EDGE_CURVE('',#2005,#2001,#826,.T.);
#2445=EDGE_CURVE('',#2004,#2005,#827,.T.);
#2446=EDGE_CURVE('',#2006,#2005,#828,.T.);
#2447=EDGE_CURVE('',#2007,#2006,#829,.T.);
#2448=EDGE_CURVE('',#2007,#2008,#830,.T.);
#2449=EDGE_CURVE('',#2004,#2008,#831,.T.);
#2450=EDGE_CURVE('',#2009,#2006,#15,.T.);
#2451=EDGE_CURVE('',#2010,#2009,#832,.T.);
#2452=EDGE_CURVE('',#2010,#2011,#833,.T.);
#2453=EDGE_CURVE('',#2008,#2011,#16,.T.);
#2454=EDGE_CURVE('',#2003,#2009,#834,.T.);
#2455=EDGE_CURVE('',#2011,#2002,#835,.T.);
#2456=EDGE_CURVE('',#2012,#2004,#836,.T.);
#2457=EDGE_CURVE('',#2013,#2012,#837,.T.);
#2458=EDGE_CURVE('',#2013,#1999,#838,.T.);
#2459=EDGE_CURVE('',#2014,#2013,#17,.T.);
#2460=EDGE_CURVE('',#2014,#1998,#839,.T.);
#2461=EDGE_CURVE('',#2015,#2014,#840,.T.);
#2462=EDGE_CURVE('',#2015,#2002,#841,.T.);
#2463=EDGE_CURVE('',#2016,#2008,#842,.T.);
#2464=EDGE_CURVE('',#2017,#2016,#843,.T.);
#2465=EDGE_CURVE('',#2017,#2018,#844,.T.);
#2466=EDGE_CURVE('',#2012,#2018,#845,.T.);
#2467=EDGE_CURVE('',#2019,#2011,#846,.T.);
#2468=EDGE_CURVE('',#2020,#2019,#847,.T.);
#2469=EDGE_CURVE('',#2020,#2021,#848,.T.);
#2470=EDGE_CURVE('',#2018,#2021,#18,.T.);
#2471=EDGE_CURVE('',#2021,#2015,#849,.T.);
#2472=EDGE_CURVE('',#2022,#2012,#850,.T.);
#2473=EDGE_CURVE('',#2022,#2023,#851,.T.);
#2474=EDGE_CURVE('',#2023,#2013,#852,.T.);
#2475=EDGE_CURVE('',#2024,#2022,#853,.T.);
#2476=EDGE_CURVE('',#2024,#2018,#854,.T.);
#2477=EDGE_CURVE('',#2025,#2024,#19,.T.);
#2478=EDGE_CURVE('',#2025,#2021,#855,.T.);
#2479=EDGE_CURVE('',#2026,#2025,#856,.T.);
#2480=EDGE_CURVE('',#2026,#2015,#857,.T.);
#2481=EDGE_CURVE('',#2027,#2014,#858,.T.);
#2482=EDGE_CURVE('',#2027,#2026,#859,.T.);
#2483=EDGE_CURVE('',#2023,#2027,#20,.T.);
#2484=EDGE_CURVE('',#2023,#2028,#860,.T.);
#2485=EDGE_CURVE('',#2028,#2029,#861,.T.);
#2486=EDGE_CURVE('',#2027,#2029,#862,.T.);
#2487=EDGE_CURVE('',#2030,#2029,#21,.T.);
#2488=EDGE_CURVE('',#2026,#2030,#863,.T.);
#2489=EDGE_CURVE('',#2031,#2030,#22,.T.);
#2490=EDGE_CURVE('',#2025,#2031,#864,.T.);
#2491=EDGE_CURVE('',#2031,#2032,#865,.T.);
#2492=EDGE_CURVE('',#2024,#2032,#866,.T.);
#2493=EDGE_CURVE('',#2033,#2032,#23,.T.);
#2494=EDGE_CURVE('',#2022,#2033,#867,.T.);
#2495=EDGE_CURVE('',#2028,#2033,#24,.T.);
#2496=EDGE_CURVE('',#2029,#2034,#868,.T.);
#2497=EDGE_CURVE('',#2034,#2035,#869,.T.);
#2498=EDGE_CURVE('',#2035,#2031,#870,.T.);
#2499=EDGE_CURVE('',#2036,#2037,#871,.T.);
#2500=EDGE_CURVE('',#2036,#2038,#872,.T.);
#2501=EDGE_CURVE('',#2039,#2038,#873,.T.);
#2502=EDGE_CURVE('',#2037,#2039,#874,.T.);
#2503=EDGE_CURVE('',#2037,#2040,#875,.T.);
#2504=EDGE_CURVE('',#2032,#2039,#876,.T.);
#2505=EDGE_CURVE('',#2040,#2035,#877,.T.);
#2506=EDGE_CURVE('',#2040,#2041,#878,.T.);
#2507=EDGE_CURVE('',#2041,#2034,#879,.T.);
#2508=EDGE_CURVE('',#2041,#2036,#880,.T.);
#2509=EDGE_CURVE('',#2038,#2028,#881,.T.);
#2510=EDGE_CURVE('',#2042,#2043,#882,.T.);
#2511=EDGE_CURVE('',#2044,#2043,#883,.T.);
#2512=EDGE_CURVE('',#2045,#2044,#884,.T.);
#2513=EDGE_CURVE('',#2045,#2042,#885,.T.);
#2514=EDGE_CURVE('',#2046,#2047,#886,.T.);
#2515=EDGE_CURVE('',#2047,#2048,#887,.T.);
#2516=EDGE_CURVE('',#2049,#2048,#888,.T.);
#2517=EDGE_CURVE('',#2046,#2049,#889,.T.);
#2518=EDGE_CURVE('',#2046,#2050,#890,.T.);
#2519=EDGE_CURVE('',#2051,#2049,#891,.T.);
#2520=EDGE_CURVE('',#2050,#2051,#892,.T.);
#2521=EDGE_CURVE('',#2050,#2052,#893,.T.);
#2522=EDGE_CURVE('',#2053,#2051,#894,.T.);
#2523=EDGE_CURVE('',#2052,#2053,#895,.T.);
#2524=EDGE_CURVE('',#2052,#2054,#896,.T.);
#2525=EDGE_CURVE('',#2055,#2053,#897,.T.);
#2526=EDGE_CURVE('',#2054,#2055,#898,.T.);
#2527=EDGE_CURVE('',#2054,#2056,#899,.T.);
#2528=EDGE_CURVE('',#2057,#2055,#900,.T.);
#2529=EDGE_CURVE('',#2056,#2057,#901,.T.);
#2530=EDGE_CURVE('',#2045,#2058,#902,.T.);
#2531=EDGE_CURVE('',#2059,#2044,#903,.T.);
#2532=EDGE_CURVE('',#2058,#2059,#904,.T.);
#2533=EDGE_CURVE('',#2058,#2060,#905,.T.);
#2534=EDGE_CURVE('',#2061,#2059,#906,.T.);
#2535=EDGE_CURVE('',#2060,#2061,#907,.T.);
#2536=EDGE_CURVE('',#2060,#2062,#908,.T.);
#2537=EDGE_CURVE('',#2063,#2061,#909,.T.);
#2538=EDGE_CURVE('',#2062,#2063,#910,.T.);
#2539=EDGE_CURVE('',#2062,#2064,#911,.T.);
#2540=EDGE_CURVE('',#2065,#2063,#912,.T.);
#2541=EDGE_CURVE('',#2064,#2065,#913,.T.);
#2542=EDGE_CURVE('',#2064,#2066,#914,.T.);
#2543=EDGE_CURVE('',#2067,#2065,#915,.T.);
#2544=EDGE_CURVE('',#2066,#2067,#916,.T.);
#2545=EDGE_CURVE('',#2066,#2068,#917,.T.);
#2546=EDGE_CURVE('',#2069,#2067,#918,.T.);
#2547=EDGE_CURVE('',#2068,#2069,#919,.T.);
#2548=EDGE_CURVE('',#2068,#2070,#920,.T.);
#2549=EDGE_CURVE('',#2071,#2069,#921,.T.);
#2550=EDGE_CURVE('',#2070,#2071,#922,.T.);
#2551=EDGE_CURVE('',#2070,#2047,#923,.T.);
#2552=EDGE_CURVE('',#2048,#2071,#924,.T.);
#2553=EDGE_CURVE('',#2072,#2073,#925,.T.);
#2554=EDGE_CURVE('',#2072,#2074,#926,.T.);
#2555=EDGE_CURVE('',#2075,#2074,#927,.T.);
#2556=EDGE_CURVE('',#2073,#2075,#928,.T.);
#2557=EDGE_CURVE('',#2073,#2076,#929,.T.);
#2558=EDGE_CURVE('',#2077,#2075,#930,.T.);
#2559=EDGE_CURVE('',#2076,#2077,#931,.T.);
#2560=EDGE_CURVE('',#2076,#2078,#932,.T.);
#2561=EDGE_CURVE('',#2079,#2077,#933,.T.);
#2562=EDGE_CURVE('',#2078,#2079,#934,.T.);
#2563=EDGE_CURVE('',#2078,#2042,#935,.T.);
#2564=EDGE_CURVE('',#2043,#2079,#936,.T.);
#2565=EDGE_CURVE('',#2072,#2056,#937,.T.);
#2566=EDGE_CURVE('',#2074,#2057,#938,.T.);
#2567=EDGE_CURVE('',#2080,#2081,#939,.T.);
#2568=EDGE_CURVE('',#2080,#2082,#940,.T.);
#2569=EDGE_CURVE('',#2083,#2082,#941,.T.);
#2570=EDGE_CURVE('',#2081,#2083,#942,.T.);
#2571=EDGE_CURVE('',#2081,#2084,#943,.T.);
#2572=EDGE_CURVE('',#2085,#2083,#944,.T.);
#2573=EDGE_CURVE('',#2084,#2085,#945,.T.);
#2574=EDGE_CURVE('',#2084,#2086,#946,.T.);
#2575=EDGE_CURVE('',#2087,#2085,#947,.T.);
#2576=EDGE_CURVE('',#2086,#2087,#948,.T.);
#2577=EDGE_CURVE('',#2086,#2080,#949,.T.);
#2578=EDGE_CURVE('',#2082,#2087,#950,.T.);
#2579=EDGE_CURVE('',#2088,#2089,#951,.T.);
#2580=EDGE_CURVE('',#2089,#2090,#952,.T.);
#2581=EDGE_CURVE('',#2091,#2090,#953,.T.);
#2582=EDGE_CURVE('',#2088,#2091,#954,.T.);
#2583=EDGE_CURVE('',#2092,#2088,#955,.T.);
#2584=EDGE_CURVE('',#2093,#2091,#956,.T.);
#2585=EDGE_CURVE('',#2092,#2093,#957,.T.);
#2586=EDGE_CURVE('',#2094,#2092,#958,.T.);
#2587=EDGE_CURVE('',#2095,#2093,#959,.T.);
#2588=EDGE_CURVE('',#2094,#2095,#960,.T.);
#2589=EDGE_CURVE('',#2089,#2094,#961,.T.);
#2590=EDGE_CURVE('',#2090,#2095,#962,.T.);
#2591=EDGE_CURVE('',#2096,#2097,#963,.T.);
#2592=EDGE_CURVE('',#2096,#2098,#964,.T.);
#2593=EDGE_CURVE('',#2099,#2098,#965,.T.);
#2594=EDGE_CURVE('',#2097,#2099,#966,.T.);
#2595=EDGE_CURVE('',#2097,#2100,#967,.T.);
#2596=EDGE_CURVE('',#2101,#2099,#968,.T.);
#2597=EDGE_CURVE('',#2100,#2101,#969,.T.);
#2598=EDGE_CURVE('',#2100,#2102,#970,.T.);
#2599=EDGE_CURVE('',#2103,#2101,#971,.T.);
#2600=EDGE_CURVE('',#2102,#2103,#972,.T.);
#2601=EDGE_CURVE('',#2102,#2096,#973,.T.);
#2602=EDGE_CURVE('',#2098,#2103,#974,.T.);
#2603=EDGE_CURVE('',#2104,#2105,#975,.T.);
#2604=EDGE_CURVE('',#2105,#2106,#976,.T.);
#2605=EDGE_CURVE('',#2107,#2106,#977,.T.);
#2606=EDGE_CURVE('',#2104,#2107,#978,.T.);
#2607=EDGE_CURVE('',#2108,#2104,#979,.T.);
#2608=EDGE_CURVE('',#2109,#2107,#980,.T.);
#2609=EDGE_CURVE('',#2108,#2109,#981,.T.);
#2610=EDGE_CURVE('',#2110,#2108,#982,.T.);
#2611=EDGE_CURVE('',#2111,#2109,#983,.T.);
#2612=EDGE_CURVE('',#2110,#2111,#984,.T.);
#2613=EDGE_CURVE('',#2105,#2110,#985,.T.);
#2614=EDGE_CURVE('',#2106,#2111,#986,.T.);
#2615=EDGE_CURVE('',#2112,#2113,#987,.T.);
#2616=EDGE_CURVE('',#2112,#2114,#988,.T.);
#2617=EDGE_CURVE('',#2115,#2114,#989,.T.);
#2618=EDGE_CURVE('',#2113,#2115,#990,.T.);
#2619=EDGE_CURVE('',#2113,#2116,#991,.T.);
#2620=EDGE_CURVE('',#2117,#2115,#992,.T.);
#2621=EDGE_CURVE('',#2116,#2117,#993,.T.);
#2622=EDGE_CURVE('',#2116,#2118,#994,.T.);
#2623=EDGE_CURVE('',#2119,#2117,#995,.T.);
#2624=EDGE_CURVE('',#2118,#2119,#996,.T.);
#2625=EDGE_CURVE('',#2118,#2112,#997,.T.);
#2626=EDGE_CURVE('',#2114,#2119,#998,.T.);
#2627=EDGE_CURVE('',#2120,#2121,#999,.T.);
#2628=EDGE_CURVE('',#2121,#2122,#1000,.T.);
#2629=EDGE_CURVE('',#2123,#2122,#1001,.T.);
#2630=EDGE_CURVE('',#2120,#2123,#1002,.T.);
#2631=EDGE_CURVE('',#2124,#2120,#1003,.T.);
#2632=EDGE_CURVE('',#2125,#2123,#1004,.T.);
#2633=EDGE_CURVE('',#2124,#2125,#1005,.T.);
#2634=EDGE_CURVE('',#2126,#2124,#1006,.T.);
#2635=EDGE_CURVE('',#2127,#2125,#1007,.T.);
#2636=EDGE_CURVE('',#2126,#2127,#1008,.T.);
#2637=EDGE_CURVE('',#2121,#2126,#1009,.T.);
#2638=EDGE_CURVE('',#2122,#2127,#1010,.T.);
#2639=EDGE_CURVE('',#2128,#2129,#1011,.T.);
#2640=EDGE_CURVE('',#2128,#2130,#1012,.T.);
#2641=EDGE_CURVE('',#2131,#2130,#1013,.T.);
#2642=EDGE_CURVE('',#2129,#2131,#1014,.T.);
#2643=EDGE_CURVE('',#2129,#2132,#1015,.T.);
#2644=EDGE_CURVE('',#2133,#2131,#1016,.T.);
#2645=EDGE_CURVE('',#2132,#2133,#1017,.T.);
#2646=EDGE_CURVE('',#2132,#2134,#1018,.T.);
#2647=EDGE_CURVE('',#2135,#2133,#1019,.T.);
#2648=EDGE_CURVE('',#2134,#2135,#1020,.T.);
#2649=EDGE_CURVE('',#2134,#2128,#1021,.T.);
#2650=EDGE_CURVE('',#2130,#2135,#1022,.T.);
#2651=EDGE_CURVE('',#2136,#2137,#1023,.T.);
#2652=EDGE_CURVE('',#2137,#2138,#1024,.T.);
#2653=EDGE_CURVE('',#2139,#2138,#1025,.T.);
#2654=EDGE_CURVE('',#2136,#2139,#1026,.T.);
#2655=EDGE_CURVE('',#2140,#2136,#1027,.T.);
#2656=EDGE_CURVE('',#2141,#2139,#1028,.T.);
#2657=EDGE_CURVE('',#2140,#2141,#1029,.T.);
#2658=EDGE_CURVE('',#2142,#2140,#1030,.T.);
#2659=EDGE_CURVE('',#2143,#2141,#1031,.T.);
#2660=EDGE_CURVE('',#2142,#2143,#1032,.T.);
#2661=EDGE_CURVE('',#2137,#2142,#1033,.T.);
#2662=EDGE_CURVE('',#2138,#2143,#1034,.T.);
#2663=EDGE_CURVE('',#2144,#2145,#1035,.T.);
#2664=EDGE_CURVE('',#2144,#2146,#1036,.T.);
#2665=EDGE_CURVE('',#2147,#2146,#1037,.T.);
#2666=EDGE_CURVE('',#2145,#2147,#1038,.T.);
#2667=EDGE_CURVE('',#2145,#2148,#1039,.T.);
#2668=EDGE_CURVE('',#2149,#2147,#1040,.T.);
#2669=EDGE_CURVE('',#2148,#2149,#1041,.T.);
#2670=EDGE_CURVE('',#2148,#2150,#1042,.T.);
#2671=EDGE_CURVE('',#2151,#2149,#1043,.T.);
#2672=EDGE_CURVE('',#2150,#2151,#1044,.T.);
#2673=EDGE_CURVE('',#2150,#2144,#1045,.T.);
#2674=EDGE_CURVE('',#2146,#2151,#1046,.T.);
#2675=EDGE_CURVE('',#2152,#2153,#1047,.T.);
#2676=EDGE_CURVE('',#2153,#2154,#1048,.T.);
#2677=EDGE_CURVE('',#2155,#2154,#1049,.T.);
#2678=EDGE_CURVE('',#2152,#2155,#1050,.T.);
#2679=EDGE_CURVE('',#2156,#2152,#1051,.T.);
#2680=EDGE_CURVE('',#2157,#2155,#1052,.T.);
#2681=EDGE_CURVE('',#2156,#2157,#1053,.T.);
#2682=EDGE_CURVE('',#2158,#2156,#1054,.T.);
#2683=EDGE_CURVE('',#2159,#2157,#1055,.T.);
#2684=EDGE_CURVE('',#2158,#2159,#1056,.T.);
#2685=EDGE_CURVE('',#2153,#2158,#1057,.T.);
#2686=EDGE_CURVE('',#2154,#2159,#1058,.T.);
#2687=EDGE_CURVE('',#2160,#2161,#1059,.T.);
#2688=EDGE_CURVE('',#2160,#2162,#1060,.T.);
#2689=EDGE_CURVE('',#2163,#2162,#1061,.T.);
#2690=EDGE_CURVE('',#2161,#2163,#1062,.T.);
#2691=EDGE_CURVE('',#2161,#2164,#1063,.T.);
#2692=EDGE_CURVE('',#2165,#2163,#1064,.T.);
#2693=EDGE_CURVE('',#2164,#2165,#1065,.T.);
#2694=EDGE_CURVE('',#2164,#2166,#1066,.T.);
#2695=EDGE_CURVE('',#2167,#2165,#1067,.T.);
#2696=EDGE_CURVE('',#2166,#2167,#1068,.T.);
#2697=EDGE_CURVE('',#2166,#2160,#1069,.T.);
#2698=EDGE_CURVE('',#2162,#2167,#1070,.T.);
#2699=EDGE_CURVE('',#2168,#2169,#1071,.T.);
#2700=EDGE_CURVE('',#2168,#2170,#1072,.T.);
#2701=EDGE_CURVE('',#2171,#2170,#1073,.T.);
#2702=EDGE_CURVE('',#2169,#2171,#1074,.T.);
#2703=EDGE_CURVE('',#2172,#2169,#1075,.T.);
#2704=EDGE_CURVE('',#2173,#2171,#1076,.T.);
#2705=EDGE_CURVE('',#2172,#2173,#1077,.T.);
#2706=EDGE_CURVE('',#2172,#2174,#1078,.T.);
#2707=EDGE_CURVE('',#2175,#2173,#1079,.T.);
#2708=EDGE_CURVE('',#2174,#2175,#1080,.T.);
#2709=EDGE_CURVE('',#2174,#2176,#1081,.T.);
#2710=EDGE_CURVE('',#2177,#2175,#1082,.T.);
#2711=EDGE_CURVE('',#2176,#2177,#1083,.T.);
#2712=EDGE_CURVE('',#2178,#2176,#89,.T.);
#2713=EDGE_CURVE('',#2179,#2177,#90,.T.);
#2714=EDGE_CURVE('',#2178,#2179,#1084,.T.);
#2715=EDGE_CURVE('',#2180,#2178,#1085,.T.);
#2716=EDGE_CURVE('',#2181,#2179,#1086,.T.);
#2717=EDGE_CURVE('',#2180,#2181,#1087,.T.);
#2718=EDGE_CURVE('',#2168,#2180,#1088,.T.);
#2719=EDGE_CURVE('',#2170,#2181,#1089,.T.);
#2720=EDGE_CURVE('',#2182,#2183,#1090,.T.);
#2721=EDGE_CURVE('',#2183,#2184,#1091,.T.);
#2722=EDGE_CURVE('',#2185,#2184,#1092,.T.);
#2723=EDGE_CURVE('',#2182,#2185,#1093,.T.);
#2724=EDGE_CURVE('',#2186,#2182,#1094,.T.);
#2725=EDGE_CURVE('',#2187,#2185,#1095,.T.);
#2726=EDGE_CURVE('',#2186,#2187,#1096,.T.);
#2727=EDGE_CURVE('',#2188,#2186,#1097,.T.);
#2728=EDGE_CURVE('',#2189,#2187,#1098,.T.);
#2729=EDGE_CURVE('',#2188,#2189,#1099,.T.);
#2730=EDGE_CURVE('',#2183,#2188,#1100,.T.);
#2731=EDGE_CURVE('',#2184,#2189,#1101,.T.);
#2732=EDGE_CURVE('',#2190,#2191,#1102,.T.);
#2733=EDGE_CURVE('',#2190,#2192,#1103,.T.);
#2734=EDGE_CURVE('',#2193,#2192,#1104,.T.);
#2735=EDGE_CURVE('',#2191,#2193,#1105,.T.);
#2736=EDGE_CURVE('',#2191,#2194,#1106,.T.);
#2737=EDGE_CURVE('',#2195,#2193,#1107,.T.);
#2738=EDGE_CURVE('',#2194,#2195,#1108,.T.);
#2739=EDGE_CURVE('',#2194,#2196,#1109,.T.);
#2740=EDGE_CURVE('',#2197,#2195,#1110,.T.);
#2741=EDGE_CURVE('',#2196,#2197,#1111,.T.);
#2742=EDGE_CURVE('',#2196,#2190,#1112,.T.);
#2743=EDGE_CURVE('',#2192,#2197,#1113,.T.);
#2744=EDGE_CURVE('',#2198,#2199,#1114,.T.);
#2745=EDGE_CURVE('',#2199,#2200,#1115,.T.);
#2746=EDGE_CURVE('',#2201,#2200,#1116,.T.);
#2747=EDGE_CURVE('',#2198,#2201,#1117,.T.);
#2748=EDGE_CURVE('',#2202,#2198,#1118,.T.);
#2749=EDGE_CURVE('',#2203,#2201,#1119,.T.);
#2750=EDGE_CURVE('',#2202,#2203,#1120,.T.);
#2751=EDGE_CURVE('',#2204,#2202,#1121,.T.);
#2752=EDGE_CURVE('',#2205,#2203,#1122,.T.);
#2753=EDGE_CURVE('',#2204,#2205,#1123,.T.);
#2754=EDGE_CURVE('',#2199,#2204,#1124,.T.);
#2755=EDGE_CURVE('',#2200,#2205,#1125,.T.);
#2756=EDGE_CURVE('',#2206,#2207,#1126,.T.);
#2757=EDGE_CURVE('',#2206,#2208,#1127,.T.);
#2758=EDGE_CURVE('',#2209,#2208,#1128,.T.);
#2759=EDGE_CURVE('',#2207,#2209,#1129,.T.);
#2760=EDGE_CURVE('',#2207,#2210,#1130,.T.);
#2761=EDGE_CURVE('',#2211,#2209,#1131,.T.);
#2762=EDGE_CURVE('',#2210,#2211,#1132,.T.);
#2763=EDGE_CURVE('',#2210,#2212,#1133,.T.);
#2764=EDGE_CURVE('',#2213,#2211,#1134,.T.);
#2765=EDGE_CURVE('',#2212,#2213,#1135,.T.);
#2766=EDGE_CURVE('',#2212,#2206,#1136,.T.);
#2767=EDGE_CURVE('',#2208,#2213,#1137,.T.);
#2768=EDGE_CURVE('',#2214,#2215,#1138,.T.);
#2769=EDGE_CURVE('',#2215,#2216,#1139,.T.);
#2770=EDGE_CURVE('',#2217,#2216,#1140,.T.);
#2771=EDGE_CURVE('',#2214,#2217,#1141,.T.);
#2772=EDGE_CURVE('',#2218,#2214,#1142,.T.);
#2773=EDGE_CURVE('',#2219,#2217,#1143,.T.);
#2774=EDGE_CURVE('',#2218,#2219,#1144,.T.);
#2775=EDGE_CURVE('',#2220,#2218,#1145,.T.);
#2776=EDGE_CURVE('',#2221,#2219,#1146,.T.);
#2777=EDGE_CURVE('',#2220,#2221,#1147,.T.);
#2778=EDGE_CURVE('',#2215,#2220,#1148,.T.);
#2779=EDGE_CURVE('',#2216,#2221,#1149,.T.);
#2780=EDGE_CURVE('',#2222,#2223,#1150,.T.);
#2781=EDGE_CURVE('',#2223,#2224,#1151,.T.);
#2782=EDGE_CURVE('',#2225,#2224,#1152,.T.);
#2783=EDGE_CURVE('',#2222,#2225,#1153,.T.);
#2784=EDGE_CURVE('',#2222,#2226,#1154,.T.);
#2785=EDGE_CURVE('',#2227,#2225,#1155,.T.);
#2786=EDGE_CURVE('',#2226,#2227,#1156,.T.);
#2787=EDGE_CURVE('',#2226,#2228,#1157,.T.);
#2788=EDGE_CURVE('',#2229,#2227,#1158,.T.);
#2789=EDGE_CURVE('',#2228,#2229,#1159,.T.);
#2790=EDGE_CURVE('',#2223,#2228,#1160,.T.);
#2791=EDGE_CURVE('',#2224,#2229,#1161,.T.);
#2792=EDGE_CURVE('',#2230,#2231,#1162,.T.);
#2793=EDGE_CURVE('',#2230,#2232,#1163,.T.);
#2794=EDGE_CURVE('',#2233,#2232,#1164,.T.);
#2795=EDGE_CURVE('',#2231,#2233,#1165,.T.);
#2796=EDGE_CURVE('',#2234,#2231,#1166,.T.);
#2797=EDGE_CURVE('',#2235,#2233,#1167,.T.);
#2798=EDGE_CURVE('',#2234,#2235,#1168,.T.);
#2799=EDGE_CURVE('',#2236,#2234,#1169,.T.);
#2800=EDGE_CURVE('',#2237,#2235,#1170,.T.);
#2801=EDGE_CURVE('',#2236,#2237,#1171,.T.);
#2802=EDGE_CURVE('',#2236,#2230,#1172,.T.);
#2803=EDGE_CURVE('',#2232,#2237,#1173,.T.);
#2804=EDGE_CURVE('',#2238,#2239,#1174,.T.);
#2805=EDGE_CURVE('',#2238,#2240,#1175,.T.);
#2806=EDGE_CURVE('',#2241,#2240,#1176,.T.);
#2807=EDGE_CURVE('',#2239,#2241,#1177,.T.);
#2808=EDGE_CURVE('',#2242,#2239,#1178,.T.);
#2809=EDGE_CURVE('',#2243,#2241,#1179,.T.);
#2810=EDGE_CURVE('',#2242,#2243,#1180,.T.);
#2811=EDGE_CURVE('',#2244,#2242,#1181,.T.);
#2812=EDGE_CURVE('',#2245,#2243,#1182,.T.);
#2813=EDGE_CURVE('',#2244,#2245,#1183,.T.);
#2814=EDGE_CURVE('',#2244,#2238,#1184,.T.);
#2815=EDGE_CURVE('',#2240,#2245,#1185,.T.);
#2816=EDGE_CURVE('',#2246,#2247,#1186,.T.);
#2817=EDGE_CURVE('',#2246,#2248,#1187,.T.);
#2818=EDGE_CURVE('',#2249,#2248,#1188,.T.);
#2819=EDGE_CURVE('',#2247,#2249,#1189,.T.);
#2820=EDGE_CURVE('',#2250,#2247,#1190,.T.);
#2821=EDGE_CURVE('',#2251,#2249,#1191,.T.);
#2822=EDGE_CURVE('',#2250,#2251,#1192,.T.);
#2823=EDGE_CURVE('',#2252,#2250,#1193,.T.);
#2824=EDGE_CURVE('',#2253,#2251,#1194,.T.);
#2825=EDGE_CURVE('',#2252,#2253,#1195,.T.);
#2826=EDGE_CURVE('',#2252,#2246,#1196,.T.);
#2827=EDGE_CURVE('',#2248,#2253,#1197,.T.);
#2828=EDGE_CURVE('',#2254,#2255,#1198,.T.);
#2829=EDGE_CURVE('',#2255,#2256,#1199,.T.);
#2830=EDGE_CURVE('',#2257,#2256,#1200,.T.);
#2831=EDGE_CURVE('',#2254,#2257,#1201,.T.);
#2832=EDGE_CURVE('',#2254,#2258,#1202,.T.);
#2833=EDGE_CURVE('',#2259,#2257,#1203,.T.);
#2834=EDGE_CURVE('',#2258,#2259,#1204,.T.);
#2835=EDGE_CURVE('',#2258,#2260,#1205,.T.);
#2836=EDGE_CURVE('',#2261,#2259,#1206,.T.);
#2837=EDGE_CURVE('',#2260,#2261,#1207,.T.);
#2838=EDGE_CURVE('',#2255,#2260,#1208,.T.);
#2839=EDGE_CURVE('',#2256,#2261,#1209,.T.);
#2840=EDGE_CURVE('',#2262,#2263,#1210,.T.);
#2841=EDGE_CURVE('',#2263,#2264,#1211,.T.);
#2842=EDGE_CURVE('',#2265,#2264,#1212,.T.);
#2843=EDGE_CURVE('',#2262,#2265,#1213,.T.);
#2844=EDGE_CURVE('',#2262,#2266,#1214,.T.);
#2845=EDGE_CURVE('',#2267,#2265,#1215,.T.);
#2846=EDGE_CURVE('',#2266,#2267,#1216,.T.);
#2847=EDGE_CURVE('',#2266,#2268,#1217,.T.);
#2848=EDGE_CURVE('',#2269,#2267,#1218,.T.);
#2849=EDGE_CURVE('',#2268,#2269,#1219,.T.);
#2850=EDGE_CURVE('',#2263,#2268,#1220,.T.);
#2851=EDGE_CURVE('',#2264,#2269,#1221,.T.);
#2852=EDGE_CURVE('',#2270,#2271,#25,.T.);
#2853=EDGE_CURVE('',#2270,#2272,#1222,.T.);
#2854=EDGE_CURVE('',#2273,#2272,#26,.T.);
#2855=EDGE_CURVE('',#2271,#2273,#1223,.T.);
#2856=EDGE_CURVE('',#2274,#2270,#1224,.T.);
#2857=EDGE_CURVE('',#2274,#2275,#1225,.T.);
#2858=EDGE_CURVE('',#2272,#2275,#1226,.T.);
#2859=EDGE_CURVE('',#2271,#2276,#1227,.T.);
#2860=EDGE_CURVE('',#2277,#2273,#1228,.T.);
#2861=EDGE_CURVE('',#2276,#2277,#1229,.T.);
#2862=EDGE_CURVE('',#2278,#2277,#1230,.T.);
#2863=EDGE_CURVE('',#2279,#2278,#1231,.T.);
#2864=EDGE_CURVE('',#2279,#2280,#1232,.T.);
#2865=EDGE_CURVE('',#2276,#2280,#1233,.T.);
#2866=EDGE_CURVE('',#2281,#2278,#27,.T.);
#2867=EDGE_CURVE('',#2282,#2281,#1234,.T.);
#2868=EDGE_CURVE('',#2282,#2283,#1235,.T.);
#2869=EDGE_CURVE('',#2280,#2283,#28,.T.);
#2870=EDGE_CURVE('',#2275,#2281,#1236,.T.);
#2871=EDGE_CURVE('',#2283,#2274,#1237,.T.);
#2872=EDGE_CURVE('',#2284,#2276,#1238,.T.);
#2873=EDGE_CURVE('',#2285,#2284,#1239,.T.);
#2874=EDGE_CURVE('',#2285,#2271,#1240,.T.);
#2875=EDGE_CURVE('',#2286,#2285,#29,.T.);
#2876=EDGE_CURVE('',#2286,#2270,#1241,.T.);
#2877=EDGE_CURVE('',#2287,#2286,#1242,.T.);
#2878=EDGE_CURVE('',#2287,#2274,#1243,.T.);
#2879=EDGE_CURVE('',#2288,#2280,#1244,.T.);
#2880=EDGE_CURVE('',#2289,#2288,#1245,.T.);
#2881=EDGE_CURVE('',#2289,#2290,#1246,.T.);
#2882=EDGE_CURVE('',#2284,#2290,#1247,.T.);
#2883=EDGE_CURVE('',#2291,#2283,#1248,.T.);
#2884=EDGE_CURVE('',#2292,#2291,#1249,.T.);
#2885=EDGE_CURVE('',#2292,#2293,#1250,.T.);
#2886=EDGE_CURVE('',#2290,#2293,#30,.T.);
#2887=EDGE_CURVE('',#2293,#2287,#1251,.T.);
#2888=EDGE_CURVE('',#2294,#2284,#1252,.T.);
#2889=EDGE_CURVE('',#2294,#2295,#1253,.T.);
#2890=EDGE_CURVE('',#2295,#2285,#1254,.T.);
#2891=EDGE_CURVE('',#2296,#2294,#1255,.T.);
#2892=EDGE_CURVE('',#2296,#2290,#1256,.T.);
#2893=EDGE_CURVE('',#2297,#2296,#31,.T.);
#2894=EDGE_CURVE('',#2297,#2293,#1257,.T.);
#2895=EDGE_CURVE('',#2298,#2297,#1258,.T.);
#2896=EDGE_CURVE('',#2298,#2287,#1259,.T.);
#2897=EDGE_CURVE('',#2299,#2286,#1260,.T.);
#2898=EDGE_CURVE('',#2299,#2298,#1261,.T.);
#2899=EDGE_CURVE('',#2295,#2299,#32,.T.);
#2900=EDGE_CURVE('',#2295,#2300,#1262,.T.);
#2901=EDGE_CURVE('',#2300,#2301,#1263,.T.);
#2902=EDGE_CURVE('',#2299,#2301,#1264,.T.);
#2903=EDGE_CURVE('',#2302,#2301,#33,.T.);
#2904=EDGE_CURVE('',#2298,#2302,#1265,.T.);
#2905=EDGE_CURVE('',#2303,#2302,#34,.T.);
#2906=EDGE_CURVE('',#2297,#2303,#1266,.T.);
#2907=EDGE_CURVE('',#2303,#2304,#1267,.T.);
#2908=EDGE_CURVE('',#2296,#2304,#1268,.T.);
#2909=EDGE_CURVE('',#2305,#2304,#35,.T.);
#2910=EDGE_CURVE('',#2294,#2305,#1269,.T.);
#2911=EDGE_CURVE('',#2300,#2305,#36,.T.);
#2912=EDGE_CURVE('',#2301,#2306,#1270,.T.);
#2913=EDGE_CURVE('',#2306,#2307,#1271,.T.);
#2914=EDGE_CURVE('',#2307,#2303,#1272,.T.);
#2915=EDGE_CURVE('',#2308,#2309,#1273,.T.);
#2916=EDGE_CURVE('',#2308,#2310,#1274,.T.);
#2917=EDGE_CURVE('',#2311,#2310,#1275,.T.);
#2918=EDGE_CURVE('',#2309,#2311,#1276,.T.);
#2919=EDGE_CURVE('',#2309,#2312,#1277,.T.);
#2920=EDGE_CURVE('',#2304,#2311,#1278,.T.);
#2921=EDGE_CURVE('',#2312,#2307,#1279,.T.);
#2922=EDGE_CURVE('',#2312,#2313,#1280,.T.);
#2923=EDGE_CURVE('',#2313,#2306,#1281,.T.);
#2924=EDGE_CURVE('',#2313,#2308,#1282,.T.);
#2925=EDGE_CURVE('',#2310,#2300,#1283,.T.);
#2926=EDGE_CURVE('',#2314,#2315,#37,.T.);
#2927=EDGE_CURVE('',#2314,#2316,#1284,.T.);
#2928=EDGE_CURVE('',#2317,#2316,#38,.T.);
#2929=EDGE_CURVE('',#2315,#2317,#1285,.T.);
#2930=EDGE_CURVE('',#2318,#2314,#1286,.T.);
#2931=EDGE_CURVE('',#2318,#2319,#1287,.T.);
#2932=EDGE_CURVE('',#2316,#2319,#1288,.T.);
#2933=EDGE_CURVE('',#2315,#2320,#1289,.T.);
#2934=EDGE_CURVE('',#2321,#2317,#1290,.T.);
#2935=EDGE_CURVE('',#2320,#2321,#1291,.T.);
#2936=EDGE_CURVE('',#2322,#2321,#1292,.T.);
#2937=EDGE_CURVE('',#2323,#2322,#1293,.T.);
#2938=EDGE_CURVE('',#2323,#2324,#1294,.T.);
#2939=EDGE_CURVE('',#2320,#2324,#1295,.T.);
#2940=EDGE_CURVE('',#2325,#2322,#39,.T.);
#2941=EDGE_CURVE('',#2326,#2325,#1296,.T.);
#2942=EDGE_CURVE('',#2326,#2327,#1297,.T.);
#2943=EDGE_CURVE('',#2324,#2327,#40,.T.);
#2944=EDGE_CURVE('',#2319,#2325,#1298,.T.);
#2945=EDGE_CURVE('',#2327,#2318,#1299,.T.);
#2946=EDGE_CURVE('',#2328,#2320,#1300,.T.);
#2947=EDGE_CURVE('',#2329,#2328,#1301,.T.);
#2948=EDGE_CURVE('',#2329,#2315,#1302,.T.);
#2949=EDGE_CURVE('',#2330,#2329,#41,.T.);
#2950=EDGE_CURVE('',#2330,#2314,#1303,.T.);
#2951=EDGE_CURVE('',#2331,#2330,#1304,.T.);
#2952=EDGE_CURVE('',#2331,#2318,#1305,.T.);
#2953=EDGE_CURVE('',#2332,#2324,#1306,.T.);
#2954=EDGE_CURVE('',#2333,#2332,#1307,.T.);
#2955=EDGE_CURVE('',#2333,#2334,#1308,.T.);
#2956=EDGE_CURVE('',#2328,#2334,#1309,.T.);
#2957=EDGE_CURVE('',#2335,#2327,#1310,.T.);
#2958=EDGE_CURVE('',#2336,#2335,#1311,.T.);
#2959=EDGE_CURVE('',#2336,#2337,#1312,.T.);
#2960=EDGE_CURVE('',#2334,#2337,#42,.T.);
#2961=EDGE_CURVE('',#2337,#2331,#1313,.T.);
#2962=EDGE_CURVE('',#2338,#2328,#1314,.T.);
#2963=EDGE_CURVE('',#2338,#2339,#1315,.T.);
#2964=EDGE_CURVE('',#2339,#2329,#1316,.T.);
#2965=EDGE_CURVE('',#2340,#2338,#1317,.T.);
#2966=EDGE_CURVE('',#2340,#2334,#1318,.T.);
#2967=EDGE_CURVE('',#2341,#2340,#43,.T.);
#2968=EDGE_CURVE('',#2341,#2337,#1319,.T.);
#2969=EDGE_CURVE('',#2342,#2341,#1320,.T.);
#2970=EDGE_CURVE('',#2342,#2331,#1321,.T.);
#2971=EDGE_CURVE('',#2343,#2330,#1322,.T.);
#2972=EDGE_CURVE('',#2343,#2342,#1323,.T.);
#2973=EDGE_CURVE('',#2339,#2343,#44,.T.);
#2974=EDGE_CURVE('',#2339,#2344,#1324,.T.);
#2975=EDGE_CURVE('',#2344,#2345,#1325,.T.);
#2976=EDGE_CURVE('',#2343,#2345,#1326,.T.);
#2977=EDGE_CURVE('',#2346,#2345,#45,.T.);
#2978=EDGE_CURVE('',#2342,#2346,#1327,.T.);
#2979=EDGE_CURVE('',#2347,#2346,#46,.T.);
#2980=EDGE_CURVE('',#2341,#2347,#1328,.T.);
#2981=EDGE_CURVE('',#2347,#2348,#1329,.T.);
#2982=EDGE_CURVE('',#2340,#2348,#1330,.T.);
#2983=EDGE_CURVE('',#2349,#2348,#47,.T.);
#2984=EDGE_CURVE('',#2338,#2349,#1331,.T.);
#2985=EDGE_CURVE('',#2344,#2349,#48,.T.);
#2986=EDGE_CURVE('',#2345,#2350,#1332,.T.);
#2987=EDGE_CURVE('',#2350,#2351,#1333,.T.);
#2988=EDGE_CURVE('',#2351,#2347,#1334,.T.);
#2989=EDGE_CURVE('',#2352,#2353,#1335,.T.);
#2990=EDGE_CURVE('',#2352,#2354,#1336,.T.);
#2991=EDGE_CURVE('',#2355,#2354,#1337,.T.);
#2992=EDGE_CURVE('',#2353,#2355,#1338,.T.);
#2993=EDGE_CURVE('',#2353,#2356,#1339,.T.);
#2994=EDGE_CURVE('',#2348,#2355,#1340,.T.);
#2995=EDGE_CURVE('',#2356,#2351,#1341,.T.);
#2996=EDGE_CURVE('',#2356,#2357,#1342,.T.);
#2997=EDGE_CURVE('',#2357,#2350,#1343,.T.);
#2998=EDGE_CURVE('',#2357,#2352,#1344,.T.);
#2999=EDGE_CURVE('',#2354,#2344,#1345,.T.);
#3000=ORIENTED_EDGE('',*,*,#2358,.T.);
#3001=ORIENTED_EDGE('',*,*,#2359,.T.);
#3002=ORIENTED_EDGE('',*,*,#2360,.F.);
#3003=ORIENTED_EDGE('',*,*,#2361,.F.);
#3004=ORIENTED_EDGE('',*,*,#2362,.T.);
#3005=ORIENTED_EDGE('',*,*,#2361,.T.);
#3006=ORIENTED_EDGE('',*,*,#2363,.F.);
#3007=ORIENTED_EDGE('',*,*,#2364,.F.);
#3008=ORIENTED_EDGE('',*,*,#2365,.T.);
#3009=ORIENTED_EDGE('',*,*,#2364,.T.);
#3010=ORIENTED_EDGE('',*,*,#2366,.F.);
#3011=ORIENTED_EDGE('',*,*,#2367,.F.);
#3012=ORIENTED_EDGE('',*,*,#2368,.T.);
#3013=ORIENTED_EDGE('',*,*,#2367,.T.);
#3014=ORIENTED_EDGE('',*,*,#2369,.F.);
#3015=ORIENTED_EDGE('',*,*,#2359,.F.);
#3016=ORIENTED_EDGE('',*,*,#2369,.T.);
#3017=ORIENTED_EDGE('',*,*,#2366,.T.);
#3018=ORIENTED_EDGE('',*,*,#2363,.T.);
#3019=ORIENTED_EDGE('',*,*,#2360,.T.);
#3020=ORIENTED_EDGE('',*,*,#2368,.F.);
#3021=ORIENTED_EDGE('',*,*,#2358,.F.);
#3022=ORIENTED_EDGE('',*,*,#2362,.F.);
#3023=ORIENTED_EDGE('',*,*,#2365,.F.);
#3024=ORIENTED_EDGE('',*,*,#2370,.F.);
#3025=ORIENTED_EDGE('',*,*,#2371,.T.);
#3026=ORIENTED_EDGE('',*,*,#2372,.F.);
#3027=ORIENTED_EDGE('',*,*,#2373,.F.);
#3028=ORIENTED_EDGE('',*,*,#2374,.T.);
#3029=ORIENTED_EDGE('',*,*,#2373,.T.);
#3030=ORIENTED_EDGE('',*,*,#2375,.F.);
#3031=ORIENTED_EDGE('',*,*,#2376,.F.);
#3032=ORIENTED_EDGE('',*,*,#2377,.F.);
#3033=ORIENTED_EDGE('',*,*,#2376,.T.);
#3034=ORIENTED_EDGE('',*,*,#2378,.F.);
#3035=ORIENTED_EDGE('',*,*,#2379,.F.);
#3036=ORIENTED_EDGE('',*,*,#2380,.F.);
#3037=ORIENTED_EDGE('',*,*,#2379,.T.);
#3038=ORIENTED_EDGE('',*,*,#2381,.F.);
#3039=ORIENTED_EDGE('',*,*,#2382,.F.);
#3040=ORIENTED_EDGE('',*,*,#2383,.T.);
#3041=ORIENTED_EDGE('',*,*,#2382,.T.);
#3042=ORIENTED_EDGE('',*,*,#2384,.F.);
#3043=ORIENTED_EDGE('',*,*,#2385,.F.);
#3044=ORIENTED_EDGE('',*,*,#2386,.T.);
#3045=ORIENTED_EDGE('',*,*,#2385,.T.);
#3046=ORIENTED_EDGE('',*,*,#2387,.F.);
#3047=ORIENTED_EDGE('',*,*,#2388,.F.);
#3048=ORIENTED_EDGE('',*,*,#2389,.T.);
#3049=ORIENTED_EDGE('',*,*,#2388,.T.);
#3050=ORIENTED_EDGE('',*,*,#2390,.F.);
#3051=ORIENTED_EDGE('',*,*,#2371,.F.);
#3052=ORIENTED_EDGE('',*,*,#2390,.T.);
#3053=ORIENTED_EDGE('',*,*,#2387,.T.);
#3054=ORIENTED_EDGE('',*,*,#2384,.T.);
#3055=ORIENTED_EDGE('',*,*,#2381,.T.);
#3056=ORIENTED_EDGE('',*,*,#2378,.T.);
#3057=ORIENTED_EDGE('',*,*,#2375,.T.);
#3058=ORIENTED_EDGE('',*,*,#2372,.T.);
#3059=ORIENTED_EDGE('',*,*,#2389,.F.);
#3060=ORIENTED_EDGE('',*,*,#2370,.T.);
#3061=ORIENTED_EDGE('',*,*,#2374,.F.);
#3062=ORIENTED_EDGE('',*,*,#2377,.T.);
#3063=ORIENTED_EDGE('',*,*,#2380,.T.);
#3064=ORIENTED_EDGE('',*,*,#2383,.F.);
#3065=ORIENTED_EDGE('',*,*,#2386,.F.);
#3066=ORIENTED_EDGE('',*,*,#2391,.F.);
#3067=ORIENTED_EDGE('',*,*,#2392,.T.);
#3068=ORIENTED_EDGE('',*,*,#2393,.F.);
#3069=ORIENTED_EDGE('',*,*,#2394,.F.);
#3070=ORIENTED_EDGE('',*,*,#2395,.F.);
#3071=ORIENTED_EDGE('',*,*,#2394,.T.);
#3072=ORIENTED_EDGE('',*,*,#2396,.F.);
#3073=ORIENTED_EDGE('',*,*,#2397,.F.);
#3074=ORIENTED_EDGE('',*,*,#2398,.F.);
#3075=ORIENTED_EDGE('',*,*,#2397,.T.);
#3076=ORIENTED_EDGE('',*,*,#2399,.F.);
#3077=ORIENTED_EDGE('',*,*,#2400,.F.);
#3078=ORIENTED_EDGE('',*,*,#2401,.F.);
#3079=ORIENTED_EDGE('',*,*,#2400,.T.);
#3080=ORIENTED_EDGE('',*,*,#2402,.F.);
#3081=ORIENTED_EDGE('',*,*,#2392,.F.);
#3082=ORIENTED_EDGE('',*,*,#2402,.T.);
#3083=ORIENTED_EDGE('',*,*,#2399,.T.);
#3084=ORIENTED_EDGE('',*,*,#2396,.T.);
#3085=ORIENTED_EDGE('',*,*,#2393,.T.);
#3086=ORIENTED_EDGE('',*,*,#2401,.T.);
#3087=ORIENTED_EDGE('',*,*,#2391,.T.);
#3088=ORIENTED_EDGE('',*,*,#2395,.T.);
#3089=ORIENTED_EDGE('',*,*,#2398,.T.);
#3090=ORIENTED_EDGE('',*,*,#2403,.F.);
#3091=ORIENTED_EDGE('',*,*,#2404,.T.);
#3092=ORIENTED_EDGE('',*,*,#2405,.F.);
#3093=ORIENTED_EDGE('',*,*,#2406,.F.);
#3094=ORIENTED_EDGE('',*,*,#2407,.T.);
#3095=ORIENTED_EDGE('',*,*,#2406,.T.);
#3096=ORIENTED_EDGE('',*,*,#2408,.F.);
#3097=ORIENTED_EDGE('',*,*,#2409,.F.);
#3098=ORIENTED_EDGE('',*,*,#2410,.F.);
#3099=ORIENTED_EDGE('',*,*,#2409,.T.);
#3100=ORIENTED_EDGE('',*,*,#2411,.F.);
#3101=ORIENTED_EDGE('',*,*,#2412,.F.);
#3102=ORIENTED_EDGE('',*,*,#2413,.F.);
#3103=ORIENTED_EDGE('',*,*,#2412,.T.);
#3104=ORIENTED_EDGE('',*,*,#2414,.F.);
#3105=ORIENTED_EDGE('',*,*,#2415,.F.);
#3106=ORIENTED_EDGE('',*,*,#2416,.T.);
#3107=ORIENTED_EDGE('',*,*,#2415,.T.);
#3108=ORIENTED_EDGE('',*,*,#2417,.F.);
#3109=ORIENTED_EDGE('',*,*,#2418,.F.);
#3110=ORIENTED_EDGE('',*,*,#2419,.T.);
#3111=ORIENTED_EDGE('',*,*,#2418,.T.);
#3112=ORIENTED_EDGE('',*,*,#2420,.F.);
#3113=ORIENTED_EDGE('',*,*,#2421,.F.);
#3114=ORIENTED_EDGE('',*,*,#2422,.T.);
#3115=ORIENTED_EDGE('',*,*,#2421,.T.);
#3116=ORIENTED_EDGE('',*,*,#2423,.F.);
#3117=ORIENTED_EDGE('',*,*,#2404,.F.);
#3118=ORIENTED_EDGE('',*,*,#2423,.T.);
#3119=ORIENTED_EDGE('',*,*,#2420,.T.);
#3120=ORIENTED_EDGE('',*,*,#2417,.T.);
#3121=ORIENTED_EDGE('',*,*,#2414,.T.);
#3122=ORIENTED_EDGE('',*,*,#2411,.T.);
#3123=ORIENTED_EDGE('',*,*,#2408,.T.);
#3124=ORIENTED_EDGE('',*,*,#2405,.T.);
#3125=ORIENTED_EDGE('',*,*,#2422,.F.);
#3126=ORIENTED_EDGE('',*,*,#2403,.T.);
#3127=ORIENTED_EDGE('',*,*,#2407,.F.);
#3128=ORIENTED_EDGE('',*,*,#2410,.T.);
#3129=ORIENTED_EDGE('',*,*,#2413,.T.);
#3130=ORIENTED_EDGE('',*,*,#2416,.F.);
#3131=ORIENTED_EDGE('',*,*,#2419,.F.);
#3132=ORIENTED_EDGE('',*,*,#2424,.F.);
#3133=ORIENTED_EDGE('',*,*,#2425,.T.);
#3134=ORIENTED_EDGE('',*,*,#2426,.F.);
#3135=ORIENTED_EDGE('',*,*,#2427,.F.);
#3136=ORIENTED_EDGE('',*,*,#2428,.F.);
#3137=ORIENTED_EDGE('',*,*,#2427,.T.);
#3138=ORIENTED_EDGE('',*,*,#2429,.F.);
#3139=ORIENTED_EDGE('',*,*,#2430,.F.);
#3140=ORIENTED_EDGE('',*,*,#2431,.F.);
#3141=ORIENTED_EDGE('',*,*,#2430,.T.);
#3142=ORIENTED_EDGE('',*,*,#2432,.F.);
#3143=ORIENTED_EDGE('',*,*,#2433,.F.);
#3144=ORIENTED_EDGE('',*,*,#2434,.F.);
#3145=ORIENTED_EDGE('',*,*,#2433,.T.);
#3146=ORIENTED_EDGE('',*,*,#2435,.F.);
#3147=ORIENTED_EDGE('',*,*,#2425,.F.);
#3148=ORIENTED_EDGE('',*,*,#2435,.T.);
#3149=ORIENTED_EDGE('',*,*,#2432,.T.);
#3150=ORIENTED_EDGE('',*,*,#2429,.T.);
#3151=ORIENTED_EDGE('',*,*,#2426,.T.);
#3152=ORIENTED_EDGE('',*,*,#2434,.T.);
#3153=ORIENTED_EDGE('',*,*,#2424,.T.);
#3154=ORIENTED_EDGE('',*,*,#2428,.T.);
#3155=ORIENTED_EDGE('',*,*,#2431,.T.);
#3156=ORIENTED_EDGE('',*,*,#2436,.F.);
#3157=ORIENTED_EDGE('',*,*,#2437,.T.);
#3158=ORIENTED_EDGE('',*,*,#2438,.F.);
#3159=ORIENTED_EDGE('',*,*,#2439,.F.);
#3160=ORIENTED_EDGE('',*,*,#2440,.F.);
#3161=ORIENTED_EDGE('',*,*,#2441,.T.);
#3162=ORIENTED_EDGE('',*,*,#2442,.F.);
#3163=ORIENTED_EDGE('',*,*,#2437,.F.);
#3164=ORIENTED_EDGE('',*,*,#2443,.F.);
#3165=ORIENTED_EDGE('',*,*,#2439,.T.);
#3166=ORIENTED_EDGE('',*,*,#2444,.F.);
#3167=ORIENTED_EDGE('',*,*,#2445,.F.);
#3168=ORIENTED_EDGE('',*,*,#2445,.T.);
#3169=ORIENTED_EDGE('',*,*,#2446,.F.);
#3170=ORIENTED_EDGE('',*,*,#2447,.F.);
#3171=ORIENTED_EDGE('',*,*,#2448,.T.);
#3172=ORIENTED_EDGE('',*,*,#2449,.F.);
#3173=ORIENTED_EDGE('',*,*,#2447,.T.);
#3174=ORIENTED_EDGE('',*,*,#2450,.F.);
#3175=ORIENTED_EDGE('',*,*,#2451,.F.);
#3176=ORIENTED_EDGE('',*,*,#2452,.T.);
#3177=ORIENTED_EDGE('',*,*,#2453,.F.);
#3178=ORIENTED_EDGE('',*,*,#2448,.F.);
#3179=ORIENTED_EDGE('',*,*,#2451,.T.);
#3180=ORIENTED_EDGE('',*,*,#2454,.F.);
#3181=ORIENTED_EDGE('',*,*,#2441,.F.);
#3182=ORIENTED_EDGE('',*,*,#2455,.F.);
#3183=ORIENTED_EDGE('',*,*,#2452,.F.);
#3184=ORIENTED_EDGE('',*,*,#2438,.T.);
#3185=ORIENTED_EDGE('',*,*,#2442,.T.);
#3186=ORIENTED_EDGE('',*,*,#2454,.T.);
#3187=ORIENTED_EDGE('',*,*,#2450,.T.);
#3188=ORIENTED_EDGE('',*,*,#2446,.T.);
#3189=ORIENTED_EDGE('',*,*,#2444,.T.);
#3190=ORIENTED_EDGE('',*,*,#2443,.T.);
#3191=ORIENTED_EDGE('',*,*,#2456,.F.);
#3192=ORIENTED_EDGE('',*,*,#2457,.F.);
#3193=ORIENTED_EDGE('',*,*,#2458,.T.);
#3194=ORIENTED_EDGE('',*,*,#2436,.T.);
#3195=ORIENTED_EDGE('',*,*,#2458,.F.);
#3196=ORIENTED_EDGE('',*,*,#2459,.F.);
#3197=ORIENTED_EDGE('',*,*,#2460,.T.);
#3198=ORIENTED_EDGE('',*,*,#2440,.T.);
#3199=ORIENTED_EDGE('',*,*,#2460,.F.);
#3200=ORIENTED_EDGE('',*,*,#2461,.F.);
#3201=ORIENTED_EDGE('',*,*,#2462,.T.);
#3202=ORIENTED_EDGE('',*,*,#2456,.T.);
#3203=ORIENTED_EDGE('',*,*,#2449,.T.);
#3204=ORIENTED_EDGE('',*,*,#2463,.F.);
#3205=ORIENTED_EDGE('',*,*,#2464,.F.);
#3206=ORIENTED_EDGE('',*,*,#2465,.T.);
#3207=ORIENTED_EDGE('',*,*,#2466,.F.);
#3208=ORIENTED_EDGE('',*,*,#2464,.T.);
#3209=ORIENTED_EDGE('',*,*,#2463,.T.);
#3210=ORIENTED_EDGE('',*,*,#2453,.T.);
#3211=ORIENTED_EDGE('',*,*,#2467,.F.);
#3212=ORIENTED_EDGE('',*,*,#2468,.F.);
#3213=ORIENTED_EDGE('',*,*,#2469,.T.);
#3214=ORIENTED_EDGE('',*,*,#2470,.F.);
#3215=ORIENTED_EDGE('',*,*,#2465,.F.);
#3216=ORIENTED_EDGE('',*,*,#2468,.T.);
#3217=ORIENTED_EDGE('',*,*,#2467,.T.);
#3218=ORIENTED_EDGE('',*,*,#2455,.T.);
#3219=ORIENTED_EDGE('',*,*,#2462,.F.);
#3220=ORIENTED_EDGE('',*,*,#2471,.F.);
#3221=ORIENTED_EDGE('',*,*,#2469,.F.);
#3222=ORIENTED_EDGE('',*,*,#2457,.T.);
#3223=ORIENTED_EDGE('',*,*,#2472,.F.);
#3224=ORIENTED_EDGE('',*,*,#2473,.T.);
#3225=ORIENTED_EDGE('',*,*,#2474,.T.);
#3226=ORIENTED_EDGE('',*,*,#2475,.T.);
#3227=ORIENTED_EDGE('',*,*,#2472,.T.);
#3228=ORIENTED_EDGE('',*,*,#2466,.T.);
#3229=ORIENTED_EDGE('',*,*,#2476,.F.);
#3230=ORIENTED_EDGE('',*,*,#2477,.T.);
#3231=ORIENTED_EDGE('',*,*,#2476,.T.);
#3232=ORIENTED_EDGE('',*,*,#2470,.T.);
#3233=ORIENTED_EDGE('',*,*,#2478,.F.);
#3234=ORIENTED_EDGE('',*,*,#2479,.T.);
#3235=ORIENTED_EDGE('',*,*,#2478,.T.);
#3236=ORIENTED_EDGE('',*,*,#2471,.T.);
#3237=ORIENTED_EDGE('',*,*,#2480,.F.);
#3238=ORIENTED_EDGE('',*,*,#2461,.T.);
#3239=ORIENTED_EDGE('',*,*,#2481,.F.);
#3240=ORIENTED_EDGE('',*,*,#2482,.T.);
#3241=ORIENTED_EDGE('',*,*,#2480,.T.);
#3242=ORIENTED_EDGE('',*,*,#2459,.T.);
#3243=ORIENTED_EDGE('',*,*,#2474,.F.);
#3244=ORIENTED_EDGE('',*,*,#2483,.T.);
#3245=ORIENTED_EDGE('',*,*,#2481,.T.);
#3246=ORIENTED_EDGE('',*,*,#2483,.F.);
#3247=ORIENTED_EDGE('',*,*,#2484,.T.);
#3248=ORIENTED_EDGE('',*,*,#2485,.T.);
#3249=ORIENTED_EDGE('',*,*,#2486,.F.);
#3250=ORIENTED_EDGE('',*,*,#2482,.F.);
#3251=ORIENTED_EDGE('',*,*,#2486,.T.);
#3252=ORIENTED_EDGE('',*,*,#2487,.F.);
#3253=ORIENTED_EDGE('',*,*,#2488,.F.);
#3254=ORIENTED_EDGE('',*,*,#2479,.F.);
#3255=ORIENTED_EDGE('',*,*,#2488,.T.);
#3256=ORIENTED_EDGE('',*,*,#2489,.F.);
#3257=ORIENTED_EDGE('',*,*,#2490,.F.);
#3258=ORIENTED_EDGE('',*,*,#2477,.F.);
#3259=ORIENTED_EDGE('',*,*,#2490,.T.);
#3260=ORIENTED_EDGE('',*,*,#2491,.T.);
#3261=ORIENTED_EDGE('',*,*,#2492,.F.);
#3262=ORIENTED_EDGE('',*,*,#2475,.F.);
#3263=ORIENTED_EDGE('',*,*,#2492,.T.);
#3264=ORIENTED_EDGE('',*,*,#2493,.F.);
#3265=ORIENTED_EDGE('',*,*,#2494,.F.);
#3266=ORIENTED_EDGE('',*,*,#2473,.F.);
#3267=ORIENTED_EDGE('',*,*,#2494,.T.);
#3268=ORIENTED_EDGE('',*,*,#2495,.F.);
#3269=ORIENTED_EDGE('',*,*,#2484,.F.);
#3270=ORIENTED_EDGE('',*,*,#2489,.T.);
#3271=ORIENTED_EDGE('',*,*,#2487,.T.);
#3272=ORIENTED_EDGE('',*,*,#2496,.T.);
#3273=ORIENTED_EDGE('',*,*,#2497,.T.);
#3274=ORIENTED_EDGE('',*,*,#2498,.T.);
#3275=ORIENTED_EDGE('',*,*,#2499,.F.);
#3276=ORIENTED_EDGE('',*,*,#2500,.T.);
#3277=ORIENTED_EDGE('',*,*,#2501,.F.);
#3278=ORIENTED_EDGE('',*,*,#2502,.F.);
#3279=ORIENTED_EDGE('',*,*,#2503,.F.);
#3280=ORIENTED_EDGE('',*,*,#2502,.T.);
#3281=ORIENTED_EDGE('',*,*,#2504,.F.);
#3282=ORIENTED_EDGE('',*,*,#2491,.F.);
#3283=ORIENTED_EDGE('',*,*,#2498,.F.);
#3284=ORIENTED_EDGE('',*,*,#2505,.F.);
#3285=ORIENTED_EDGE('',*,*,#2506,.F.);
#3286=ORIENTED_EDGE('',*,*,#2505,.T.);
#3287=ORIENTED_EDGE('',*,*,#2497,.F.);
#3288=ORIENTED_EDGE('',*,*,#2507,.F.);
#3289=ORIENTED_EDGE('',*,*,#2508,.F.);
#3290=ORIENTED_EDGE('',*,*,#2507,.T.);
#3291=ORIENTED_EDGE('',*,*,#2496,.F.);
#3292=ORIENTED_EDGE('',*,*,#2485,.F.);
#3293=ORIENTED_EDGE('',*,*,#2509,.F.);
#3294=ORIENTED_EDGE('',*,*,#2500,.F.);
#3295=ORIENTED_EDGE('',*,*,#2493,.T.);
#3296=ORIENTED_EDGE('',*,*,#2504,.T.);
#3297=ORIENTED_EDGE('',*,*,#2501,.T.);
#3298=ORIENTED_EDGE('',*,*,#2509,.T.);
#3299=ORIENTED_EDGE('',*,*,#2495,.T.);
#3300=ORIENTED_EDGE('',*,*,#2508,.T.);
#3301=ORIENTED_EDGE('',*,*,#2499,.T.);
#3302=ORIENTED_EDGE('',*,*,#2503,.T.);
#3303=ORIENTED_EDGE('',*,*,#2506,.T.);
#3304=ORIENTED_EDGE('',*,*,#2510,.T.);
#3305=ORIENTED_EDGE('',*,*,#2511,.F.);
#3306=ORIENTED_EDGE('',*,*,#2512,.F.);
#3307=ORIENTED_EDGE('',*,*,#2513,.T.);
#3308=ORIENTED_EDGE('',*,*,#2514,.T.);
#3309=ORIENTED_EDGE('',*,*,#2515,.T.);
#3310=ORIENTED_EDGE('',*,*,#2516,.F.);
#3311=ORIENTED_EDGE('',*,*,#2517,.F.);
#3312=ORIENTED_EDGE('',*,*,#2518,.F.);
#3313=ORIENTED_EDGE('',*,*,#2517,.T.);
#3314=ORIENTED_EDGE('',*,*,#2519,.F.);
#3315=ORIENTED_EDGE('',*,*,#2520,.F.);
#3316=ORIENTED_EDGE('',*,*,#2521,.F.);
#3317=ORIENTED_EDGE('',*,*,#2520,.T.);
#3318=ORIENTED_EDGE('',*,*,#2522,.F.);
#3319=ORIENTED_EDGE('',*,*,#2523,.F.);
#3320=ORIENTED_EDGE('',*,*,#2524,.F.);
#3321=ORIENTED_EDGE('',*,*,#2523,.T.);
#3322=ORIENTED_EDGE('',*,*,#2525,.F.);
#3323=ORIENTED_EDGE('',*,*,#2526,.F.);
#3324=ORIENTED_EDGE('',*,*,#2527,.F.);
#3325=ORIENTED_EDGE('',*,*,#2526,.T.);
#3326=ORIENTED_EDGE('',*,*,#2528,.F.);
#3327=ORIENTED_EDGE('',*,*,#2529,.F.);
#3328=ORIENTED_EDGE('',*,*,#2530,.F.);
#3329=ORIENTED_EDGE('',*,*,#2512,.T.);
#3330=ORIENTED_EDGE('',*,*,#2531,.F.);
#3331=ORIENTED_EDGE('',*,*,#2532,.F.);
#3332=ORIENTED_EDGE('',*,*,#2533,.F.);
#3333=ORIENTED_EDGE('',*,*,#2532,.T.);
#3334=ORIENTED_EDGE('',*,*,#2534,.F.);
#3335=ORIENTED_EDGE('',*,*,#2535,.F.);
#3336=ORIENTED_EDGE('',*,*,#2536,.F.);
#3337=ORIENTED_EDGE('',*,*,#2535,.T.);
#3338=ORIENTED_EDGE('',*,*,#2537,.F.);
#3339=ORIENTED_EDGE('',*,*,#2538,.F.);
#3340=ORIENTED_EDGE('',*,*,#2539,.F.);
#3341=ORIENTED_EDGE('',*,*,#2538,.T.);
#3342=ORIENTED_EDGE('',*,*,#2540,.F.);
#3343=ORIENTED_EDGE('',*,*,#2541,.F.);
#3344=ORIENTED_EDGE('',*,*,#2542,.F.);
#3345=ORIENTED_EDGE('',*,*,#2541,.T.);
#3346=ORIENTED_EDGE('',*,*,#2543,.F.);
#3347=ORIENTED_EDGE('',*,*,#2544,.F.);
#3348=ORIENTED_EDGE('',*,*,#2545,.F.);
#3349=ORIENTED_EDGE('',*,*,#2544,.T.);
#3350=ORIENTED_EDGE('',*,*,#2546,.F.);
#3351=ORIENTED_EDGE('',*,*,#2547,.F.);
#3352=ORIENTED_EDGE('',*,*,#2548,.F.);
#3353=ORIENTED_EDGE('',*,*,#2547,.T.);
#3354=ORIENTED_EDGE('',*,*,#2549,.F.);
#3355=ORIENTED_EDGE('',*,*,#2550,.F.);
#3356=ORIENTED_EDGE('',*,*,#2551,.F.);
#3357=ORIENTED_EDGE('',*,*,#2550,.T.);
#3358=ORIENTED_EDGE('',*,*,#2552,.F.);
#3359=ORIENTED_EDGE('',*,*,#2515,.F.);
#3360=ORIENTED_EDGE('',*,*,#2553,.F.);
#3361=ORIENTED_EDGE('',*,*,#2554,.T.);
#3362=ORIENTED_EDGE('',*,*,#2555,.F.);
#3363=ORIENTED_EDGE('',*,*,#2556,.F.);
#3364=ORIENTED_EDGE('',*,*,#2557,.F.);
#3365=ORIENTED_EDGE('',*,*,#2556,.T.);
#3366=ORIENTED_EDGE('',*,*,#2558,.F.);
#3367=ORIENTED_EDGE('',*,*,#2559,.F.);
#3368=ORIENTED_EDGE('',*,*,#2560,.F.);
#3369=ORIENTED_EDGE('',*,*,#2559,.T.);
#3370=ORIENTED_EDGE('',*,*,#2561,.F.);
#3371=ORIENTED_EDGE('',*,*,#2562,.F.);
#3372=ORIENTED_EDGE('',*,*,#2563,.F.);
#3373=ORIENTED_EDGE('',*,*,#2562,.T.);
#3374=ORIENTED_EDGE('',*,*,#2564,.F.);
#3375=ORIENTED_EDGE('',*,*,#2510,.F.);
#3376=ORIENTED_EDGE('',*,*,#2565,.T.);
#3377=ORIENTED_EDGE('',*,*,#2529,.T.);
#3378=ORIENTED_EDGE('',*,*,#2566,.F.);
#3379=ORIENTED_EDGE('',*,*,#2554,.F.);
#3380=ORIENTED_EDGE('',*,*,#2566,.T.);
#3381=ORIENTED_EDGE('',*,*,#2528,.T.);
#3382=ORIENTED_EDGE('',*,*,#2525,.T.);
#3383=ORIENTED_EDGE('',*,*,#2522,.T.);
#3384=ORIENTED_EDGE('',*,*,#2519,.T.);
#3385=ORIENTED_EDGE('',*,*,#2516,.T.);
#3386=ORIENTED_EDGE('',*,*,#2552,.T.);
#3387=ORIENTED_EDGE('',*,*,#2549,.T.);
#3388=ORIENTED_EDGE('',*,*,#2546,.T.);
#3389=ORIENTED_EDGE('',*,*,#2543,.T.);
#3390=ORIENTED_EDGE('',*,*,#2540,.T.);
#3391=ORIENTED_EDGE('',*,*,#2537,.T.);
#3392=ORIENTED_EDGE('',*,*,#2534,.T.);
#3393=ORIENTED_EDGE('',*,*,#2531,.T.);
#3394=ORIENTED_EDGE('',*,*,#2511,.T.);
#3395=ORIENTED_EDGE('',*,*,#2564,.T.);
#3396=ORIENTED_EDGE('',*,*,#2561,.T.);
#3397=ORIENTED_EDGE('',*,*,#2558,.T.);
#3398=ORIENTED_EDGE('',*,*,#2555,.T.);
#3399=ORIENTED_EDGE('',*,*,#2565,.F.);
#3400=ORIENTED_EDGE('',*,*,#2553,.T.);
#3401=ORIENTED_EDGE('',*,*,#2557,.T.);
#3402=ORIENTED_EDGE('',*,*,#2560,.T.);
#3403=ORIENTED_EDGE('',*,*,#2563,.T.);
#3404=ORIENTED_EDGE('',*,*,#2513,.F.);
#3405=ORIENTED_EDGE('',*,*,#2530,.T.);
#3406=ORIENTED_EDGE('',*,*,#2533,.T.);
#3407=ORIENTED_EDGE('',*,*,#2536,.T.);
#3408=ORIENTED_EDGE('',*,*,#2539,.T.);
#3409=ORIENTED_EDGE('',*,*,#2542,.T.);
#3410=ORIENTED_EDGE('',*,*,#2545,.T.);
#3411=ORIENTED_EDGE('',*,*,#2548,.T.);
#3412=ORIENTED_EDGE('',*,*,#2551,.T.);
#3413=ORIENTED_EDGE('',*,*,#2514,.F.);
#3414=ORIENTED_EDGE('',*,*,#2518,.T.);
#3415=ORIENTED_EDGE('',*,*,#2521,.T.);
#3416=ORIENTED_EDGE('',*,*,#2524,.T.);
#3417=ORIENTED_EDGE('',*,*,#2527,.T.);
#3418=ORIENTED_EDGE('',*,*,#2567,.F.);
#3419=ORIENTED_EDGE('',*,*,#2568,.T.);
#3420=ORIENTED_EDGE('',*,*,#2569,.F.);
#3421=ORIENTED_EDGE('',*,*,#2570,.F.);
#3422=ORIENTED_EDGE('',*,*,#2571,.F.);
#3423=ORIENTED_EDGE('',*,*,#2570,.T.);
#3424=ORIENTED_EDGE('',*,*,#2572,.F.);
#3425=ORIENTED_EDGE('',*,*,#2573,.F.);
#3426=ORIENTED_EDGE('',*,*,#2574,.F.);
#3427=ORIENTED_EDGE('',*,*,#2573,.T.);
#3428=ORIENTED_EDGE('',*,*,#2575,.F.);
#3429=ORIENTED_EDGE('',*,*,#2576,.F.);
#3430=ORIENTED_EDGE('',*,*,#2577,.F.);
#3431=ORIENTED_EDGE('',*,*,#2576,.T.);
#3432=ORIENTED_EDGE('',*,*,#2578,.F.);
#3433=ORIENTED_EDGE('',*,*,#2568,.F.);
#3434=ORIENTED_EDGE('',*,*,#2578,.T.);
#3435=ORIENTED_EDGE('',*,*,#2575,.T.);
#3436=ORIENTED_EDGE('',*,*,#2572,.T.);
#3437=ORIENTED_EDGE('',*,*,#2569,.T.);
#3438=ORIENTED_EDGE('',*,*,#2577,.T.);
#3439=ORIENTED_EDGE('',*,*,#2567,.T.);
#3440=ORIENTED_EDGE('',*,*,#2571,.T.);
#3441=ORIENTED_EDGE('',*,*,#2574,.T.);
#3442=ORIENTED_EDGE('',*,*,#2579,.T.);
#3443=ORIENTED_EDGE('',*,*,#2580,.T.);
#3444=ORIENTED_EDGE('',*,*,#2581,.F.);
#3445=ORIENTED_EDGE('',*,*,#2582,.F.);
#3446=ORIENTED_EDGE('',*,*,#2583,.T.);
#3447=ORIENTED_EDGE('',*,*,#2582,.T.);
#3448=ORIENTED_EDGE('',*,*,#2584,.F.);
#3449=ORIENTED_EDGE('',*,*,#2585,.F.);
#3450=ORIENTED_EDGE('',*,*,#2586,.T.);
#3451=ORIENTED_EDGE('',*,*,#2585,.T.);
#3452=ORIENTED_EDGE('',*,*,#2587,.F.);
#3453=ORIENTED_EDGE('',*,*,#2588,.F.);
#3454=ORIENTED_EDGE('',*,*,#2589,.T.);
#3455=ORIENTED_EDGE('',*,*,#2588,.T.);
#3456=ORIENTED_EDGE('',*,*,#2590,.F.);
#3457=ORIENTED_EDGE('',*,*,#2580,.F.);
#3458=ORIENTED_EDGE('',*,*,#2590,.T.);
#3459=ORIENTED_EDGE('',*,*,#2587,.T.);
#3460=ORIENTED_EDGE('',*,*,#2584,.T.);
#3461=ORIENTED_EDGE('',*,*,#2581,.T.);
#3462=ORIENTED_EDGE('',*,*,#2589,.F.);
#3463=ORIENTED_EDGE('',*,*,#2579,.F.);
#3464=ORIENTED_EDGE('',*,*,#2583,.F.);
#3465=ORIENTED_EDGE('',*,*,#2586,.F.);
#3466=ORIENTED_EDGE('',*,*,#2591,.F.);
#3467=ORIENTED_EDGE('',*,*,#2592,.T.);
#3468=ORIENTED_EDGE('',*,*,#2593,.F.);
#3469=ORIENTED_EDGE('',*,*,#2594,.F.);
#3470=ORIENTED_EDGE('',*,*,#2595,.F.);
#3471=ORIENTED_EDGE('',*,*,#2594,.T.);
#3472=ORIENTED_EDGE('',*,*,#2596,.F.);
#3473=ORIENTED_EDGE('',*,*,#2597,.F.);
#3474=ORIENTED_EDGE('',*,*,#2598,.F.);
#3475=ORIENTED_EDGE('',*,*,#2597,.T.);
#3476=ORIENTED_EDGE('',*,*,#2599,.F.);
#3477=ORIENTED_EDGE('',*,*,#2600,.F.);
#3478=ORIENTED_EDGE('',*,*,#2601,.F.);
#3479=ORIENTED_EDGE('',*,*,#2600,.T.);
#3480=ORIENTED_EDGE('',*,*,#2602,.F.);
#3481=ORIENTED_EDGE('',*,*,#2592,.F.);
#3482=ORIENTED_EDGE('',*,*,#2602,.T.);
#3483=ORIENTED_EDGE('',*,*,#2599,.T.);
#3484=ORIENTED_EDGE('',*,*,#2596,.T.);
#3485=ORIENTED_EDGE('',*,*,#2593,.T.);
#3486=ORIENTED_EDGE('',*,*,#2601,.T.);
#3487=ORIENTED_EDGE('',*,*,#2591,.T.);
#3488=ORIENTED_EDGE('',*,*,#2595,.T.);
#3489=ORIENTED_EDGE('',*,*,#2598,.T.);
#3490=ORIENTED_EDGE('',*,*,#2603,.T.);
#3491=ORIENTED_EDGE('',*,*,#2604,.T.);
#3492=ORIENTED_EDGE('',*,*,#2605,.F.);
#3493=ORIENTED_EDGE('',*,*,#2606,.F.);
#3494=ORIENTED_EDGE('',*,*,#2607,.T.);
#3495=ORIENTED_EDGE('',*,*,#2606,.T.);
#3496=ORIENTED_EDGE('',*,*,#2608,.F.);
#3497=ORIENTED_EDGE('',*,*,#2609,.F.);
#3498=ORIENTED_EDGE('',*,*,#2610,.T.);
#3499=ORIENTED_EDGE('',*,*,#2609,.T.);
#3500=ORIENTED_EDGE('',*,*,#2611,.F.);
#3501=ORIENTED_EDGE('',*,*,#2612,.F.);
#3502=ORIENTED_EDGE('',*,*,#2613,.T.);
#3503=ORIENTED_EDGE('',*,*,#2612,.T.);
#3504=ORIENTED_EDGE('',*,*,#2614,.F.);
#3505=ORIENTED_EDGE('',*,*,#2604,.F.);
#3506=ORIENTED_EDGE('',*,*,#2614,.T.);
#3507=ORIENTED_EDGE('',*,*,#2611,.T.);
#3508=ORIENTED_EDGE('',*,*,#2608,.T.);
#3509=ORIENTED_EDGE('',*,*,#2605,.T.);
#3510=ORIENTED_EDGE('',*,*,#2613,.F.);
#3511=ORIENTED_EDGE('',*,*,#2603,.F.);
#3512=ORIENTED_EDGE('',*,*,#2607,.F.);
#3513=ORIENTED_EDGE('',*,*,#2610,.F.);
#3514=ORIENTED_EDGE('',*,*,#2615,.F.);
#3515=ORIENTED_EDGE('',*,*,#2616,.T.);
#3516=ORIENTED_EDGE('',*,*,#2617,.F.);
#3517=ORIENTED_EDGE('',*,*,#2618,.F.);
#3518=ORIENTED_EDGE('',*,*,#2619,.F.);
#3519=ORIENTED_EDGE('',*,*,#2618,.T.);
#3520=ORIENTED_EDGE('',*,*,#2620,.F.);
#3521=ORIENTED_EDGE('',*,*,#2621,.F.);
#3522=ORIENTED_EDGE('',*,*,#2622,.F.);
#3523=ORIENTED_EDGE('',*,*,#2621,.T.);
#3524=ORIENTED_EDGE('',*,*,#2623,.F.);
#3525=ORIENTED_EDGE('',*,*,#2624,.F.);
#3526=ORIENTED_EDGE('',*,*,#2625,.F.);
#3527=ORIENTED_EDGE('',*,*,#2624,.T.);
#3528=ORIENTED_EDGE('',*,*,#2626,.F.);
#3529=ORIENTED_EDGE('',*,*,#2616,.F.);
#3530=ORIENTED_EDGE('',*,*,#2626,.T.);
#3531=ORIENTED_EDGE('',*,*,#2623,.T.);
#3532=ORIENTED_EDGE('',*,*,#2620,.T.);
#3533=ORIENTED_EDGE('',*,*,#2617,.T.);
#3534=ORIENTED_EDGE('',*,*,#2625,.T.);
#3535=ORIENTED_EDGE('',*,*,#2615,.T.);
#3536=ORIENTED_EDGE('',*,*,#2619,.T.);
#3537=ORIENTED_EDGE('',*,*,#2622,.T.);
#3538=ORIENTED_EDGE('',*,*,#2627,.T.);
#3539=ORIENTED_EDGE('',*,*,#2628,.T.);
#3540=ORIENTED_EDGE('',*,*,#2629,.F.);
#3541=ORIENTED_EDGE('',*,*,#2630,.F.);
#3542=ORIENTED_EDGE('',*,*,#2631,.T.);
#3543=ORIENTED_EDGE('',*,*,#2630,.T.);
#3544=ORIENTED_EDGE('',*,*,#2632,.F.);
#3545=ORIENTED_EDGE('',*,*,#2633,.F.);
#3546=ORIENTED_EDGE('',*,*,#2634,.T.);
#3547=ORIENTED_EDGE('',*,*,#2633,.T.);
#3548=ORIENTED_EDGE('',*,*,#2635,.F.);
#3549=ORIENTED_EDGE('',*,*,#2636,.F.);
#3550=ORIENTED_EDGE('',*,*,#2637,.T.);
#3551=ORIENTED_EDGE('',*,*,#2636,.T.);
#3552=ORIENTED_EDGE('',*,*,#2638,.F.);
#3553=ORIENTED_EDGE('',*,*,#2628,.F.);
#3554=ORIENTED_EDGE('',*,*,#2638,.T.);
#3555=ORIENTED_EDGE('',*,*,#2635,.T.);
#3556=ORIENTED_EDGE('',*,*,#2632,.T.);
#3557=ORIENTED_EDGE('',*,*,#2629,.T.);
#3558=ORIENTED_EDGE('',*,*,#2637,.F.);
#3559=ORIENTED_EDGE('',*,*,#2627,.F.);
#3560=ORIENTED_EDGE('',*,*,#2631,.F.);
#3561=ORIENTED_EDGE('',*,*,#2634,.F.);
#3562=ORIENTED_EDGE('',*,*,#2639,.F.);
#3563=ORIENTED_EDGE('',*,*,#2640,.T.);
#3564=ORIENTED_EDGE('',*,*,#2641,.F.);
#3565=ORIENTED_EDGE('',*,*,#2642,.F.);
#3566=ORIENTED_EDGE('',*,*,#2643,.F.);
#3567=ORIENTED_EDGE('',*,*,#2642,.T.);
#3568=ORIENTED_EDGE('',*,*,#2644,.F.);
#3569=ORIENTED_EDGE('',*,*,#2645,.F.);
#3570=ORIENTED_EDGE('',*,*,#2646,.F.);
#3571=ORIENTED_EDGE('',*,*,#2645,.T.);
#3572=ORIENTED_EDGE('',*,*,#2647,.F.);
#3573=ORIENTED_EDGE('',*,*,#2648,.F.);
#3574=ORIENTED_EDGE('',*,*,#2649,.F.);
#3575=ORIENTED_EDGE('',*,*,#2648,.T.);
#3576=ORIENTED_EDGE('',*,*,#2650,.F.);
#3577=ORIENTED_EDGE('',*,*,#2640,.F.);
#3578=ORIENTED_EDGE('',*,*,#2650,.T.);
#3579=ORIENTED_EDGE('',*,*,#2647,.T.);
#3580=ORIENTED_EDGE('',*,*,#2644,.T.);
#3581=ORIENTED_EDGE('',*,*,#2641,.T.);
#3582=ORIENTED_EDGE('',*,*,#2649,.T.);
#3583=ORIENTED_EDGE('',*,*,#2639,.T.);
#3584=ORIENTED_EDGE('',*,*,#2643,.T.);
#3585=ORIENTED_EDGE('',*,*,#2646,.T.);
#3586=ORIENTED_EDGE('',*,*,#2651,.T.);
#3587=ORIENTED_EDGE('',*,*,#2652,.T.);
#3588=ORIENTED_EDGE('',*,*,#2653,.F.);
#3589=ORIENTED_EDGE('',*,*,#2654,.F.);
#3590=ORIENTED_EDGE('',*,*,#2655,.T.);
#3591=ORIENTED_EDGE('',*,*,#2654,.T.);
#3592=ORIENTED_EDGE('',*,*,#2656,.F.);
#3593=ORIENTED_EDGE('',*,*,#2657,.F.);
#3594=ORIENTED_EDGE('',*,*,#2658,.T.);
#3595=ORIENTED_EDGE('',*,*,#2657,.T.);
#3596=ORIENTED_EDGE('',*,*,#2659,.F.);
#3597=ORIENTED_EDGE('',*,*,#2660,.F.);
#3598=ORIENTED_EDGE('',*,*,#2661,.T.);
#3599=ORIENTED_EDGE('',*,*,#2660,.T.);
#3600=ORIENTED_EDGE('',*,*,#2662,.F.);
#3601=ORIENTED_EDGE('',*,*,#2652,.F.);
#3602=ORIENTED_EDGE('',*,*,#2662,.T.);
#3603=ORIENTED_EDGE('',*,*,#2659,.T.);
#3604=ORIENTED_EDGE('',*,*,#2656,.T.);
#3605=ORIENTED_EDGE('',*,*,#2653,.T.);
#3606=ORIENTED_EDGE('',*,*,#2661,.F.);
#3607=ORIENTED_EDGE('',*,*,#2651,.F.);
#3608=ORIENTED_EDGE('',*,*,#2655,.F.);
#3609=ORIENTED_EDGE('',*,*,#2658,.F.);
#3610=ORIENTED_EDGE('',*,*,#2663,.F.);
#3611=ORIENTED_EDGE('',*,*,#2664,.T.);
#3612=ORIENTED_EDGE('',*,*,#2665,.F.);
#3613=ORIENTED_EDGE('',*,*,#2666,.F.);
#3614=ORIENTED_EDGE('',*,*,#2667,.F.);
#3615=ORIENTED_EDGE('',*,*,#2666,.T.);
#3616=ORIENTED_EDGE('',*,*,#2668,.F.);
#3617=ORIENTED_EDGE('',*,*,#2669,.F.);
#3618=ORIENTED_EDGE('',*,*,#2670,.F.);
#3619=ORIENTED_EDGE('',*,*,#2669,.T.);
#3620=ORIENTED_EDGE('',*,*,#2671,.F.);
#3621=ORIENTED_EDGE('',*,*,#2672,.F.);
#3622=ORIENTED_EDGE('',*,*,#2673,.F.);
#3623=ORIENTED_EDGE('',*,*,#2672,.T.);
#3624=ORIENTED_EDGE('',*,*,#2674,.F.);
#3625=ORIENTED_EDGE('',*,*,#2664,.F.);
#3626=ORIENTED_EDGE('',*,*,#2674,.T.);
#3627=ORIENTED_EDGE('',*,*,#2671,.T.);
#3628=ORIENTED_EDGE('',*,*,#2668,.T.);
#3629=ORIENTED_EDGE('',*,*,#2665,.T.);
#3630=ORIENTED_EDGE('',*,*,#2673,.T.);
#3631=ORIENTED_EDGE('',*,*,#2663,.T.);
#3632=ORIENTED_EDGE('',*,*,#2667,.T.);
#3633=ORIENTED_EDGE('',*,*,#2670,.T.);
#3634=ORIENTED_EDGE('',*,*,#2675,.T.);
#3635=ORIENTED_EDGE('',*,*,#2676,.T.);
#3636=ORIENTED_EDGE('',*,*,#2677,.F.);
#3637=ORIENTED_EDGE('',*,*,#2678,.F.);
#3638=ORIENTED_EDGE('',*,*,#2679,.T.);
#3639=ORIENTED_EDGE('',*,*,#2678,.T.);
#3640=ORIENTED_EDGE('',*,*,#2680,.F.);
#3641=ORIENTED_EDGE('',*,*,#2681,.F.);
#3642=ORIENTED_EDGE('',*,*,#2682,.T.);
#3643=ORIENTED_EDGE('',*,*,#2681,.T.);
#3644=ORIENTED_EDGE('',*,*,#2683,.F.);
#3645=ORIENTED_EDGE('',*,*,#2684,.F.);
#3646=ORIENTED_EDGE('',*,*,#2685,.T.);
#3647=ORIENTED_EDGE('',*,*,#2684,.T.);
#3648=ORIENTED_EDGE('',*,*,#2686,.F.);
#3649=ORIENTED_EDGE('',*,*,#2676,.F.);
#3650=ORIENTED_EDGE('',*,*,#2686,.T.);
#3651=ORIENTED_EDGE('',*,*,#2683,.T.);
#3652=ORIENTED_EDGE('',*,*,#2680,.T.);
#3653=ORIENTED_EDGE('',*,*,#2677,.T.);
#3654=ORIENTED_EDGE('',*,*,#2685,.F.);
#3655=ORIENTED_EDGE('',*,*,#2675,.F.);
#3656=ORIENTED_EDGE('',*,*,#2679,.F.);
#3657=ORIENTED_EDGE('',*,*,#2682,.F.);
#3658=ORIENTED_EDGE('',*,*,#2687,.F.);
#3659=ORIENTED_EDGE('',*,*,#2688,.T.);
#3660=ORIENTED_EDGE('',*,*,#2689,.F.);
#3661=ORIENTED_EDGE('',*,*,#2690,.F.);
#3662=ORIENTED_EDGE('',*,*,#2691,.F.);
#3663=ORIENTED_EDGE('',*,*,#2690,.T.);
#3664=ORIENTED_EDGE('',*,*,#2692,.F.);
#3665=ORIENTED_EDGE('',*,*,#2693,.F.);
#3666=ORIENTED_EDGE('',*,*,#2694,.F.);
#3667=ORIENTED_EDGE('',*,*,#2693,.T.);
#3668=ORIENTED_EDGE('',*,*,#2695,.F.);
#3669=ORIENTED_EDGE('',*,*,#2696,.F.);
#3670=ORIENTED_EDGE('',*,*,#2697,.F.);
#3671=ORIENTED_EDGE('',*,*,#2696,.T.);
#3672=ORIENTED_EDGE('',*,*,#2698,.F.);
#3673=ORIENTED_EDGE('',*,*,#2688,.F.);
#3674=ORIENTED_EDGE('',*,*,#2698,.T.);
#3675=ORIENTED_EDGE('',*,*,#2695,.T.);
#3676=ORIENTED_EDGE('',*,*,#2692,.T.);
#3677=ORIENTED_EDGE('',*,*,#2689,.T.);
#3678=ORIENTED_EDGE('',*,*,#2697,.T.);
#3679=ORIENTED_EDGE('',*,*,#2687,.T.);
#3680=ORIENTED_EDGE('',*,*,#2691,.T.);
#3681=ORIENTED_EDGE('',*,*,#2694,.T.);
#3682=ORIENTED_EDGE('',*,*,#2699,.F.);
#3683=ORIENTED_EDGE('',*,*,#2700,.T.);
#3684=ORIENTED_EDGE('',*,*,#2701,.F.);
#3685=ORIENTED_EDGE('',*,*,#2702,.F.);
#3686=ORIENTED_EDGE('',*,*,#2703,.T.);
#3687=ORIENTED_EDGE('',*,*,#2702,.T.);
#3688=ORIENTED_EDGE('',*,*,#2704,.F.);
#3689=ORIENTED_EDGE('',*,*,#2705,.F.);
#3690=ORIENTED_EDGE('',*,*,#2706,.F.);
#3691=ORIENTED_EDGE('',*,*,#2705,.T.);
#3692=ORIENTED_EDGE('',*,*,#2707,.F.);
#3693=ORIENTED_EDGE('',*,*,#2708,.F.);
#3694=ORIENTED_EDGE('',*,*,#2709,.F.);
#3695=ORIENTED_EDGE('',*,*,#2708,.T.);
#3696=ORIENTED_EDGE('',*,*,#2710,.F.);
#3697=ORIENTED_EDGE('',*,*,#2711,.F.);
#3698=ORIENTED_EDGE('',*,*,#2712,.T.);
#3699=ORIENTED_EDGE('',*,*,#2711,.T.);
#3700=ORIENTED_EDGE('',*,*,#2713,.F.);
#3701=ORIENTED_EDGE('',*,*,#2714,.F.);
#3702=ORIENTED_EDGE('',*,*,#2715,.T.);
#3703=ORIENTED_EDGE('',*,*,#2714,.T.);
#3704=ORIENTED_EDGE('',*,*,#2716,.F.);
#3705=ORIENTED_EDGE('',*,*,#2717,.F.);
#3706=ORIENTED_EDGE('',*,*,#2718,.T.);
#3707=ORIENTED_EDGE('',*,*,#2717,.T.);
#3708=ORIENTED_EDGE('',*,*,#2719,.F.);
#3709=ORIENTED_EDGE('',*,*,#2700,.F.);
#3710=ORIENTED_EDGE('',*,*,#2719,.T.);
#3711=ORIENTED_EDGE('',*,*,#2716,.T.);
#3712=ORIENTED_EDGE('',*,*,#2713,.T.);
#3713=ORIENTED_EDGE('',*,*,#2710,.T.);
#3714=ORIENTED_EDGE('',*,*,#2707,.T.);
#3715=ORIENTED_EDGE('',*,*,#2704,.T.);
#3716=ORIENTED_EDGE('',*,*,#2701,.T.);
#3717=ORIENTED_EDGE('',*,*,#2718,.F.);
#3718=ORIENTED_EDGE('',*,*,#2699,.T.);
#3719=ORIENTED_EDGE('',*,*,#2703,.F.);
#3720=ORIENTED_EDGE('',*,*,#2706,.T.);
#3721=ORIENTED_EDGE('',*,*,#2709,.T.);
#3722=ORIENTED_EDGE('',*,*,#2712,.F.);
#3723=ORIENTED_EDGE('',*,*,#2715,.F.);
#3724=ORIENTED_EDGE('',*,*,#2720,.T.);
#3725=ORIENTED_EDGE('',*,*,#2721,.T.);
#3726=ORIENTED_EDGE('',*,*,#2722,.F.);
#3727=ORIENTED_EDGE('',*,*,#2723,.F.);
#3728=ORIENTED_EDGE('',*,*,#2724,.T.);
#3729=ORIENTED_EDGE('',*,*,#2723,.T.);
#3730=ORIENTED_EDGE('',*,*,#2725,.F.);
#3731=ORIENTED_EDGE('',*,*,#2726,.F.);
#3732=ORIENTED_EDGE('',*,*,#2727,.T.);
#3733=ORIENTED_EDGE('',*,*,#2726,.T.);
#3734=ORIENTED_EDGE('',*,*,#2728,.F.);
#3735=ORIENTED_EDGE('',*,*,#2729,.F.);
#3736=ORIENTED_EDGE('',*,*,#2730,.T.);
#3737=ORIENTED_EDGE('',*,*,#2729,.T.);
#3738=ORIENTED_EDGE('',*,*,#2731,.F.);
#3739=ORIENTED_EDGE('',*,*,#2721,.F.);
#3740=ORIENTED_EDGE('',*,*,#2731,.T.);
#3741=ORIENTED_EDGE('',*,*,#2728,.T.);
#3742=ORIENTED_EDGE('',*,*,#2725,.T.);
#3743=ORIENTED_EDGE('',*,*,#2722,.T.);
#3744=ORIENTED_EDGE('',*,*,#2730,.F.);
#3745=ORIENTED_EDGE('',*,*,#2720,.F.);
#3746=ORIENTED_EDGE('',*,*,#2724,.F.);
#3747=ORIENTED_EDGE('',*,*,#2727,.F.);
#3748=ORIENTED_EDGE('',*,*,#2732,.F.);
#3749=ORIENTED_EDGE('',*,*,#2733,.T.);
#3750=ORIENTED_EDGE('',*,*,#2734,.F.);
#3751=ORIENTED_EDGE('',*,*,#2735,.F.);
#3752=ORIENTED_EDGE('',*,*,#2736,.F.);
#3753=ORIENTED_EDGE('',*,*,#2735,.T.);
#3754=ORIENTED_EDGE('',*,*,#2737,.F.);
#3755=ORIENTED_EDGE('',*,*,#2738,.F.);
#3756=ORIENTED_EDGE('',*,*,#2739,.F.);
#3757=ORIENTED_EDGE('',*,*,#2738,.T.);
#3758=ORIENTED_EDGE('',*,*,#2740,.F.);
#3759=ORIENTED_EDGE('',*,*,#2741,.F.);
#3760=ORIENTED_EDGE('',*,*,#2742,.F.);
#3761=ORIENTED_EDGE('',*,*,#2741,.T.);
#3762=ORIENTED_EDGE('',*,*,#2743,.F.);
#3763=ORIENTED_EDGE('',*,*,#2733,.F.);
#3764=ORIENTED_EDGE('',*,*,#2743,.T.);
#3765=ORIENTED_EDGE('',*,*,#2740,.T.);
#3766=ORIENTED_EDGE('',*,*,#2737,.T.);
#3767=ORIENTED_EDGE('',*,*,#2734,.T.);
#3768=ORIENTED_EDGE('',*,*,#2742,.T.);
#3769=ORIENTED_EDGE('',*,*,#2732,.T.);
#3770=ORIENTED_EDGE('',*,*,#2736,.T.);
#3771=ORIENTED_EDGE('',*,*,#2739,.T.);
#3772=ORIENTED_EDGE('',*,*,#2744,.T.);
#3773=ORIENTED_EDGE('',*,*,#2745,.T.);
#3774=ORIENTED_EDGE('',*,*,#2746,.F.);
#3775=ORIENTED_EDGE('',*,*,#2747,.F.);
#3776=ORIENTED_EDGE('',*,*,#2748,.T.);
#3777=ORIENTED_EDGE('',*,*,#2747,.T.);
#3778=ORIENTED_EDGE('',*,*,#2749,.F.);
#3779=ORIENTED_EDGE('',*,*,#2750,.F.);
#3780=ORIENTED_EDGE('',*,*,#2751,.T.);
#3781=ORIENTED_EDGE('',*,*,#2750,.T.);
#3782=ORIENTED_EDGE('',*,*,#2752,.F.);
#3783=ORIENTED_EDGE('',*,*,#2753,.F.);
#3784=ORIENTED_EDGE('',*,*,#2754,.T.);
#3785=ORIENTED_EDGE('',*,*,#2753,.T.);
#3786=ORIENTED_EDGE('',*,*,#2755,.F.);
#3787=ORIENTED_EDGE('',*,*,#2745,.F.);
#3788=ORIENTED_EDGE('',*,*,#2755,.T.);
#3789=ORIENTED_EDGE('',*,*,#2752,.T.);
#3790=ORIENTED_EDGE('',*,*,#2749,.T.);
#3791=ORIENTED_EDGE('',*,*,#2746,.T.);
#3792=ORIENTED_EDGE('',*,*,#2754,.F.);
#3793=ORIENTED_EDGE('',*,*,#2744,.F.);
#3794=ORIENTED_EDGE('',*,*,#2748,.F.);
#3795=ORIENTED_EDGE('',*,*,#2751,.F.);
#3796=ORIENTED_EDGE('',*,*,#2756,.F.);
#3797=ORIENTED_EDGE('',*,*,#2757,.T.);
#3798=ORIENTED_EDGE('',*,*,#2758,.F.);
#3799=ORIENTED_EDGE('',*,*,#2759,.F.);
#3800=ORIENTED_EDGE('',*,*,#2760,.F.);
#3801=ORIENTED_EDGE('',*,*,#2759,.T.);
#3802=ORIENTED_EDGE('',*,*,#2761,.F.);
#3803=ORIENTED_EDGE('',*,*,#2762,.F.);
#3804=ORIENTED_EDGE('',*,*,#2763,.F.);
#3805=ORIENTED_EDGE('',*,*,#2762,.T.);
#3806=ORIENTED_EDGE('',*,*,#2764,.F.);
#3807=ORIENTED_EDGE('',*,*,#2765,.F.);
#3808=ORIENTED_EDGE('',*,*,#2766,.F.);
#3809=ORIENTED_EDGE('',*,*,#2765,.T.);
#3810=ORIENTED_EDGE('',*,*,#2767,.F.);
#3811=ORIENTED_EDGE('',*,*,#2757,.F.);
#3812=ORIENTED_EDGE('',*,*,#2767,.T.);
#3813=ORIENTED_EDGE('',*,*,#2764,.T.);
#3814=ORIENTED_EDGE('',*,*,#2761,.T.);
#3815=ORIENTED_EDGE('',*,*,#2758,.T.);
#3816=ORIENTED_EDGE('',*,*,#2766,.T.);
#3817=ORIENTED_EDGE('',*,*,#2756,.T.);
#3818=ORIENTED_EDGE('',*,*,#2760,.T.);
#3819=ORIENTED_EDGE('',*,*,#2763,.T.);
#3820=ORIENTED_EDGE('',*,*,#2768,.T.);
#3821=ORIENTED_EDGE('',*,*,#2769,.T.);
#3822=ORIENTED_EDGE('',*,*,#2770,.F.);
#3823=ORIENTED_EDGE('',*,*,#2771,.F.);
#3824=ORIENTED_EDGE('',*,*,#2772,.T.);
#3825=ORIENTED_EDGE('',*,*,#2771,.T.);
#3826=ORIENTED_EDGE('',*,*,#2773,.F.);
#3827=ORIENTED_EDGE('',*,*,#2774,.F.);
#3828=ORIENTED_EDGE('',*,*,#2775,.T.);
#3829=ORIENTED_EDGE('',*,*,#2774,.T.);
#3830=ORIENTED_EDGE('',*,*,#2776,.F.);
#3831=ORIENTED_EDGE('',*,*,#2777,.F.);
#3832=ORIENTED_EDGE('',*,*,#2778,.T.);
#3833=ORIENTED_EDGE('',*,*,#2777,.T.);
#3834=ORIENTED_EDGE('',*,*,#2779,.F.);
#3835=ORIENTED_EDGE('',*,*,#2769,.F.);
#3836=ORIENTED_EDGE('',*,*,#2779,.T.);
#3837=ORIENTED_EDGE('',*,*,#2776,.T.);
#3838=ORIENTED_EDGE('',*,*,#2773,.T.);
#3839=ORIENTED_EDGE('',*,*,#2770,.T.);
#3840=ORIENTED_EDGE('',*,*,#2778,.F.);
#3841=ORIENTED_EDGE('',*,*,#2768,.F.);
#3842=ORIENTED_EDGE('',*,*,#2772,.F.);
#3843=ORIENTED_EDGE('',*,*,#2775,.F.);
#3844=ORIENTED_EDGE('',*,*,#2780,.T.);
#3845=ORIENTED_EDGE('',*,*,#2781,.T.);
#3846=ORIENTED_EDGE('',*,*,#2782,.F.);
#3847=ORIENTED_EDGE('',*,*,#2783,.F.);
#3848=ORIENTED_EDGE('',*,*,#2784,.F.);
#3849=ORIENTED_EDGE('',*,*,#2783,.T.);
#3850=ORIENTED_EDGE('',*,*,#2785,.F.);
#3851=ORIENTED_EDGE('',*,*,#2786,.F.);
#3852=ORIENTED_EDGE('',*,*,#2787,.F.);
#3853=ORIENTED_EDGE('',*,*,#2786,.T.);
#3854=ORIENTED_EDGE('',*,*,#2788,.F.);
#3855=ORIENTED_EDGE('',*,*,#2789,.F.);
#3856=ORIENTED_EDGE('',*,*,#2790,.T.);
#3857=ORIENTED_EDGE('',*,*,#2789,.T.);
#3858=ORIENTED_EDGE('',*,*,#2791,.F.);
#3859=ORIENTED_EDGE('',*,*,#2781,.F.);
#3860=ORIENTED_EDGE('',*,*,#2791,.T.);
#3861=ORIENTED_EDGE('',*,*,#2788,.T.);
#3862=ORIENTED_EDGE('',*,*,#2785,.T.);
#3863=ORIENTED_EDGE('',*,*,#2782,.T.);
#3864=ORIENTED_EDGE('',*,*,#2790,.F.);
#3865=ORIENTED_EDGE('',*,*,#2780,.F.);
#3866=ORIENTED_EDGE('',*,*,#2784,.T.);
#3867=ORIENTED_EDGE('',*,*,#2787,.T.);
#3868=ORIENTED_EDGE('',*,*,#2792,.F.);
#3869=ORIENTED_EDGE('',*,*,#2793,.T.);
#3870=ORIENTED_EDGE('',*,*,#2794,.F.);
#3871=ORIENTED_EDGE('',*,*,#2795,.F.);
#3872=ORIENTED_EDGE('',*,*,#2796,.T.);
#3873=ORIENTED_EDGE('',*,*,#2795,.T.);
#3874=ORIENTED_EDGE('',*,*,#2797,.F.);
#3875=ORIENTED_EDGE('',*,*,#2798,.F.);
#3876=ORIENTED_EDGE('',*,*,#2799,.T.);
#3877=ORIENTED_EDGE('',*,*,#2798,.T.);
#3878=ORIENTED_EDGE('',*,*,#2800,.F.);
#3879=ORIENTED_EDGE('',*,*,#2801,.F.);
#3880=ORIENTED_EDGE('',*,*,#2802,.F.);
#3881=ORIENTED_EDGE('',*,*,#2801,.T.);
#3882=ORIENTED_EDGE('',*,*,#2803,.F.);
#3883=ORIENTED_EDGE('',*,*,#2793,.F.);
#3884=ORIENTED_EDGE('',*,*,#2803,.T.);
#3885=ORIENTED_EDGE('',*,*,#2800,.T.);
#3886=ORIENTED_EDGE('',*,*,#2797,.T.);
#3887=ORIENTED_EDGE('',*,*,#2794,.T.);
#3888=ORIENTED_EDGE('',*,*,#2802,.T.);
#3889=ORIENTED_EDGE('',*,*,#2792,.T.);
#3890=ORIENTED_EDGE('',*,*,#2796,.F.);
#3891=ORIENTED_EDGE('',*,*,#2799,.F.);
#3892=ORIENTED_EDGE('',*,*,#2804,.F.);
#3893=ORIENTED_EDGE('',*,*,#2805,.T.);
#3894=ORIENTED_EDGE('',*,*,#2806,.F.);
#3895=ORIENTED_EDGE('',*,*,#2807,.F.);
#3896=ORIENTED_EDGE('',*,*,#2808,.T.);
#3897=ORIENTED_EDGE('',*,*,#2807,.T.);
#3898=ORIENTED_EDGE('',*,*,#2809,.F.);
#3899=ORIENTED_EDGE('',*,*,#2810,.F.);
#3900=ORIENTED_EDGE('',*,*,#2811,.T.);
#3901=ORIENTED_EDGE('',*,*,#2810,.T.);
#3902=ORIENTED_EDGE('',*,*,#2812,.F.);
#3903=ORIENTED_EDGE('',*,*,#2813,.F.);
#3904=ORIENTED_EDGE('',*,*,#2814,.F.);
#3905=ORIENTED_EDGE('',*,*,#2813,.T.);
#3906=ORIENTED_EDGE('',*,*,#2815,.F.);
#3907=ORIENTED_EDGE('',*,*,#2805,.F.);
#3908=ORIENTED_EDGE('',*,*,#2815,.T.);
#3909=ORIENTED_EDGE('',*,*,#2812,.T.);
#3910=ORIENTED_EDGE('',*,*,#2809,.T.);
#3911=ORIENTED_EDGE('',*,*,#2806,.T.);
#3912=ORIENTED_EDGE('',*,*,#2814,.T.);
#3913=ORIENTED_EDGE('',*,*,#2804,.T.);
#3914=ORIENTED_EDGE('',*,*,#2808,.F.);
#3915=ORIENTED_EDGE('',*,*,#2811,.F.);
#3916=ORIENTED_EDGE('',*,*,#2816,.F.);
#3917=ORIENTED_EDGE('',*,*,#2817,.T.);
#3918=ORIENTED_EDGE('',*,*,#2818,.F.);
#3919=ORIENTED_EDGE('',*,*,#2819,.F.);
#3920=ORIENTED_EDGE('',*,*,#2820,.T.);
#3921=ORIENTED_EDGE('',*,*,#2819,.T.);
#3922=ORIENTED_EDGE('',*,*,#2821,.F.);
#3923=ORIENTED_EDGE('',*,*,#2822,.F.);
#3924=ORIENTED_EDGE('',*,*,#2823,.T.);
#3925=ORIENTED_EDGE('',*,*,#2822,.T.);
#3926=ORIENTED_EDGE('',*,*,#2824,.F.);
#3927=ORIENTED_EDGE('',*,*,#2825,.F.);
#3928=ORIENTED_EDGE('',*,*,#2826,.F.);
#3929=ORIENTED_EDGE('',*,*,#2825,.T.);
#3930=ORIENTED_EDGE('',*,*,#2827,.F.);
#3931=ORIENTED_EDGE('',*,*,#2817,.F.);
#3932=ORIENTED_EDGE('',*,*,#2827,.T.);
#3933=ORIENTED_EDGE('',*,*,#2824,.T.);
#3934=ORIENTED_EDGE('',*,*,#2821,.T.);
#3935=ORIENTED_EDGE('',*,*,#2818,.T.);
#3936=ORIENTED_EDGE('',*,*,#2826,.T.);
#3937=ORIENTED_EDGE('',*,*,#2816,.T.);
#3938=ORIENTED_EDGE('',*,*,#2820,.F.);
#3939=ORIENTED_EDGE('',*,*,#2823,.F.);
#3940=ORIENTED_EDGE('',*,*,#2828,.T.);
#3941=ORIENTED_EDGE('',*,*,#2829,.T.);
#3942=ORIENTED_EDGE('',*,*,#2830,.F.);
#3943=ORIENTED_EDGE('',*,*,#2831,.F.);
#3944=ORIENTED_EDGE('',*,*,#2832,.F.);
#3945=ORIENTED_EDGE('',*,*,#2831,.T.);
#3946=ORIENTED_EDGE('',*,*,#2833,.F.);
#3947=ORIENTED_EDGE('',*,*,#2834,.F.);
#3948=ORIENTED_EDGE('',*,*,#2835,.F.);
#3949=ORIENTED_EDGE('',*,*,#2834,.T.);
#3950=ORIENTED_EDGE('',*,*,#2836,.F.);
#3951=ORIENTED_EDGE('',*,*,#2837,.F.);
#3952=ORIENTED_EDGE('',*,*,#2838,.T.);
#3953=ORIENTED_EDGE('',*,*,#2837,.T.);
#3954=ORIENTED_EDGE('',*,*,#2839,.F.);
#3955=ORIENTED_EDGE('',*,*,#2829,.F.);
#3956=ORIENTED_EDGE('',*,*,#2839,.T.);
#3957=ORIENTED_EDGE('',*,*,#2836,.T.);
#3958=ORIENTED_EDGE('',*,*,#2833,.T.);
#3959=ORIENTED_EDGE('',*,*,#2830,.T.);
#3960=ORIENTED_EDGE('',*,*,#2838,.F.);
#3961=ORIENTED_EDGE('',*,*,#2828,.F.);
#3962=ORIENTED_EDGE('',*,*,#2832,.T.);
#3963=ORIENTED_EDGE('',*,*,#2835,.T.);
#3964=ORIENTED_EDGE('',*,*,#2840,.T.);
#3965=ORIENTED_EDGE('',*,*,#2841,.T.);
#3966=ORIENTED_EDGE('',*,*,#2842,.F.);
#3967=ORIENTED_EDGE('',*,*,#2843,.F.);
#3968=ORIENTED_EDGE('',*,*,#2844,.F.);
#3969=ORIENTED_EDGE('',*,*,#2843,.T.);
#3970=ORIENTED_EDGE('',*,*,#2845,.F.);
#3971=ORIENTED_EDGE('',*,*,#2846,.F.);
#3972=ORIENTED_EDGE('',*,*,#2847,.F.);
#3973=ORIENTED_EDGE('',*,*,#2846,.T.);
#3974=ORIENTED_EDGE('',*,*,#2848,.F.);
#3975=ORIENTED_EDGE('',*,*,#2849,.F.);
#3976=ORIENTED_EDGE('',*,*,#2850,.T.);
#3977=ORIENTED_EDGE('',*,*,#2849,.T.);
#3978=ORIENTED_EDGE('',*,*,#2851,.F.);
#3979=ORIENTED_EDGE('',*,*,#2841,.F.);
#3980=ORIENTED_EDGE('',*,*,#2851,.T.);
#3981=ORIENTED_EDGE('',*,*,#2848,.T.);
#3982=ORIENTED_EDGE('',*,*,#2845,.T.);
#3983=ORIENTED_EDGE('',*,*,#2842,.T.);
#3984=ORIENTED_EDGE('',*,*,#2850,.F.);
#3985=ORIENTED_EDGE('',*,*,#2840,.F.);
#3986=ORIENTED_EDGE('',*,*,#2844,.T.);
#3987=ORIENTED_EDGE('',*,*,#2847,.T.);
#3988=ORIENTED_EDGE('',*,*,#2852,.F.);
#3989=ORIENTED_EDGE('',*,*,#2853,.T.);
#3990=ORIENTED_EDGE('',*,*,#2854,.F.);
#3991=ORIENTED_EDGE('',*,*,#2855,.F.);
#3992=ORIENTED_EDGE('',*,*,#2856,.F.);
#3993=ORIENTED_EDGE('',*,*,#2857,.T.);
#3994=ORIENTED_EDGE('',*,*,#2858,.F.);
#3995=ORIENTED_EDGE('',*,*,#2853,.F.);
#3996=ORIENTED_EDGE('',*,*,#2859,.F.);
#3997=ORIENTED_EDGE('',*,*,#2855,.T.);
#3998=ORIENTED_EDGE('',*,*,#2860,.F.);
#3999=ORIENTED_EDGE('',*,*,#2861,.F.);
#4000=ORIENTED_EDGE('',*,*,#2861,.T.);
#4001=ORIENTED_EDGE('',*,*,#2862,.F.);
#4002=ORIENTED_EDGE('',*,*,#2863,.F.);
#4003=ORIENTED_EDGE('',*,*,#2864,.T.);
#4004=ORIENTED_EDGE('',*,*,#2865,.F.);
#4005=ORIENTED_EDGE('',*,*,#2863,.T.);
#4006=ORIENTED_EDGE('',*,*,#2866,.F.);
#4007=ORIENTED_EDGE('',*,*,#2867,.F.);
#4008=ORIENTED_EDGE('',*,*,#2868,.T.);
#4009=ORIENTED_EDGE('',*,*,#2869,.F.);
#4010=ORIENTED_EDGE('',*,*,#2864,.F.);
#4011=ORIENTED_EDGE('',*,*,#2867,.T.);
#4012=ORIENTED_EDGE('',*,*,#2870,.F.);
#4013=ORIENTED_EDGE('',*,*,#2857,.F.);
#4014=ORIENTED_EDGE('',*,*,#2871,.F.);
#4015=ORIENTED_EDGE('',*,*,#2868,.F.);
#4016=ORIENTED_EDGE('',*,*,#2854,.T.);
#4017=ORIENTED_EDGE('',*,*,#2858,.T.);
#4018=ORIENTED_EDGE('',*,*,#2870,.T.);
#4019=ORIENTED_EDGE('',*,*,#2866,.T.);
#4020=ORIENTED_EDGE('',*,*,#2862,.T.);
#4021=ORIENTED_EDGE('',*,*,#2860,.T.);
#4022=ORIENTED_EDGE('',*,*,#2859,.T.);
#4023=ORIENTED_EDGE('',*,*,#2872,.F.);
#4024=ORIENTED_EDGE('',*,*,#2873,.F.);
#4025=ORIENTED_EDGE('',*,*,#2874,.T.);
#4026=ORIENTED_EDGE('',*,*,#2852,.T.);
#4027=ORIENTED_EDGE('',*,*,#2874,.F.);
#4028=ORIENTED_EDGE('',*,*,#2875,.F.);
#4029=ORIENTED_EDGE('',*,*,#2876,.T.);
#4030=ORIENTED_EDGE('',*,*,#2856,.T.);
#4031=ORIENTED_EDGE('',*,*,#2876,.F.);
#4032=ORIENTED_EDGE('',*,*,#2877,.F.);
#4033=ORIENTED_EDGE('',*,*,#2878,.T.);
#4034=ORIENTED_EDGE('',*,*,#2872,.T.);
#4035=ORIENTED_EDGE('',*,*,#2865,.T.);
#4036=ORIENTED_EDGE('',*,*,#2879,.F.);
#4037=ORIENTED_EDGE('',*,*,#2880,.F.);
#4038=ORIENTED_EDGE('',*,*,#2881,.T.);
#4039=ORIENTED_EDGE('',*,*,#2882,.F.);
#4040=ORIENTED_EDGE('',*,*,#2880,.T.);
#4041=ORIENTED_EDGE('',*,*,#2879,.T.);
#4042=ORIENTED_EDGE('',*,*,#2869,.T.);
#4043=ORIENTED_EDGE('',*,*,#2883,.F.);
#4044=ORIENTED_EDGE('',*,*,#2884,.F.);
#4045=ORIENTED_EDGE('',*,*,#2885,.T.);
#4046=ORIENTED_EDGE('',*,*,#2886,.F.);
#4047=ORIENTED_EDGE('',*,*,#2881,.F.);
#4048=ORIENTED_EDGE('',*,*,#2884,.T.);
#4049=ORIENTED_EDGE('',*,*,#2883,.T.);
#4050=ORIENTED_EDGE('',*,*,#2871,.T.);
#4051=ORIENTED_EDGE('',*,*,#2878,.F.);
#4052=ORIENTED_EDGE('',*,*,#2887,.F.);
#4053=ORIENTED_EDGE('',*,*,#2885,.F.);
#4054=ORIENTED_EDGE('',*,*,#2873,.T.);
#4055=ORIENTED_EDGE('',*,*,#2888,.F.);
#4056=ORIENTED_EDGE('',*,*,#2889,.T.);
#4057=ORIENTED_EDGE('',*,*,#2890,.T.);
#4058=ORIENTED_EDGE('',*,*,#2891,.T.);
#4059=ORIENTED_EDGE('',*,*,#2888,.T.);
#4060=ORIENTED_EDGE('',*,*,#2882,.T.);
#4061=ORIENTED_EDGE('',*,*,#2892,.F.);
#4062=ORIENTED_EDGE('',*,*,#2893,.T.);
#4063=ORIENTED_EDGE('',*,*,#2892,.T.);
#4064=ORIENTED_EDGE('',*,*,#2886,.T.);
#4065=ORIENTED_EDGE('',*,*,#2894,.F.);
#4066=ORIENTED_EDGE('',*,*,#2895,.T.);
#4067=ORIENTED_EDGE('',*,*,#2894,.T.);
#4068=ORIENTED_EDGE('',*,*,#2887,.T.);
#4069=ORIENTED_EDGE('',*,*,#2896,.F.);
#4070=ORIENTED_EDGE('',*,*,#2877,.T.);
#4071=ORIENTED_EDGE('',*,*,#2897,.F.);
#4072=ORIENTED_EDGE('',*,*,#2898,.T.);
#4073=ORIENTED_EDGE('',*,*,#2896,.T.);
#4074=ORIENTED_EDGE('',*,*,#2875,.T.);
#4075=ORIENTED_EDGE('',*,*,#2890,.F.);
#4076=ORIENTED_EDGE('',*,*,#2899,.T.);
#4077=ORIENTED_EDGE('',*,*,#2897,.T.);
#4078=ORIENTED_EDGE('',*,*,#2899,.F.);
#4079=ORIENTED_EDGE('',*,*,#2900,.T.);
#4080=ORIENTED_EDGE('',*,*,#2901,.T.);
#4081=ORIENTED_EDGE('',*,*,#2902,.F.);
#4082=ORIENTED_EDGE('',*,*,#2898,.F.);
#4083=ORIENTED_EDGE('',*,*,#2902,.T.);
#4084=ORIENTED_EDGE('',*,*,#2903,.F.);
#4085=ORIENTED_EDGE('',*,*,#2904,.F.);
#4086=ORIENTED_EDGE('',*,*,#2895,.F.);
#4087=ORIENTED_EDGE('',*,*,#2904,.T.);
#4088=ORIENTED_EDGE('',*,*,#2905,.F.);
#4089=ORIENTED_EDGE('',*,*,#2906,.F.);
#4090=ORIENTED_EDGE('',*,*,#2893,.F.);
#4091=ORIENTED_EDGE('',*,*,#2906,.T.);
#4092=ORIENTED_EDGE('',*,*,#2907,.T.);
#4093=ORIENTED_EDGE('',*,*,#2908,.F.);
#4094=ORIENTED_EDGE('',*,*,#2891,.F.);
#4095=ORIENTED_EDGE('',*,*,#2908,.T.);
#4096=ORIENTED_EDGE('',*,*,#2909,.F.);
#4097=ORIENTED_EDGE('',*,*,#2910,.F.);
#4098=ORIENTED_EDGE('',*,*,#2889,.F.);
#4099=ORIENTED_EDGE('',*,*,#2910,.T.);
#4100=ORIENTED_EDGE('',*,*,#2911,.F.);
#4101=ORIENTED_EDGE('',*,*,#2900,.F.);
#4102=ORIENTED_EDGE('',*,*,#2905,.T.);
#4103=ORIENTED_EDGE('',*,*,#2903,.T.);
#4104=ORIENTED_EDGE('',*,*,#2912,.T.);
#4105=ORIENTED_EDGE('',*,*,#2913,.T.);
#4106=ORIENTED_EDGE('',*,*,#2914,.T.);
#4107=ORIENTED_EDGE('',*,*,#2915,.F.);
#4108=ORIENTED_EDGE('',*,*,#2916,.T.);
#4109=ORIENTED_EDGE('',*,*,#2917,.F.);
#4110=ORIENTED_EDGE('',*,*,#2918,.F.);
#4111=ORIENTED_EDGE('',*,*,#2919,.F.);
#4112=ORIENTED_EDGE('',*,*,#2918,.T.);
#4113=ORIENTED_EDGE('',*,*,#2920,.F.);
#4114=ORIENTED_EDGE('',*,*,#2907,.F.);
#4115=ORIENTED_EDGE('',*,*,#2914,.F.);
#4116=ORIENTED_EDGE('',*,*,#2921,.F.);
#4117=ORIENTED_EDGE('',*,*,#2922,.F.);
#4118=ORIENTED_EDGE('',*,*,#2921,.T.);
#4119=ORIENTED_EDGE('',*,*,#2913,.F.);
#4120=ORIENTED_EDGE('',*,*,#2923,.F.);
#4121=ORIENTED_EDGE('',*,*,#2924,.F.);
#4122=ORIENTED_EDGE('',*,*,#2923,.T.);
#4123=ORIENTED_EDGE('',*,*,#2912,.F.);
#4124=ORIENTED_EDGE('',*,*,#2901,.F.);
#4125=ORIENTED_EDGE('',*,*,#2925,.F.);
#4126=ORIENTED_EDGE('',*,*,#2916,.F.);
#4127=ORIENTED_EDGE('',*,*,#2909,.T.);
#4128=ORIENTED_EDGE('',*,*,#2920,.T.);
#4129=ORIENTED_EDGE('',*,*,#2917,.T.);
#4130=ORIENTED_EDGE('',*,*,#2925,.T.);
#4131=ORIENTED_EDGE('',*,*,#2911,.T.);
#4132=ORIENTED_EDGE('',*,*,#2924,.T.);
#4133=ORIENTED_EDGE('',*,*,#2915,.T.);
#4134=ORIENTED_EDGE('',*,*,#2919,.T.);
#4135=ORIENTED_EDGE('',*,*,#2922,.T.);
#4136=ORIENTED_EDGE('',*,*,#2926,.F.);
#4137=ORIENTED_EDGE('',*,*,#2927,.T.);
#4138=ORIENTED_EDGE('',*,*,#2928,.F.);
#4139=ORIENTED_EDGE('',*,*,#2929,.F.);
#4140=ORIENTED_EDGE('',*,*,#2930,.F.);
#4141=ORIENTED_EDGE('',*,*,#2931,.T.);
#4142=ORIENTED_EDGE('',*,*,#2932,.F.);
#4143=ORIENTED_EDGE('',*,*,#2927,.F.);
#4144=ORIENTED_EDGE('',*,*,#2933,.F.);
#4145=ORIENTED_EDGE('',*,*,#2929,.T.);
#4146=ORIENTED_EDGE('',*,*,#2934,.F.);
#4147=ORIENTED_EDGE('',*,*,#2935,.F.);
#4148=ORIENTED_EDGE('',*,*,#2935,.T.);
#4149=ORIENTED_EDGE('',*,*,#2936,.F.);
#4150=ORIENTED_EDGE('',*,*,#2937,.F.);
#4151=ORIENTED_EDGE('',*,*,#2938,.T.);
#4152=ORIENTED_EDGE('',*,*,#2939,.F.);
#4153=ORIENTED_EDGE('',*,*,#2937,.T.);
#4154=ORIENTED_EDGE('',*,*,#2940,.F.);
#4155=ORIENTED_EDGE('',*,*,#2941,.F.);
#4156=ORIENTED_EDGE('',*,*,#2942,.T.);
#4157=ORIENTED_EDGE('',*,*,#2943,.F.);
#4158=ORIENTED_EDGE('',*,*,#2938,.F.);
#4159=ORIENTED_EDGE('',*,*,#2941,.T.);
#4160=ORIENTED_EDGE('',*,*,#2944,.F.);
#4161=ORIENTED_EDGE('',*,*,#2931,.F.);
#4162=ORIENTED_EDGE('',*,*,#2945,.F.);
#4163=ORIENTED_EDGE('',*,*,#2942,.F.);
#4164=ORIENTED_EDGE('',*,*,#2928,.T.);
#4165=ORIENTED_EDGE('',*,*,#2932,.T.);
#4166=ORIENTED_EDGE('',*,*,#2944,.T.);
#4167=ORIENTED_EDGE('',*,*,#2940,.T.);
#4168=ORIENTED_EDGE('',*,*,#2936,.T.);
#4169=ORIENTED_EDGE('',*,*,#2934,.T.);
#4170=ORIENTED_EDGE('',*,*,#2933,.T.);
#4171=ORIENTED_EDGE('',*,*,#2946,.F.);
#4172=ORIENTED_EDGE('',*,*,#2947,.F.);
#4173=ORIENTED_EDGE('',*,*,#2948,.T.);
#4174=ORIENTED_EDGE('',*,*,#2926,.T.);
#4175=ORIENTED_EDGE('',*,*,#2948,.F.);
#4176=ORIENTED_EDGE('',*,*,#2949,.F.);
#4177=ORIENTED_EDGE('',*,*,#2950,.T.);
#4178=ORIENTED_EDGE('',*,*,#2930,.T.);
#4179=ORIENTED_EDGE('',*,*,#2950,.F.);
#4180=ORIENTED_EDGE('',*,*,#2951,.F.);
#4181=ORIENTED_EDGE('',*,*,#2952,.T.);
#4182=ORIENTED_EDGE('',*,*,#2946,.T.);
#4183=ORIENTED_EDGE('',*,*,#2939,.T.);
#4184=ORIENTED_EDGE('',*,*,#2953,.F.);
#4185=ORIENTED_EDGE('',*,*,#2954,.F.);
#4186=ORIENTED_EDGE('',*,*,#2955,.T.);
#4187=ORIENTED_EDGE('',*,*,#2956,.F.);
#4188=ORIENTED_EDGE('',*,*,#2954,.T.);
#4189=ORIENTED_EDGE('',*,*,#2953,.T.);
#4190=ORIENTED_EDGE('',*,*,#2943,.T.);
#4191=ORIENTED_EDGE('',*,*,#2957,.F.);
#4192=ORIENTED_EDGE('',*,*,#2958,.F.);
#4193=ORIENTED_EDGE('',*,*,#2959,.T.);
#4194=ORIENTED_EDGE('',*,*,#2960,.F.);
#4195=ORIENTED_EDGE('',*,*,#2955,.F.);
#4196=ORIENTED_EDGE('',*,*,#2958,.T.);
#4197=ORIENTED_EDGE('',*,*,#2957,.T.);
#4198=ORIENTED_EDGE('',*,*,#2945,.T.);
#4199=ORIENTED_EDGE('',*,*,#2952,.F.);
#4200=ORIENTED_EDGE('',*,*,#2961,.F.);
#4201=ORIENTED_EDGE('',*,*,#2959,.F.);
#4202=ORIENTED_EDGE('',*,*,#2947,.T.);
#4203=ORIENTED_EDGE('',*,*,#2962,.F.);
#4204=ORIENTED_EDGE('',*,*,#2963,.T.);
#4205=ORIENTED_EDGE('',*,*,#2964,.T.);
#4206=ORIENTED_EDGE('',*,*,#2965,.T.);
#4207=ORIENTED_EDGE('',*,*,#2962,.T.);
#4208=ORIENTED_EDGE('',*,*,#2956,.T.);
#4209=ORIENTED_EDGE('',*,*,#2966,.F.);
#4210=ORIENTED_EDGE('',*,*,#2967,.T.);
#4211=ORIENTED_EDGE('',*,*,#2966,.T.);
#4212=ORIENTED_EDGE('',*,*,#2960,.T.);
#4213=ORIENTED_EDGE('',*,*,#2968,.F.);
#4214=ORIENTED_EDGE('',*,*,#2969,.T.);
#4215=ORIENTED_EDGE('',*,*,#2968,.T.);
#4216=ORIENTED_EDGE('',*,*,#2961,.T.);
#4217=ORIENTED_EDGE('',*,*,#2970,.F.);
#4218=ORIENTED_EDGE('',*,*,#2951,.T.);
#4219=ORIENTED_EDGE('',*,*,#2971,.F.);
#4220=ORIENTED_EDGE('',*,*,#2972,.T.);
#4221=ORIENTED_EDGE('',*,*,#2970,.T.);
#4222=ORIENTED_EDGE('',*,*,#2949,.T.);
#4223=ORIENTED_EDGE('',*,*,#2964,.F.);
#4224=ORIENTED_EDGE('',*,*,#2973,.T.);
#4225=ORIENTED_EDGE('',*,*,#2971,.T.);
#4226=ORIENTED_EDGE('',*,*,#2973,.F.);
#4227=ORIENTED_EDGE('',*,*,#2974,.T.);
#4228=ORIENTED_EDGE('',*,*,#2975,.T.);
#4229=ORIENTED_EDGE('',*,*,#2976,.F.);
#4230=ORIENTED_EDGE('',*,*,#2972,.F.);
#4231=ORIENTED_EDGE('',*,*,#2976,.T.);
#4232=ORIENTED_EDGE('',*,*,#2977,.F.);
#4233=ORIENTED_EDGE('',*,*,#2978,.F.);
#4234=ORIENTED_EDGE('',*,*,#2969,.F.);
#4235=ORIENTED_EDGE('',*,*,#2978,.T.);
#4236=ORIENTED_EDGE('',*,*,#2979,.F.);
#4237=ORIENTED_EDGE('',*,*,#2980,.F.);
#4238=ORIENTED_EDGE('',*,*,#2967,.F.);
#4239=ORIENTED_EDGE('',*,*,#2980,.T.);
#4240=ORIENTED_EDGE('',*,*,#2981,.T.);
#4241=ORIENTED_EDGE('',*,*,#2982,.F.);
#4242=ORIENTED_EDGE('',*,*,#2965,.F.);
#4243=ORIENTED_EDGE('',*,*,#2982,.T.);
#4244=ORIENTED_EDGE('',*,*,#2983,.F.);
#4245=ORIENTED_EDGE('',*,*,#2984,.F.);
#4246=ORIENTED_EDGE('',*,*,#2963,.F.);
#4247=ORIENTED_EDGE('',*,*,#2984,.T.);
#4248=ORIENTED_EDGE('',*,*,#2985,.F.);
#4249=ORIENTED_EDGE('',*,*,#2974,.F.);
#4250=ORIENTED_EDGE('',*,*,#2979,.T.);
#4251=ORIENTED_EDGE('',*,*,#2977,.T.);
#4252=ORIENTED_EDGE('',*,*,#2986,.T.);
#4253=ORIENTED_EDGE('',*,*,#2987,.T.);
#4254=ORIENTED_EDGE('',*,*,#2988,.T.);
#4255=ORIENTED_EDGE('',*,*,#2989,.F.);
#4256=ORIENTED_EDGE('',*,*,#2990,.T.);
#4257=ORIENTED_EDGE('',*,*,#2991,.F.);
#4258=ORIENTED_EDGE('',*,*,#2992,.F.);
#4259=ORIENTED_EDGE('',*,*,#2993,.F.);
#4260=ORIENTED_EDGE('',*,*,#2992,.T.);
#4261=ORIENTED_EDGE('',*,*,#2994,.F.);
#4262=ORIENTED_EDGE('',*,*,#2981,.F.);
#4263=ORIENTED_EDGE('',*,*,#2988,.F.);
#4264=ORIENTED_EDGE('',*,*,#2995,.F.);
#4265=ORIENTED_EDGE('',*,*,#2996,.F.);
#4266=ORIENTED_EDGE('',*,*,#2995,.T.);
#4267=ORIENTED_EDGE('',*,*,#2987,.F.);
#4268=ORIENTED_EDGE('',*,*,#2997,.F.);
#4269=ORIENTED_EDGE('',*,*,#2998,.F.);
#4270=ORIENTED_EDGE('',*,*,#2997,.T.);
#4271=ORIENTED_EDGE('',*,*,#2986,.F.);
#4272=ORIENTED_EDGE('',*,*,#2975,.F.);
#4273=ORIENTED_EDGE('',*,*,#2999,.F.);
#4274=ORIENTED_EDGE('',*,*,#2990,.F.);
#4275=ORIENTED_EDGE('',*,*,#2983,.T.);
#4276=ORIENTED_EDGE('',*,*,#2994,.T.);
#4277=ORIENTED_EDGE('',*,*,#2991,.T.);
#4278=ORIENTED_EDGE('',*,*,#2999,.T.);
#4279=ORIENTED_EDGE('',*,*,#2985,.T.);
#4280=ORIENTED_EDGE('',*,*,#2998,.T.);
#4281=ORIENTED_EDGE('',*,*,#2989,.T.);
#4282=ORIENTED_EDGE('',*,*,#2993,.T.);
#4283=ORIENTED_EDGE('',*,*,#2996,.T.);
#4284=PLANE('',#4878);
#4285=PLANE('',#4879);
#4286=PLANE('',#4880);
#4287=PLANE('',#4881);
#4288=PLANE('',#4882);
#4289=PLANE('',#4883);
#4290=PLANE('',#4884);
#4291=PLANE('',#4885);
#4292=PLANE('',#4886);
#4293=PLANE('',#4887);
#4294=PLANE('',#4891);
#4295=PLANE('',#4892);
#4296=PLANE('',#4893);
#4297=PLANE('',#4894);
#4298=PLANE('',#4895);
#4299=PLANE('',#4896);
#4300=PLANE('',#4897);
#4301=PLANE('',#4898);
#4302=PLANE('',#4899);
#4303=PLANE('',#4900);
#4304=PLANE('',#4901);
#4305=PLANE('',#4902);
#4306=PLANE('',#4903);
#4307=PLANE('',#4904);
#4308=PLANE('',#4908);
#4309=PLANE('',#4909);
#4310=PLANE('',#4910);
#4311=PLANE('',#4911);
#4312=PLANE('',#4912);
#4313=PLANE('',#4913);
#4314=PLANE('',#4914);
#4315=PLANE('',#4915);
#4316=PLANE('',#4916);
#4317=PLANE('',#4917);
#4318=PLANE('',#4918);
#4319=PLANE('',#4919);
#4320=PLANE('',#4920);
#4321=PLANE('',#4921);
#4322=PLANE('',#4922);
#4323=PLANE('',#4923);
#4324=PLANE('',#4924);
#4325=PLANE('',#4925);
#4326=PLANE('',#4926);
#4327=PLANE('',#4927);
#4328=PLANE('',#4928);
#4329=PLANE('',#4929);
#4330=PLANE('',#4930);
#4331=PLANE('',#4931);
#4332=PLANE('',#4932);
#4333=PLANE('',#4933);
#4334=PLANE('',#4934);
#4335=PLANE('',#4935);
#4336=PLANE('',#4936);
#4337=PLANE('',#4937);
#4338=PLANE('',#4938);
#4339=PLANE('',#4939);
#4340=PLANE('',#4940);
#4341=PLANE('',#4941);
#4342=PLANE('',#4942);
#4343=PLANE('',#4943);
#4344=PLANE('',#4944);
#4345=PLANE('',#4945);
#4346=PLANE('',#4946);
#4347=PLANE('',#4947);
#4348=PLANE('',#4948);
#4349=PLANE('',#4949);
#4350=PLANE('',#4950);
#4351=PLANE('',#4951);
#4352=PLANE('',#4952);
#4353=PLANE('',#4953);
#4354=PLANE('',#4954);
#4355=PLANE('',#4955);
#4356=PLANE('',#4956);
#4357=PLANE('',#4957);
#4358=PLANE('',#4958);
#4359=PLANE('',#4959);
#4360=PLANE('',#4960);
#4361=PLANE('',#4961);
#4362=PLANE('',#4962);
#4363=PLANE('',#4963);
#4364=PLANE('',#4964);
#4365=PLANE('',#4965);
#4366=PLANE('',#4966);
#4367=PLANE('',#4967);
#4368=PLANE('',#4968);
#4369=PLANE('',#4969);
#4370=PLANE('',#4970);
#4371=PLANE('',#4971);
#4372=PLANE('',#4972);
#4373=PLANE('',#4973);
#4374=PLANE('',#4974);
#4375=PLANE('',#4975);
#4376=PLANE('',#4976);
#4377=PLANE('',#4977);
#4378=PLANE('',#4978);
#4379=PLANE('',#4979);
#4380=PLANE('',#4980);
#4381=PLANE('',#4981);
#4382=PLANE('',#4982);
#4383=PLANE('',#4983);
#4384=PLANE('',#4984);
#4385=PLANE('',#4985);
#4386=PLANE('',#4986);
#4387=PLANE('',#4987);
#4388=PLANE('',#4988);
#4389=PLANE('',#4989);
#4390=PLANE('',#4990);
#4391=PLANE('',#4991);
#4392=PLANE('',#4992);
#4393=PLANE('',#4993);
#4394=PLANE('',#4994);
#4395=PLANE('',#4995);
#4396=PLANE('',#4996);
#4397=PLANE('',#4997);
#4398=PLANE('',#4998);
#4399=PLANE('',#4999);
#4400=PLANE('',#5000);
#4401=PLANE('',#5001);
#4402=PLANE('',#5002);
#4403=PLANE('',#5003);
#4404=PLANE('',#5004);
#4405=PLANE('',#5005);
#4406=PLANE('',#5006);
#4407=PLANE('',#5007);
#4408=PLANE('',#5008);
#4409=PLANE('',#5009);
#4410=PLANE('',#5010);
#4411=PLANE('',#5011);
#4412=PLANE('',#5012);
#4413=PLANE('',#5013);
#4414=PLANE('',#5014);
#4415=PLANE('',#5015);
#4416=PLANE('',#5016);
#4417=PLANE('',#5017);
#4418=PLANE('',#5018);
#4419=PLANE('',#5019);
#4420=PLANE('',#5020);
#4421=PLANE('',#5021);
#4422=PLANE('',#5022);
#4423=PLANE('',#5023);
#4424=PLANE('',#5024);
#4425=PLANE('',#5025);
#4426=PLANE('',#5026);
#4427=PLANE('',#5027);
#4428=PLANE('',#5028);
#4429=PLANE('',#5032);
#4430=PLANE('',#5033);
#4431=PLANE('',#5034);
#4432=PLANE('',#5035);
#4433=PLANE('',#5036);
#4434=PLANE('',#5037);
#4435=PLANE('',#5038);
#4436=PLANE('',#5039);
#4437=PLANE('',#5040);
#4438=PLANE('',#5041);
#4439=PLANE('',#5042);
#4440=PLANE('',#5043);
#4441=PLANE('',#5044);
#4442=PLANE('',#5045);
#4443=PLANE('',#5046);
#4444=PLANE('',#5047);
#4445=PLANE('',#5048);
#4446=PLANE('',#5049);
#4447=PLANE('',#5050);
#4448=PLANE('',#5051);
#4449=PLANE('',#5052);
#4450=PLANE('',#5053);
#4451=PLANE('',#5054);
#4452=PLANE('',#5055);
#4453=PLANE('',#5056);
#4454=PLANE('',#5057);
#4455=PLANE('',#5058);
#4456=PLANE('',#5059);
#4457=PLANE('',#5060);
#4458=PLANE('',#5061);
#4459=PLANE('',#5062);
#4460=PLANE('',#5063);
#4461=PLANE('',#5064);
#4462=PLANE('',#5065);
#4463=PLANE('',#5066);
#4464=PLANE('',#5067);
#4465=PLANE('',#5068);
#4466=PLANE('',#5069);
#4467=PLANE('',#5070);
#4468=PLANE('',#5071);
#4469=PLANE('',#5072);
#4470=PLANE('',#5073);
#4471=PLANE('',#5074);
#4472=PLANE('',#5075);
#4473=PLANE('',#5076);
#4474=PLANE('',#5077);
#4475=PLANE('',#5078);
#4476=PLANE('',#5079);
#4477=PLANE('',#5080);
#4478=PLANE('',#5081);
#4479=PLANE('',#5082);
#4480=PLANE('',#5083);
#4481=PLANE('',#5084);
#4482=PLANE('',#5085);
#4483=PLANE('',#5086);
#4484=PLANE('',#5087);
#4485=PLANE('',#5088);
#4486=PLANE('',#5089);
#4487=PLANE('',#5090);
#4488=PLANE('',#5091);
#4489=PLANE('',#5092);
#4490=PLANE('',#5093);
#4491=PLANE('',#5094);
#4492=PLANE('',#5095);
#4493=PLANE('',#5096);
#4494=PLANE('',#5097);
#4495=PLANE('',#5098);
#4496=PLANE('',#5099);
#4497=PLANE('',#5100);
#4498=PLANE('',#5101);
#4499=PLANE('',#5102);
#4500=PLANE('',#5103);
#4501=PLANE('',#5104);
#4502=PLANE('',#5105);
#4503=PLANE('',#5106);
#4504=PLANE('',#5107);
#4505=PLANE('',#5108);
#4506=PLANE('',#5109);
#4507=PLANE('',#5110);
#4508=PLANE('',#5111);
#4509=PLANE('',#5112);
#4510=PLANE('',#5113);
#4511=PLANE('',#5114);
#4512=PLANE('',#5115);
#4513=PLANE('',#5116);
#4514=PLANE('',#5117);
#4515=PLANE('',#5118);
#4516=PLANE('',#5119);
#4517=PLANE('',#5120);
#4518=PLANE('',#5121);
#4519=PLANE('',#5122);
#4520=PLANE('',#5123);
#4521=PLANE('',#5124);
#4522=PLANE('',#5125);
#4523=PLANE('',#5126);
#4524=PLANE('',#5127);
#4525=PLANE('',#5128);
#4526=PLANE('',#5129);
#4527=PLANE('',#5130);
#4528=PLANE('',#5131);
#4529=PLANE('',#5132);
#4530=PLANE('',#5133);
#4531=PLANE('',#5134);
#4532=PLANE('',#5135);
#4533=PLANE('',#5136);
#4534=PLANE('',#5137);
#4535=PLANE('',#5138);
#4536=PLANE('',#5139);
#4537=PLANE('',#5140);
#4538=PLANE('',#5141);
#4539=ADVANCED_FACE('',(#158),#4284,.T.);
#4540=ADVANCED_FACE('',(#159),#4285,.T.);
#4541=ADVANCED_FACE('',(#160),#4286,.T.);
#4542=ADVANCED_FACE('',(#161),#4287,.T.);
#4543=ADVANCED_FACE('',(#162),#4288,.T.);
#4544=ADVANCED_FACE('',(#163),#4289,.F.);
#4545=ADVANCED_FACE('',(#164),#4290,.T.);
#4546=ADVANCED_FACE('',(#165),#4291,.T.);
#4547=ADVANCED_FACE('',(#166),#4292,.T.);
#4548=ADVANCED_FACE('',(#167),#4293,.T.);
#4549=ADVANCED_FACE('',(#168),#91,.T.);
#4550=ADVANCED_FACE('',(#169),#4294,.T.);
#4551=ADVANCED_FACE('',(#170),#4295,.T.);
#4552=ADVANCED_FACE('',(#171),#4296,.T.);
#4553=ADVANCED_FACE('',(#172),#4297,.F.);
#4554=ADVANCED_FACE('',(#173),#4298,.T.);
#4555=ADVANCED_FACE('',(#174),#4299,.T.);
#4556=ADVANCED_FACE('',(#175),#4300,.T.);
#4557=ADVANCED_FACE('',(#176),#4301,.T.);
#4558=ADVANCED_FACE('',(#177),#4302,.T.);
#4559=ADVANCED_FACE('',(#178),#4303,.F.);
#4560=ADVANCED_FACE('',(#179),#4304,.T.);
#4561=ADVANCED_FACE('',(#180),#4305,.T.);
#4562=ADVANCED_FACE('',(#181),#4306,.T.);
#4563=ADVANCED_FACE('',(#182),#4307,.T.);
#4564=ADVANCED_FACE('',(#183),#92,.T.);
#4565=ADVANCED_FACE('',(#184),#4308,.T.);
#4566=ADVANCED_FACE('',(#185),#4309,.T.);
#4567=ADVANCED_FACE('',(#186),#4310,.T.);
#4568=ADVANCED_FACE('',(#187),#4311,.F.);
#4569=ADVANCED_FACE('',(#188),#4312,.T.);
#4570=ADVANCED_FACE('',(#189),#4313,.T.);
#4571=ADVANCED_FACE('',(#190),#4314,.T.);
#4572=ADVANCED_FACE('',(#191),#4315,.T.);
#4573=ADVANCED_FACE('',(#192),#4316,.T.);
#4574=ADVANCED_FACE('',(#193),#4317,.F.);
#4575=ADVANCED_FACE('',(#194),#49,.T.);
#4576=ADVANCED_FACE('',(#195),#4318,.T.);
#4577=ADVANCED_FACE('',(#196),#4319,.T.);
#4578=ADVANCED_FACE('',(#197),#4320,.T.);
#4579=ADVANCED_FACE('',(#198),#50,.T.);
#4580=ADVANCED_FACE('',(#199),#4321,.T.);
#4581=ADVANCED_FACE('',(#200),#4322,.T.);
#4582=ADVANCED_FACE('',(#201),#4323,.T.);
#4583=ADVANCED_FACE('',(#202),#51,.T.);
#4584=ADVANCED_FACE('',(#203),#4324,.T.);
#4585=ADVANCED_FACE('',(#204),#4325,.T.);
#4586=ADVANCED_FACE('',(#205),#52,.T.);
#4587=ADVANCED_FACE('',(#206),#4326,.T.);
#4588=ADVANCED_FACE('',(#207),#4327,.T.);
#4589=ADVANCED_FACE('',(#208),#4328,.T.);
#4590=ADVANCED_FACE('',(#209),#53,.T.);
#4591=ADVANCED_FACE('',(#210),#4329,.T.);
#4592=ADVANCED_FACE('',(#211),#4330,.T.);
#4593=ADVANCED_FACE('',(#212),#54,.T.);
#4594=ADVANCED_FACE('',(#213),#55,.F.);
#4595=ADVANCED_FACE('',(#214),#56,.F.);
#4596=ADVANCED_FACE('',(#215),#57,.F.);
#4597=ADVANCED_FACE('',(#216),#58,.F.);
#4598=ADVANCED_FACE('',(#217),#59,.F.);
#4599=ADVANCED_FACE('',(#218),#60,.F.);
#4600=ADVANCED_FACE('',(#219),#4331,.T.);
#4601=ADVANCED_FACE('',(#220),#4332,.T.);
#4602=ADVANCED_FACE('',(#221),#4333,.T.);
#4603=ADVANCED_FACE('',(#222),#4334,.T.);
#4604=ADVANCED_FACE('',(#223),#4335,.T.);
#4605=ADVANCED_FACE('',(#224),#4336,.T.);
#4606=ADVANCED_FACE('',(#225),#4337,.F.);
#4607=ADVANCED_FACE('',(#226),#4338,.T.);
#4608=ADVANCED_FACE('',(#227),#4339,.T.);
#4609=ADVANCED_FACE('',(#228),#4340,.T.);
#4610=ADVANCED_FACE('',(#229),#4341,.T.);
#4611=ADVANCED_FACE('',(#230),#4342,.T.);
#4612=ADVANCED_FACE('',(#231),#4343,.T.);
#4613=ADVANCED_FACE('',(#232),#4344,.T.);
#4614=ADVANCED_FACE('',(#233),#4345,.T.);
#4615=ADVANCED_FACE('',(#234),#4346,.T.);
#4616=ADVANCED_FACE('',(#235),#4347,.T.);
#4617=ADVANCED_FACE('',(#236),#4348,.T.);
#4618=ADVANCED_FACE('',(#237),#4349,.T.);
#4619=ADVANCED_FACE('',(#238),#4350,.T.);
#4620=ADVANCED_FACE('',(#239),#4351,.T.);
#4621=ADVANCED_FACE('',(#240),#4352,.T.);
#4622=ADVANCED_FACE('',(#241),#4353,.T.);
#4623=ADVANCED_FACE('',(#242),#4354,.T.);
#4624=ADVANCED_FACE('',(#243),#4355,.T.);
#4625=ADVANCED_FACE('',(#244),#4356,.T.);
#4626=ADVANCED_FACE('',(#245),#4357,.T.);
#4627=ADVANCED_FACE('',(#246),#4358,.F.);
#4628=ADVANCED_FACE('',(#247),#4359,.T.);
#4629=ADVANCED_FACE('',(#248),#4360,.T.);
#4630=ADVANCED_FACE('',(#249),#4361,.T.);
#4631=ADVANCED_FACE('',(#250),#4362,.T.);
#4632=ADVANCED_FACE('',(#251),#4363,.T.);
#4633=ADVANCED_FACE('',(#252),#4364,.F.);
#4634=ADVANCED_FACE('',(#253),#4365,.T.);
#4635=ADVANCED_FACE('',(#254),#4366,.T.);
#4636=ADVANCED_FACE('',(#255),#4367,.T.);
#4637=ADVANCED_FACE('',(#256),#4368,.T.);
#4638=ADVANCED_FACE('',(#257),#4369,.T.);
#4639=ADVANCED_FACE('',(#258),#4370,.F.);
#4640=ADVANCED_FACE('',(#259),#4371,.T.);
#4641=ADVANCED_FACE('',(#260),#4372,.T.);
#4642=ADVANCED_FACE('',(#261),#4373,.T.);
#4643=ADVANCED_FACE('',(#262),#4374,.T.);
#4644=ADVANCED_FACE('',(#263),#4375,.T.);
#4645=ADVANCED_FACE('',(#264),#4376,.F.);
#4646=ADVANCED_FACE('',(#265),#4377,.T.);
#4647=ADVANCED_FACE('',(#266),#4378,.T.);
#4648=ADVANCED_FACE('',(#267),#4379,.T.);
#4649=ADVANCED_FACE('',(#268),#4380,.T.);
#4650=ADVANCED_FACE('',(#269),#4381,.T.);
#4651=ADVANCED_FACE('',(#270),#4382,.F.);
#4652=ADVANCED_FACE('',(#271),#4383,.T.);
#4653=ADVANCED_FACE('',(#272),#4384,.T.);
#4654=ADVANCED_FACE('',(#273),#4385,.T.);
#4655=ADVANCED_FACE('',(#274),#4386,.T.);
#4656=ADVANCED_FACE('',(#275),#4387,.T.);
#4657=ADVANCED_FACE('',(#276),#4388,.F.);
#4658=ADVANCED_FACE('',(#277),#4389,.T.);
#4659=ADVANCED_FACE('',(#278),#4390,.T.);
#4660=ADVANCED_FACE('',(#279),#4391,.T.);
#4661=ADVANCED_FACE('',(#280),#4392,.T.);
#4662=ADVANCED_FACE('',(#281),#4393,.T.);
#4663=ADVANCED_FACE('',(#282),#4394,.F.);
#4664=ADVANCED_FACE('',(#283),#4395,.T.);
#4665=ADVANCED_FACE('',(#284),#4396,.T.);
#4666=ADVANCED_FACE('',(#285),#4397,.T.);
#4667=ADVANCED_FACE('',(#286),#4398,.T.);
#4668=ADVANCED_FACE('',(#287),#4399,.T.);
#4669=ADVANCED_FACE('',(#288),#4400,.F.);
#4670=ADVANCED_FACE('',(#289),#4401,.T.);
#4671=ADVANCED_FACE('',(#290),#4402,.T.);
#4672=ADVANCED_FACE('',(#291),#4403,.T.);
#4673=ADVANCED_FACE('',(#292),#4404,.T.);
#4674=ADVANCED_FACE('',(#293),#4405,.T.);
#4675=ADVANCED_FACE('',(#294),#4406,.F.);
#4676=ADVANCED_FACE('',(#295),#4407,.T.);
#4677=ADVANCED_FACE('',(#296),#4408,.T.);
#4678=ADVANCED_FACE('',(#297),#4409,.T.);
#4679=ADVANCED_FACE('',(#298),#4410,.T.);
#4680=ADVANCED_FACE('',(#299),#4411,.T.);
#4681=ADVANCED_FACE('',(#300),#4412,.F.);
#4682=ADVANCED_FACE('',(#301),#4413,.T.);
#4683=ADVANCED_FACE('',(#302),#4414,.T.);
#4684=ADVANCED_FACE('',(#303),#4415,.T.);
#4685=ADVANCED_FACE('',(#304),#4416,.T.);
#4686=ADVANCED_FACE('',(#305),#4417,.T.);
#4687=ADVANCED_FACE('',(#306),#4418,.F.);
#4688=ADVANCED_FACE('',(#307),#4419,.T.);
#4689=ADVANCED_FACE('',(#308),#4420,.T.);
#4690=ADVANCED_FACE('',(#309),#4421,.T.);
#4691=ADVANCED_FACE('',(#310),#4422,.T.);
#4692=ADVANCED_FACE('',(#311),#4423,.T.);
#4693=ADVANCED_FACE('',(#312),#4424,.F.);
#4694=ADVANCED_FACE('',(#313),#4425,.T.);
#4695=ADVANCED_FACE('',(#314),#4426,.T.);
#4696=ADVANCED_FACE('',(#315),#4427,.T.);
#4697=ADVANCED_FACE('',(#316),#4428,.T.);
#4698=ADVANCED_FACE('',(#317),#93,.T.);
#4699=ADVANCED_FACE('',(#318),#4429,.T.);
#4700=ADVANCED_FACE('',(#319),#4430,.T.);
#4701=ADVANCED_FACE('',(#320),#4431,.T.);
#4702=ADVANCED_FACE('',(#321),#4432,.F.);
#4703=ADVANCED_FACE('',(#322),#4433,.T.);
#4704=ADVANCED_FACE('',(#323),#4434,.T.);
#4705=ADVANCED_FACE('',(#324),#4435,.T.);
#4706=ADVANCED_FACE('',(#325),#4436,.T.);
#4707=ADVANCED_FACE('',(#326),#4437,.T.);
#4708=ADVANCED_FACE('',(#327),#4438,.F.);
#4709=ADVANCED_FACE('',(#328),#4439,.T.);
#4710=ADVANCED_FACE('',(#329),#4440,.T.);
#4711=ADVANCED_FACE('',(#330),#4441,.T.);
#4712=ADVANCED_FACE('',(#331),#4442,.T.);
#4713=ADVANCED_FACE('',(#332),#4443,.T.);
#4714=ADVANCED_FACE('',(#333),#4444,.F.);
#4715=ADVANCED_FACE('',(#334),#4445,.T.);
#4716=ADVANCED_FACE('',(#335),#4446,.T.);
#4717=ADVANCED_FACE('',(#336),#4447,.T.);
#4718=ADVANCED_FACE('',(#337),#4448,.T.);
#4719=ADVANCED_FACE('',(#338),#4449,.T.);
#4720=ADVANCED_FACE('',(#339),#4450,.F.);
#4721=ADVANCED_FACE('',(#340),#4451,.T.);
#4722=ADVANCED_FACE('',(#341),#4452,.T.);
#4723=ADVANCED_FACE('',(#342),#4453,.T.);
#4724=ADVANCED_FACE('',(#343),#4454,.T.);
#4725=ADVANCED_FACE('',(#344),#4455,.T.);
#4726=ADVANCED_FACE('',(#345),#4456,.F.);
#4727=ADVANCED_FACE('',(#346),#4457,.T.);
#4728=ADVANCED_FACE('',(#347),#4458,.T.);
#4729=ADVANCED_FACE('',(#348),#4459,.T.);
#4730=ADVANCED_FACE('',(#349),#4460,.T.);
#4731=ADVANCED_FACE('',(#350),#4461,.T.);
#4732=ADVANCED_FACE('',(#351),#4462,.F.);
#4733=ADVANCED_FACE('',(#352),#4463,.T.);
#4734=ADVANCED_FACE('',(#353),#4464,.T.);
#4735=ADVANCED_FACE('',(#354),#4465,.T.);
#4736=ADVANCED_FACE('',(#355),#4466,.T.);
#4737=ADVANCED_FACE('',(#356),#4467,.T.);
#4738=ADVANCED_FACE('',(#357),#4468,.F.);
#4739=ADVANCED_FACE('',(#358),#4469,.T.);
#4740=ADVANCED_FACE('',(#359),#4470,.T.);
#4741=ADVANCED_FACE('',(#360),#4471,.T.);
#4742=ADVANCED_FACE('',(#361),#4472,.T.);
#4743=ADVANCED_FACE('',(#362),#4473,.T.);
#4744=ADVANCED_FACE('',(#363),#4474,.F.);
#4745=ADVANCED_FACE('',(#364),#4475,.T.);
#4746=ADVANCED_FACE('',(#365),#4476,.T.);
#4747=ADVANCED_FACE('',(#366),#4477,.T.);
#4748=ADVANCED_FACE('',(#367),#4478,.T.);
#4749=ADVANCED_FACE('',(#368),#4479,.T.);
#4750=ADVANCED_FACE('',(#369),#4480,.F.);
#4751=ADVANCED_FACE('',(#370),#4481,.T.);
#4752=ADVANCED_FACE('',(#371),#4482,.T.);
#4753=ADVANCED_FACE('',(#372),#4483,.T.);
#4754=ADVANCED_FACE('',(#373),#4484,.T.);
#4755=ADVANCED_FACE('',(#374),#4485,.T.);
#4756=ADVANCED_FACE('',(#375),#4486,.F.);
#4757=ADVANCED_FACE('',(#376),#4487,.T.);
#4758=ADVANCED_FACE('',(#377),#4488,.T.);
#4759=ADVANCED_FACE('',(#378),#4489,.T.);
#4760=ADVANCED_FACE('',(#379),#4490,.T.);
#4761=ADVANCED_FACE('',(#380),#4491,.T.);
#4762=ADVANCED_FACE('',(#381),#4492,.F.);
#4763=ADVANCED_FACE('',(#382),#4493,.T.);
#4764=ADVANCED_FACE('',(#383),#4494,.T.);
#4765=ADVANCED_FACE('',(#384),#4495,.T.);
#4766=ADVANCED_FACE('',(#385),#4496,.T.);
#4767=ADVANCED_FACE('',(#386),#4497,.T.);
#4768=ADVANCED_FACE('',(#387),#4498,.F.);
#4769=ADVANCED_FACE('',(#388),#61,.T.);
#4770=ADVANCED_FACE('',(#389),#4499,.T.);
#4771=ADVANCED_FACE('',(#390),#4500,.T.);
#4772=ADVANCED_FACE('',(#391),#4501,.T.);
#4773=ADVANCED_FACE('',(#392),#62,.T.);
#4774=ADVANCED_FACE('',(#393),#4502,.T.);
#4775=ADVANCED_FACE('',(#394),#4503,.T.);
#4776=ADVANCED_FACE('',(#395),#4504,.T.);
#4777=ADVANCED_FACE('',(#396),#63,.T.);
#4778=ADVANCED_FACE('',(#397),#4505,.T.);
#4779=ADVANCED_FACE('',(#398),#4506,.T.);
#4780=ADVANCED_FACE('',(#399),#64,.T.);
#4781=ADVANCED_FACE('',(#400),#4507,.T.);
#4782=ADVANCED_FACE('',(#401),#4508,.T.);
#4783=ADVANCED_FACE('',(#402),#4509,.T.);
#4784=ADVANCED_FACE('',(#403),#65,.T.);
#4785=ADVANCED_FACE('',(#404),#4510,.T.);
#4786=ADVANCED_FACE('',(#405),#4511,.T.);
#4787=ADVANCED_FACE('',(#406),#66,.T.);
#4788=ADVANCED_FACE('',(#407),#67,.F.);
#4789=ADVANCED_FACE('',(#408),#68,.F.);
#4790=ADVANCED_FACE('',(#409),#69,.F.);
#4791=ADVANCED_FACE('',(#410),#70,.F.);
#4792=ADVANCED_FACE('',(#411),#71,.F.);
#4793=ADVANCED_FACE('',(#412),#72,.F.);
#4794=ADVANCED_FACE('',(#413),#4512,.T.);
#4795=ADVANCED_FACE('',(#414),#4513,.T.);
#4796=ADVANCED_FACE('',(#415),#4514,.T.);
#4797=ADVANCED_FACE('',(#416),#4515,.T.);
#4798=ADVANCED_FACE('',(#417),#4516,.T.);
#4799=ADVANCED_FACE('',(#418),#4517,.T.);
#4800=ADVANCED_FACE('',(#419),#4518,.F.);
#4801=ADVANCED_FACE('',(#420),#73,.T.);
#4802=ADVANCED_FACE('',(#421),#4519,.T.);
#4803=ADVANCED_FACE('',(#422),#4520,.T.);
#4804=ADVANCED_FACE('',(#423),#4521,.T.);
#4805=ADVANCED_FACE('',(#424),#74,.T.);
#4806=ADVANCED_FACE('',(#425),#4522,.T.);
#4807=ADVANCED_FACE('',(#426),#4523,.T.);
#4808=ADVANCED_FACE('',(#427),#4524,.T.);
#4809=ADVANCED_FACE('',(#428),#75,.T.);
#4810=ADVANCED_FACE('',(#429),#4525,.T.);
#4811=ADVANCED_FACE('',(#430),#4526,.T.);
#4812=ADVANCED_FACE('',(#431),#76,.T.);
#4813=ADVANCED_FACE('',(#432),#4527,.T.);
#4814=ADVANCED_FACE('',(#433),#4528,.T.);
#4815=ADVANCED_FACE('',(#434),#4529,.T.);
#4816=ADVANCED_FACE('',(#435),#77,.T.);
#4817=ADVANCED_FACE('',(#436),#4530,.T.);
#4818=ADVANCED_FACE('',(#437),#4531,.T.);
#4819=ADVANCED_FACE('',(#438),#78,.T.);
#4820=ADVANCED_FACE('',(#439),#79,.F.);
#4821=ADVANCED_FACE('',(#440),#80,.F.);
#4822=ADVANCED_FACE('',(#441),#81,.F.);
#4823=ADVANCED_FACE('',(#442),#82,.F.);
#4824=ADVANCED_FACE('',(#443),#83,.F.);
#4825=ADVANCED_FACE('',(#444),#84,.F.);
#4826=ADVANCED_FACE('',(#445),#4532,.T.);
#4827=ADVANCED_FACE('',(#446),#4533,.T.);
#4828=ADVANCED_FACE('',(#447),#4534,.T.);
#4829=ADVANCED_FACE('',(#448),#4535,.T.);
#4830=ADVANCED_FACE('',(#449),#4536,.T.);
#4831=ADVANCED_FACE('',(#450),#4537,.T.);
#4832=ADVANCED_FACE('',(#451),#4538,.F.);
#4833=CLOSED_SHELL('',(#4539,#4540,#4541,#4542,#4543,#4544));
#4834=CLOSED_SHELL('',(#4545,#4546,#4547,#4548,#4549,#4550,#4551,#4552,
#4553));
#4835=CLOSED_SHELL('',(#4554,#4555,#4556,#4557,#4558,#4559));
#4836=CLOSED_SHELL('',(#4560,#4561,#4562,#4563,#4564,#4565,#4566,#4567,
#4568));
#4837=CLOSED_SHELL('',(#4569,#4570,#4571,#4572,#4573,#4574));
#4838=CLOSED_SHELL('',(#4575,#4576,#4577,#4578,#4579,#4580,#4581,#4582,
#4583,#4584,#4585,#4586,#4587,#4588,#4589,#4590,#4591,#4592,#4593,#4594,
#4595,#4596,#4597,#4598,#4599,#4600,#4601,#4602,#4603,#4604,#4605,#4606));
#4839=CLOSED_SHELL('',(#4607,#4608,#4609,#4610,#4611,#4612,#4613,#4614,
#4615,#4616,#4617,#4618,#4619,#4620,#4621,#4622,#4623,#4624,#4625,#4626,
#4627));
#4840=CLOSED_SHELL('',(#4628,#4629,#4630,#4631,#4632,#4633));
#4841=CLOSED_SHELL('',(#4634,#4635,#4636,#4637,#4638,#4639));
#4842=CLOSED_SHELL('',(#4640,#4641,#4642,#4643,#4644,#4645));
#4843=CLOSED_SHELL('',(#4646,#4647,#4648,#4649,#4650,#4651));
#4844=CLOSED_SHELL('',(#4652,#4653,#4654,#4655,#4656,#4657));
#4845=CLOSED_SHELL('',(#4658,#4659,#4660,#4661,#4662,#4663));
#4846=CLOSED_SHELL('',(#4664,#4665,#4666,#4667,#4668,#4669));
#4847=CLOSED_SHELL('',(#4670,#4671,#4672,#4673,#4674,#4675));
#4848=CLOSED_SHELL('',(#4676,#4677,#4678,#4679,#4680,#4681));
#4849=CLOSED_SHELL('',(#4682,#4683,#4684,#4685,#4686,#4687));
#4850=CLOSED_SHELL('',(#4688,#4689,#4690,#4691,#4692,#4693));
#4851=CLOSED_SHELL('',(#4694,#4695,#4696,#4697,#4698,#4699,#4700,#4701,
#4702));
#4852=CLOSED_SHELL('',(#4703,#4704,#4705,#4706,#4707,#4708));
#4853=CLOSED_SHELL('',(#4709,#4710,#4711,#4712,#4713,#4714));
#4854=CLOSED_SHELL('',(#4715,#4716,#4717,#4718,#4719,#4720));
#4855=CLOSED_SHELL('',(#4721,#4722,#4723,#4724,#4725,#4726));
#4856=CLOSED_SHELL('',(#4727,#4728,#4729,#4730,#4731,#4732));
#4857=CLOSED_SHELL('',(#4733,#4734,#4735,#4736,#4737,#4738));
#4858=CLOSED_SHELL('',(#4739,#4740,#4741,#4742,#4743,#4744));
#4859=CLOSED_SHELL('',(#4745,#4746,#4747,#4748,#4749,#4750));
#4860=CLOSED_SHELL('',(#4751,#4752,#4753,#4754,#4755,#4756));
#4861=CLOSED_SHELL('',(#4757,#4758,#4759,#4760,#4761,#4762));
#4862=CLOSED_SHELL('',(#4763,#4764,#4765,#4766,#4767,#4768));
#4863=CLOSED_SHELL('',(#4769,#4770,#4771,#4772,#4773,#4774,#4775,#4776,
#4777,#4778,#4779,#4780,#4781,#4782,#4783,#4784,#4785,#4786,#4787,#4788,
#4789,#4790,#4791,#4792,#4793,#4794,#4795,#4796,#4797,#4798,#4799,#4800));
#4864=CLOSED_SHELL('',(#4801,#4802,#4803,#4804,#4805,#4806,#4807,#4808,
#4809,#4810,#4811,#4812,#4813,#4814,#4815,#4816,#4817,#4818,#4819,#4820,
#4821,#4822,#4823,#4824,#4825,#4826,#4827,#4828,#4829,#4830,#4831,#4832));
#4865=DERIVED_UNIT_ELEMENT(#4867,1.);
#4866=DERIVED_UNIT_ELEMENT(#8895,-3.);
#4867=(
MASS_UNIT()
NAMED_UNIT(*)
SI_UNIT(.KILO.,.GRAM.)
);
#4868=DERIVED_UNIT((#4865,#4866));
#4869=MEASURE_REPRESENTATION_ITEM('density measure',
POSITIVE_RATIO_MEASURE(7850.),#4868);
#4870=PROPERTY_DEFINITION_REPRESENTATION(#4875,#4872);
#4871=PROPERTY_DEFINITION_REPRESENTATION(#4876,#4873);
#4872=REPRESENTATION('material name',(#4874),#8892);
#4873=REPRESENTATION('density',(#4869),#8892);
#4874=DESCRIPTIVE_REPRESENTATION_ITEM('Steel','Steel');
#4875=PROPERTY_DEFINITION('material property','material name',#8902);
#4876=PROPERTY_DEFINITION('material property','density of part',#8902);
#4877=AXIS2_PLACEMENT_3D('',#6272,#5142,#5143);
#4878=AXIS2_PLACEMENT_3D('',#6273,#5144,#5145);
#4879=AXIS2_PLACEMENT_3D('',#6282,#5150,#5151);
#4880=AXIS2_PLACEMENT_3D('',#6288,#5155,#5156);
#4881=AXIS2_PLACEMENT_3D('',#6294,#5160,#5161);
#4882=AXIS2_PLACEMENT_3D('',#6297,#5164,#5165);
#4883=AXIS2_PLACEMENT_3D('',#6298,#5166,#5167);
#4884=AXIS2_PLACEMENT_3D('',#6299,#5168,#5169);
#4885=AXIS2_PLACEMENT_3D('',#6308,#5174,#5175);
#4886=AXIS2_PLACEMENT_3D('',#6314,#5179,#5180);
#4887=AXIS2_PLACEMENT_3D('',#6320,#5184,#5185);
#4888=AXIS2_PLACEMENT_3D('',#6326,#5189,#5190);
#4889=AXIS2_PLACEMENT_3D('',#6328,#5191,#5192);
#4890=AXIS2_PLACEMENT_3D('',#6330,#5193,#5194);
#4891=AXIS2_PLACEMENT_3D('',#6332,#5196,#5197);
#4892=AXIS2_PLACEMENT_3D('',#6338,#5201,#5202);
#4893=AXIS2_PLACEMENT_3D('',#6341,#5205,#5206);
#4894=AXIS2_PLACEMENT_3D('',#6342,#5207,#5208);
#4895=AXIS2_PLACEMENT_3D('',#6343,#5209,#5210);
#4896=AXIS2_PLACEMENT_3D('',#6352,#5215,#5216);
#4897=AXIS2_PLACEMENT_3D('',#6358,#5220,#5221);
#4898=AXIS2_PLACEMENT_3D('',#6364,#5225,#5226);
#4899=AXIS2_PLACEMENT_3D('',#6367,#5229,#5230);
#4900=AXIS2_PLACEMENT_3D('',#6368,#5231,#5232);
#4901=AXIS2_PLACEMENT_3D('',#6369,#5233,#5234);
#4902=AXIS2_PLACEMENT_3D('',#6378,#5239,#5240);
#4903=AXIS2_PLACEMENT_3D('',#6384,#5244,#5245);
#4904=AXIS2_PLACEMENT_3D('',#6390,#5249,#5250);
#4905=AXIS2_PLACEMENT_3D('',#6396,#5254,#5255);
#4906=AXIS2_PLACEMENT_3D('',#6398,#5256,#5257);
#4907=AXIS2_PLACEMENT_3D('',#6400,#5258,#5259);
#4908=AXIS2_PLACEMENT_3D('',#6402,#5261,#5262);
#4909=AXIS2_PLACEMENT_3D('',#6408,#5266,#5267);
#4910=AXIS2_PLACEMENT_3D('',#6411,#5270,#5271);
#4911=AXIS2_PLACEMENT_3D('',#6412,#5272,#5273);
#4912=AXIS2_PLACEMENT_3D('',#6413,#5274,#5275);
#4913=AXIS2_PLACEMENT_3D('',#6422,#5280,#5281);
#4914=AXIS2_PLACEMENT_3D('',#6428,#5285,#5286);
#4915=AXIS2_PLACEMENT_3D('',#6434,#5290,#5291);
#4916=AXIS2_PLACEMENT_3D('',#6437,#5294,#5295);
#4917=AXIS2_PLACEMENT_3D('',#6438,#5296,#5297);
#4918=AXIS2_PLACEMENT_3D('',#6524,#5300,#5301);
#4919=AXIS2_PLACEMENT_3D('',#6530,#5305,#5306);
#4920=AXIS2_PLACEMENT_3D('',#6536,#5310,#5311);
#4921=AXIS2_PLACEMENT_3D('',#6625,#5318,#5319);
#4922=AXIS2_PLACEMENT_3D('',#6628,#5322,#5323);
#4923=AXIS2_PLACEMENT_3D('',#6629,#5324,#5325);
#4924=AXIS2_PLACEMENT_3D('',#6675,#5330,#5331);
#4925=AXIS2_PLACEMENT_3D('',#6679,#5334,#5335);
#4926=AXIS2_PLACEMENT_3D('',#6747,#5343,#5344);
#4927=AXIS2_PLACEMENT_3D('',#6749,#5346,#5347);
#4928=AXIS2_PLACEMENT_3D('',#6755,#5351,#5352);
#4929=AXIS2_PLACEMENT_3D('',#6789,#5356,#5357);
#4930=AXIS2_PLACEMENT_3D('',#6793,#5360,#5361);
#4931=AXIS2_PLACEMENT_3D('',#6983,#5372,#5373);
#4932=AXIS2_PLACEMENT_3D('',#6989,#5377,#5378);
#4933=AXIS2_PLACEMENT_3D('',#6998,#5383,#5384);
#4934=AXIS2_PLACEMENT_3D('',#7003,#5388,#5389);
#4935=AXIS2_PLACEMENT_3D('',#7007,#5392,#5393);
#4936=AXIS2_PLACEMENT_3D('',#7010,#5396,#5397);
#4937=AXIS2_PLACEMENT_3D('',#7011,#5398,#5399);
#4938=AXIS2_PLACEMENT_3D('',#7012,#5400,#5401);
#4939=AXIS2_PLACEMENT_3D('',#7021,#5406,#5407);
#4940=AXIS2_PLACEMENT_3D('',#7030,#5412,#5413);
#4941=AXIS2_PLACEMENT_3D('',#7036,#5417,#5418);
#4942=AXIS2_PLACEMENT_3D('',#7042,#5422,#5423);
#4943=AXIS2_PLACEMENT_3D('',#7048,#5427,#5428);
#4944=AXIS2_PLACEMENT_3D('',#7054,#5432,#5433);
#4945=AXIS2_PLACEMENT_3D('',#7060,#5437,#5438);
#4946=AXIS2_PLACEMENT_3D('',#7066,#5442,#5443);
#4947=AXIS2_PLACEMENT_3D('',#7072,#5447,#5448);
#4948=AXIS2_PLACEMENT_3D('',#7078,#5452,#5453);
#4949=AXIS2_PLACEMENT_3D('',#7084,#5457,#5458);
#4950=AXIS2_PLACEMENT_3D('',#7090,#5462,#5463);
#4951=AXIS2_PLACEMENT_3D('',#7096,#5467,#5468);
#4952=AXIS2_PLACEMENT_3D('',#7099,#5471,#5472);
#4953=AXIS2_PLACEMENT_3D('',#7108,#5477,#5478);
#4954=AXIS2_PLACEMENT_3D('',#7114,#5482,#5483);
#4955=AXIS2_PLACEMENT_3D('',#7120,#5487,#5488);
#4956=AXIS2_PLACEMENT_3D('',#7123,#5491,#5492);
#4957=AXIS2_PLACEMENT_3D('',#7126,#5495,#5496);
#4958=AXIS2_PLACEMENT_3D('',#7127,#5497,#5498);
#4959=AXIS2_PLACEMENT_3D('',#7128,#5499,#5500);
#4960=AXIS2_PLACEMENT_3D('',#7137,#5505,#5506);
#4961=AXIS2_PLACEMENT_3D('',#7143,#5510,#5511);
#4962=AXIS2_PLACEMENT_3D('',#7149,#5515,#5516);
#4963=AXIS2_PLACEMENT_3D('',#7152,#5519,#5520);
#4964=AXIS2_PLACEMENT_3D('',#7153,#5521,#5522);
#4965=AXIS2_PLACEMENT_3D('',#7154,#5523,#5524);
#4966=AXIS2_PLACEMENT_3D('',#7163,#5529,#5530);
#4967=AXIS2_PLACEMENT_3D('',#7169,#5534,#5535);
#4968=AXIS2_PLACEMENT_3D('',#7175,#5539,#5540);
#4969=AXIS2_PLACEMENT_3D('',#7178,#5543,#5544);
#4970=AXIS2_PLACEMENT_3D('',#7179,#5545,#5546);
#4971=AXIS2_PLACEMENT_3D('',#7180,#5547,#5548);
#4972=AXIS2_PLACEMENT_3D('',#7189,#5553,#5554);
#4973=AXIS2_PLACEMENT_3D('',#7195,#5558,#5559);
#4974=AXIS2_PLACEMENT_3D('',#7201,#5563,#5564);
#4975=AXIS2_PLACEMENT_3D('',#7204,#5567,#5568);
#4976=AXIS2_PLACEMENT_3D('',#7205,#5569,#5570);
#4977=AXIS2_PLACEMENT_3D('',#7206,#5571,#5572);
#4978=AXIS2_PLACEMENT_3D('',#7215,#5577,#5578);
#4979=AXIS2_PLACEMENT_3D('',#7221,#5582,#5583);
#4980=AXIS2_PLACEMENT_3D('',#7227,#5587,#5588);
#4981=AXIS2_PLACEMENT_3D('',#7230,#5591,#5592);
#4982=AXIS2_PLACEMENT_3D('',#7231,#5593,#5594);
#4983=AXIS2_PLACEMENT_3D('',#7232,#5595,#5596);
#4984=AXIS2_PLACEMENT_3D('',#7241,#5601,#5602);
#4985=AXIS2_PLACEMENT_3D('',#7247,#5606,#5607);
#4986=AXIS2_PLACEMENT_3D('',#7253,#5611,#5612);
#4987=AXIS2_PLACEMENT_3D('',#7256,#5615,#5616);
#4988=AXIS2_PLACEMENT_3D('',#7257,#5617,#5618);
#4989=AXIS2_PLACEMENT_3D('',#7258,#5619,#5620);
#4990=AXIS2_PLACEMENT_3D('',#7267,#5625,#5626);
#4991=AXIS2_PLACEMENT_3D('',#7273,#5630,#5631);
#4992=AXIS2_PLACEMENT_3D('',#7279,#5635,#5636);
#4993=AXIS2_PLACEMENT_3D('',#7282,#5639,#5640);
#4994=AXIS2_PLACEMENT_3D('',#7283,#5641,#5642);
#4995=AXIS2_PLACEMENT_3D('',#7284,#5643,#5644);
#4996=AXIS2_PLACEMENT_3D('',#7293,#5649,#5650);
#4997=AXIS2_PLACEMENT_3D('',#7299,#5654,#5655);
#4998=AXIS2_PLACEMENT_3D('',#7305,#5659,#5660);
#4999=AXIS2_PLACEMENT_3D('',#7308,#5663,#5664);
#5000=AXIS2_PLACEMENT_3D('',#7309,#5665,#5666);
#5001=AXIS2_PLACEMENT_3D('',#7310,#5667,#5668);
#5002=AXIS2_PLACEMENT_3D('',#7319,#5673,#5674);
#5003=AXIS2_PLACEMENT_3D('',#7325,#5678,#5679);
#5004=AXIS2_PLACEMENT_3D('',#7331,#5683,#5684);
#5005=AXIS2_PLACEMENT_3D('',#7334,#5687,#5688);
#5006=AXIS2_PLACEMENT_3D('',#7335,#5689,#5690);
#5007=AXIS2_PLACEMENT_3D('',#7336,#5691,#5692);
#5008=AXIS2_PLACEMENT_3D('',#7345,#5697,#5698);
#5009=AXIS2_PLACEMENT_3D('',#7351,#5702,#5703);
#5010=AXIS2_PLACEMENT_3D('',#7357,#5707,#5708);
#5011=AXIS2_PLACEMENT_3D('',#7360,#5711,#5712);
#5012=AXIS2_PLACEMENT_3D('',#7361,#5713,#5714);
#5013=AXIS2_PLACEMENT_3D('',#7362,#5715,#5716);
#5014=AXIS2_PLACEMENT_3D('',#7371,#5721,#5722);
#5015=AXIS2_PLACEMENT_3D('',#7377,#5726,#5727);
#5016=AXIS2_PLACEMENT_3D('',#7383,#5731,#5732);
#5017=AXIS2_PLACEMENT_3D('',#7386,#5735,#5736);
#5018=AXIS2_PLACEMENT_3D('',#7387,#5737,#5738);
#5019=AXIS2_PLACEMENT_3D('',#7388,#5739,#5740);
#5020=AXIS2_PLACEMENT_3D('',#7397,#5745,#5746);
#5021=AXIS2_PLACEMENT_3D('',#7403,#5750,#5751);
#5022=AXIS2_PLACEMENT_3D('',#7409,#5755,#5756);
#5023=AXIS2_PLACEMENT_3D('',#7412,#5759,#5760);
#5024=AXIS2_PLACEMENT_3D('',#7413,#5761,#5762);
#5025=AXIS2_PLACEMENT_3D('',#7414,#5763,#5764);
#5026=AXIS2_PLACEMENT_3D('',#7423,#5769,#5770);
#5027=AXIS2_PLACEMENT_3D('',#7429,#5774,#5775);
#5028=AXIS2_PLACEMENT_3D('',#7435,#5779,#5780);
#5029=AXIS2_PLACEMENT_3D('',#7441,#5784,#5785);
#5030=AXIS2_PLACEMENT_3D('',#7443,#5786,#5787);
#5031=AXIS2_PLACEMENT_3D('',#7445,#5788,#5789);
#5032=AXIS2_PLACEMENT_3D('',#7447,#5791,#5792);
#5033=AXIS2_PLACEMENT_3D('',#7453,#5796,#5797);
#5034=AXIS2_PLACEMENT_3D('',#7456,#5800,#5801);
#5035=AXIS2_PLACEMENT_3D('',#7457,#5802,#5803);
#5036=AXIS2_PLACEMENT_3D('',#7458,#5804,#5805);
#5037=AXIS2_PLACEMENT_3D('',#7467,#5810,#5811);
#5038=AXIS2_PLACEMENT_3D('',#7473,#5815,#5816);
#5039=AXIS2_PLACEMENT_3D('',#7479,#5820,#5821);
#5040=AXIS2_PLACEMENT_3D('',#7482,#5824,#5825);
#5041=AXIS2_PLACEMENT_3D('',#7483,#5826,#5827);
#5042=AXIS2_PLACEMENT_3D('',#7484,#5828,#5829);
#5043=AXIS2_PLACEMENT_3D('',#7493,#5834,#5835);
#5044=AXIS2_PLACEMENT_3D('',#7499,#5839,#5840);
#5045=AXIS2_PLACEMENT_3D('',#7505,#5844,#5845);
#5046=AXIS2_PLACEMENT_3D('',#7508,#5848,#5849);
#5047=AXIS2_PLACEMENT_3D('',#7509,#5850,#5851);
#5048=AXIS2_PLACEMENT_3D('',#7510,#5852,#5853);
#5049=AXIS2_PLACEMENT_3D('',#7519,#5858,#5859);
#5050=AXIS2_PLACEMENT_3D('',#7525,#5863,#5864);
#5051=AXIS2_PLACEMENT_3D('',#7531,#5868,#5869);
#5052=AXIS2_PLACEMENT_3D('',#7534,#5872,#5873);
#5053=AXIS2_PLACEMENT_3D('',#7535,#5874,#5875);
#5054=AXIS2_PLACEMENT_3D('',#7536,#5876,#5877);
#5055=AXIS2_PLACEMENT_3D('',#7545,#5882,#5883);
#5056=AXIS2_PLACEMENT_3D('',#7551,#5887,#5888);
#5057=AXIS2_PLACEMENT_3D('',#7557,#5892,#5893);
#5058=AXIS2_PLACEMENT_3D('',#7560,#5896,#5897);
#5059=AXIS2_PLACEMENT_3D('',#7561,#5898,#5899);
#5060=AXIS2_PLACEMENT_3D('',#7562,#5900,#5901);
#5061=AXIS2_PLACEMENT_3D('',#7571,#5906,#5907);
#5062=AXIS2_PLACEMENT_3D('',#7577,#5911,#5912);
#5063=AXIS2_PLACEMENT_3D('',#7583,#5916,#5917);
#5064=AXIS2_PLACEMENT_3D('',#7586,#5920,#5921);
#5065=AXIS2_PLACEMENT_3D('',#7587,#5922,#5923);
#5066=AXIS2_PLACEMENT_3D('',#7588,#5924,#5925);
#5067=AXIS2_PLACEMENT_3D('',#7597,#5930,#5931);
#5068=AXIS2_PLACEMENT_3D('',#7603,#5935,#5936);
#5069=AXIS2_PLACEMENT_3D('',#7609,#5940,#5941);
#5070=AXIS2_PLACEMENT_3D('',#7612,#5944,#5945);
#5071=AXIS2_PLACEMENT_3D('',#7613,#5946,#5947);
#5072=AXIS2_PLACEMENT_3D('',#7614,#5948,#5949);
#5073=AXIS2_PLACEMENT_3D('',#7623,#5954,#5955);
#5074=AXIS2_PLACEMENT_3D('',#7629,#5959,#5960);
#5075=AXIS2_PLACEMENT_3D('',#7635,#5964,#5965);
#5076=AXIS2_PLACEMENT_3D('',#7638,#5968,#5969);
#5077=AXIS2_PLACEMENT_3D('',#7639,#5970,#5971);
#5078=AXIS2_PLACEMENT_3D('',#7640,#5972,#5973);
#5079=AXIS2_PLACEMENT_3D('',#7649,#5978,#5979);
#5080=AXIS2_PLACEMENT_3D('',#7655,#5983,#5984);
#5081=AXIS2_PLACEMENT_3D('',#7661,#5988,#5989);
#5082=AXIS2_PLACEMENT_3D('',#7664,#5992,#5993);
#5083=AXIS2_PLACEMENT_3D('',#7665,#5994,#5995);
#5084=AXIS2_PLACEMENT_3D('',#7666,#5996,#5997);
#5085=AXIS2_PLACEMENT_3D('',#7675,#6002,#6003);
#5086=AXIS2_PLACEMENT_3D('',#7681,#6007,#6008);
#5087=AXIS2_PLACEMENT_3D('',#7687,#6012,#6013);
#5088=AXIS2_PLACEMENT_3D('',#7690,#6016,#6017);
#5089=AXIS2_PLACEMENT_3D('',#7691,#6018,#6019);
#5090=AXIS2_PLACEMENT_3D('',#7692,#6020,#6021);
#5091=AXIS2_PLACEMENT_3D('',#7701,#6026,#6027);
#5092=AXIS2_PLACEMENT_3D('',#7707,#6031,#6032);
#5093=AXIS2_PLACEMENT_3D('',#7713,#6036,#6037);
#5094=AXIS2_PLACEMENT_3D('',#7716,#6040,#6041);
#5095=AXIS2_PLACEMENT_3D('',#7717,#6042,#6043);
#5096=AXIS2_PLACEMENT_3D('',#7718,#6044,#6045);
#5097=AXIS2_PLACEMENT_3D('',#7727,#6050,#6051);
#5098=AXIS2_PLACEMENT_3D('',#7733,#6055,#6056);
#5099=AXIS2_PLACEMENT_3D('',#7739,#6060,#6061);
#5100=AXIS2_PLACEMENT_3D('',#7742,#6064,#6065);
#5101=AXIS2_PLACEMENT_3D('',#7743,#6066,#6067);
#5102=AXIS2_PLACEMENT_3D('',#7829,#6070,#6071);
#5103=AXIS2_PLACEMENT_3D('',#7835,#6075,#6076);
#5104=AXIS2_PLACEMENT_3D('',#7841,#6080,#6081);
#5105=AXIS2_PLACEMENT_3D('',#7930,#6088,#6089);
#5106=AXIS2_PLACEMENT_3D('',#7933,#6092,#6093);
#5107=AXIS2_PLACEMENT_3D('',#7934,#6094,#6095);
#5108=AXIS2_PLACEMENT_3D('',#7980,#6100,#6101);
#5109=AXIS2_PLACEMENT_3D('',#7984,#6104,#6105);
#5110=AXIS2_PLACEMENT_3D('',#8052,#6113,#6114);
#5111=AXIS2_PLACEMENT_3D('',#8054,#6116,#6117);
#5112=AXIS2_PLACEMENT_3D('',#8060,#6121,#6122);
#5113=AXIS2_PLACEMENT_3D('',#8094,#6126,#6127);
#5114=AXIS2_PLACEMENT_3D('',#8098,#6130,#6131);
#5115=AXIS2_PLACEMENT_3D('',#8288,#6142,#6143);
#5116=AXIS2_PLACEMENT_3D('',#8294,#6147,#6148);
#5117=AXIS2_PLACEMENT_3D('',#8303,#6153,#6154);
#5118=AXIS2_PLACEMENT_3D('',#8308,#6158,#6159);
#5119=AXIS2_PLACEMENT_3D('',#8312,#6162,#6163);
#5120=AXIS2_PLACEMENT_3D('',#8315,#6166,#6167);
#5121=AXIS2_PLACEMENT_3D('',#8316,#6168,#6169);
#5122=AXIS2_PLACEMENT_3D('',#8402,#6172,#6173);
#5123=AXIS2_PLACEMENT_3D('',#8408,#6177,#6178);
#5124=AXIS2_PLACEMENT_3D('',#8414,#6182,#6183);
#5125=AXIS2_PLACEMENT_3D('',#8503,#6190,#6191);
#5126=AXIS2_PLACEMENT_3D('',#8506,#6194,#6195);
#5127=AXIS2_PLACEMENT_3D('',#8507,#6196,#6197);
#5128=AXIS2_PLACEMENT_3D('',#8553,#6202,#6203);
#5129=AXIS2_PLACEMENT_3D('',#8557,#6206,#6207);
#5130=AXIS2_PLACEMENT_3D('',#8625,#6215,#6216);
#5131=AXIS2_PLACEMENT_3D('',#8627,#6218,#6219);
#5132=AXIS2_PLACEMENT_3D('',#8633,#6223,#6224);
#5133=AXIS2_PLACEMENT_3D('',#8667,#6228,#6229);
#5134=AXIS2_PLACEMENT_3D('',#8671,#6232,#6233);
#5135=AXIS2_PLACEMENT_3D('',#8861,#6244,#6245);
#5136=AXIS2_PLACEMENT_3D('',#8867,#6249,#6250);
#5137=AXIS2_PLACEMENT_3D('',#8876,#6255,#6256);
#5138=AXIS2_PLACEMENT_3D('',#8881,#6260,#6261);
#5139=AXIS2_PLACEMENT_3D('',#8885,#6264,#6265);
#5140=AXIS2_PLACEMENT_3D('',#8888,#6268,#6269);
#5141=AXIS2_PLACEMENT_3D('',#8889,#6270,#6271);
#5142=DIRECTION('axis',(0.,0.,1.));
#5143=DIRECTION('refdir',(1.,0.,0.));
#5144=DIRECTION('center_axis',(0.866025403779371,0.,0.500000000008778));
#5145=DIRECTION('ref_axis',(0.500000000008778,0.,-0.866025403779371));
#5146=DIRECTION('',(0.500000000008777,0.,-0.866025403779371));
#5147=DIRECTION('',(0.,1.,0.));
#5148=DIRECTION('',(0.500000000008777,0.,-0.866025403779371));
#5149=DIRECTION('',(0.,1.,0.));
#5150=DIRECTION('center_axis',(-0.500000000008771,0.,0.866025403779375));
#5151=DIRECTION('ref_axis',(0.866025403779375,0.,0.500000000008771));
#5152=DIRECTION('',(0.866025403779375,0.,0.500000000008771));
#5153=DIRECTION('',(0.866025403779375,0.,0.500000000008771));
#5154=DIRECTION('',(0.,1.,0.));
#5155=DIRECTION('center_axis',(-0.866025403779373,0.,-0.500000000008774));
#5156=DIRECTION('ref_axis',(-0.500000000008774,0.,0.866025403779373));
#5157=DIRECTION('',(-0.500000000008774,0.,0.866025403779373));
#5158=DIRECTION('',(-0.500000000008774,0.,0.866025403779373));
#5159=DIRECTION('',(0.,1.,0.));
#5160=DIRECTION('center_axis',(0.500000000008641,0.,-0.86602540377945));
#5161=DIRECTION('ref_axis',(-0.86602540377945,0.,-0.500000000008641));
#5162=DIRECTION('',(-0.86602540377945,0.,-0.500000000008641));
#5163=DIRECTION('',(-0.86602540377945,0.,-0.500000000008641));
#5164=DIRECTION('center_axis',(0.,1.,0.));
#5165=DIRECTION('ref_axis',(0.,0.,1.));
#5166=DIRECTION('center_axis',(0.,1.,0.));
#5167=DIRECTION('ref_axis',(1.,0.,0.));
#5168=DIRECTION('center_axis',(0.866025403785632,0.,0.499999999997934));
#5169=DIRECTION('ref_axis',(0.499999999997934,0.,-0.866025403785632));
#5170=DIRECTION('',(-0.499999999997934,0.,0.866025403785632));
#5171=DIRECTION('',(0.,1.,0.));
#5172=DIRECTION('',(0.499999999997934,0.,-0.866025403785632));
#5173=DIRECTION('',(0.,1.,0.));
#5174=DIRECTION('center_axis',(-0.8660254037907,0.,0.499999999989155));
#5175=DIRECTION('ref_axis',(0.499999999989155,0.,0.8660254037907));
#5176=DIRECTION('',(0.499999999989155,0.,0.8660254037907));
#5177=DIRECTION('',(0.499999999989155,0.,0.8660254037907));
#5178=DIRECTION('',(0.,1.,0.));
#5179=DIRECTION('center_axis',(-0.499999999989337,0.,-0.866025403790595));
#5180=DIRECTION('ref_axis',(-0.866025403790595,0.,0.499999999989337));
#5181=DIRECTION('',(0.866025403790595,0.,-0.499999999989337));
#5182=DIRECTION('',(-0.866025403790595,0.,0.499999999989337));
#5183=DIRECTION('',(0.,1.,0.));
#5184=DIRECTION('center_axis',(-0.866025403780591,0.,-0.500000000006665));
#5185=DIRECTION('ref_axis',(-0.500000000006665,0.,0.866025403780591));
#5186=DIRECTION('',(0.500000000006665,0.,-0.866025403780591));
#5187=DIRECTION('',(-0.500000000006665,0.,0.866025403780591));
#5188=DIRECTION('',(0.,1.,0.));
#5189=DIRECTION('center_axis',(0.,1.,0.));
#5190=DIRECTION('ref_axis',(0.866025403785513,0.,-0.499999999998139));
#5191=DIRECTION('center_axis',(0.,1.,0.));
#5192=DIRECTION('ref_axis',(0.866025403785513,0.,-0.499999999998139));
#5193=DIRECTION('center_axis',(0.,1.,0.));
#5194=DIRECTION('ref_axis',(0.866025403785513,0.,-0.499999999998139));
#5195=DIRECTION('',(0.,1.,0.));
#5196=DIRECTION('center_axis',(0.865623963603343,0.,-0.500694671067745));
#5197=DIRECTION('ref_axis',(-0.500694671067745,0.,-0.865623963603343));
#5198=DIRECTION('',(-0.500694671067745,0.,-0.865623963603343));
#5199=DIRECTION('',(-0.500694671067745,0.,-0.865623963603343));
#5200=DIRECTION('',(0.,1.,0.));
#5201=DIRECTION('center_axis',(0.500000000010529,0.,-0.86602540377836));
#5202=DIRECTION('ref_axis',(-0.86602540377836,0.,-0.500000000010529));
#5203=DIRECTION('',(-0.86602540377836,0.,-0.500000000010529));
#5204=DIRECTION('',(-0.86602540377836,0.,-0.500000000010529));
#5205=DIRECTION('center_axis',(0.,1.,0.));
#5206=DIRECTION('ref_axis',(1.,0.,0.));
#5207=DIRECTION('center_axis',(0.,1.,0.));
#5208=DIRECTION('ref_axis',(1.,0.,0.));
#5209=DIRECTION('center_axis',(-0.499999999999985,0.,-0.866025403784447));
#5210=DIRECTION('ref_axis',(-0.866025403784447,0.,0.499999999999985));
#5211=DIRECTION('',(0.866025403784447,0.,-0.499999999999985));
#5212=DIRECTION('',(0.,1.,0.));
#5213=DIRECTION('',(-0.866025403784447,0.,0.499999999999985));
#5214=DIRECTION('',(0.,1.,0.));
#5215=DIRECTION('center_axis',(0.866025403784545,0.,-0.499999999999816));
#5216=DIRECTION('ref_axis',(-0.499999999999816,0.,-0.866025403784545));
#5217=DIRECTION('',(0.499999999999816,0.,0.866025403784545));
#5218=DIRECTION('',(-0.499999999999816,0.,-0.866025403784545));
#5219=DIRECTION('',(0.,1.,0.));
#5220=DIRECTION('center_axis',(0.499999999999968,0.,0.866025403784457));
#5221=DIRECTION('ref_axis',(0.866025403784457,0.,-0.499999999999968));
#5222=DIRECTION('',(-0.866025403784457,0.,0.499999999999968));
#5223=DIRECTION('',(0.866025403784457,0.,-0.499999999999968));
#5224=DIRECTION('',(0.,1.,0.));
#5225=DIRECTION('center_axis',(-0.866025403784549,0.,0.499999999999809));
#5226=DIRECTION('ref_axis',(0.499999999999809,0.,0.866025403784549));
#5227=DIRECTION('',(-0.499999999999809,0.,-0.866025403784549));
#5228=DIRECTION('',(0.499999999999809,0.,0.866025403784549));
#5229=DIRECTION('center_axis',(0.,1.,0.));
#5230=DIRECTION('ref_axis',(0.,0.,1.));
#5231=DIRECTION('center_axis',(0.,1.,0.));
#5232=DIRECTION('ref_axis',(1.,0.,0.));
#5233=DIRECTION('center_axis',(-0.866025403783244,0.,0.500000000002069));
#5234=DIRECTION('ref_axis',(0.500000000002069,0.,0.866025403783244));
#5235=DIRECTION('',(-0.500000000002069,0.,-0.866025403783244));
#5236=DIRECTION('',(0.,1.,0.));
#5237=DIRECTION('',(0.500000000002069,0.,0.866025403783244));
#5238=DIRECTION('',(0.,1.,0.));
#5239=DIRECTION('center_axis',(1.25273723018969E-11,0.,-1.));
#5240=DIRECTION('ref_axis',(-1.,0.,-1.25273723018969E-11));
#5241=DIRECTION('',(-1.,0.,-1.25273723018969E-11));
#5242=DIRECTION('',(-1.,0.,-1.25273723018969E-11));
#5243=DIRECTION('',(0.,1.,0.));
#5244=DIRECTION('center_axis',(1.,0.,-1.95001018799712E-12));
#5245=DIRECTION('ref_axis',(-1.95001018799712E-12,0.,-1.));
#5246=DIRECTION('',(1.95001018799712E-12,0.,1.));
#5247=DIRECTION('',(-1.95001018799712E-12,0.,-1.));
#5248=DIRECTION('',(0.,1.,0.));
#5249=DIRECTION('center_axis',(0.866025403788286,0.,-0.499999999993337));
#5250=DIRECTION('ref_axis',(-0.499999999993337,0.,-0.866025403788286));
#5251=DIRECTION('',(0.499999999993337,0.,0.866025403788286));
#5252=DIRECTION('',(-0.499999999993337,0.,-0.866025403788286));
#5253=DIRECTION('',(0.,1.,0.));
#5254=DIRECTION('center_axis',(0.,1.,0.));
#5255=DIRECTION('ref_axis',(-1.85037170770811E-12,0.,1.));
#5256=DIRECTION('center_axis',(0.,1.,0.));
#5257=DIRECTION('ref_axis',(-1.85037170770811E-12,0.,1.));
#5258=DIRECTION('center_axis',(0.,1.,0.));
#5259=DIRECTION('ref_axis',(-1.85037170770811E-12,0.,1.));
#5260=DIRECTION('',(0.,1.,0.));
#5261=DIRECTION('center_axis',(-2.4554273433937E-12,0.,1.));
#5262=DIRECTION('ref_axis',(1.,0.,2.4554273433937E-12));
#5263=DIRECTION('',(1.,0.,2.4554273433937E-12));
#5264=DIRECTION('',(1.,0.,2.4554273433937E-12));
#5265=DIRECTION('',(0.,1.,0.));
#5266=DIRECTION('center_axis',(0.499999999989701,0.,0.866025403790385));
#5267=DIRECTION('ref_axis',(0.866025403790385,0.,-0.499999999989701));
#5268=DIRECTION('',(0.866025403790385,0.,-0.499999999989701));
#5269=DIRECTION('',(0.866025403790385,0.,-0.499999999989701));
#5270=DIRECTION('center_axis',(0.,1.,0.));
#5271=DIRECTION('ref_axis',(1.,0.,0.));
#5272=DIRECTION('center_axis',(0.,1.,0.));
#5273=DIRECTION('ref_axis',(1.,0.,0.));
#5274=DIRECTION('center_axis',(0.,0.,1.));
#5275=DIRECTION('ref_axis',(1.,0.,0.));
#5276=DIRECTION('',(-1.,0.,0.));
#5277=DIRECTION('',(0.,1.,0.));
#5278=DIRECTION('',(1.,0.,0.));
#5279=DIRECTION('',(0.,1.,0.));
#5280=DIRECTION('center_axis',(-1.,0.,0.));
#5281=DIRECTION('ref_axis',(0.,0.,1.));
#5282=DIRECTION('',(0.,0.,-1.));
#5283=DIRECTION('',(0.,0.,1.));
#5284=DIRECTION('',(0.,1.,0.));
#5285=DIRECTION('center_axis',(-5.33761069531601E-15,0.,-1.));
#5286=DIRECTION('ref_axis',(-1.,0.,5.33761069531601E-15));
#5287=DIRECTION('',(1.,0.,-5.33761069531601E-15));
#5288=DIRECTION('',(-1.,0.,5.33761069531601E-15));
#5289=DIRECTION('',(0.,1.,0.));
#5290=DIRECTION('center_axis',(1.,0.,1.50673124770556E-13));
#5291=DIRECTION('ref_axis',(1.50673124770556E-13,0.,-1.));
#5292=DIRECTION('',(-1.50673124770556E-13,0.,1.));
#5293=DIRECTION('',(1.50673124770556E-13,0.,-1.));
#5294=DIRECTION('center_axis',(0.,1.,0.));
#5295=DIRECTION('ref_axis',(0.,0.,1.));
#5296=DIRECTION('center_axis',(0.,1.,0.));
#5297=DIRECTION('ref_axis',(1.,0.,0.));
#5298=DIRECTION('',(0.,-4.44089209850063E-16,1.));
#5299=DIRECTION('',(0.,-4.44089209850063E-16,1.));
#5300=DIRECTION('center_axis',(0.860741175921322,-0.509042854849746,-2.46661617481976E-16));
#5301=DIRECTION('ref_axis',(0.509042854849746,0.860741175921322,3.82245868700314E-16));
#5302=DIRECTION('',(-0.479479894469124,-0.810753130633381,0.335824942444793));
#5303=DIRECTION('',(0.,-4.44089209850063E-16,1.));
#5304=DIRECTION('',(0.509042854849746,0.860741175921322,3.82245868700314E-16));
#5305=DIRECTION('center_axis',(-0.871214631875494,-0.490902297006286,-2.37871435482439E-16));
#5306=DIRECTION('ref_axis',(0.490902297006286,-0.871214631875494,-3.86897017479401E-16));
#5307=DIRECTION('',(-0.461755785306723,0.819487704510019,-0.339442921406046));
#5308=DIRECTION('',(0.490902297006286,-0.871214631875494,-3.86897017479401E-16));
#5309=DIRECTION('',(0.,-4.44089209850063E-16,1.));
#5310=DIRECTION('center_axis',(-0.871214631873669,0.490902297009525,2.37871435484009E-16));
#5311=DIRECTION('ref_axis',(-0.490902297009525,-0.871214631873669,-3.86897017478591E-16));
#5312=DIRECTION('',(-0.490902297009525,-0.871214631873669,-3.86897017478591E-16));
#5313=DIRECTION('',(0.,-4.44089209850063E-16,1.));
#5314=DIRECTION('',(0.,4.33118913927558E-16,-1.));
#5315=DIRECTION('',(0.461755785309882,0.8194877045085,-0.339442921405417));
#5316=DIRECTION('',(0.,-4.44089209850063E-16,1.));
#5317=DIRECTION('',(0.,4.33118913927558E-16,-1.));
#5318=DIRECTION('center_axis',(0.860741175923205,0.509042854846563,2.46661617480434E-16));
#5319=DIRECTION('ref_axis',(-0.509042854846563,0.860741175923205,3.8224586870115E-16));
#5320=DIRECTION('',(-0.509042854846563,0.860741175923205,3.8224586870115E-16));
#5321=DIRECTION('',(0.479479894466008,-0.810753130634955,0.335824942445445));
#5322=DIRECTION('center_axis',(-8.3188319764842E-30,-4.44089209850036E-16,
1.));
#5323=DIRECTION('ref_axis',(0.,-1.,-4.44089209850036E-16));
#5324=DIRECTION('center_axis',(-0.871214631875494,-0.347120343113196,0.347120343113198));
#5325=DIRECTION('ref_axis',(0.490902297006286,-0.616041774068102,0.616041774068105));
#5326=DIRECTION('',(0.,0.707106781186549,0.707106781186546));
#5327=DIRECTION('',(-0.461755785306724,0.339442921406044,-0.81948770451002));
#5328=DIRECTION('',(0.,0.707106781186549,0.707106781186546));
#5329=DIRECTION('',(0.,0.707106781186549,0.707106781186546));
#5330=DIRECTION('center_axis',(0.860741175921322,-0.359947654578814,0.359947654578816));
#5331=DIRECTION('ref_axis',(0.509042854849746,0.608635922340448,-0.608635922340452));
#5332=DIRECTION('',(-0.479479894469125,-0.335824942444791,0.810753130633382));
#5333=DIRECTION('',(0.,0.707106781186549,0.707106781186546));
#5334=DIRECTION('center_axis',(-0.871214631873669,0.347120343115487,-0.347120343115489));
#5335=DIRECTION('ref_axis',(-0.490902297009525,-0.616041774066811,0.616041774066814));
#5336=DIRECTION('',(0.,0.707106781186549,0.707106781186546));
#5337=DIRECTION('',(0.,0.707106781186549,0.707106781186546));
#5338=DIRECTION('',(0.,-0.707106781186549,-0.707106781186546));
#5339=DIRECTION('',(0.461755785309882,0.339442921405415,-0.8194877045085));
#5340=DIRECTION('',(0.,0.707106781186549,0.707106781186546));
#5341=DIRECTION('',(0.,0.707106781186549,0.707106781186546));
#5342=DIRECTION('',(0.,-0.707106781186549,-0.707106781186546));
#5343=DIRECTION('center_axis',(0.860741175923205,0.359947654576563,-0.359947654576565));
#5344=DIRECTION('ref_axis',(-0.509042854846563,0.608635922341779,-0.608635922341783));
#5345=DIRECTION('',(0.479479894466008,-0.335824942445443,0.810753130634955));
#5346=DIRECTION('center_axis',(-0.871214631875494,0.,0.490902297006286));
#5347=DIRECTION('ref_axis',(0.490902297006286,0.,0.871214631875494));
#5348=DIRECTION('',(0.,1.,0.));
#5349=DIRECTION('',(0.490902297006286,0.,0.871214631875494));
#5350=DIRECTION('',(0.,1.,0.));
#5351=DIRECTION('center_axis',(-0.871214631873669,0.,-0.490902297009525));
#5352=DIRECTION('ref_axis',(-0.490902297009525,0.,0.871214631873669));
#5353=DIRECTION('',(-0.490902297009525,0.,0.871214631873669));
#5354=DIRECTION('',(0.,1.,0.));
#5355=DIRECTION('',(0.,1.,0.));
#5356=DIRECTION('center_axis',(0.860741175923205,0.,-0.509042854846563));
#5357=DIRECTION('ref_axis',(-0.509042854846563,0.,-0.860741175923205));
#5358=DIRECTION('',(-0.509042854846563,0.,-0.860741175923205));
#5359=DIRECTION('',(0.,1.,0.));
#5360=DIRECTION('center_axis',(0.860741175921322,0.,0.509042854849746));
#5361=DIRECTION('ref_axis',(0.509042854849746,0.,-0.860741175921322));
#5362=DIRECTION('',(0.,1.,0.));
#5363=DIRECTION('',(0.509042854849746,0.,-0.860741175921322));
#5364=DIRECTION('',(-0.939814793464581,-0.236537640444404,0.24657270456829));
#5365=DIRECTION('',(1.,0.,2.11551643412919E-13));
#5366=DIRECTION('',(0.93924246471609,-0.237804117629567,0.247533420193049));
#5367=DIRECTION('',(0.96311952038051,-0.269059622659818,-0.00277649350322672));
#5368=DIRECTION('',(0.938686786858057,-0.237937798582039,-0.249504950219489));
#5369=DIRECTION('',(-1.,0.,-2.09859230265615E-13));
#5370=DIRECTION('',(-0.939814793466068,-0.236537640443921,-0.246572704563086));
#5371=DIRECTION('',(-0.963926212669907,-0.266169601058891,7.57977044147991E-12));
#5372=DIRECTION('center_axis',(0.,1.,0.));
#5373=DIRECTION('ref_axis',(0.,0.,1.));
#5374=DIRECTION('',(1.,0.,2.11551643412919E-13));
#5375=DIRECTION('',(0.,0.,-1.));
#5376=DIRECTION('',(-1.,0.,-2.09859230265615E-13));
#5377=DIRECTION('center_axis',(-1.,0.,2.7755575615629E-15));
#5378=DIRECTION('ref_axis',(2.7755575615629E-15,0.,1.));
#5379=DIRECTION('',(-2.7755575615629E-15,0.,-1.));
#5380=DIRECTION('',(0.,1.,0.));
#5381=DIRECTION('',(2.7755575615629E-15,0.,1.));
#5382=DIRECTION('',(0.,1.,0.));
#5383=DIRECTION('center_axis',(2.09859230265615E-13,0.,-1.));
#5384=DIRECTION('ref_axis',(-1.,0.,-2.09859230265615E-13));
#5385=DIRECTION('',(1.,0.,2.09859230265615E-13));
#5386=DIRECTION('',(-1.,0.,-2.09859230265615E-13));
#5387=DIRECTION('',(0.,1.,0.));
#5388=DIRECTION('center_axis',(1.,0.,0.));
#5389=DIRECTION('ref_axis',(0.,0.,-1.));
#5390=DIRECTION('',(0.,0.,1.));
#5391=DIRECTION('',(0.,1.,0.));
#5392=DIRECTION('center_axis',(-2.11551643412919E-13,0.,1.));
#5393=DIRECTION('ref_axis',(1.,0.,2.11551643412919E-13));
#5394=DIRECTION('',(-1.,0.,-2.11551643412919E-13));
#5395=DIRECTION('',(1.,0.,2.11551643412919E-13));
#5396=DIRECTION('center_axis',(0.,1.,0.));
#5397=DIRECTION('ref_axis',(0.,0.,1.));
#5398=DIRECTION('center_axis',(0.,1.,0.));
#5399=DIRECTION('ref_axis',(1.,0.,0.));
#5400=DIRECTION('center_axis',(-7.63333004912932E-12,0.,-1.));
#5401=DIRECTION('ref_axis',(-1.,0.,7.63333004912932E-12));
#5402=DIRECTION('',(0.,1.,0.));
#5403=DIRECTION('',(-1.,0.,7.63333004912932E-12));
#5404=DIRECTION('',(0.,1.,0.));
#5405=DIRECTION('',(-1.,0.,7.63333004912932E-12));
#5406=DIRECTION('center_axis',(0.866025403788257,0.,0.499999999993386));
#5407=DIRECTION('ref_axis',(0.499999999993386,0.,-0.866025403788257));
#5408=DIRECTION('',(0.499999999993386,0.,-0.866025403788257));
#5409=DIRECTION('',(0.,1.,0.));
#5410=DIRECTION('',(0.499999999993386,0.,-0.866025403788257));
#5411=DIRECTION('',(0.,1.,0.));
#5412=DIRECTION('center_axis',(0.499999999999007,0.,0.866025403785012));
#5413=DIRECTION('ref_axis',(0.866025403785012,0.,-0.499999999999007));
#5414=DIRECTION('',(-0.866025403785012,0.,0.499999999999007));
#5415=DIRECTION('',(0.866025403785012,0.,-0.499999999999007));
#5416=DIRECTION('',(0.,1.,0.));
#5417=DIRECTION('center_axis',(-0.866025403784429,0.,0.500000000000016));
#5418=DIRECTION('ref_axis',(0.500000000000016,0.,0.866025403784429));
#5419=DIRECTION('',(-0.500000000000016,0.,-0.866025403784429));
#5420=DIRECTION('',(0.500000000000016,0.,0.866025403784429));
#5421=DIRECTION('',(0.,1.,0.));
#5422=DIRECTION('center_axis',(-0.499999999997588,0.,-0.866025403785831));
#5423=DIRECTION('ref_axis',(-0.866025403785831,0.,0.499999999997588));
#5424=DIRECTION('',(0.866025403785831,0.,-0.499999999997588));
#5425=DIRECTION('',(-0.866025403785831,0.,0.499999999997588));
#5426=DIRECTION('',(0.,1.,0.));
#5427=DIRECTION('center_axis',(6.11732886582122E-12,0.,-1.));
#5428=DIRECTION('ref_axis',(-1.,0.,-6.11732886582122E-12));
#5429=DIRECTION('',(1.,0.,6.11732886582122E-12));
#5430=DIRECTION('',(-1.,0.,-6.11732886582122E-12));
#5431=DIRECTION('',(0.,1.,0.));
#5432=DIRECTION('center_axis',(0.499999999998625,0.,-0.866025403785233));
#5433=DIRECTION('ref_axis',(-0.866025403785233,0.,-0.499999999998625));
#5434=DIRECTION('',(0.866025403785233,0.,0.499999999998625));
#5435=DIRECTION('',(-0.866025403785233,0.,-0.499999999998625));
#5436=DIRECTION('',(0.,1.,0.));
#5437=DIRECTION('center_axis',(-0.866025403784335,0.,-0.500000000000179));
#5438=DIRECTION('ref_axis',(-0.500000000000179,0.,0.866025403784335));
#5439=DIRECTION('',(0.500000000000179,0.,-0.866025403784335));
#5440=DIRECTION('',(-0.500000000000179,0.,0.866025403784335));
#5441=DIRECTION('',(0.,1.,0.));
#5442=DIRECTION('center_axis',(0.499999999996004,0.,-0.866025403786746));
#5443=DIRECTION('ref_axis',(-0.866025403786746,0.,-0.499999999996004));
#5444=DIRECTION('',(0.866025403786746,0.,0.499999999996004));
#5445=DIRECTION('',(-0.866025403786746,0.,-0.499999999996004));
#5446=DIRECTION('',(0.,1.,0.));
#5447=DIRECTION('center_axis',(0.866025403784335,0.,0.50000000000018));
#5448=DIRECTION('ref_axis',(0.50000000000018,0.,-0.866025403784335));
#5449=DIRECTION('',(-0.50000000000018,0.,0.866025403784335));
#5450=DIRECTION('',(0.50000000000018,0.,-0.866025403784335));
#5451=DIRECTION('',(0.,1.,0.));
#5452=DIRECTION('center_axis',(-0.500000000000016,0.,0.866025403784429));
#5453=DIRECTION('ref_axis',(0.866025403784429,0.,0.500000000000016));
#5454=DIRECTION('',(-0.866025403784429,0.,-0.500000000000016));
#5455=DIRECTION('',(0.866025403784429,0.,0.500000000000016));
#5456=DIRECTION('',(0.,1.,0.));
#5457=DIRECTION('center_axis',(-0.866025403784355,0.,-0.500000000000145));
#5458=DIRECTION('ref_axis',(-0.500000000000145,0.,0.866025403784355));
#5459=DIRECTION('',(0.500000000000145,0.,-0.866025403784355));
#5460=DIRECTION('',(-0.500000000000145,0.,0.866025403784355));
#5461=DIRECTION('',(0.,1.,0.));
#5462=DIRECTION('center_axis',(-0.500000000000153,0.,0.86602540378435));
#5463=DIRECTION('ref_axis',(0.86602540378435,0.,0.500000000000153));
#5464=DIRECTION('',(-0.86602540378435,0.,-0.500000000000153));
#5465=DIRECTION('',(0.86602540378435,0.,0.500000000000153));
#5466=DIRECTION('',(0.,1.,0.));
#5467=DIRECTION('center_axis',(-0.865623963602579,0.,0.500694671069066));
#5468=DIRECTION('ref_axis',(0.500694671069066,0.,0.865623963602579));
#5469=DIRECTION('',(-0.500694671069066,0.,-0.865623963602579));
#5470=DIRECTION('',(0.500694671069066,0.,0.865623963602579));
#5471=DIRECTION('center_axis',(-1.,0.,-1.1944149373259E-12));
#5472=DIRECTION('ref_axis',(-1.1944149373259E-12,0.,1.));
#5473=DIRECTION('',(1.1944149373259E-12,0.,-1.));
#5474=DIRECTION('',(0.,1.,0.));
#5475=DIRECTION('',(-1.1944149373259E-12,0.,1.));
#5476=DIRECTION('',(0.,1.,0.));
#5477=DIRECTION('center_axis',(-5.55111512312243E-15,0.,-1.));
#5478=DIRECTION('ref_axis',(-1.,0.,5.55111512312243E-15));
#5479=DIRECTION('',(1.,0.,-5.55111512312243E-15));
#5480=DIRECTION('',(-1.,0.,5.55111512312243E-15));
#5481=DIRECTION('',(0.,1.,0.));
#5482=DIRECTION('center_axis',(1.,0.,2.82736796936944E-12));
#5483=DIRECTION('ref_axis',(2.82736796936944E-12,0.,-1.));
#5484=DIRECTION('',(-2.82736796936944E-12,0.,1.));
#5485=DIRECTION('',(2.82736796936944E-12,0.,-1.));
#5486=DIRECTION('',(0.,1.,0.));
#5487=DIRECTION('center_axis',(0.866025403781379,0.,0.500000000005299));
#5488=DIRECTION('ref_axis',(0.500000000005299,0.,-0.866025403781379));
#5489=DIRECTION('',(-0.500000000005299,0.,0.866025403781379));
#5490=DIRECTION('',(0.500000000005299,0.,-0.866025403781379));
#5491=DIRECTION('center_axis',(-0.86602540378062,0.,0.500000000006614));
#5492=DIRECTION('ref_axis',(0.500000000006614,0.,0.86602540378062));
#5493=DIRECTION('',(0.500000000006614,0.,0.86602540378062));
#5494=DIRECTION('',(0.500000000006614,0.,0.86602540378062));
#5495=DIRECTION('center_axis',(0.,1.,0.));
#5496=DIRECTION('ref_axis',(0.,0.,1.));
#5497=DIRECTION('center_axis',(0.,1.,0.));
#5498=DIRECTION('ref_axis',(1.,0.,0.));
#5499=DIRECTION('center_axis',(0.,0.,1.));
#5500=DIRECTION('ref_axis',(1.,0.,0.));
#5501=DIRECTION('',(-1.,0.,0.));
#5502=DIRECTION('',(0.,1.,0.));
#5503=DIRECTION('',(1.,0.,0.));
#5504=DIRECTION('',(0.,1.,0.));
#5505=DIRECTION('center_axis',(-1.,0.,0.));
#5506=DIRECTION('ref_axis',(0.,0.,1.));
#5507=DIRECTION('',(0.,0.,-1.));
#5508=DIRECTION('',(0.,0.,1.));
#5509=DIRECTION('',(0.,1.,0.));
#5510=DIRECTION('center_axis',(-5.33761069531601E-15,0.,-1.));
#5511=DIRECTION('ref_axis',(-1.,0.,5.33761069531601E-15));
#5512=DIRECTION('',(1.,0.,-5.33761069531601E-15));
#5513=DIRECTION('',(-1.,0.,5.33761069531601E-15));
#5514=DIRECTION('',(0.,1.,0.));
#5515=DIRECTION('center_axis',(1.,0.,1.50673124770556E-13));
#5516=DIRECTION('ref_axis',(1.50673124770556E-13,0.,-1.));
#5517=DIRECTION('',(-1.50673124770556E-13,0.,1.));
#5518=DIRECTION('',(1.50673124770556E-13,0.,-1.));
#5519=DIRECTION('center_axis',(0.,1.,0.));
#5520=DIRECTION('ref_axis',(0.,0.,1.));
#5521=DIRECTION('center_axis',(0.,1.,0.));
#5522=DIRECTION('ref_axis',(1.,0.,0.));
#5523=DIRECTION('center_axis',(9.99200722163188E-12,0.,-1.));
#5524=DIRECTION('ref_axis',(-1.,0.,-9.99200722163188E-12));
#5525=DIRECTION('',(-1.,0.,-9.99200722163188E-12));
#5526=DIRECTION('',(0.,1.,0.));
#5527=DIRECTION('',(-1.,0.,-9.99200722163188E-12));
#5528=DIRECTION('',(0.,1.,0.));
#5529=DIRECTION('center_axis',(1.,0.,1.01149247707823E-11));
#5530=DIRECTION('ref_axis',(1.01149247707823E-11,0.,-1.));
#5531=DIRECTION('',(1.01149247707823E-11,0.,-1.));
#5532=DIRECTION('',(1.01149247707823E-11,0.,-1.));
#5533=DIRECTION('',(0.,1.,0.));
#5534=DIRECTION('center_axis',(-9.99200722163196E-12,0.,1.));
#5535=DIRECTION('ref_axis',(1.,0.,9.99200722163196E-12));
#5536=DIRECTION('',(1.,0.,9.99200722163196E-12));
#5537=DIRECTION('',(1.,0.,9.99200722163196E-12));
#5538=DIRECTION('',(0.,1.,0.));
#5539=DIRECTION('center_axis',(-1.,0.,-1.01030295240899E-11));
#5540=DIRECTION('ref_axis',(-1.01030295240899E-11,0.,1.));
#5541=DIRECTION('',(-1.01030295240899E-11,0.,1.));
#5542=DIRECTION('',(-1.01030295240899E-11,0.,1.));
#5543=DIRECTION('center_axis',(0.,1.,0.));
#5544=DIRECTION('ref_axis',(0.,0.,1.));
#5545=DIRECTION('center_axis',(0.,1.,0.));
#5546=DIRECTION('ref_axis',(1.,0.,0.));
#5547=DIRECTION('center_axis',(0.500000000000006,0.,0.866025403784435));
#5548=DIRECTION('ref_axis',(0.866025403784435,0.,-0.500000000000006));
#5549=DIRECTION('',(-0.866025403784435,0.,0.500000000000006));
#5550=DIRECTION('',(0.,1.,0.));
#5551=DIRECTION('',(0.866025403784435,0.,-0.500000000000006));
#5552=DIRECTION('',(0.,1.,0.));
#5553=DIRECTION('center_axis',(-0.866025403784436,0.,0.500000000000005));
#5554=DIRECTION('ref_axis',(0.500000000000005,0.,0.866025403784435));
#5555=DIRECTION('',(-0.500000000000005,0.,-0.866025403784435));
#5556=DIRECTION('',(0.500000000000005,0.,0.866025403784435));
#5557=DIRECTION('',(0.,1.,0.));
#5558=DIRECTION('center_axis',(-0.499999999999871,0.,-0.866025403784513));
#5559=DIRECTION('ref_axis',(-0.866025403784513,0.,0.499999999999871));
#5560=DIRECTION('',(0.866025403784513,0.,-0.499999999999871));
#5561=DIRECTION('',(-0.866025403784513,0.,0.499999999999871));
#5562=DIRECTION('',(0.,1.,0.));
#5563=DIRECTION('center_axis',(0.866025403784436,0.,-0.500000000000005));
#5564=DIRECTION('ref_axis',(-0.500000000000005,0.,-0.866025403784436));
#5565=DIRECTION('',(0.500000000000005,0.,0.866025403784436));
#5566=DIRECTION('',(-0.500000000000005,0.,-0.866025403784436));
#5567=DIRECTION('center_axis',(0.,1.,0.));
#5568=DIRECTION('ref_axis',(0.,0.,1.));
#5569=DIRECTION('center_axis',(0.,1.,0.));
#5570=DIRECTION('ref_axis',(1.,0.,0.));
#5571=DIRECTION('center_axis',(-0.866025403789457,0.,0.499999999991307));
#5572=DIRECTION('ref_axis',(0.499999999991307,0.,0.866025403789457));
#5573=DIRECTION('',(0.499999999991307,0.,0.866025403789457));
#5574=DIRECTION('',(0.,1.,0.));
#5575=DIRECTION('',(0.499999999991307,0.,0.866025403789457));
#5576=DIRECTION('',(0.,1.,0.));
#5577=DIRECTION('center_axis',(-0.499999999991305,0.,-0.866025403789459));
#5578=DIRECTION('ref_axis',(-0.866025403789459,0.,0.499999999991305));
#5579=DIRECTION('',(-0.866025403789459,0.,0.499999999991305));
#5580=DIRECTION('',(-0.866025403789459,0.,0.499999999991305));
#5581=DIRECTION('',(0.,1.,0.));
#5582=DIRECTION('center_axis',(0.8660254037895,0.,-0.499999999991233));
#5583=DIRECTION('ref_axis',(-0.499999999991233,0.,-0.8660254037895));
#5584=DIRECTION('',(-0.499999999991233,0.,-0.8660254037895));
#5585=DIRECTION('',(-0.499999999991233,0.,-0.8660254037895));
#5586=DIRECTION('',(0.,1.,0.));
#5587=DIRECTION('center_axis',(0.499999999991389,0.,0.86602540378941));
#5588=DIRECTION('ref_axis',(0.86602540378941,0.,-0.499999999991389));
#5589=DIRECTION('',(0.86602540378941,0.,-0.499999999991389));
#5590=DIRECTION('',(0.86602540378941,0.,-0.499999999991389));
#5591=DIRECTION('center_axis',(0.,1.,0.));
#5592=DIRECTION('ref_axis',(0.,0.,1.));
#5593=DIRECTION('center_axis',(0.,1.,0.));
#5594=DIRECTION('ref_axis',(1.,0.,0.));
#5595=DIRECTION('center_axis',(0.500000000000013,0.,-0.866025403784431));
#5596=DIRECTION('ref_axis',(-0.866025403784431,0.,-0.500000000000013));
#5597=DIRECTION('',(0.866025403784431,0.,0.500000000000013));
#5598=DIRECTION('',(0.,1.,0.));
#5599=DIRECTION('',(-0.866025403784431,0.,-0.500000000000013));
#5600=DIRECTION('',(0.,1.,0.));
#5601=DIRECTION('center_axis',(0.866025403785005,0.,0.499999999999019));
#5602=DIRECTION('ref_axis',(0.499999999999019,0.,-0.866025403785005));
#5603=DIRECTION('',(-0.499999999999019,0.,0.866025403785005));
#5604=DIRECTION('',(0.499999999999019,0.,-0.866025403785005));
#5605=DIRECTION('',(0.,1.,0.));
#5606=DIRECTION('center_axis',(-0.500000000000143,0.,0.866025403784356));
#5607=DIRECTION('ref_axis',(0.866025403784356,0.,0.500000000000143));
#5608=DIRECTION('',(-0.866025403784356,0.,-0.500000000000143));
#5609=DIRECTION('',(0.866025403784356,0.,0.500000000000143));
#5610=DIRECTION('',(0.,1.,0.));
#5611=DIRECTION('center_axis',(-0.866025403784436,0.,-0.500000000000004));
#5612=DIRECTION('ref_axis',(-0.500000000000004,0.,0.866025403784436));
#5613=DIRECTION('',(0.500000000000004,0.,-0.866025403784436));
#5614=DIRECTION('',(-0.500000000000004,0.,0.866025403784436));
#5615=DIRECTION('center_axis',(0.,1.,0.));
#5616=DIRECTION('ref_axis',(0.,0.,1.));
#5617=DIRECTION('center_axis',(0.,1.,0.));
#5618=DIRECTION('ref_axis',(1.,0.,0.));
#5619=DIRECTION('center_axis',(-0.500000000008771,0.,0.866025403779375));
#5620=DIRECTION('ref_axis',(0.866025403779375,0.,0.500000000008771));
#5621=DIRECTION('',(0.866025403779375,0.,0.500000000008771));
#5622=DIRECTION('',(0.,1.,0.));
#5623=DIRECTION('',(0.866025403779375,0.,0.500000000008771));
#5624=DIRECTION('',(0.,1.,0.));
#5625=DIRECTION('center_axis',(-0.866025403779373,0.,-0.500000000008775));
#5626=DIRECTION('ref_axis',(-0.500000000008775,0.,0.866025403779372));
#5627=DIRECTION('',(-0.500000000008775,0.,0.866025403779372));
#5628=DIRECTION('',(-0.500000000008775,0.,0.866025403779372));
#5629=DIRECTION('',(0.,1.,0.));
#5630=DIRECTION('center_axis',(0.500000000008651,0.,-0.866025403779444));
#5631=DIRECTION('ref_axis',(-0.866025403779444,0.,-0.500000000008651));
#5632=DIRECTION('',(-0.866025403779444,0.,-0.500000000008651));
#5633=DIRECTION('',(-0.866025403779444,0.,-0.500000000008651));
#5634=DIRECTION('',(0.,1.,0.));
#5635=DIRECTION('center_axis',(0.866025403779372,0.,0.500000000008776));
#5636=DIRECTION('ref_axis',(0.500000000008776,0.,-0.866025403779372));
#5637=DIRECTION('',(0.500000000008776,0.,-0.866025403779372));
#5638=DIRECTION('',(0.500000000008776,0.,-0.866025403779372));
#5639=DIRECTION('center_axis',(0.,1.,0.));
#5640=DIRECTION('ref_axis',(0.,0.,1.));
#5641=DIRECTION('center_axis',(0.,1.,0.));
#5642=DIRECTION('ref_axis',(1.,0.,0.));
#5643=DIRECTION('center_axis',(-0.866025403784439,0.,-0.5));
#5644=DIRECTION('ref_axis',(-0.5,0.,0.866025403784439));
#5645=DIRECTION('',(0.5,0.,-0.866025403784439));
#5646=DIRECTION('',(0.,1.,0.));
#5647=DIRECTION('',(-0.5,0.,0.866025403784439));
#5648=DIRECTION('',(0.,1.,0.));
#5649=DIRECTION('center_axis',(0.499999999999999,0.,-0.866025403784439));
#5650=DIRECTION('ref_axis',(-0.866025403784439,0.,-0.499999999999999));
#5651=DIRECTION('',(0.866025403784439,0.,0.499999999999999));
#5652=DIRECTION('',(-0.866025403784439,0.,-0.499999999999999));
#5653=DIRECTION('',(0.,1.,0.));
#5654=DIRECTION('center_axis',(0.866025403784448,0.,0.499999999999985));
#5655=DIRECTION('ref_axis',(0.499999999999985,0.,-0.866025403784448));
#5656=DIRECTION('',(-0.499999999999985,0.,0.866025403784448));
#5657=DIRECTION('',(0.499999999999985,0.,-0.866025403784448));
#5658=DIRECTION('',(0.,1.,0.));
#5659=DIRECTION('center_axis',(-0.500000000000121,0.,0.866025403784369));
#5660=DIRECTION('ref_axis',(0.866025403784369,0.,0.500000000000121));
#5661=DIRECTION('',(-0.866025403784369,0.,-0.500000000000121));
#5662=DIRECTION('',(0.866025403784369,0.,0.500000000000121));
#5663=DIRECTION('center_axis',(0.,1.,0.));
#5664=DIRECTION('ref_axis',(0.,0.,1.));
#5665=DIRECTION('center_axis',(0.,1.,0.));
#5666=DIRECTION('ref_axis',(1.,0.,0.));
#5667=DIRECTION('center_axis',(-0.866025403789506,0.,0.499999999991224));
#5668=DIRECTION('ref_axis',(0.499999999991224,0.,0.866025403789506));
#5669=DIRECTION('',(0.499999999991224,0.,0.866025403789506));
#5670=DIRECTION('',(0.,1.,0.));
#5671=DIRECTION('',(0.499999999991224,0.,0.866025403789506));
#5672=DIRECTION('',(0.,1.,0.));
#5673=DIRECTION('center_axis',(-0.499999999991216,0.,-0.86602540378951));
#5674=DIRECTION('ref_axis',(-0.86602540378951,0.,0.499999999991216));
#5675=DIRECTION('',(-0.86602540378951,0.,0.499999999991216));
#5676=DIRECTION('',(-0.86602540378951,0.,0.499999999991216));
#5677=DIRECTION('',(0.,1.,0.));
#5678=DIRECTION('center_axis',(0.866025403785631,0.,-0.499999999997934));
#5679=DIRECTION('ref_axis',(-0.499999999997934,0.,-0.866025403785631));
#5680=DIRECTION('',(-0.499999999997934,0.,-0.866025403785631));
#5681=DIRECTION('',(-0.499999999997934,0.,-0.866025403785631));
#5682=DIRECTION('',(0.,1.,0.));
#5683=DIRECTION('center_axis',(0.499999999991356,0.,0.866025403789429));
#5684=DIRECTION('ref_axis',(0.866025403789429,0.,-0.499999999991356));
#5685=DIRECTION('',(0.866025403789429,0.,-0.499999999991356));
#5686=DIRECTION('',(0.866025403789429,0.,-0.499999999991356));
#5687=DIRECTION('center_axis',(0.,1.,0.));
#5688=DIRECTION('ref_axis',(0.,0.,1.));
#5689=DIRECTION('center_axis',(0.,1.,0.));
#5690=DIRECTION('ref_axis',(1.,0.,0.));
#5691=DIRECTION('center_axis',(0.86602540378444,0.,-0.499999999999998));
#5692=DIRECTION('ref_axis',(-0.499999999999998,0.,-0.86602540378444));
#5693=DIRECTION('',(0.499999999999998,0.,0.86602540378444));
#5694=DIRECTION('',(0.,1.,0.));
#5695=DIRECTION('',(-0.499999999999998,0.,-0.86602540378444));
#5696=DIRECTION('',(0.,1.,0.));
#5697=DIRECTION('center_axis',(0.499999999999997,0.,0.86602540378444));
#5698=DIRECTION('ref_axis',(0.86602540378444,0.,-0.499999999999997));
#5699=DIRECTION('',(-0.86602540378444,0.,0.499999999999997));
#5700=DIRECTION('',(0.86602540378444,0.,-0.499999999999997));
#5701=DIRECTION('',(0.,1.,0.));
#5702=DIRECTION('center_axis',(-0.866025403784436,0.,0.500000000000005));
#5703=DIRECTION('ref_axis',(0.500000000000005,0.,0.866025403784436));
#5704=DIRECTION('',(-0.500000000000005,0.,-0.866025403784435));
#5705=DIRECTION('',(0.500000000000005,0.,0.866025403784435));
#5706=DIRECTION('',(0.,1.,0.));
#5707=DIRECTION('center_axis',(-0.499999999999907,0.,-0.866025403784492));
#5708=DIRECTION('ref_axis',(-0.866025403784492,0.,0.499999999999907));
#5709=DIRECTION('',(0.866025403784492,0.,-0.499999999999907));
#5710=DIRECTION('',(-0.866025403784492,0.,0.499999999999907));
#5711=DIRECTION('center_axis',(0.,1.,0.));
#5712=DIRECTION('ref_axis',(0.,0.,1.));
#5713=DIRECTION('center_axis',(0.,1.,0.));
#5714=DIRECTION('ref_axis',(1.,0.,0.));
#5715=DIRECTION('center_axis',(1.01361227104052E-11,0.,-1.));
#5716=DIRECTION('ref_axis',(-1.,0.,-1.01361227104052E-11));
#5717=DIRECTION('',(-1.,0.,-1.01361227104052E-11));
#5718=DIRECTION('',(0.,1.,0.));
#5719=DIRECTION('',(-1.,0.,-1.01361227104052E-11));
#5720=DIRECTION('',(0.,1.,0.));
#5721=DIRECTION('center_axis',(1.,0.,1.0142680346397E-11));
#5722=DIRECTION('ref_axis',(1.0142680346397E-11,0.,-1.));
#5723=DIRECTION('',(1.0142680346397E-11,0.,-1.));
#5724=DIRECTION('',(1.0142680346397E-11,0.,-1.));
#5725=DIRECTION('',(0.,1.,0.));
#5726=DIRECTION('center_axis',(-6.2610173456485E-12,0.,1.));
#5727=DIRECTION('ref_axis',(1.,0.,6.2610173456485E-12));
#5728=DIRECTION('',(1.,0.,6.2610173456485E-12));
#5729=DIRECTION('',(1.,0.,6.2610173456485E-12));
#5730=DIRECTION('',(0.,1.,0.));
#5731=DIRECTION('center_axis',(-1.,0.,0.));
#5732=DIRECTION('ref_axis',(0.,0.,1.));
#5733=DIRECTION('',(0.,0.,1.));
#5734=DIRECTION('',(0.,0.,1.));
#5735=DIRECTION('center_axis',(0.,1.,0.));
#5736=DIRECTION('ref_axis',(0.,0.,1.));
#5737=DIRECTION('center_axis',(0.,1.,0.));
#5738=DIRECTION('ref_axis',(1.,0.,0.));
#5739=DIRECTION('center_axis',(0.,0.,1.));
#5740=DIRECTION('ref_axis',(1.,0.,0.));
#5741=DIRECTION('',(-1.,0.,0.));
#5742=DIRECTION('',(0.,1.,0.));
#5743=DIRECTION('',(1.,0.,0.));
#5744=DIRECTION('',(0.,1.,0.));
#5745=DIRECTION('center_axis',(-1.,0.,0.));
#5746=DIRECTION('ref_axis',(0.,0.,1.));
#5747=DIRECTION('',(0.,0.,-1.));
#5748=DIRECTION('',(0.,0.,1.));
#5749=DIRECTION('',(0.,1.,0.));
#5750=DIRECTION('center_axis',(-5.33761069531601E-15,0.,-1.));
#5751=DIRECTION('ref_axis',(-1.,0.,5.33761069531601E-15));
#5752=DIRECTION('',(1.,0.,-5.33761069531601E-15));
#5753=DIRECTION('',(-1.,0.,5.33761069531601E-15));
#5754=DIRECTION('',(0.,1.,0.));
#5755=DIRECTION('center_axis',(1.,0.,1.50673124770556E-13));
#5756=DIRECTION('ref_axis',(1.50673124770556E-13,0.,-1.));
#5757=DIRECTION('',(-1.50673124770556E-13,0.,1.));
#5758=DIRECTION('',(1.50673124770556E-13,0.,-1.));
#5759=DIRECTION('center_axis',(0.,1.,0.));
#5760=DIRECTION('ref_axis',(0.,0.,1.));
#5761=DIRECTION('center_axis',(0.,1.,0.));
#5762=DIRECTION('ref_axis',(1.,0.,0.));
#5763=DIRECTION('center_axis',(-2.39124959149971E-12,0.,-1.));
#5764=DIRECTION('ref_axis',(-1.,0.,2.39124959149971E-12));
#5765=DIRECTION('',(1.,0.,-2.39124959149971E-12));
#5766=DIRECTION('',(0.,1.,0.));
#5767=DIRECTION('',(-1.,0.,2.39124959149971E-12));
#5768=DIRECTION('',(0.,1.,0.));
#5769=DIRECTION('center_axis',(0.866025403778177,0.,0.500000000010846));
#5770=DIRECTION('ref_axis',(0.500000000010846,0.,-0.866025403778177));
#5771=DIRECTION('',(0.500000000010846,0.,-0.866025403778177));
#5772=DIRECTION('',(0.500000000010846,0.,-0.866025403778177));
#5773=DIRECTION('',(0.,1.,0.));
#5774=DIRECTION('center_axis',(-0.500000000010818,0.,0.866025403778193));
#5775=DIRECTION('ref_axis',(0.866025403778193,0.,0.500000000010818));
#5776=DIRECTION('',(-0.866025403778193,0.,-0.500000000010818));
#5777=DIRECTION('',(0.866025403778193,0.,0.500000000010818));
#5778=DIRECTION('',(0.,1.,0.));
#5779=DIRECTION('center_axis',(-7.69744163899402E-12,0.,1.));
#5780=DIRECTION('ref_axis',(1.,0.,7.69744163899402E-12));
#5781=DIRECTION('',(-1.,0.,-7.69744163899402E-12));
#5782=DIRECTION('',(1.,0.,7.69744163899402E-12));
#5783=DIRECTION('',(0.,1.,0.));
#5784=DIRECTION('center_axis',(0.,1.,0.));
#5785=DIRECTION('ref_axis',(-0.866025403783379,0.,-0.500000000001836));
#5786=DIRECTION('center_axis',(0.,1.,0.));
#5787=DIRECTION('ref_axis',(-0.866025403783379,0.,-0.500000000001836));
#5788=DIRECTION('center_axis',(0.,1.,0.));
#5789=DIRECTION('ref_axis',(-0.866025403783379,0.,-0.500000000001836));
#5790=DIRECTION('',(0.,1.,0.));
#5791=DIRECTION('center_axis',(-0.866025403783208,0.,-0.500000000002131));
#5792=DIRECTION('ref_axis',(-0.500000000002131,0.,0.866025403783208));
#5793=DIRECTION('',(-0.500000000002131,0.,0.866025403783208));
#5794=DIRECTION('',(-0.500000000002131,0.,0.866025403783208));
#5795=DIRECTION('',(0.,1.,0.));
#5796=DIRECTION('center_axis',(-1.,0.,2.36558612972055E-12));
#5797=DIRECTION('ref_axis',(2.36558612972055E-12,0.,1.));
#5798=DIRECTION('',(2.36558612972055E-12,0.,1.));
#5799=DIRECTION('',(2.36558612972055E-12,0.,1.));
#5800=DIRECTION('center_axis',(0.,1.,0.));
#5801=DIRECTION('ref_axis',(1.,0.,0.));
#5802=DIRECTION('center_axis',(0.,1.,0.));
#5803=DIRECTION('ref_axis',(1.,0.,0.));
#5804=DIRECTION('center_axis',(1.,0.,1.01426803463972E-11));
#5805=DIRECTION('ref_axis',(1.01426803463972E-11,0.,-1.));
#5806=DIRECTION('',(1.01426803463972E-11,0.,-1.));
#5807=DIRECTION('',(0.,1.,0.));
#5808=DIRECTION('',(1.01426803463972E-11,0.,-1.));
#5809=DIRECTION('',(0.,1.,0.));
#5810=DIRECTION('center_axis',(-1.01201098783201E-11,0.,1.));
#5811=DIRECTION('ref_axis',(1.,0.,1.01201098783201E-11));
#5812=DIRECTION('',(1.,0.,1.01201098783201E-11));
#5813=DIRECTION('',(1.,0.,1.01201098783201E-11));
#5814=DIRECTION('',(0.,1.,0.));
#5815=DIRECTION('center_axis',(-1.,0.,-1.00633787017814E-11));
#5816=DIRECTION('ref_axis',(-1.00633787017814E-11,0.,1.));
#5817=DIRECTION('',(-1.00633787017814E-11,0.,1.));
#5818=DIRECTION('',(-1.00633787017814E-11,0.,1.));
#5819=DIRECTION('',(0.,1.,0.));
#5820=DIRECTION('center_axis',(1.01040970462336E-11,0.,-1.));
#5821=DIRECTION('ref_axis',(-1.,0.,-1.01040970462336E-11));
#5822=DIRECTION('',(-1.,0.,-1.01040970462336E-11));
#5823=DIRECTION('',(-1.,0.,-1.01040970462336E-11));
#5824=DIRECTION('center_axis',(0.,1.,0.));
#5825=DIRECTION('ref_axis',(0.,0.,1.));
#5826=DIRECTION('center_axis',(0.,1.,0.));
#5827=DIRECTION('ref_axis',(1.,0.,0.));
#5828=DIRECTION('center_axis',(-0.499999999999861,0.,-0.866025403784519));
#5829=DIRECTION('ref_axis',(-0.866025403784519,0.,0.499999999999861));
#5830=DIRECTION('',(0.866025403784519,0.,-0.499999999999861));
#5831=DIRECTION('',(0.,1.,0.));
#5832=DIRECTION('',(-0.866025403784519,0.,0.499999999999861));
#5833=DIRECTION('',(0.,1.,0.));
#5834=DIRECTION('center_axis',(0.866025403784438,0.,-0.5));
#5835=DIRECTION('ref_axis',(-0.5,0.,-0.866025403784438));
#5836=DIRECTION('',(0.5,0.,0.866025403784438));
#5837=DIRECTION('',(-0.5,0.,-0.866025403784438));
#5838=DIRECTION('',(0.,1.,0.));
#5839=DIRECTION('center_axis',(0.500000000000114,0.,0.866025403784373));
#5840=DIRECTION('ref_axis',(0.866025403784373,0.,-0.500000000000113));
#5841=DIRECTION('',(-0.866025403784373,0.,0.500000000000113));
#5842=DIRECTION('',(0.866025403784373,0.,-0.500000000000113));
#5843=DIRECTION('',(0.,1.,0.));
#5844=DIRECTION('center_axis',(-0.86602540378444,0.,0.499999999999998));
#5845=DIRECTION('ref_axis',(0.499999999999998,0.,0.86602540378444));
#5846=DIRECTION('',(-0.499999999999998,0.,-0.866025403784439));
#5847=DIRECTION('',(0.499999999999998,0.,0.866025403784439));
#5848=DIRECTION('center_axis',(0.,1.,0.));
#5849=DIRECTION('ref_axis',(0.,0.,1.));
#5850=DIRECTION('center_axis',(0.,1.,0.));
#5851=DIRECTION('ref_axis',(1.,0.,0.));
#5852=DIRECTION('center_axis',(-0.499999999991236,0.,-0.866025403789499));
#5853=DIRECTION('ref_axis',(-0.866025403789499,0.,0.499999999991236));
#5854=DIRECTION('',(-0.866025403789499,0.,0.499999999991236));
#5855=DIRECTION('',(0.,1.,0.));
#5856=DIRECTION('',(-0.866025403789499,0.,0.499999999991236));
#5857=DIRECTION('',(0.,1.,0.));
#5858=DIRECTION('center_axis',(0.866025403789504,0.,-0.499999999991227));
#5859=DIRECTION('ref_axis',(-0.499999999991227,0.,-0.866025403789504));
#5860=DIRECTION('',(-0.499999999991227,0.,-0.866025403789504));
#5861=DIRECTION('',(-0.499999999991227,0.,-0.866025403789504));
#5862=DIRECTION('',(0.,1.,0.));
#5863=DIRECTION('center_axis',(0.499999999991359,0.,0.866025403789428));
#5864=DIRECTION('ref_axis',(0.866025403789428,0.,-0.499999999991359));
#5865=DIRECTION('',(0.866025403789428,0.,-0.499999999991359));
#5866=DIRECTION('',(0.866025403789428,0.,-0.499999999991359));
#5867=DIRECTION('',(0.,1.,0.));
#5868=DIRECTION('center_axis',(-0.866025403789485,0.,0.499999999991259));
#5869=DIRECTION('ref_axis',(0.499999999991259,0.,0.866025403789485));
#5870=DIRECTION('',(0.499999999991259,0.,0.866025403789485));
#5871=DIRECTION('',(0.499999999991259,0.,0.866025403789485));
#5872=DIRECTION('center_axis',(0.,1.,0.));
#5873=DIRECTION('ref_axis',(0.,0.,1.));
#5874=DIRECTION('center_axis',(0.,1.,0.));
#5875=DIRECTION('ref_axis',(1.,0.,0.));
#5876=DIRECTION('center_axis',(-0.500000000000134,0.,0.866025403784361));
#5877=DIRECTION('ref_axis',(0.866025403784361,0.,0.500000000000134));
#5878=DIRECTION('',(-0.866025403784361,0.,-0.500000000000134));
#5879=DIRECTION('',(0.,1.,0.));
#5880=DIRECTION('',(0.866025403784361,0.,0.500000000000134));
#5881=DIRECTION('',(0.,1.,0.));
#5882=DIRECTION('center_axis',(-0.866025403784437,0.,-0.500000000000003));
#5883=DIRECTION('ref_axis',(-0.500000000000003,0.,0.866025403784437));
#5884=DIRECTION('',(0.500000000000003,0.,-0.866025403784437));
#5885=DIRECTION('',(-0.500000000000003,0.,0.866025403784437));
#5886=DIRECTION('',(0.,1.,0.));
#5887=DIRECTION('center_axis',(0.499999999999951,0.,-0.866025403784467));
#5888=DIRECTION('ref_axis',(-0.866025403784467,0.,-0.499999999999951));
#5889=DIRECTION('',(0.866025403784467,0.,0.499999999999951));
#5890=DIRECTION('',(-0.866025403784467,0.,-0.499999999999951));
#5891=DIRECTION('',(0.,1.,0.));
#5892=DIRECTION('center_axis',(0.866025403784423,0.,0.500000000000027));
#5893=DIRECTION('ref_axis',(0.500000000000027,0.,-0.866025403784423));
#5894=DIRECTION('',(-0.500000000000027,0.,0.866025403784423));
#5895=DIRECTION('',(0.500000000000027,0.,-0.866025403784423));
#5896=DIRECTION('center_axis',(0.,1.,0.));
#5897=DIRECTION('ref_axis',(0.,0.,1.));
#5898=DIRECTION('center_axis',(0.,1.,0.));
#5899=DIRECTION('ref_axis',(1.,0.,0.));
#5900=DIRECTION('center_axis',(0.500000000008638,0.,-0.866025403779452));
#5901=DIRECTION('ref_axis',(-0.866025403779451,0.,-0.500000000008638));
#5902=DIRECTION('',(-0.866025403779451,0.,-0.500000000008638));
#5903=DIRECTION('',(0.,1.,0.));
#5904=DIRECTION('',(-0.866025403779451,0.,-0.500000000008638));
#5905=DIRECTION('',(0.,1.,0.));
#5906=DIRECTION('center_axis',(0.866025403779368,0.,0.500000000008783));
#5907=DIRECTION('ref_axis',(0.500000000008783,0.,-0.866025403779368));
#5908=DIRECTION('',(0.500000000008783,0.,-0.866025403779368));
#5909=DIRECTION('',(0.500000000008783,0.,-0.866025403779368));
#5910=DIRECTION('',(0.,1.,0.));
#5911=DIRECTION('center_axis',(-0.500000000008774,0.,0.866025403779373));
#5912=DIRECTION('ref_axis',(0.866025403779373,0.,0.500000000008774));
#5913=DIRECTION('',(0.866025403779373,0.,0.500000000008774));
#5914=DIRECTION('',(0.866025403779373,0.,0.500000000008774));
#5915=DIRECTION('',(0.,1.,0.));
#5916=DIRECTION('center_axis',(-0.866025403779371,0.,-0.500000000008777));
#5917=DIRECTION('ref_axis',(-0.500000000008777,0.,0.866025403779371));
#5918=DIRECTION('',(-0.500000000008777,0.,0.866025403779371));
#5919=DIRECTION('',(-0.500000000008777,0.,0.866025403779371));
#5920=DIRECTION('center_axis',(0.,1.,0.));
#5921=DIRECTION('ref_axis',(0.,0.,1.));
#5922=DIRECTION('center_axis',(0.,1.,0.));
#5923=DIRECTION('ref_axis',(1.,0.,0.));
#5924=DIRECTION('center_axis',(-0.86602540378951,0.,0.499999999991217));
#5925=DIRECTION('ref_axis',(0.499999999991217,0.,0.86602540378951));
#5926=DIRECTION('',(0.499999999991217,0.,0.86602540378951));
#5927=DIRECTION('',(0.,1.,0.));
#5928=DIRECTION('',(0.499999999991217,0.,0.86602540378951));
#5929=DIRECTION('',(0.,1.,0.));
#5930=DIRECTION('center_axis',(-0.500000000005529,0.,-0.866025403781247));
#5931=DIRECTION('ref_axis',(-0.866025403781247,0.,0.500000000005529));
#5932=DIRECTION('',(0.866025403781247,0.,-0.500000000005529));
#5933=DIRECTION('',(-0.866025403781247,0.,0.500000000005529));
#5934=DIRECTION('',(0.,1.,0.));
#5935=DIRECTION('center_axis',(0.86602540378949,0.,-0.49999999999125));
#5936=DIRECTION('ref_axis',(-0.49999999999125,0.,-0.86602540378949));
#5937=DIRECTION('',(0.49999999999125,0.,0.86602540378949));
#5938=DIRECTION('',(-0.49999999999125,0.,-0.86602540378949));
#5939=DIRECTION('',(0.,1.,0.));
#5940=DIRECTION('center_axis',(0.500000000006451,0.,0.866025403780714));
#5941=DIRECTION('ref_axis',(0.866025403780714,0.,-0.500000000006451));
#5942=DIRECTION('',(0.866025403780714,0.,-0.500000000006451));
#5943=DIRECTION('',(0.866025403780714,0.,-0.500000000006451));
#5944=DIRECTION('center_axis',(0.,1.,0.));
#5945=DIRECTION('ref_axis',(0.,0.,1.));
#5946=DIRECTION('center_axis',(0.,1.,0.));
#5947=DIRECTION('ref_axis',(1.,0.,0.));
#5948=DIRECTION('center_axis',(1.,0.,1.76222672837814E-11));
#5949=DIRECTION('ref_axis',(1.76222672837814E-11,0.,-1.));
#5950=DIRECTION('',(-1.76222672837814E-11,0.,1.));
#5951=DIRECTION('',(0.,1.,0.));
#5952=DIRECTION('',(1.76222672837814E-11,0.,-1.));
#5953=DIRECTION('',(0.,1.,0.));
#5954=DIRECTION('center_axis',(-2.66880534765357E-14,0.,1.));
#5955=DIRECTION('ref_axis',(1.,0.,2.66880534765357E-14));
#5956=DIRECTION('',(1.,0.,2.66880534765357E-14));
#5957=DIRECTION('',(1.,0.,2.66880534765357E-14));
#5958=DIRECTION('',(0.,1.,0.));
#5959=DIRECTION('center_axis',(-1.,0.,-1.66432524346833E-11));
#5960=DIRECTION('ref_axis',(-1.66432524346833E-11,0.,1.));
#5961=DIRECTION('',(-1.66432524346833E-11,0.,1.));
#5962=DIRECTION('',(-1.66432524346833E-11,0.,1.));
#5963=DIRECTION('',(0.,1.,0.));
#5964=DIRECTION('center_axis',(0.,0.,-1.));
#5965=DIRECTION('ref_axis',(-1.,0.,0.));
#5966=DIRECTION('',(1.,0.,0.));
#5967=DIRECTION('',(-1.,0.,0.));
#5968=DIRECTION('center_axis',(0.,1.,0.));
#5969=DIRECTION('ref_axis',(0.,0.,1.));
#5970=DIRECTION('center_axis',(0.,1.,0.));
#5971=DIRECTION('ref_axis',(1.,0.,0.));
#5972=DIRECTION('center_axis',(-0.499999999988643,0.,-0.866025403790995));
#5973=DIRECTION('ref_axis',(-0.866025403790995,0.,0.499999999988643));
#5974=DIRECTION('',(0.866025403790995,0.,-0.499999999988643));
#5975=DIRECTION('',(0.,1.,0.));
#5976=DIRECTION('',(-0.866025403790995,0.,0.499999999988643));
#5977=DIRECTION('',(0.,1.,0.));
#5978=DIRECTION('center_axis',(0.866025403784452,0.,-0.499999999999978));
#5979=DIRECTION('ref_axis',(-0.499999999999978,0.,-0.866025403784452));
#5980=DIRECTION('',(-0.499999999999978,0.,-0.866025403784452));
#5981=DIRECTION('',(-0.499999999999978,0.,-0.866025403784452));
#5982=DIRECTION('',(0.,1.,0.));
#5983=DIRECTION('center_axis',(0.49999999998951,0.,0.866025403790495));
#5984=DIRECTION('ref_axis',(0.866025403790495,0.,-0.49999999998951));
#5985=DIRECTION('',(0.866025403790495,0.,-0.49999999998951));
#5986=DIRECTION('',(0.866025403790495,0.,-0.49999999998951));
#5987=DIRECTION('',(0.,1.,0.));
#5988=DIRECTION('center_axis',(-0.866025403784444,0.,0.49999999999999));
#5989=DIRECTION('ref_axis',(0.49999999999999,0.,0.866025403784444));
#5990=DIRECTION('',(-0.49999999999999,0.,-0.866025403784444));
#5991=DIRECTION('',(0.49999999999999,0.,0.866025403784444));
#5992=DIRECTION('center_axis',(0.,1.,0.));
#5993=DIRECTION('ref_axis',(0.,0.,1.));
#5994=DIRECTION('center_axis',(0.,1.,0.));
#5995=DIRECTION('ref_axis',(1.,0.,0.));
#5996=DIRECTION('center_axis',(-0.500000000011335,0.,0.866025403777894));
#5997=DIRECTION('ref_axis',(0.866025403777894,0.,0.500000000011335));
#5998=DIRECTION('',(-0.866025403777894,0.,-0.500000000011335));
#5999=DIRECTION('',(0.,1.,0.));
#6000=DIRECTION('',(0.866025403777894,0.,0.500000000011335));
#6001=DIRECTION('',(0.,1.,0.));
#6002=DIRECTION('center_axis',(-0.866025403784424,0.,-0.500000000000025));
#6003=DIRECTION('ref_axis',(-0.500000000000025,0.,0.866025403784424));
#6004=DIRECTION('',(-0.500000000000025,0.,0.866025403784424));
#6005=DIRECTION('',(-0.500000000000025,0.,0.866025403784424));
#6006=DIRECTION('',(0.,1.,0.));
#6007=DIRECTION('center_axis',(0.50000000001048,0.,-0.866025403778388));
#6008=DIRECTION('ref_axis',(-0.866025403778388,0.,-0.50000000001048));
#6009=DIRECTION('',(-0.866025403778388,0.,-0.50000000001048));
#6010=DIRECTION('',(-0.866025403778388,0.,-0.50000000001048));
#6011=DIRECTION('',(0.,1.,0.));
#6012=DIRECTION('center_axis',(0.866025403784439,0.,0.499999999999999));
#6013=DIRECTION('ref_axis',(0.499999999999999,0.,-0.866025403784439));
#6014=DIRECTION('',(-0.499999999999999,0.,0.866025403784439));
#6015=DIRECTION('',(0.499999999999999,0.,-0.866025403784439));
#6016=DIRECTION('center_axis',(0.,1.,0.));
#6017=DIRECTION('ref_axis',(0.,0.,1.));
#6018=DIRECTION('center_axis',(0.,1.,0.));
#6019=DIRECTION('ref_axis',(1.,0.,0.));
#6020=DIRECTION('center_axis',(0.86602540377937,0.,0.50000000000878));
#6021=DIRECTION('ref_axis',(0.50000000000878,0.,-0.86602540377937));
#6022=DIRECTION('',(0.50000000000878,0.,-0.86602540377937));
#6023=DIRECTION('',(0.,1.,0.));
#6024=DIRECTION('',(0.50000000000878,0.,-0.86602540377937));
#6025=DIRECTION('',(0.,1.,0.));
#6026=DIRECTION('center_axis',(-0.499999999994342,0.,0.866025403787705));
#6027=DIRECTION('ref_axis',(0.866025403787705,0.,0.499999999994342));
#6028=DIRECTION('',(-0.866025403787705,0.,-0.499999999994342));
#6029=DIRECTION('',(0.866025403787705,0.,0.499999999994342));
#6030=DIRECTION('',(0.,1.,0.));
#6031=DIRECTION('center_axis',(-0.866025403779387,0.,-0.50000000000875));
#6032=DIRECTION('ref_axis',(-0.50000000000875,0.,0.866025403779387));
#6033=DIRECTION('',(0.50000000000875,0.,-0.866025403779387));
#6034=DIRECTION('',(-0.50000000000875,0.,0.866025403779387));
#6035=DIRECTION('',(0.,1.,0.));
#6036=DIRECTION('center_axis',(0.499999999993497,0.,-0.866025403788193));
#6037=DIRECTION('ref_axis',(-0.866025403788193,0.,-0.499999999993497));
#6038=DIRECTION('',(-0.866025403788193,0.,-0.499999999993497));
#6039=DIRECTION('',(-0.866025403788193,0.,-0.499999999993497));
#6040=DIRECTION('center_axis',(0.,1.,0.));
#6041=DIRECTION('ref_axis',(0.,0.,1.));
#6042=DIRECTION('center_axis',(0.,1.,0.));
#6043=DIRECTION('ref_axis',(1.,0.,0.));
#6044=DIRECTION('center_axis',(1.01094346569061E-11,0.,-1.));
#6045=DIRECTION('ref_axis',(-1.,0.,-1.01094346569061E-11));
#6046=DIRECTION('',(-1.,0.,-1.01094346569061E-11));
#6047=DIRECTION('',(0.,1.,0.));
#6048=DIRECTION('',(-1.,0.,-1.01094346569061E-11));
#6049=DIRECTION('',(0.,1.,0.));
#6050=DIRECTION('center_axis',(1.,0.,-1.91261148355392E-12));
#6051=DIRECTION('ref_axis',(-1.91261148355392E-12,0.,-1.));
#6052=DIRECTION('',(1.91261148355392E-12,0.,1.));
#6053=DIRECTION('',(-1.91261148355392E-12,0.,-1.));
#6054=DIRECTION('',(0.,1.,0.));
#6055=DIRECTION('center_axis',(-1.01040970462164E-11,0.,1.));
#6056=DIRECTION('ref_axis',(1.,0.,1.01040970462164E-11));
#6057=DIRECTION('',(-1.,0.,-1.01040970462164E-11));
#6058=DIRECTION('',(1.,0.,1.01040970462164E-11));
#6059=DIRECTION('',(0.,1.,0.));
#6060=DIRECTION('center_axis',(-1.,0.,2.96227688877609E-12));
#6061=DIRECTION('ref_axis',(2.96227688877609E-12,0.,1.));
#6062=DIRECTION('',(2.96227688877609E-12,0.,1.));
#6063=DIRECTION('',(2.96227688877609E-12,0.,1.));
#6064=DIRECTION('center_axis',(0.,1.,0.));
#6065=DIRECTION('ref_axis',(0.,0.,1.));
#6066=DIRECTION('center_axis',(0.,1.,0.));
#6067=DIRECTION('ref_axis',(1.,0.,0.));
#6068=DIRECTION('',(0.866025403784439,-4.44089209850063E-16,-0.5));
#6069=DIRECTION('',(0.866025403784439,-4.44089209850063E-16,-0.5));
#6070=DIRECTION('center_axis',(-0.430370587960661,-0.509042854849746,-0.745423724431156));
#6071=DIRECTION('ref_axis',(-0.254521427424873,0.860741175921322,-0.440844043914835));
#6072=DIRECTION('',(0.5305728786162,-0.810753130633382,0.247329297991747));
#6073=DIRECTION('',(0.866025403784439,-4.44089209850063E-16,-0.5));
#6074=DIRECTION('',(-0.254521427424873,0.860741175921322,-0.440844043914835));
#6075=DIRECTION('center_axis',(0.435607315937747,-0.490902297006286,0.754494003352886));
#6076=DIRECTION('ref_axis',(-0.245451148503143,-0.871214631875494,-0.425133859983577));
#6077=DIRECTION('',(-0.0630883004190792,0.819487704510019,0.569613701123079));
#6078=DIRECTION('',(-0.245451148503143,-0.871214631875494,-0.425133859983577));
#6079=DIRECTION('',(0.866025403784439,-4.44089209850063E-16,-0.5));
#6080=DIRECTION('center_axis',(0.435607315936834,0.490902297009525,0.754494003351305));
#6081=DIRECTION('ref_axis',(0.245451148504762,-0.871214631873669,0.425133859986382));
#6082=DIRECTION('',(0.245451148504762,-0.871214631873669,0.425133859986382));
#6083=DIRECTION('',(0.866025403784439,-4.44089209850063E-16,-0.5));
#6084=DIRECTION('',(-0.866025403784439,4.33118913927558E-16,0.5));
#6085=DIRECTION('',(-0.524844085726837,0.8194877045085,-0.230170779720082));
#6086=DIRECTION('',(0.866025403784439,-4.44089209850063E-16,-0.5));
#6087=DIRECTION('',(-0.866025403784439,4.33118913927558E-16,0.5));
#6088=DIRECTION('center_axis',(-0.430370587961602,0.509042854846563,-0.745423724432786));
#6089=DIRECTION('ref_axis',(0.254521427423282,0.860741175923205,0.440844043912078));
#6090=DIRECTION('',(0.254521427423282,0.860741175923205,0.440844043912078));
#6091=DIRECTION('',(0.0510929841491987,-0.810753130634954,-0.583154240434167));
#6092=DIRECTION('center_axis',(0.866025403784439,-4.44089209850036E-16,
-0.5));
#6093=DIRECTION('ref_axis',(-3.8459253727669E-16,-1.,2.22044604925018E-16));
#6094=DIRECTION('center_axis',(0.736222351244147,-0.347120343113196,0.580933831796287));
#6095=DIRECTION('ref_axis',(0.28805667763227,-0.616041774068102,-0.733154747017629));
#6096=DIRECTION('',(0.612372435695793,0.707106781186549,-0.353553390593273));
#6097=DIRECTION('',(-0.478819277541311,0.339442921406044,0.809636092675066));
#6098=DIRECTION('',(0.612372435695793,0.707106781186549,-0.353553390593273));
#6099=DIRECTION('',(0.612372435695793,0.707106781186549,-0.353553390593273));
#6100=DIRECTION('center_axis',(-0.11864677506278,-0.359947654578814,-0.925397551720563));
#6101=DIRECTION('ref_axis',(-0.781615597827477,0.608635922340448,-0.136526082744609));
#6102=DIRECTION('',(0.941872754560835,-0.335824942444791,0.00986520389745293));
#6103=DIRECTION('',(0.612372435695793,0.707106781186549,-0.353553390593273));
#6104=DIRECTION('center_axis',(0.13499228062845,0.347120343115487,0.92805417490905));
#6105=DIRECTION('ref_axis',(0.778958974639057,-0.616041774066811,0.117112972952975));
#6106=DIRECTION('',(0.612372435695793,0.707106781186549,-0.353553390593273));
#6107=DIRECTION('',(0.612372435695793,0.707106781186549,-0.353553390593273));
#6108=DIRECTION('',(-0.612372435695793,-0.707106781186549,0.353553390593273));
#6109=DIRECTION('',(-0.940575062848298,0.339442921405415,0.00985161183145888));
#6110=DIRECTION('',(0.612372435695793,0.707106781186549,-0.353553390593273));
#6111=DIRECTION('',(0.612372435695793,0.707106781186549,-0.353553390593273));
#6112=DIRECTION('',(-0.612372435695793,-0.707106781186549,0.353553390593273));
#6113=DIRECTION('center_axis',(-0.742094400857534,0.359947654576563,-0.565449897144504));
#6114=DIRECTION('ref_axis',(-0.272572742980476,0.608635922341779,0.745162005082969));
#6115=DIRECTION('',(0.462392860094631,-0.335824942445443,-0.820618334528922));
#6116=DIRECTION('center_axis',(0.860741175921324,0.,0.509042854849743));
#6117=DIRECTION('ref_axis',(0.509042854849743,0.,-0.860741175921324));
#6118=DIRECTION('',(0.,1.,0.));
#6119=DIRECTION('',(0.509042854849743,0.,-0.860741175921324));
#6120=DIRECTION('',(0.,1.,0.));
#6121=DIRECTION('center_axis',(0.0104734559504519,0.,0.999945151856068));
#6122=DIRECTION('ref_axis',(0.999945151856068,0.,-0.0104734559504519));
#6123=DIRECTION('',(0.999945151856068,0.,-0.0104734559504519));
#6124=DIRECTION('',(0.,1.,0.));
#6125=DIRECTION('',(0.,1.,0.));
#6126=DIRECTION('center_axis',(-0.87121463187368,0.,-0.490902297009505));
#6127=DIRECTION('ref_axis',(-0.490902297009505,0.,0.87121463187368));
#6128=DIRECTION('',(-0.490902297009505,0.,0.87121463187368));
#6129=DIRECTION('',(0.,1.,0.));
#6130=DIRECTION('center_axis',(0.0104734559541738,0.,-0.999945151856029));
#6131=DIRECTION('ref_axis',(-0.999945151856029,0.,-0.0104734559541738));
#6132=DIRECTION('',(0.,1.,0.));
#6133=DIRECTION('',(-0.999945151856029,0.,-0.0104734559541738));
#6134=DIRECTION('',(0.683445622768264,-0.236537640444404,0.690617133708608));
#6135=DIRECTION('',(-0.499999999999817,0.,-0.866025403784545));
#6136=DIRECTION('',(-0.255251002185217,-0.237804117629567,-0.937174544853767));
#6137=DIRECTION('',(-0.483964274097491,-0.269059622659818,-0.832697724778592));
#6138=DIRECTION('',(-0.685421018689078,-0.237937798582039,-0.688174128506122));
#6139=DIRECTION('',(0.499999999999818,0.,0.866025403784544));
#6140=DIRECTION('',(0.256369170701566,-0.236537640443921,0.937189838275583));
#6141=DIRECTION('',(0.481963106341518,-0.266169601058891,0.834784587542071));
#6142=DIRECTION('center_axis',(0.,1.,0.));
#6143=DIRECTION('ref_axis',(0.866025403784439,0.,-0.5));
#6144=DIRECTION('',(-0.499999999999817,0.,-0.866025403784545));
#6145=DIRECTION('',(-0.866025403784439,0.,0.5));
#6146=DIRECTION('',(0.499999999999818,0.,0.866025403784544));
#6147=DIRECTION('center_axis',(0.500000000000002,0.,0.866025403784437));
#6148=DIRECTION('ref_axis',(0.866025403784437,0.,-0.500000000000002));
#6149=DIRECTION('',(-0.866025403784437,0.,0.500000000000002));
#6150=DIRECTION('',(0.,1.,0.));
#6151=DIRECTION('',(0.866025403784437,0.,-0.500000000000002));
#6152=DIRECTION('',(0.,1.,0.));
#6153=DIRECTION('center_axis',(-0.866025403784544,0.,0.499999999999818));
#6154=DIRECTION('ref_axis',(0.499999999999818,0.,0.866025403784544));
#6155=DIRECTION('',(-0.499999999999818,0.,-0.866025403784544));
#6156=DIRECTION('',(0.499999999999818,0.,0.866025403784544));
#6157=DIRECTION('',(0.,1.,0.));
#6158=DIRECTION('center_axis',(-0.5,0.,-0.866025403784439));
#6159=DIRECTION('ref_axis',(-0.866025403784439,0.,0.5));
#6160=DIRECTION('',(0.866025403784439,0.,-0.5));
#6161=DIRECTION('',(0.,1.,0.));
#6162=DIRECTION('center_axis',(0.866025403784545,0.,-0.499999999999817));
#6163=DIRECTION('ref_axis',(-0.499999999999817,0.,-0.866025403784545));
#6164=DIRECTION('',(0.499999999999817,0.,0.866025403784545));
#6165=DIRECTION('',(-0.499999999999817,0.,-0.866025403784545));
#6166=DIRECTION('center_axis',(0.,1.,0.));
#6167=DIRECTION('ref_axis',(0.866025403784439,0.,-0.5));
#6168=DIRECTION('center_axis',(0.,1.,0.));
#6169=DIRECTION('ref_axis',(-0.5,0.,-0.866025403784439));
#6170=DIRECTION('',(-0.866025403784438,-4.44089209850063E-16,-0.5));
#6171=DIRECTION('',(-0.866025403784438,-4.44089209850063E-16,-0.5));
#6172=DIRECTION('center_axis',(-0.430370587960661,-0.509042854849746,0.745423724431155));
#6173=DIRECTION('ref_axis',(-0.254521427424874,0.860741175921322,0.440844043914834));
#6174=DIRECTION('',(-0.0510929841470754,-0.810753130633381,-0.58315424043654));
#6175=DIRECTION('',(-0.866025403784438,-4.44089209850063E-16,-0.5));
#6176=DIRECTION('',(-0.254521427424874,0.860741175921322,0.440844043914834));
#6177=DIRECTION('center_axis',(0.435607315937748,-0.490902297006286,-0.754494003352886));
#6178=DIRECTION('ref_axis',(-0.245451148503143,-0.871214631875494,0.425133859983577));
#6179=DIRECTION('',(0.524844085725802,0.819487704510019,-0.230170779717032));
#6180=DIRECTION('',(-0.245451148503143,-0.871214631875494,0.425133859983577));
#6181=DIRECTION('',(-0.866025403784438,-4.44089209850063E-16,-0.5));
#6182=DIRECTION('center_axis',(0.435607315936835,0.490902297009525,-0.754494003351305));
#6183=DIRECTION('ref_axis',(0.245451148504763,-0.871214631873669,-0.425133859986382));
#6184=DIRECTION('',(0.245451148504763,-0.871214631873669,-0.425133859986382));
#6185=DIRECTION('',(-0.866025403784438,-4.44089209850063E-16,-0.5));
#6186=DIRECTION('',(0.866025403784438,4.33118913927558E-16,0.5));
#6187=DIRECTION('',(0.0630883004169547,0.8194877045085,0.569613701125499));
#6188=DIRECTION('',(-0.866025403784438,-4.44089209850063E-16,-0.5));
#6189=DIRECTION('',(0.866025403784438,4.33118913927558E-16,0.5));
#6190=DIRECTION('center_axis',(-0.430370587961603,0.509042854846563,0.745423724432786));
#6191=DIRECTION('ref_axis',(0.254521427423281,0.860741175923205,-0.440844043912078));
#6192=DIRECTION('',(0.254521427423281,0.860741175923205,-0.440844043912078));
#6193=DIRECTION('',(-0.530572878615206,-0.810753130634955,0.247329297988721));
#6194=DIRECTION('center_axis',(-0.866025403784438,-4.44089209850036E-16,
-0.5));
#6195=DIRECTION('ref_axis',(3.8459253727669E-16,-1.,2.22044604925018E-16));
#6196=DIRECTION('center_axis',(0.134992280631347,-0.347120343113196,-0.928054174909485));
#6197=DIRECTION('ref_axis',(-0.778958974638556,-0.616041774068102,0.117112972949524));
#6198=DIRECTION('',(-0.612372435695793,0.707106781186549,-0.353553390593273));
#6199=DIRECTION('',(0.940575062848034,0.339442921406044,0.00985161183495442));
#6200=DIRECTION('',(-0.612372435695793,0.707106781186549,-0.353553390593273));
#6201=DIRECTION('',(-0.612372435695793,0.707106781186549,-0.353553390593273));
#6202=DIRECTION('center_axis',(-0.742094400858542,-0.359947654578814,0.565449897141747));
#6203=DIRECTION('ref_axis',(0.27257274297773,0.608635922340448,0.745162005085061));
#6204=DIRECTION('',(-0.46239286009171,-0.335824942444791,-0.820618334530835));
#6205=DIRECTION('',(-0.612372435695793,0.707106781186549,-0.353553390593273));
#6206=DIRECTION('center_axis',(0.736222351245219,0.347120343115487,-0.58093383179356));
#6207=DIRECTION('ref_axis',(-0.288056677629532,-0.616041774066811,-0.73315474701979));
#6208=DIRECTION('',(-0.612372435695793,0.707106781186549,-0.353553390593273));
#6209=DIRECTION('',(-0.612372435695793,0.707106781186549,-0.353553390593273));
#6210=DIRECTION('',(0.612372435695793,-0.707106781186549,0.353553390593273));
#6211=DIRECTION('',(0.478819277538415,0.339442921405415,0.809636092677042));
#6212=DIRECTION('',(-0.612372435695793,0.707106781186549,-0.353553390593273));
#6213=DIRECTION('',(-0.612372435695793,0.707106781186549,-0.353553390593273));
#6214=DIRECTION('',(0.612372435695793,-0.707106781186549,0.353553390593273));
#6215=DIRECTION('center_axis',(-0.118646775065672,0.359947654576563,0.925397551721068));
#6216=DIRECTION('ref_axis',(0.781615597827038,0.608635922341779,-0.136526082741186));
#6217=DIRECTION('',(-0.941872754560639,-0.335824942445443,0.00986520389396645));
#6218=DIRECTION('center_axis',(0.0104734559541706,0.,-0.999945151856029));
#6219=DIRECTION('ref_axis',(-0.999945151856029,0.,-0.0104734559541706));
#6220=DIRECTION('',(0.,1.,0.));
#6221=DIRECTION('',(-0.999945151856029,0.,-0.0104734559541706));
#6222=DIRECTION('',(0.,1.,0.));
#6223=DIRECTION('center_axis',(0.860741175923217,0.,-0.509042854846542));
#6224=DIRECTION('ref_axis',(-0.509042854846542,0.,-0.860741175923217));
#6225=DIRECTION('',(-0.509042854846542,0.,-0.860741175923217));
#6226=DIRECTION('',(0.,1.,0.));
#6227=DIRECTION('',(0.,1.,0.));
#6228=DIRECTION('center_axis',(0.010473455950475,0.,0.999945151856067));
#6229=DIRECTION('ref_axis',(0.999945151856067,0.,-0.010473455950475));
#6230=DIRECTION('',(0.999945151856067,0.,-0.010473455950475));
#6231=DIRECTION('',(0.,1.,0.));
#6232=DIRECTION('center_axis',(-0.871214631875496,0.,0.490902297006282));
#6233=DIRECTION('ref_axis',(0.490902297006282,0.,0.871214631875496));
#6234=DIRECTION('',(0.,1.,0.));
#6235=DIRECTION('',(0.490902297006282,0.,0.871214631875496));
#6236=DIRECTION('',(0.256369170696317,-0.236537640444404,-0.937189838276897));
#6237=DIRECTION('',(-0.500000000000184,0.,0.866025403784333));
#6238=DIRECTION('',(-0.683991462530873,-0.237804117629567,0.689641124660718));
#6239=DIRECTION('',(-0.479155246283018,-0.269059622659818,0.835474218281819));
#6240=DIRECTION('',(-0.25326576816898,-0.237937798582039,0.937679078725611));
#6241=DIRECTION('',(0.500000000000182,0.,-0.866025403784333));
#6242=DIRECTION('',(0.683445622764502,-0.236537640443921,-0.690617133712497));
#6243=DIRECTION('',(0.48196310632839,-0.266169601058891,-0.83478458754965));
#6244=DIRECTION('center_axis',(0.,1.,0.));
#6245=DIRECTION('ref_axis',(-0.866025403784438,0.,-0.5));
#6246=DIRECTION('',(-0.500000000000184,0.,0.866025403784333));
#6247=DIRECTION('',(0.866025403784438,0.,0.5));
#6248=DIRECTION('',(0.500000000000182,0.,-0.866025403784333));
#6249=DIRECTION('center_axis',(0.499999999999998,0.,-0.86602540378444));
#6250=DIRECTION('ref_axis',(-0.86602540378444,0.,-0.499999999999998));
#6251=DIRECTION('',(0.86602540378444,0.,0.499999999999998));
#6252=DIRECTION('',(0.,1.,0.));
#6253=DIRECTION('',(-0.86602540378444,0.,-0.499999999999998));
#6254=DIRECTION('',(0.,1.,0.));
#6255=DIRECTION('center_axis',(0.866025403784333,0.,0.500000000000182));
#6256=DIRECTION('ref_axis',(0.500000000000182,0.,-0.866025403784333));
#6257=DIRECTION('',(-0.500000000000182,0.,0.866025403784333));
#6258=DIRECTION('',(0.500000000000182,0.,-0.866025403784333));
#6259=DIRECTION('',(0.,1.,0.));
#6260=DIRECTION('center_axis',(-0.5,0.,0.866025403784438));
#6261=DIRECTION('ref_axis',(0.866025403784438,0.,0.5));
#6262=DIRECTION('',(-0.866025403784438,0.,-0.5));
#6263=DIRECTION('',(0.,1.,0.));
#6264=DIRECTION('center_axis',(-0.866025403784333,0.,-0.500000000000184));
#6265=DIRECTION('ref_axis',(-0.500000000000184,0.,0.866025403784333));
#6266=DIRECTION('',(0.500000000000184,0.,-0.866025403784333));
#6267=DIRECTION('',(-0.500000000000184,0.,0.866025403784333));
#6268=DIRECTION('center_axis',(0.,1.,0.));
#6269=DIRECTION('ref_axis',(-0.866025403784438,0.,-0.5));
#6270=DIRECTION('center_axis',(0.,1.,0.));
#6271=DIRECTION('ref_axis',(-0.5,0.,0.866025403784438));
#6272=CARTESIAN_POINT('',(0.,0.,0.));
#6273=CARTESIAN_POINT('Origin',(2.85908965343725,0.03,-2.36196152422444));
#6274=CARTESIAN_POINT('',(2.85908965343725,0.03,-2.36196152422444));
#6275=CARTESIAN_POINT('',(2.91108965343813,0.03,-2.45202816621745));
#6276=CARTESIAN_POINT('',(2.85908965343725,0.03,-2.36196152422444));
#6277=CARTESIAN_POINT('',(2.91108965343813,0.04,-2.45202816621745));
#6278=CARTESIAN_POINT('',(2.91108965343813,0.03,-2.45202816621745));
#6279=CARTESIAN_POINT('',(2.85908965343725,0.04,-2.36196152422444));
#6280=CARTESIAN_POINT('',(2.85908965343725,0.04,-2.36196152422444));
#6281=CARTESIAN_POINT('',(2.85908965343725,0.03,-2.36196152422444));
#6282=CARTESIAN_POINT('Origin',(2.79846787517269,0.03,-2.39696152422505));
#6283=CARTESIAN_POINT('',(2.79846787517269,0.03,-2.39696152422505));
#6284=CARTESIAN_POINT('',(2.79846787517269,0.03,-2.39696152422505));
#6285=CARTESIAN_POINT('',(2.79846787517269,0.04,-2.39696152422505));
#6286=CARTESIAN_POINT('',(2.79846787517269,0.04,-2.39696152422505));
#6287=CARTESIAN_POINT('',(2.79846787517269,0.03,-2.39696152422505));
#6288=CARTESIAN_POINT('Origin',(2.85046787517357,0.03,-2.48702816621805));
#6289=CARTESIAN_POINT('',(2.85046787517357,0.03,-2.48702816621805));
#6290=CARTESIAN_POINT('',(2.85046787517357,0.03,-2.48702816621805));
#6291=CARTESIAN_POINT('',(2.85046787517357,0.04,-2.48702816621805));
#6292=CARTESIAN_POINT('',(2.85046787517357,0.04,-2.48702816621805));
#6293=CARTESIAN_POINT('',(2.85046787517357,0.03,-2.48702816621805));
#6294=CARTESIAN_POINT('Origin',(2.91108965343813,0.03,-2.45202816621745));
#6295=CARTESIAN_POINT('',(2.91108965343813,0.03,-2.45202816621745));
#6296=CARTESIAN_POINT('',(2.91108965343813,0.04,-2.45202816621745));
#6297=CARTESIAN_POINT('Origin',(2.85477876430541,0.04,-2.42449484522124));
#6298=CARTESIAN_POINT('Origin',(2.85477876430541,0.03,-2.42449484522124));
#6299=CARTESIAN_POINT('Origin',(2.49999999999888,0.03,-2.310629111705));
#6300=CARTESIAN_POINT('',(2.55199999999868,0.03,-2.40069575369873));
#6301=CARTESIAN_POINT('',(2.49999999999888,0.03,-2.310629111705));
#6302=CARTESIAN_POINT('',(2.55199999999868,0.03,-2.40069575369873));
#6303=CARTESIAN_POINT('',(2.55199999999868,0.04,-2.40069575369873));
#6304=CARTESIAN_POINT('',(2.55199999999868,0.03,-2.40069575369873));
#6305=CARTESIAN_POINT('',(2.49999999999888,0.04,-2.310629111705));
#6306=CARTESIAN_POINT('',(2.55199999999868,0.04,-2.40069575369873));
#6307=CARTESIAN_POINT('',(2.49999999999888,0.03,-2.310629111705));
#6308=CARTESIAN_POINT('Origin',(2.44799999999999,0.03,-2.40069575369926));
#6309=CARTESIAN_POINT('',(2.44799999999999,0.03,-2.40069575369926));
#6310=CARTESIAN_POINT('',(2.44799999999999,0.03,-2.40069575369926));
#6311=CARTESIAN_POINT('',(2.44799999999999,0.04,-2.40069575369926));
#6312=CARTESIAN_POINT('',(2.44799999999999,0.04,-2.40069575369926));
#6313=CARTESIAN_POINT('',(2.44799999999999,0.03,-2.40069575369926));
#6314=CARTESIAN_POINT('Origin',(2.46303847577223,0.03,-2.40937822173431));
#6315=CARTESIAN_POINT('',(2.46303847577223,0.03,-2.40937822173431));
#6316=CARTESIAN_POINT('',(2.44799999999999,0.03,-2.40069575369926));
#6317=CARTESIAN_POINT('',(2.46303847577223,0.04,-2.40937822173431));
#6318=CARTESIAN_POINT('',(2.44799999999999,0.04,-2.40069575369926));
#6319=CARTESIAN_POINT('',(2.46303847577223,0.03,-2.40937822173431));
#6320=CARTESIAN_POINT('Origin',(2.49740192378858,0.03,-2.46889745962083));
#6321=CARTESIAN_POINT('',(2.49740192378858,0.03,-2.46889745962083));
#6322=CARTESIAN_POINT('',(2.46303847577223,0.03,-2.40937822173431));
#6323=CARTESIAN_POINT('',(2.49740192378858,0.04,-2.46889745962083));
#6324=CARTESIAN_POINT('',(2.46303847577223,0.04,-2.40937822173431));
#6325=CARTESIAN_POINT('',(2.49740192378858,0.03,-2.46889745962083));
#6326=CARTESIAN_POINT('Origin',(2.49999999999992,0.03,-2.46739745962081));
#6327=CARTESIAN_POINT('',(2.50259807621128,0.03,-2.4688974596208));
#6328=CARTESIAN_POINT('Origin',(2.49999999999992,0.03,-2.46739745962081));
#6329=CARTESIAN_POINT('',(2.50259807621128,0.04,-2.4688974596208));
#6330=CARTESIAN_POINT('Origin',(2.49999999999992,0.04,-2.46739745962081));
#6331=CARTESIAN_POINT('',(2.50259807621128,0.03,-2.4688974596208));
#6332=CARTESIAN_POINT('Origin',(2.5370571644589,0.03,-2.40932300382032));
#6333=CARTESIAN_POINT('',(2.5370571644589,0.03,-2.40932300382032));
#6334=CARTESIAN_POINT('',(2.5370571644589,0.03,-2.40932300382032));
#6335=CARTESIAN_POINT('',(2.5370571644589,0.04,-2.40932300382032));
#6336=CARTESIAN_POINT('',(2.5370571644589,0.04,-2.40932300382032));
#6337=CARTESIAN_POINT('',(2.5370571644589,0.03,-2.40932300382032));
#6338=CARTESIAN_POINT('Origin',(2.55199999999868,0.03,-2.40069575369873));
#6339=CARTESIAN_POINT('',(2.55199999999868,0.03,-2.40069575369873));
#6340=CARTESIAN_POINT('',(2.55199999999868,0.04,-2.40069575369873));
#6341=CARTESIAN_POINT('Origin',(2.49999999999943,0.04,-2.37543464669961));
#6342=CARTESIAN_POINT('Origin',(2.49999999999943,0.03,-2.37543464669961));
#6343=CARTESIAN_POINT('Origin',(2.08025009252356,0.03,-2.44702816622153));
#6344=CARTESIAN_POINT('',(1.99364755214511,0.03,-2.39702816622153));
#6345=CARTESIAN_POINT('',(2.08025009252356,0.03,-2.44702816622153));
#6346=CARTESIAN_POINT('',(1.99364755214511,0.03,-2.39702816622153));
#6347=CARTESIAN_POINT('',(1.99364755214511,0.04,-2.39702816622153));
#6348=CARTESIAN_POINT('',(1.99364755214511,0.03,-2.39702816622153));
#6349=CARTESIAN_POINT('',(2.08025009252356,0.04,-2.44702816622153));
#6350=CARTESIAN_POINT('',(1.99364755214511,0.04,-2.39702816622153));
#6351=CARTESIAN_POINT('',(2.08025009252356,0.03,-2.44702816622153));
#6352=CARTESIAN_POINT('Origin',(2.24425009252263,0.03,-2.1629718337817));
#6353=CARTESIAN_POINT('',(2.24425009252263,0.03,-2.1629718337817));
#6354=CARTESIAN_POINT('',(2.08025009252356,0.03,-2.44702816622153));
#6355=CARTESIAN_POINT('',(2.24425009252263,0.04,-2.1629718337817));
#6356=CARTESIAN_POINT('',(2.08025009252356,0.04,-2.44702816622153));
#6357=CARTESIAN_POINT('',(2.24425009252263,0.03,-2.1629718337817));
#6358=CARTESIAN_POINT('Origin',(2.15764755214419,0.03,-2.1129718337817));
#6359=CARTESIAN_POINT('',(2.15764755214419,0.03,-2.1129718337817));
#6360=CARTESIAN_POINT('',(2.24425009252263,0.03,-2.1629718337817));
#6361=CARTESIAN_POINT('',(2.15764755214419,0.04,-2.1129718337817));
#6362=CARTESIAN_POINT('',(2.24425009252263,0.04,-2.1629718337817));
#6363=CARTESIAN_POINT('',(2.15764755214419,0.03,-2.1129718337817));
#6364=CARTESIAN_POINT('Origin',(1.99364755214511,0.03,-2.39702816622153));
#6365=CARTESIAN_POINT('',(2.15764755214419,0.03,-2.1129718337817));
#6366=CARTESIAN_POINT('',(2.15764755214419,0.04,-2.1129718337817));
#6367=CARTESIAN_POINT('Origin',(2.11894882233387,0.04,-2.28000000000161));
#6368=CARTESIAN_POINT('Origin',(2.11894882233387,0.03,-2.28000000000161));
#6369=CARTESIAN_POINT('Origin',(2.33599999999962,0.03,-2.59468544414832));
#6370=CARTESIAN_POINT('',(2.38799999999985,0.03,-2.50461880215484));
#6371=CARTESIAN_POINT('',(2.33599999999962,0.03,-2.59468544414832));
#6372=CARTESIAN_POINT('',(2.38799999999985,0.03,-2.50461880215484));
#6373=CARTESIAN_POINT('',(2.38799999999985,0.04,-2.50461880215484));
#6374=CARTESIAN_POINT('',(2.38799999999985,0.03,-2.50461880215484));
#6375=CARTESIAN_POINT('',(2.33599999999962,0.04,-2.59468544414832));
#6376=CARTESIAN_POINT('',(2.38799999999985,0.04,-2.50461880215484));
#6377=CARTESIAN_POINT('',(2.33599999999962,0.03,-2.59468544414832));
#6378=CARTESIAN_POINT('Origin',(2.43999999999965,0.03,-2.59468544414702));
#6379=CARTESIAN_POINT('',(2.43999999999965,0.03,-2.59468544414702));
#6380=CARTESIAN_POINT('',(2.43999999999965,0.03,-2.59468544414702));
#6381=CARTESIAN_POINT('',(2.43999999999965,0.04,-2.59468544414702));
#6382=CARTESIAN_POINT('',(2.43999999999965,0.04,-2.59468544414702));
#6383=CARTESIAN_POINT('',(2.43999999999965,0.03,-2.59468544414702));
#6384=CARTESIAN_POINT('Origin',(2.43999999999968,0.03,-2.57732050807669));
#6385=CARTESIAN_POINT('',(2.43999999999968,0.03,-2.57732050807669));
#6386=CARTESIAN_POINT('',(2.43999999999965,0.03,-2.59468544414702));
#6387=CARTESIAN_POINT('',(2.43999999999968,0.04,-2.57732050807669));
#6388=CARTESIAN_POINT('',(2.43999999999965,0.04,-2.59468544414702));
#6389=CARTESIAN_POINT('',(2.43999999999968,0.03,-2.57732050807669));
#6390=CARTESIAN_POINT('Origin',(2.47436344801512,0.03,-2.51780127018964));
#6391=CARTESIAN_POINT('',(2.47436344801512,0.03,-2.51780127018964));
#6392=CARTESIAN_POINT('',(2.43999999999968,0.03,-2.57732050807669));
#6393=CARTESIAN_POINT('',(2.47436344801512,0.04,-2.51780127018964));
#6394=CARTESIAN_POINT('',(2.43999999999968,0.04,-2.57732050807669));
#6395=CARTESIAN_POINT('',(2.47436344801512,0.03,-2.51780127018964));
#6396=CARTESIAN_POINT('Origin',(2.47176537180375,0.03,-2.51630127018966));
#6397=CARTESIAN_POINT('',(2.47176537180375,0.03,-2.51330127018966));
#6398=CARTESIAN_POINT('Origin',(2.47176537180375,0.03,-2.51630127018966));
#6399=CARTESIAN_POINT('',(2.47176537180375,0.04,-2.51330127018966));
#6400=CARTESIAN_POINT('Origin',(2.47176537180375,0.04,-2.51630127018966));
#6401=CARTESIAN_POINT('',(2.47176537180375,0.03,-2.51330127018966));
#6402=CARTESIAN_POINT('Origin',(2.40303847577196,0.03,-2.51330127018983));
#6403=CARTESIAN_POINT('',(2.40303847577196,0.03,-2.51330127018983));
#6404=CARTESIAN_POINT('',(2.40303847577196,0.03,-2.51330127018983));
#6405=CARTESIAN_POINT('',(2.40303847577196,0.04,-2.51330127018983));
#6406=CARTESIAN_POINT('',(2.40303847577196,0.04,-2.51330127018983));
#6407=CARTESIAN_POINT('',(2.40303847577196,0.03,-2.51330127018983));
#6408=CARTESIAN_POINT('Origin',(2.38799999999985,0.03,-2.50461880215484));
#6409=CARTESIAN_POINT('',(2.38799999999985,0.03,-2.50461880215484));
#6410=CARTESIAN_POINT('',(2.38799999999985,0.04,-2.50461880215484));
#6411=CARTESIAN_POINT('Origin',(2.37926571710828,0.04,-2.56473076211468));
#6412=CARTESIAN_POINT('Origin',(2.37926571710828,0.03,-2.56473076211468));
#6413=CARTESIAN_POINT('Origin',(2.56000000000107,0.03,-2.66000000000012));
#6414=CARTESIAN_POINT('',(2.66400000000101,0.03,-2.66000000000012));
#6415=CARTESIAN_POINT('',(2.56000000000107,0.03,-2.66000000000012));
#6416=CARTESIAN_POINT('',(2.66400000000101,0.03,-2.66000000000012));
#6417=CARTESIAN_POINT('',(2.66400000000101,0.04,-2.66000000000012));
#6418=CARTESIAN_POINT('',(2.66400000000101,0.03,-2.66000000000012));
#6419=CARTESIAN_POINT('',(2.56000000000107,0.04,-2.66000000000012));
#6420=CARTESIAN_POINT('',(2.66400000000101,0.04,-2.66000000000012));
#6421=CARTESIAN_POINT('',(2.56000000000107,0.03,-2.66000000000012));
#6422=CARTESIAN_POINT('Origin',(2.56000000000107,0.03,-2.73000000000012));
#6423=CARTESIAN_POINT('',(2.56000000000107,0.03,-2.73000000000012));
#6424=CARTESIAN_POINT('',(2.56000000000107,0.03,-2.66000000000012));
#6425=CARTESIAN_POINT('',(2.56000000000107,0.04,-2.73000000000012));
#6426=CARTESIAN_POINT('',(2.56000000000107,0.04,-2.66000000000012));
#6427=CARTESIAN_POINT('',(2.56000000000107,0.03,-2.73000000000012));
#6428=CARTESIAN_POINT('Origin',(2.66400000000102,0.03,-2.73000000000012));
#6429=CARTESIAN_POINT('',(2.66400000000102,0.03,-2.73000000000012));
#6430=CARTESIAN_POINT('',(2.56000000000107,0.03,-2.73000000000012));
#6431=CARTESIAN_POINT('',(2.66400000000102,0.04,-2.73000000000012));
#6432=CARTESIAN_POINT('',(2.56000000000107,0.04,-2.73000000000012));
#6433=CARTESIAN_POINT('',(2.66400000000102,0.03,-2.73000000000012));
#6434=CARTESIAN_POINT('Origin',(2.66400000000101,0.03,-2.66000000000012));
#6435=CARTESIAN_POINT('',(2.66400000000102,0.03,-2.73000000000012));
#6436=CARTESIAN_POINT('',(2.66400000000102,0.04,-2.73000000000012));
#6437=CARTESIAN_POINT('Origin',(2.61200000000104,0.04,-2.69500000000012));
#6438=CARTESIAN_POINT('Origin',(2.61200000000104,0.03,-2.69500000000012));
#6439=CARTESIAN_POINT('Ctrl Pts',(2.48519643635413,0.283272744258198,-2.85800000000004));
#6440=CARTESIAN_POINT('Ctrl Pts',(2.48519643635413,0.283272744258198,-2.49999999999978));
#6441=CARTESIAN_POINT('Ctrl Pts',(2.48871384470332,0.277030325677598,-2.85800000000004));
#6442=CARTESIAN_POINT('Ctrl Pts',(2.48871384470332,0.277030325677598,-2.49999999999978));
#6443=CARTESIAN_POINT('Ctrl Pts',(2.4922312530525,0.270787907096998,-2.85800000000004));
#6444=CARTESIAN_POINT('Ctrl Pts',(2.4922312530525,0.270787907096998,-2.49999999999978));
#6445=CARTESIAN_POINT('Ctrl Pts',(2.49574866140169,0.264545488516398,-2.85800000000004));
#6446=CARTESIAN_POINT('Ctrl Pts',(2.49574866140169,0.264545488516398,-2.49999999999978));
#6447=CARTESIAN_POINT('Ctrl Pts',(2.49746223367946,0.261504375752662,-2.85800000000004));
#6448=CARTESIAN_POINT('Ctrl Pts',(2.49746223367946,0.261504375752662,-2.49999999999978));
#6449=CARTESIAN_POINT('Ctrl Pts',(2.5026315456709,0.261450232221534,-2.85800000000004));
#6450=CARTESIAN_POINT('Ctrl Pts',(2.5026315456709,0.261450232221534,-2.49999999999978));
#6451=CARTESIAN_POINT('Ctrl Pts',(2.50440844044119,0.264454785727175,-2.85800000000004));
#6452=CARTESIAN_POINT('Ctrl Pts',(2.50440844044119,0.264454785727175,-2.49999999999978));
#6453=CARTESIAN_POINT('Ctrl Pts',(2.5081091508665,0.270712321439313,-2.85800000000004));
#6454=CARTESIAN_POINT('Ctrl Pts',(2.5081091508665,0.270712321439312,-2.49999999999978));
#6455=CARTESIAN_POINT('Ctrl Pts',(2.51180986129182,0.27696985715145,-2.85800000000004));
#6456=CARTESIAN_POINT('Ctrl Pts',(2.51180986129182,0.276969857151449,-2.49999999999978));
#6457=CARTESIAN_POINT('Ctrl Pts',(2.51551057171713,0.283227392863587,-2.85800000000004));
#6458=CARTESIAN_POINT('Ctrl Pts',(2.51551057171713,0.283227392863587,-2.49999999999978));
#6459=CARTESIAN_POINT('',(2.51551057171713,0.283227392863587,-2.85022413152303));
#6460=CARTESIAN_POINT('',(2.48519643635413,0.283272744258198,-2.85024291668575));
#6461=CARTESIAN_POINT('Ctrl Pts',(2.51551057171713,0.283227392863587,-2.85022413152303));
#6462=CARTESIAN_POINT('Ctrl Pts',(2.51182044573289,0.276987754395606,-2.84763958864529));
#6463=CARTESIAN_POINT('Ctrl Pts',(2.50813031974866,0.270748115927626,-2.84505504576755));
#6464=CARTESIAN_POINT('Ctrl Pts',(2.50444019376442,0.264508477459645,-2.8424705028898));
#6465=CARTESIAN_POINT('Ctrl Pts',(2.5044306529668,0.264492344913477,-2.84246382057038));
#6466=CARTESIAN_POINT('Ctrl Pts',(2.50442005731724,0.264474428716877,-2.84245635988909));
#6467=CARTESIAN_POINT('Ctrl Pts',(2.50440844044119,0.264454785727175,-2.84244818116309));
#6468=CARTESIAN_POINT('Ctrl Pts',(2.50429251212631,0.264258762400026,-2.84236656318613));
#6469=CARTESIAN_POINT('Ctrl Pts',(2.50406017922242,0.263900347938107,-2.8422134376731));
#6470=CARTESIAN_POINT('Ctrl Pts',(2.50366228150883,0.263531129471491,-2.84204874804712));
#6471=CARTESIAN_POINT('Ctrl Pts',(2.50350567340236,0.263385809197066,-2.84198392804539));
#6472=CARTESIAN_POINT('Ctrl Pts',(2.50332370501052,0.263239130951159,-2.84191731662162));
#6473=CARTESIAN_POINT('Ctrl Pts',(2.50311638825001,0.263100240177791,-2.84185256862889));
#6474=CARTESIAN_POINT('Ctrl Pts',(2.50261505357178,0.26276437364676,-2.84169599463062));
#6475=CARTESIAN_POINT('Ctrl Pts',(2.50204455835712,0.262524212095978,-2.84157764768237));
#6476=CARTESIAN_POINT('Ctrl Pts',(2.50143154851577,0.262381854365175,-2.84150678273714));
#6477=CARTESIAN_POINT('Ctrl Pts',(2.50085014832028,0.262246837262781,-2.84143957191893));
#6478=CARTESIAN_POINT('Ctrl Pts',(2.50024537202493,0.262203329784142,-2.84141689022035));
#6479=CARTESIAN_POINT('Ctrl Pts',(2.49964323619658,0.262251644296592,-2.8414405423945));
#6480=CARTESIAN_POINT('Ctrl Pts',(2.49904473988919,0.262299666779117,-2.84146405160659));
#6481=CARTESIAN_POINT('Ctrl Pts',(2.49846484608988,0.262437139603754,-2.84153267330984));
#6482=CARTESIAN_POINT('Ctrl Pts',(2.4979278054608,0.262661967627736,-2.84164123108933));
#6483=CARTESIAN_POINT('Ctrl Pts',(2.49736214753654,0.262898776067312,-2.84175557358947));
#6484=CARTESIAN_POINT('Ctrl Pts',(2.496857051416,0.26322697353934,-2.84191145440248));
#6485=CARTESIAN_POINT('Ctrl Pts',(2.49643657582888,0.263644369057324,-2.84209795816769));
#6486=CARTESIAN_POINT('Ctrl Pts',(2.49625187079469,0.263827721089594,-2.84217988488445));
#6487=CARTESIAN_POINT('Ctrl Pts',(2.49610180899787,0.264005074687955,-2.84225807567589));
#6488=CARTESIAN_POINT('Ctrl Pts',(2.4959497011948,0.264224536666563,-2.84235203077319));
#6489=CARTESIAN_POINT('Ctrl Pts',(2.49588290391145,0.264320912156014,-2.84239329062397));
#6490=CARTESIAN_POINT('Ctrl Pts',(2.49581609644954,0.264425810118587,-2.84243759058592));
#6491=CARTESIAN_POINT('Ctrl Pts',(2.49574866140169,0.264545488516398,-2.84248658209478));
#6492=CARTESIAN_POINT('Ctrl Pts',(2.49563700179822,0.264743653163261,-2.84256770270827));
#6493=CARTESIAN_POINT('Ctrl Pts',(2.4955094428515,0.264970034709021,-2.84266168616231));
#6494=CARTESIAN_POINT('Ctrl Pts',(2.49535389764048,0.26524608406666,-2.84277602955013));
#6495=CARTESIAN_POINT('Ctrl Pts',(2.4919680772117,0.271254970797173,-2.84526499192867));
#6496=CARTESIAN_POINT('Ctrl Pts',(2.48858225678292,0.277263857527686,-2.84775395430721));
#6497=CARTESIAN_POINT('Ctrl Pts',(2.48519643635413,0.283272744258198,-2.85024291668575));
#6498=CARTESIAN_POINT('',(2.51551057171713,0.283227392863587,-2.49999999999978));
#6499=CARTESIAN_POINT('',(2.51551057171713,0.283227392863587,-2.85800000000004));
#6500=CARTESIAN_POINT('',(2.48519643635413,0.283272744258198,-2.49999999999978));
#6501=CARTESIAN_POINT('Ctrl Pts',(2.48519643635413,0.283272744258198,-2.49999999999978));
#6502=CARTESIAN_POINT('Ctrl Pts',(2.48871384470332,0.277030325677598,-2.49999999999978));
#6503=CARTESIAN_POINT('Ctrl Pts',(2.4922312530525,0.270787907096998,-2.49999999999978));
#6504=CARTESIAN_POINT('Ctrl Pts',(2.49574866140169,0.264545488516398,-2.49999999999978));
#6505=CARTESIAN_POINT('Ctrl Pts',(2.49617705447113,0.263785210325464,-2.49999999999978));
#6506=CARTESIAN_POINT('Ctrl Pts',(2.49680838191051,0.263140517814283,-2.49999999999978));
#6507=CARTESIAN_POINT('Ctrl Pts',(2.49755952028692,0.262696294121713,-2.49999999999978));
#6508=CARTESIAN_POINT('Ctrl Pts',(2.49827973715111,0.262270357430279,-2.49999999999978));
#6509=CARTESIAN_POINT('Ctrl Pts',(2.49910830963379,0.262029359020442,-2.49999999999978));
#6510=CARTESIAN_POINT('Ctrl Pts',(2.49994462084349,0.262002564299104,-2.49999999999978));
#6511=CARTESIAN_POINT('Ctrl Pts',(2.50077919659832,0.261975825180309,-2.49999999999978));
#6512=CARTESIAN_POINT('Ctrl Pts',(2.50161974122716,0.262162440030219,-2.49999999999978));
#6513=CARTESIAN_POINT('Ctrl Pts',(2.50236459184439,0.262539838001922,-2.49999999999978));
#6514=CARTESIAN_POINT('Ctrl Pts',(2.50310961408614,0.262917322931661,-2.49999999999978));
#6515=CARTESIAN_POINT('Ctrl Pts',(2.5037573504492,0.263484896846401,-2.49999999999978));
#6516=CARTESIAN_POINT('Ctrl Pts',(2.50422942318453,0.264173881857442,-2.49999999999978));
#6517=CARTESIAN_POINT('Ctrl Pts',(2.50429219304994,0.264265493791747,-2.49999999999978));
#6518=CARTESIAN_POINT('Ctrl Pts',(2.50435190962778,0.264359197706758,-2.49999999999978));
#6519=CARTESIAN_POINT('Ctrl Pts',(2.50440844044119,0.264454785727175,-2.49999999999978));
#6520=CARTESIAN_POINT('Ctrl Pts',(2.5081091508665,0.270712321439313,-2.49999999999978));
#6521=CARTESIAN_POINT('Ctrl Pts',(2.51180986129182,0.27696985715145,-2.49999999999978));
#6522=CARTESIAN_POINT('Ctrl Pts',(2.51551057171713,0.283227392863587,-2.49999999999978));
#6523=CARTESIAN_POINT('',(2.48519643635413,0.283272744258198,-2.85800000000004));
#6524=CARTESIAN_POINT('Origin',(2.51551057171713,0.283227392863587,-2.85800000000004));
#6525=CARTESIAN_POINT('',(2.52661270299308,0.301999999999999,-2.85800000000004));
#6526=CARTESIAN_POINT('',(2.50742619301018,0.269557507178082,-2.844561879476));
#6527=CARTESIAN_POINT('',(2.52661270299308,0.301999999999999,-2.49999999999978));
#6528=CARTESIAN_POINT('',(2.52661270299308,0.301999999999999,-2.85800000000004));
#6529=CARTESIAN_POINT('',(2.50440844044119,0.264454785727175,-2.49999999999978));
#6530=CARTESIAN_POINT('Origin',(2.47464421130658,0.301999999999999,-2.85800000000004));
#6531=CARTESIAN_POINT('',(2.47464421130658,0.301999999999999,-2.85800000000004));
#6532=CARTESIAN_POINT('',(2.48373241299456,0.285870977307916,-2.85131914005315));
#6533=CARTESIAN_POINT('',(2.47464421130658,0.301999999999999,-2.49999999999978));
#6534=CARTESIAN_POINT('',(2.47464421130658,0.301999999999999,-2.49999999999978));
#6535=CARTESIAN_POINT('',(2.47464421130658,0.301999999999999,-2.85800000000004));
#6536=CARTESIAN_POINT('Origin',(2.48519643635456,0.320727255742403,-2.85800000000004));
#6537=CARTESIAN_POINT('',(2.48519643635456,0.320727255742403,-2.49999999999978));
#6538=CARTESIAN_POINT('',(2.49574866140255,0.339454511484807,-2.49999999999978));
#6539=CARTESIAN_POINT('',(2.48519643635456,0.320727255742403,-2.85800000000004));
#6540=CARTESIAN_POINT('',(2.48519643635456,0.320727255742403,-2.85800000000004));
#6541=CARTESIAN_POINT('',(2.48519643635456,0.320727255742403,-2.86575708331457));
#6542=CARTESIAN_POINT('',(2.48519643635456,0.320727255742403,-2.85800000000004));
#6543=CARTESIAN_POINT('',(2.4773473717213,0.306797355644816,-2.85998712977165));
#6544=CARTESIAN_POINT('Ctrl Pts',(2.5156472045496,0.3205415745157,-2.8750119022205));
#6545=CARTESIAN_POINT('Ctrl Pts',(2.5156472045496,0.3205415745157,-2.49999999999978));
#6546=CARTESIAN_POINT('Ctrl Pts',(2.51190094984663,0.326876121101795,-2.8750119022205));
#6547=CARTESIAN_POINT('Ctrl Pts',(2.51190094984663,0.326876121101795,-2.49999999999978));
#6548=CARTESIAN_POINT('Ctrl Pts',(2.50815469514366,0.333210667687889,-2.8750119022205));
#6549=CARTESIAN_POINT('Ctrl Pts',(2.50815469514366,0.333210667687889,-2.49999999999978));
#6550=CARTESIAN_POINT('Ctrl Pts',(2.50440844044069,0.339545214273984,-2.8750119022205));
#6551=CARTESIAN_POINT('Ctrl Pts',(2.50440844044069,0.339545214273983,-2.49999999999978));
#6552=CARTESIAN_POINT('Ctrl Pts',(2.5026315456707,0.342549767779158,-2.8750119022205));
#6553=CARTESIAN_POINT('Ctrl Pts',(2.5026315456707,0.342549767779158,-2.49999999999978));
#6554=CARTESIAN_POINT('Ctrl Pts',(2.49746223368007,0.342495624248057,-2.8750119022205));
#6555=CARTESIAN_POINT('Ctrl Pts',(2.49746223368007,0.342495624248057,-2.49999999999978));
#6556=CARTESIAN_POINT('Ctrl Pts',(2.49574866140255,0.339454511484806,-2.8750119022205));
#6557=CARTESIAN_POINT('Ctrl Pts',(2.49574866140255,0.339454511484806,-2.49999999999978));
#6558=CARTESIAN_POINT('Ctrl Pts',(2.49223125305322,0.333212092904006,-2.8750119022205));
#6559=CARTESIAN_POINT('Ctrl Pts',(2.49223125305322,0.333212092904005,-2.49999999999978));
#6560=CARTESIAN_POINT('Ctrl Pts',(2.48871384470389,0.326969674323204,-2.8750119022205));
#6561=CARTESIAN_POINT('Ctrl Pts',(2.48871384470389,0.326969674323204,-2.49999999999978));
#6562=CARTESIAN_POINT('Ctrl Pts',(2.48519643635456,0.320727255742403,-2.8750119022205));
#6563=CARTESIAN_POINT('Ctrl Pts',(2.48519643635456,0.320727255742403,-2.49999999999978));
#6564=CARTESIAN_POINT('',(2.5156472045496,0.3205415745157,-2.49999999999978));
#6565=CARTESIAN_POINT('Ctrl Pts',(2.5156472045496,0.3205415745157,-2.49999999999978));
#6566=CARTESIAN_POINT('Ctrl Pts',(2.51190094984663,0.326876121101795,-2.49999999999978));
#6567=CARTESIAN_POINT('Ctrl Pts',(2.50815469514366,0.333210667687889,-2.49999999999978));
#6568=CARTESIAN_POINT('Ctrl Pts',(2.50440844044069,0.339545214273984,-2.49999999999978));
#6569=CARTESIAN_POINT('Ctrl Pts',(2.50396421674819,0.340296352650277,-2.49999999999978));
#6570=CARTESIAN_POINT('Ctrl Pts',(2.50331952423711,0.340927680089562,-2.49999999999978));
#6571=CARTESIAN_POINT('Ctrl Pts',(2.5025592460463,0.341356073158941,-2.49999999999978));
#6572=CARTESIAN_POINT('Ctrl Pts',(2.50183026561911,0.341766830913792,-2.49999999999978));
#6573=CARTESIAN_POINT('Ctrl Pts',(2.50099682701861,0.341990421368928,-2.49999999999978));
#6574=CARTESIAN_POINT('Ctrl Pts',(2.50016013804856,0.341999693035449,-2.49999999999978));
#6575=CARTESIAN_POINT('Ctrl Pts',(2.49932518531729,0.342008945462052,-2.49999999999978));
#6576=CARTESIAN_POINT('Ctrl Pts',(2.49848873388316,0.341804765704339,-2.49999999999978));
#6577=CARTESIAN_POINT('Ctrl Pts',(2.49775195156473,0.341411849064193,-2.49999999999978));
#6578=CARTESIAN_POINT('Ctrl Pts',(2.49701499948082,0.341018841890283,-2.49999999999978));
#6579=CARTESIAN_POINT('Ctrl Pts',(2.49637929349123,0.340437825161316,-2.49999999999978));
#6580=CARTESIAN_POINT('Ctrl Pts',(2.49592175563916,0.339739103380746,-2.49999999999978));
#6581=CARTESIAN_POINT('Ctrl Pts',(2.49586091842655,0.339646196782237,-2.49999999999978));
#6582=CARTESIAN_POINT('Ctrl Pts',(2.49580317764977,0.339551262615416,-2.49999999999978));
#6583=CARTESIAN_POINT('Ctrl Pts',(2.49574866140255,0.339454511484806,-2.49999999999978));
#6584=CARTESIAN_POINT('Ctrl Pts',(2.49223125305322,0.333212092904005,-2.49999999999978));
#6585=CARTESIAN_POINT('Ctrl Pts',(2.48871384470389,0.326969674323204,-2.49999999999978));
#6586=CARTESIAN_POINT('Ctrl Pts',(2.48519643635456,0.320727255742403,-2.49999999999978));
#6587=CARTESIAN_POINT('',(2.5156472045496,0.3205415745157,-2.85800000000004));
#6588=CARTESIAN_POINT('',(2.5156472045496,0.3205415745157,-2.85800000000004));
#6589=CARTESIAN_POINT('',(2.5156472045496,0.3205415745157,-2.86568017163219));
#6590=CARTESIAN_POINT('',(2.5156472045496,0.3205415745157,-2.85800000000004));
#6591=CARTESIAN_POINT('Ctrl Pts',(2.48519643635456,0.320727255742403,-2.86575708331457));
#6592=CARTESIAN_POINT('Ctrl Pts',(2.48867945317562,0.326908638954606,-2.86831749607529));
#6593=CARTESIAN_POINT('Ctrl Pts',(2.49216246999668,0.33309002216681,-2.87087790883601));
#6594=CARTESIAN_POINT('Ctrl Pts',(2.49564548681774,0.339271405379013,-2.87343832159673));
#6595=CARTESIAN_POINT('Ctrl Pts',(2.49567680003735,0.339326977608495,-2.87346134036787));
#6596=CARTESIAN_POINT('Ctrl Pts',(2.49571126933096,0.339388150988868,-2.87348667921168));
#6597=CARTESIAN_POINT('Ctrl Pts',(2.49574866140255,0.339454511484807,-2.8735141666291));
#6598=CARTESIAN_POINT('Ctrl Pts',(2.4959315987733,0.339779174284471,-2.87364864636392));
#6599=CARTESIAN_POINT('Ctrl Pts',(2.49622189370729,0.34019246875194,-2.87382739336673));
#6600=CARTESIAN_POINT('Ctrl Pts',(2.49669228058797,0.340589721595244,-2.87400774476065));
#6601=CARTESIAN_POINT('Ctrl Pts',(2.49673989716781,0.340629934922843,-2.87402600146996));
#6602=CARTESIAN_POINT('Ctrl Pts',(2.4967893339739,0.340669946010812,-2.87404427461983));
#6603=CARTESIAN_POINT('Ctrl Pts',(2.49684064212429,0.34070962133491,-2.87406251995557));
#6604=CARTESIAN_POINT('Ctrl Pts',(2.49730217933779,0.341066516650517,-2.8742266440051));
#6605=CARTESIAN_POINT('Ctrl Pts',(2.49783520846982,0.341335740686212,-2.87435712624498));
#6606=CARTESIAN_POINT('Ctrl Pts',(2.49841604571996,0.341514751448978,-2.87444463714367));
#6607=CARTESIAN_POINT('Ctrl Pts',(2.49897642673397,0.341687457715207,-2.87452906603685));
#6608=CARTESIAN_POINT('Ctrl Pts',(2.49956807583691,0.341772084495361,-2.87457140270122));
#6609=CARTESIAN_POINT('Ctrl Pts',(2.50016626077916,0.341767107849863,-2.87456839257659));
#6610=CARTESIAN_POINT('Ctrl Pts',(2.50077997097957,0.341762002040789,-2.87456530432736));
#6611=CARTESIAN_POINT('Ctrl Pts',(2.5013835670176,0.341662773936433,-2.87451457754835));
#6612=CARTESIAN_POINT('Ctrl Pts',(2.50195057482569,0.341470497618794,-2.87442027847471));
#6613=CARTESIAN_POINT('Ctrl Pts',(2.50255321923163,0.341266136681313,-2.87432005267817));
#6614=CARTESIAN_POINT('Ctrl Pts',(2.50309891702344,0.340962062521338,-2.87417334864985));
#6615=CARTESIAN_POINT('Ctrl Pts',(2.50356062187191,0.340560227428872,-2.87399145653363));
#6616=CARTESIAN_POINT('Ctrl Pts',(2.5038950985237,0.340269122718263,-2.87385968692752));
#6617=CARTESIAN_POINT('Ctrl Pts',(2.50418016105709,0.339931212158449,-2.87371162251332));
#6618=CARTESIAN_POINT('Ctrl Pts',(2.50440844044069,0.339545214273984,-2.87355173695452));
#6619=CARTESIAN_POINT('Ctrl Pts',(2.5058860063864,0.337046796238037,-2.87251685831956));
#6620=CARTESIAN_POINT('Ctrl Pts',(2.50738432989499,0.334513279214039,-2.87146744120771));
#6621=CARTESIAN_POINT('Ctrl Pts',(2.50886737832823,0.33200559083334,-2.87042872267022));
#6622=CARTESIAN_POINT('Ctrl Pts',(2.51112732040202,0.328184252060793,-2.86884587232421));
#6623=CARTESIAN_POINT('Ctrl Pts',(2.51338726247581,0.324362913288247,-2.8672630219782));
#6624=CARTESIAN_POINT('Ctrl Pts',(2.5156472045496,0.3205415745157,-2.86568017163219));
#6625=CARTESIAN_POINT('Origin',(2.52661270299308,0.301999999999999,-2.85800000000004));
#6626=CARTESIAN_POINT('',(2.52661270299308,0.301999999999999,-2.49999999999978));
#6627=CARTESIAN_POINT('',(2.51868914630658,0.315397951537675,-2.86354961323496));
#6628=CARTESIAN_POINT('Origin',(2.50042476961631,0.30199697093801,-2.49999999999978));
#6629=CARTESIAN_POINT('Origin',(2.47464421130658,0.219999999999999,-2.94000000000003));
#6630=CARTESIAN_POINT('',(2.47464421130658,0.22,-2.94000000000003));
#6631=CARTESIAN_POINT('',(2.47464421130658,0.219999999999999,-2.94000000000003));
#6632=CARTESIAN_POINT('',(2.48519643635413,0.212242916685716,-2.92127274425823));
#6633=CARTESIAN_POINT('',(2.48639969126213,0.211358387733049,-2.91913730246439));
#6634=CARTESIAN_POINT('',(2.48519643635413,0.206757830471957,-2.92675783047199));
#6635=CARTESIAN_POINT('Ctrl Pts',(2.48519643635413,0.206757830471957,-2.92675783047199));
#6636=CARTESIAN_POINT('Ctrl Pts',(2.48519643635413,0.288757830471957,-2.84475783047199));
#6637=CARTESIAN_POINT('Ctrl Pts',(2.48871384470332,0.202343773962609,-2.92234377396264));
#6638=CARTESIAN_POINT('Ctrl Pts',(2.48871384470332,0.284343773962609,-2.84034377396265));
#6639=CARTESIAN_POINT('Ctrl Pts',(2.4922312530525,0.197929717453262,-2.9179297174533));
#6640=CARTESIAN_POINT('Ctrl Pts',(2.4922312530525,0.279929717453262,-2.8359297174533));
#6641=CARTESIAN_POINT('Ctrl Pts',(2.49574866140169,0.193515660943915,-2.91351566094395));
#6642=CARTESIAN_POINT('Ctrl Pts',(2.49574866140169,0.275515660943915,-2.83151566094395));
#6643=CARTESIAN_POINT('Ctrl Pts',(2.49746223367946,0.191365269486324,-2.91136526948636));
#6644=CARTESIAN_POINT('Ctrl Pts',(2.49746223367946,0.273365269486324,-2.82936526948636));
#6645=CARTESIAN_POINT('Ctrl Pts',(2.5026315456709,0.191326984228306,-2.91132698422834));
#6646=CARTESIAN_POINT('Ctrl Pts',(2.5026315456709,0.273326984228306,-2.82932698422834));
#6647=CARTESIAN_POINT('Ctrl Pts',(2.50440844044119,0.193451524386583,-2.91345152438662));
#6648=CARTESIAN_POINT('Ctrl Pts',(2.50440844044119,0.275451524386583,-2.83145152438662));
#6649=CARTESIAN_POINT('Ctrl Pts',(2.5081091508665,0.197876270322153,-2.91787627032219));
#6650=CARTESIAN_POINT('Ctrl Pts',(2.5081091508665,0.279876270322152,-2.83587627032219));
#6651=CARTESIAN_POINT('Ctrl Pts',(2.51180986129182,0.202301016257722,-2.92230101625776));
#6652=CARTESIAN_POINT('Ctrl Pts',(2.51180986129182,0.284301016257721,-2.84030101625776));
#6653=CARTESIAN_POINT('Ctrl Pts',(2.51551057171713,0.206725762193291,-2.92672576219333));
#6654=CARTESIAN_POINT('Ctrl Pts',(2.51551057171713,0.288725762193291,-2.84472576219333));
#6655=CARTESIAN_POINT('',(2.51551057171713,0.212224131522995,-2.92122739286362));
#6656=CARTESIAN_POINT('Ctrl Pts',(2.51551057171713,0.212224131522996,-2.92122739286362));
#6657=CARTESIAN_POINT('Ctrl Pts',(2.51190833214077,0.209701143776568,-2.91513636162849));
#6658=CARTESIAN_POINT('Ctrl Pts',(2.50830609256441,0.207178156030141,-2.90904533039337));
#6659=CARTESIAN_POINT('Ctrl Pts',(2.50430900358768,0.204378618049425,-2.90228664783194));
#6660=CARTESIAN_POINT('Ctrl Pts',(2.50397226402672,0.204142767610261,-2.90171725450303));
#6661=CARTESIAN_POINT('Ctrl Pts',(2.50283340974389,0.203747625176873,-2.90076329628127));
#6662=CARTESIAN_POINT('Ctrl Pts',(2.50227339180934,0.20361740078989,-2.90044890680008));
#6663=CARTESIAN_POINT('Ctrl Pts',(2.50108125409017,0.203455694502854,-2.9000585132888));
#6664=CARTESIAN_POINT('Ctrl Pts',(2.50046959089651,0.203421352312007,-2.89997560390587));
#6665=CARTESIAN_POINT('Ctrl Pts',(2.49925171885749,0.203446499028285,-2.90003631344936));
#6666=CARTESIAN_POINT('Ctrl Pts',(2.49866217053822,0.203504159211391,-2.90017551744547));
#6667=CARTESIAN_POINT('Ctrl Pts',(2.49754179856272,0.203705540091195,-2.9006616938967));
#6668=CARTESIAN_POINT('Ctrl Pts',(2.497028636447,0.203850477084956,-2.90101160275268));
#6669=CARTESIAN_POINT('Ctrl Pts',(2.49609416830064,0.204231846578246,-2.90193231015566));
#6670=CARTESIAN_POINT('Ctrl Pts',(2.49582990358932,0.204426111140792,-2.90240130629725));
#6671=CARTESIAN_POINT('Ctrl Pts',(2.49205238368182,0.207203017102501,-2.90910535033144));
#6672=CARTESIAN_POINT('Ctrl Pts',(2.48862441001797,0.209722966894108,-2.91518904729483));
#6673=CARTESIAN_POINT('Ctrl Pts',(2.48519643635413,0.212242916685716,-2.92127274425823));
#6674=CARTESIAN_POINT('',(2.51551057171713,0.206725762193291,-2.92672576219333));
#6675=CARTESIAN_POINT('Origin',(2.51551057171713,0.206725762193291,-2.92672576219333));
#6676=CARTESIAN_POINT('',(2.52661270299308,0.22,-2.94000000000003));
#6677=CARTESIAN_POINT('',(2.50468605413259,0.204642702068384,-2.90292420305212));
#6678=CARTESIAN_POINT('',(2.52661270299308,0.219999999999999,-2.94000000000003));
#6679=CARTESIAN_POINT('Origin',(2.48519643635456,0.233242169528467,-2.9532421695285));
#6680=CARTESIAN_POINT('',(2.48519643635456,0.315242169528467,-2.8712421695285));
#6681=CARTESIAN_POINT('',(2.48519643635456,0.315242169528468,-2.8712421695285));
#6682=CARTESIAN_POINT('',(2.48519643635456,0.233242169528467,-2.9532421695285));
#6683=CARTESIAN_POINT('',(2.48519643635456,0.233242169528467,-2.9532421695285));
#6684=CARTESIAN_POINT('',(2.48519643635456,0.227757083314532,-2.95872725574244));
#6685=CARTESIAN_POINT('',(2.48519643635456,0.233242169528467,-2.9532421695285));
#6686=CARTESIAN_POINT('',(2.4773473717213,0.22198712977161,-2.94479735564485));
#6687=CARTESIAN_POINT('Ctrl Pts',(2.5156472045496,0.205390479632613,-2.98083126651528));
#6688=CARTESIAN_POINT('Ctrl Pts',(2.5156472045496,0.342831266515241,-2.84339047963265));
#6689=CARTESIAN_POINT('Ctrl Pts',(2.51190094984663,0.209869680479383,-2.98531046736205));
#6690=CARTESIAN_POINT('Ctrl Pts',(2.51190094984663,0.34731046736201,-2.84786968047942));
#6691=CARTESIAN_POINT('Ctrl Pts',(2.50815469514366,0.214348881326152,-2.98978966820881));
#6692=CARTESIAN_POINT('Ctrl Pts',(2.50815469514366,0.351789668208779,-2.85234888132619));
#6693=CARTESIAN_POINT('Ctrl Pts',(2.50440844044069,0.218828082172922,-2.99426886905558));
#6694=CARTESIAN_POINT('Ctrl Pts',(2.50440844044069,0.356268869055549,-2.85682808217296));
#6695=CARTESIAN_POINT('Ctrl Pts',(2.5026315456707,0.220952622330868,-2.99639340921353));
#6696=CARTESIAN_POINT('Ctrl Pts',(2.5026315456707,0.358393409213495,-2.8589526223309));
#6697=CARTESIAN_POINT('Ctrl Pts',(2.49746223368007,0.220914337072869,-2.99635512395553));
#6698=CARTESIAN_POINT('Ctrl Pts',(2.49746223368007,0.358355123955497,-2.85891433707291));
#6699=CARTESIAN_POINT('Ctrl Pts',(2.49574866140255,0.218763945615622,-2.99420473249828));
#6700=CARTESIAN_POINT('Ctrl Pts',(2.49574866140255,0.356204732498249,-2.85676394561566));
#6701=CARTESIAN_POINT('Ctrl Pts',(2.49223125305322,0.214349889106133,-2.9897906759888));
#6702=CARTESIAN_POINT('Ctrl Pts',(2.49223125305322,0.35179067598876,-2.85234988910617));
#6703=CARTESIAN_POINT('Ctrl Pts',(2.48871384470389,0.209935832596643,-2.98537661947931));
#6704=CARTESIAN_POINT('Ctrl Pts',(2.48871384470389,0.34737661947927,-2.84793583259668));
#6705=CARTESIAN_POINT('Ctrl Pts',(2.48519643635456,0.205521776087153,-2.98096256296982));
#6706=CARTESIAN_POINT('Ctrl Pts',(2.48519643635456,0.342962562969781,-2.84352177608719));
#6707=CARTESIAN_POINT('',(2.5156472045496,0.315110873073927,-2.87111087307396));
#6708=CARTESIAN_POINT('',(2.5156472045496,0.315110873073927,-2.87111087307396));
#6709=CARTESIAN_POINT('',(2.5156472045496,0.233110873073927,-2.95311087307396));
#6710=CARTESIAN_POINT('',(2.5156472045496,0.233110873073927,-2.95311087307396));
#6711=CARTESIAN_POINT('',(2.5156472045496,0.227680171632154,-2.95854157451573));
#6712=CARTESIAN_POINT('',(2.5156472045496,0.233110873073927,-2.95311087307396));
#6713=CARTESIAN_POINT('Ctrl Pts',(2.48519643635456,0.227757083314533,-2.95872725574244));
#6714=CARTESIAN_POINT('Ctrl Pts',(2.48867945317562,0.230317496075253,-2.96490863895464));
#6715=CARTESIAN_POINT('Ctrl Pts',(2.49216246999668,0.232877908835973,-2.97109002216684));
#6716=CARTESIAN_POINT('Ctrl Pts',(2.49564548681774,0.235438321596693,-2.97727140537905));
#6717=CARTESIAN_POINT('Ctrl Pts',(2.49567680003735,0.235461340367835,-2.97732697760853));
#6718=CARTESIAN_POINT('Ctrl Pts',(2.49571126933096,0.235486679211641,-2.9773881509889));
#6719=CARTESIAN_POINT('Ctrl Pts',(2.49574866140255,0.235514166629065,-2.97745451148484));
#6720=CARTESIAN_POINT('Ctrl Pts',(2.4959315987733,0.235648646363884,-2.97777917428451));
#6721=CARTESIAN_POINT('Ctrl Pts',(2.49622189370729,0.235814496466658,-2.97819781082288));
#6722=CARTESIAN_POINT('Ctrl Pts',(2.49669228058797,0.235967868952368,-2.97860623869586));
#6723=CARTESIAN_POINT('Ctrl Pts',(2.49673989716781,0.235983394626046,-2.97864758325547));
#6724=CARTESIAN_POINT('Ctrl Pts',(2.4967893339739,0.235998765669487,-2.97868879643527));
#6725=CARTESIAN_POINT('Ctrl Pts',(2.49684064212429,0.236013918959575,-2.97872975252662));
#6726=CARTESIAN_POINT('Ctrl Pts',(2.49730217933779,0.23615022882904,-2.97909816885283));
#6727=CARTESIAN_POINT('Ctrl Pts',(2.49783520846982,0.236248334093692,-2.97938080387077));
#6728=CARTESIAN_POINT('Ctrl Pts',(2.49841604571996,0.236313034268057,-2.97956926314492));
#6729=CARTESIAN_POINT('Ctrl Pts',(2.49897642673397,0.236375455797166,-2.97975108515982));
#6730=CARTESIAN_POINT('Ctrl Pts',(2.49956807583691,0.236405359424813,-2.97984086187241));
#6731=CARTESIAN_POINT('Ctrl Pts',(2.50016626077916,0.236403968884571,-2.97983521437309));
#6732=CARTESIAN_POINT('Ctrl Pts',(2.50077997097957,0.236402542254327,-2.9798294202989));
#6733=CARTESIAN_POINT('Ctrl Pts',(2.5013835670176,0.23636824663828,-2.97972338618399));
#6734=CARTESIAN_POINT('Ctrl Pts',(2.50195057482569,0.236298966264642,-2.97952074678151));
#6735=CARTESIAN_POINT('Ctrl Pts',(2.50255321923163,0.236225331600324,-2.97930537143642));
#6736=CARTESIAN_POINT('Ctrl Pts',(2.50309891702344,0.236114054113072,-2.97898662312267));
#6737=CARTESIAN_POINT('Ctrl Pts',(2.50356062187191,0.235958530943098,-2.97857386565504));
#6738=CARTESIAN_POINT('Ctrl Pts',(2.5038950985237,0.235845864010227,-2.9782748483581));
#6739=CARTESIAN_POINT('Ctrl Pts',(2.50418016105709,0.235711622513281,-2.97793121215848));
#6740=CARTESIAN_POINT('Ctrl Pts',(2.50440844044069,0.235551736954488,-2.97754521427402));
#6741=CARTESIAN_POINT('Ctrl Pts',(2.5058860063864,0.234516858319521,-2.97504679623807));
#6742=CARTESIAN_POINT('Ctrl Pts',(2.50738432989499,0.233467441207678,-2.97251327921407));
#6743=CARTESIAN_POINT('Ctrl Pts',(2.50886737832823,0.232428722670187,-2.97000559083337));
#6744=CARTESIAN_POINT('Ctrl Pts',(2.51112732040202,0.230845872324176,-2.96618425206083));
#6745=CARTESIAN_POINT('Ctrl Pts',(2.51338726247581,0.229263021978165,-2.96236291328828));
#6746=CARTESIAN_POINT('Ctrl Pts',(2.5156472045496,0.227680171632154,-2.95854157451573));
#6747=CARTESIAN_POINT('Origin',(2.52661270299308,0.219999999999999,-2.94000000000003));
#6748=CARTESIAN_POINT('',(2.51868914630658,0.225549613234922,-2.95339795153771));
#6749=CARTESIAN_POINT('Origin',(2.47464421130658,0.07,-2.94000000000003));
#6750=CARTESIAN_POINT('',(2.47464421130658,0.07,-2.94000000000003));
#6751=CARTESIAN_POINT('',(2.47464421130658,0.07,-2.94000000000003));
#6752=CARTESIAN_POINT('',(2.48519643635413,0.07,-2.92127274425823));
#6753=CARTESIAN_POINT('',(2.47464421130658,0.07,-2.94000000000003));
#6754=CARTESIAN_POINT('',(2.48519643635413,0.07,-2.92127274425823));
#6755=CARTESIAN_POINT('Origin',(2.48519643635456,0.07,-2.95872725574244));
#6756=CARTESIAN_POINT('',(2.48519643635456,0.07,-2.95872725574244));
#6757=CARTESIAN_POINT('',(2.49574866140255,0.07,-2.97745451148484));
#6758=CARTESIAN_POINT('',(2.48519643635456,0.07,-2.95872725574244));
#6759=CARTESIAN_POINT('Ctrl Pts',(2.5156472045496,0.07,-2.95854157451573));
#6760=CARTESIAN_POINT('Ctrl Pts',(2.5156472045496,0.237011902220462,-2.95854157451573));
#6761=CARTESIAN_POINT('Ctrl Pts',(2.51190094984663,0.07,-2.96487612110183));
#6762=CARTESIAN_POINT('Ctrl Pts',(2.51190094984663,0.237011902220462,-2.96487612110183));
#6763=CARTESIAN_POINT('Ctrl Pts',(2.50815469514366,0.07,-2.97121066768792));
#6764=CARTESIAN_POINT('Ctrl Pts',(2.50815469514366,0.237011902220462,-2.97121066768792));
#6765=CARTESIAN_POINT('Ctrl Pts',(2.50440844044069,0.07,-2.97754521427402));
#6766=CARTESIAN_POINT('Ctrl Pts',(2.50440844044069,0.237011902220462,-2.97754521427402));
#6767=CARTESIAN_POINT('Ctrl Pts',(2.5026315456707,0.07,-2.98054976777919));
#6768=CARTESIAN_POINT('Ctrl Pts',(2.5026315456707,0.237011902220462,-2.98054976777919));
#6769=CARTESIAN_POINT('Ctrl Pts',(2.49746223368007,0.07,-2.98049562424809));
#6770=CARTESIAN_POINT('Ctrl Pts',(2.49746223368007,0.237011902220462,-2.98049562424809));
#6771=CARTESIAN_POINT('Ctrl Pts',(2.49574866140255,0.07,-2.97745451148484));
#6772=CARTESIAN_POINT('Ctrl Pts',(2.49574866140255,0.237011902220462,-2.97745451148484));
#6773=CARTESIAN_POINT('Ctrl Pts',(2.49223125305322,0.07,-2.97121209290404));
#6774=CARTESIAN_POINT('Ctrl Pts',(2.49223125305322,0.237011902220462,-2.97121209290404));
#6775=CARTESIAN_POINT('Ctrl Pts',(2.48871384470389,0.07,-2.96496967432324));
#6776=CARTESIAN_POINT('Ctrl Pts',(2.48871384470389,0.237011902220462,-2.96496967432324));
#6777=CARTESIAN_POINT('Ctrl Pts',(2.48519643635456,0.07,-2.95872725574244));
#6778=CARTESIAN_POINT('Ctrl Pts',(2.48519643635456,0.237011902220462,-2.95872725574244));
#6779=CARTESIAN_POINT('',(2.5156472045496,0.07,-2.95854157451573));
#6780=CARTESIAN_POINT('Ctrl Pts',(2.5156472045496,0.07,-2.95854157451573));
#6781=CARTESIAN_POINT('Ctrl Pts',(2.51190094984663,0.07,-2.96487612110183));
#6782=CARTESIAN_POINT('Ctrl Pts',(2.50814991463455,0.07,-2.97107506283557));
#6783=CARTESIAN_POINT('Ctrl Pts',(2.50264383046264,0.07,-2.9807245025071));
#6784=CARTESIAN_POINT('Ctrl Pts',(2.49744637894676,0.07,-2.98067017993851));
#6785=CARTESIAN_POINT('Ctrl Pts',(2.49223862565896,0.07,-2.97108038277004));
#6786=CARTESIAN_POINT('Ctrl Pts',(2.48871384470389,0.07,-2.96496967432324));
#6787=CARTESIAN_POINT('Ctrl Pts',(2.48519643635456,0.07,-2.95872725574244));
#6788=CARTESIAN_POINT('',(2.5156472045496,0.07,-2.95854157451573));
#6789=CARTESIAN_POINT('Origin',(2.52661270299308,0.07,-2.94000000000003));
#6790=CARTESIAN_POINT('',(2.52661270299308,0.07,-2.94000000000003));
#6791=CARTESIAN_POINT('',(2.52661270299308,0.07,-2.94000000000003));
#6792=CARTESIAN_POINT('',(2.52661270299308,0.07,-2.94000000000003));
#6793=CARTESIAN_POINT('Origin',(2.51551057171713,0.07,-2.92122739286362));
#6794=CARTESIAN_POINT('',(2.51551057171713,0.07,-2.92122739286362));
#6795=CARTESIAN_POINT('',(2.51551057171713,0.07,-2.92122739286362));
#6796=CARTESIAN_POINT('',(2.50440844044119,0.07,-2.90245478572721));
#6797=CARTESIAN_POINT('Ctrl Pts',(2.48519643635413,0.07,-2.92127274425823));
#6798=CARTESIAN_POINT('Ctrl Pts',(2.48519643635413,0.22,-2.92127274425823));
#6799=CARTESIAN_POINT('Ctrl Pts',(2.48871384470332,0.07,-2.91503032567763));
#6800=CARTESIAN_POINT('Ctrl Pts',(2.48871384470332,0.22,-2.91503032567763));
#6801=CARTESIAN_POINT('Ctrl Pts',(2.4922312530525,0.07,-2.90878790709703));
#6802=CARTESIAN_POINT('Ctrl Pts',(2.4922312530525,0.22,-2.90878790709703));
#6803=CARTESIAN_POINT('Ctrl Pts',(2.49574866140169,0.07,-2.90254548851643));
#6804=CARTESIAN_POINT('Ctrl Pts',(2.49574866140169,0.22,-2.90254548851643));
#6805=CARTESIAN_POINT('Ctrl Pts',(2.49746223367946,0.07,-2.8995043757527));
#6806=CARTESIAN_POINT('Ctrl Pts',(2.49746223367946,0.22,-2.8995043757527));
#6807=CARTESIAN_POINT('Ctrl Pts',(2.5026315456709,0.07,-2.89945023222157));
#6808=CARTESIAN_POINT('Ctrl Pts',(2.5026315456709,0.22,-2.89945023222157));
#6809=CARTESIAN_POINT('Ctrl Pts',(2.50440844044119,0.07,-2.90245478572721));
#6810=CARTESIAN_POINT('Ctrl Pts',(2.50440844044119,0.22,-2.90245478572721));
#6811=CARTESIAN_POINT('Ctrl Pts',(2.5081091508665,0.07,-2.90871232143935));
#6812=CARTESIAN_POINT('Ctrl Pts',(2.5081091508665,0.22,-2.90871232143935));
#6813=CARTESIAN_POINT('Ctrl Pts',(2.51180986129182,0.07,-2.91496985715148));
#6814=CARTESIAN_POINT('Ctrl Pts',(2.51180986129182,0.22,-2.91496985715148));
#6815=CARTESIAN_POINT('Ctrl Pts',(2.51551057171713,0.07,-2.92122739286362));
#6816=CARTESIAN_POINT('Ctrl Pts',(2.51551057171713,0.22,-2.92122739286362));
#6817=CARTESIAN_POINT('Ctrl Pts',(2.48519643635413,0.07,-2.92127274425823));
#6818=CARTESIAN_POINT('Ctrl Pts',(2.48871384470332,0.07,-2.91503032567763));
#6819=CARTESIAN_POINT('Ctrl Pts',(2.49223862900386,0.07,-2.90891950146825));
#6820=CARTESIAN_POINT('Ctrl Pts',(2.4974463631111,0.07,-2.89932999928383));
#6821=CARTESIAN_POINT('Ctrl Pts',(2.50264380836078,0.07,-2.89927562450879));
#6822=CARTESIAN_POINT('Ctrl Pts',(2.50810444188929,0.07,-2.90884606604097));
#6823=CARTESIAN_POINT('Ctrl Pts',(2.51180986129182,0.07,-2.91496985715148));
#6824=CARTESIAN_POINT('Ctrl Pts',(2.51551057171713,0.07,-2.92122739286362));
#6825=CARTESIAN_POINT('Ctrl Pts',(2.48519643635413,0.07,-2.92127274425823));
#6826=CARTESIAN_POINT('Ctrl Pts',(2.44546429090367,0.06,-2.91084849617218));
#6827=CARTESIAN_POINT('Ctrl Pts',(2.40573214545321,0.05,-2.90042424808612));
#6828=CARTESIAN_POINT('Ctrl Pts',(2.36600000000275,0.04,-2.89000000000006));
#6829=CARTESIAN_POINT('Ctrl Pts',(2.48871384470332,0.07,-2.91503032567763));
#6830=CARTESIAN_POINT('Ctrl Pts',(2.459714658432,0.06,-2.90672078451377));
#6831=CARTESIAN_POINT('Ctrl Pts',(2.43070698014632,0.05,-2.89830954116391));
#6832=CARTESIAN_POINT('Ctrl Pts',(2.40170779387501,0.04,-2.89000000000006));
#6833=CARTESIAN_POINT('Ctrl Pts',(2.49223862900386,0.07,-2.90891950146825));
#6834=CARTESIAN_POINT('Ctrl Pts',(2.47396191139683,0.06,-2.90260207775105));
#6835=CARTESIAN_POINT('Ctrl Pts',(2.45569230535429,0.05,-2.89631742371724));
#6836=CARTESIAN_POINT('Ctrl Pts',(2.43741558774726,0.04,-2.89000000000005));
#6837=CARTESIAN_POINT('Ctrl Pts',(2.4974463631111,0.07,-2.89932999928383));
#6838=CARTESIAN_POINT('Ctrl Pts',(2.49513801724383,0.06,-2.89622229616531));
#6839=CARTESIAN_POINT('Ctrl Pts',(2.49282745741225,0.05,-2.89310770311856));
#6840=CARTESIAN_POINT('Ctrl Pts',(2.49051911154497,0.04,-2.89000000000004));
#6841=CARTESIAN_POINT('Ctrl Pts',(2.50264380836078,0.07,-2.89927562450879));
#6842=CARTESIAN_POINT('Ctrl Pts',(2.50440015955619,0.06,-2.89618547908678));
#6843=CARTESIAN_POINT('Ctrl Pts',(2.50615849027501,0.05,-2.89309014542204));
#6844=CARTESIAN_POINT('Ctrl Pts',(2.50791484147043,0.04,-2.89000000000003));
#6845=CARTESIAN_POINT('Ctrl Pts',(2.50810444188929,0.07,-2.90884606604097));
#6846=CARTESIAN_POINT('Ctrl Pts',(2.52591854802294,0.06,-2.90255398638444));
#6847=CARTESIAN_POINT('Ctrl Pts',(2.54372627479728,0.05,-2.89629207965656));
#6848=CARTESIAN_POINT('Ctrl Pts',(2.56154038093093,0.04,-2.89000000000002));
#6849=CARTESIAN_POINT('Ctrl Pts',(2.51180986129182,0.07,-2.91496985715148));
#6850=CARTESIAN_POINT('Ctrl Pts',(2.54046117675529,0.06,-2.90668033135242));
#6851=CARTESIAN_POINT('Ctrl Pts',(2.56911887500251,0.05,-2.89828952579908));
#6852=CARTESIAN_POINT('Ctrl Pts',(2.59777019046598,0.04,-2.89000000000001));
#6853=CARTESIAN_POINT('Ctrl Pts',(2.51551057171713,0.07,-2.92122739286362));
#6854=CARTESIAN_POINT('Ctrl Pts',(2.55500704781176,0.06,-2.91081826190908));
#6855=CARTESIAN_POINT('Ctrl Pts',(2.59450352390639,0.05,-2.90040913095454));
#6856=CARTESIAN_POINT('Ctrl Pts',(2.63400000000102,0.04,-2.89000000000001));
#6857=CARTESIAN_POINT('',(2.36600000000275,0.04,-2.89000000000006));
#6858=CARTESIAN_POINT('',(2.48519643635413,0.07,-2.92127274425823));
#6859=CARTESIAN_POINT('',(2.63400000000102,0.04,-2.89000000000006));
#6860=CARTESIAN_POINT('',(2.66400000000102,0.04,-2.89));
#6861=CARTESIAN_POINT('',(2.51551057171713,0.07,-2.92122739286362));
#6862=CARTESIAN_POINT('Ctrl Pts',(2.51551057171713,0.07,-2.92122739286362));
#6863=CARTESIAN_POINT('Ctrl Pts',(2.55500704781176,0.06,-2.9108182619091));
#6864=CARTESIAN_POINT('Ctrl Pts',(2.59450352390639,0.05,-2.90040913095458));
#6865=CARTESIAN_POINT('Ctrl Pts',(2.63400000000102,0.04,-2.89000000000006));
#6866=CARTESIAN_POINT('Ctrl Pts',(2.51921128214245,0.07,-2.92748492857576));
#6867=CARTESIAN_POINT('Ctrl Pts',(2.55747418809531,0.06,-2.92057990543931));
#6868=CARTESIAN_POINT('Ctrl Pts',(2.59573709404817,0.05,-2.91367488230287));
#6869=CARTESIAN_POINT('Ctrl Pts',(2.63400000000102,0.04,-2.90676985916642));
#6870=CARTESIAN_POINT('Ctrl Pts',(2.52291199256776,0.07,-2.9337424642879));
#6871=CARTESIAN_POINT('Ctrl Pts',(2.55994132837885,0.06,-2.93034154896953));
#6872=CARTESIAN_POINT('Ctrl Pts',(2.59697066418994,0.05,-2.92694063365116));
#6873=CARTESIAN_POINT('Ctrl Pts',(2.63400000000102,0.04,-2.92353971833279));
#6874=CARTESIAN_POINT('Ctrl Pts',(2.52661270299308,0.07,-2.94000000000003));
#6875=CARTESIAN_POINT('Ctrl Pts',(2.56240846866239,0.06,-2.94010319249974));
#6876=CARTESIAN_POINT('Ctrl Pts',(2.59820423433171,0.05,-2.94020638499945));
#6877=CARTESIAN_POINT('Ctrl Pts',(2.63400000000102,0.04,-2.94030957749915));
#6878=CARTESIAN_POINT('',(2.63400000000102,0.04,-2.94030957749915));
#6879=CARTESIAN_POINT('Ctrl Pts',(2.63400000000102,0.04,-2.94030957749915));
#6880=CARTESIAN_POINT('Ctrl Pts',(2.63400000000102,0.04,-2.92353971833279));
#6881=CARTESIAN_POINT('Ctrl Pts',(2.63400000000102,0.04,-2.90676985916642));
#6882=CARTESIAN_POINT('Ctrl Pts',(2.63400000000102,0.04,-2.89000000000006));
#6883=CARTESIAN_POINT('',(2.52661270299308,0.07,-2.94000000000003));
#6884=CARTESIAN_POINT('Ctrl Pts',(2.52661270299308,0.07,-2.94000000000003));
#6885=CARTESIAN_POINT('Ctrl Pts',(2.56240846866239,0.06,-2.94010319249974));
#6886=CARTESIAN_POINT('Ctrl Pts',(2.59820423433171,0.05,-2.94020638499945));
#6887=CARTESIAN_POINT('Ctrl Pts',(2.63400000000102,0.04,-2.94030957749915));
#6888=CARTESIAN_POINT('Ctrl Pts',(2.52295753684525,0.07,-2.9461805248386));
#6889=CARTESIAN_POINT('Ctrl Pts',(2.55997169123051,0.06,-2.94974470044777));
#6890=CARTESIAN_POINT('Ctrl Pts',(2.59698584561577,0.05,-2.95330887605694));
#6891=CARTESIAN_POINT('Ctrl Pts',(2.63400000000102,0.04,-2.9568730516661));
#6892=CARTESIAN_POINT('Ctrl Pts',(2.51930237069743,0.07,-2.95236104967717));
#6893=CARTESIAN_POINT('Ctrl Pts',(2.55753491379863,0.06,-2.9593862083958));
#6894=CARTESIAN_POINT('Ctrl Pts',(2.59576745689983,0.05,-2.96641136711443));
#6895=CARTESIAN_POINT('Ctrl Pts',(2.63400000000102,0.04,-2.97343652583306));
#6896=CARTESIAN_POINT('Ctrl Pts',(2.5156472045496,0.07,-2.95854157451573));
#6897=CARTESIAN_POINT('Ctrl Pts',(2.55509813636674,0.06,-2.96902771634383));
#6898=CARTESIAN_POINT('Ctrl Pts',(2.59454906818388,0.05,-2.97951385817192));
#6899=CARTESIAN_POINT('Ctrl Pts',(2.63400000000102,0.04,-2.99000000000001));
#6900=CARTESIAN_POINT('',(2.63400000000102,0.04,-2.99000000000001));
#6901=CARTESIAN_POINT('Ctrl Pts',(2.63400000000102,0.04,-2.99000000000001));
#6902=CARTESIAN_POINT('Ctrl Pts',(2.63400000000102,0.04,-2.97343652583306));
#6903=CARTESIAN_POINT('Ctrl Pts',(2.63400000000102,0.04,-2.9568730516661));
#6904=CARTESIAN_POINT('Ctrl Pts',(2.63400000000102,0.04,-2.94030957749915));
#6905=CARTESIAN_POINT('',(2.5156472045496,0.07,-2.95854157451573));
#6906=CARTESIAN_POINT('Ctrl Pts',(2.5156472045496,0.07,-2.95854157451573));
#6907=CARTESIAN_POINT('Ctrl Pts',(2.55509813636674,0.06,-2.96902771634383));
#6908=CARTESIAN_POINT('Ctrl Pts',(2.59454906818388,0.05,-2.97951385817192));
#6909=CARTESIAN_POINT('Ctrl Pts',(2.63400000000102,0.04,-2.99000000000001));
#6910=CARTESIAN_POINT('Ctrl Pts',(2.51190094984663,0.07,-2.96487612110183));
#6911=CARTESIAN_POINT('Ctrl Pts',(2.54043399293992,0.06,-2.97321706422217));
#6912=CARTESIAN_POINT('Ctrl Pts',(2.56897341567652,0.05,-2.98165905687967));
#6913=CARTESIAN_POINT('Ctrl Pts',(2.59750645876981,0.04,-2.99000000000001));
#6914=CARTESIAN_POINT('Ctrl Pts',(2.50814991463455,0.07,-2.97107506283557));
#6915=CARTESIAN_POINT('Ctrl Pts',(2.52577301958498,0.06,-2.97739274686556));
#6916=CARTESIAN_POINT('Ctrl Pts',(2.54338981258816,0.05,-2.98368231597003));
#6917=CARTESIAN_POINT('Ctrl Pts',(2.56101291753859,0.04,-2.99000000000002));
#6918=CARTESIAN_POINT('Ctrl Pts',(2.50264383046264,0.07,-2.9807245025071));
#6919=CARTESIAN_POINT('Ctrl Pts',(2.50416527125533,0.06,-2.98381501225201));
#6920=CARTESIAN_POINT('Ctrl Pts',(2.50568859920589,0.05,-2.98690949025512));
#6921=CARTESIAN_POINT('Ctrl Pts',(2.50721003999857,0.04,-2.99000000000003));
#6922=CARTESIAN_POINT('Ctrl Pts',(2.49744637894676,0.07,-2.98067017993851));
#6923=CARTESIAN_POINT('Ctrl Pts',(2.49493188826778,0.06,-2.98377774223698));
#6924=CARTESIAN_POINT('Ctrl Pts',(2.49241519436875,0.05,-2.98689243770156));
#6925=CARTESIAN_POINT('Ctrl Pts',(2.48990070368977,0.04,-2.99000000000004));
#6926=CARTESIAN_POINT('Ctrl Pts',(2.49223862565896,0.07,-2.97108038277004));
#6927=CARTESIAN_POINT('Ctrl Pts',(2.47384369127182,0.06,-2.97739794358583));
#6928=CARTESIAN_POINT('Ctrl Pts',(2.45545584597538,0.05,-2.98368243918426));
#6929=CARTESIAN_POINT('Ctrl Pts',(2.43706091158823,0.04,-2.99000000000005));
#6930=CARTESIAN_POINT('Ctrl Pts',(2.48871384470389,0.07,-2.96496967432324));
#6931=CARTESIAN_POINT('Ctrl Pts',(2.45965554027226,0.06,-2.97327912832924));
#6932=CARTESIAN_POINT('Ctrl Pts',(2.43058876022712,0.05,-2.98169054599406));
#6933=CARTESIAN_POINT('Ctrl Pts',(2.40153045579549,0.04,-2.99000000000006));
#6934=CARTESIAN_POINT('Ctrl Pts',(2.48519643635456,0.07,-2.95872725574244));
#6935=CARTESIAN_POINT('Ctrl Pts',(2.44546429090396,0.06,-2.96915150382831));
#6936=CARTESIAN_POINT('Ctrl Pts',(2.40573214545335,0.05,-2.97957575191419));
#6937=CARTESIAN_POINT('Ctrl Pts',(2.36600000000275,0.04,-2.99000000000006));
#6938=CARTESIAN_POINT('',(2.36600000000275,0.04,-2.99000000000001));
#6939=CARTESIAN_POINT('',(2.33600000000275,0.04,-2.99000000000007));
#6940=CARTESIAN_POINT('',(2.48519643635456,0.07,-2.95872725574244));
#6941=CARTESIAN_POINT('Ctrl Pts',(2.48519643635456,0.07,-2.95872725574244));
#6942=CARTESIAN_POINT('Ctrl Pts',(2.44546429090396,0.06,-2.9691515038283));
#6943=CARTESIAN_POINT('Ctrl Pts',(2.40573214545335,0.05,-2.97957575191415));
#6944=CARTESIAN_POINT('Ctrl Pts',(2.36600000000275,0.04,-2.99000000000001));
#6945=CARTESIAN_POINT('Ctrl Pts',(2.48167902800523,0.07,-2.95248483716164));
#6946=CARTESIAN_POINT('Ctrl Pts',(2.44311935200441,0.06,-2.95943433588545));
#6947=CARTESIAN_POINT('Ctrl Pts',(2.40455967600358,0.05,-2.96638383460926));
#6948=CARTESIAN_POINT('Ctrl Pts',(2.36600000000275,0.04,-2.97333333333307));
#6949=CARTESIAN_POINT('Ctrl Pts',(2.47816161965591,0.07,-2.94624241858084));
#6950=CARTESIAN_POINT('Ctrl Pts',(2.44077441310485,0.06,-2.9497171679426));
#6951=CARTESIAN_POINT('Ctrl Pts',(2.4033872065538,0.05,-2.95319191730436));
#6952=CARTESIAN_POINT('Ctrl Pts',(2.36600000000275,0.04,-2.95666666666612));
#6953=CARTESIAN_POINT('Ctrl Pts',(2.47464421130658,0.07,-2.94000000000003));
#6954=CARTESIAN_POINT('Ctrl Pts',(2.4384294742053,0.06,-2.93999999999975));
#6955=CARTESIAN_POINT('Ctrl Pts',(2.40221473710403,0.05,-2.93999999999946));
#6956=CARTESIAN_POINT('Ctrl Pts',(2.36600000000275,0.04,-2.93999999999918));
#6957=CARTESIAN_POINT('',(2.36600000000275,0.04,-2.93999999999918));
#6958=CARTESIAN_POINT('Ctrl Pts',(2.36600000000275,0.04,-2.93999999999918));
#6959=CARTESIAN_POINT('Ctrl Pts',(2.36600000000275,0.04,-2.95666666666612));
#6960=CARTESIAN_POINT('Ctrl Pts',(2.36600000000275,0.04,-2.97333333333307));
#6961=CARTESIAN_POINT('Ctrl Pts',(2.36600000000275,0.04,-2.99000000000001));
#6962=CARTESIAN_POINT('',(2.47464421130658,0.07,-2.94000000000003));
#6963=CARTESIAN_POINT('Ctrl Pts',(2.47464421130658,0.07,-2.94000000000003));
#6964=CARTESIAN_POINT('Ctrl Pts',(2.4384294742053,0.06,-2.93999999999975));
#6965=CARTESIAN_POINT('Ctrl Pts',(2.40221473710403,0.05,-2.93999999999946));
#6966=CARTESIAN_POINT('Ctrl Pts',(2.36600000000275,0.04,-2.93999999999918));
#6967=CARTESIAN_POINT('Ctrl Pts',(2.47816161965576,0.07,-2.93375758141943));
#6968=CARTESIAN_POINT('Ctrl Pts',(2.44077441310476,0.06,-2.93028283205722));
#6969=CARTESIAN_POINT('Ctrl Pts',(2.40338720655375,0.05,-2.92680808269502));
#6970=CARTESIAN_POINT('Ctrl Pts',(2.36600000000275,0.04,-2.92333333333281));
#6971=CARTESIAN_POINT('Ctrl Pts',(2.48167902800495,0.07,-2.92751516283883));
#6972=CARTESIAN_POINT('Ctrl Pts',(2.44311935200421,0.06,-2.9205656641147));
#6973=CARTESIAN_POINT('Ctrl Pts',(2.40455967600348,0.05,-2.91361616539057));
#6974=CARTESIAN_POINT('Ctrl Pts',(2.36600000000275,0.04,-2.90666666666644));
#6975=CARTESIAN_POINT('Ctrl Pts',(2.48519643635413,0.07,-2.92127274425823));
#6976=CARTESIAN_POINT('Ctrl Pts',(2.44546429090367,0.06,-2.91084849617218));
#6977=CARTESIAN_POINT('Ctrl Pts',(2.40573214545321,0.05,-2.90042424808612));
#6978=CARTESIAN_POINT('Ctrl Pts',(2.36600000000275,0.04,-2.89000000000006));
#6979=CARTESIAN_POINT('Ctrl Pts',(2.36600000000275,0.04,-2.89000000000006));
#6980=CARTESIAN_POINT('Ctrl Pts',(2.36600000000275,0.04,-2.90666666666644));
#6981=CARTESIAN_POINT('Ctrl Pts',(2.36600000000275,0.04,-2.92333333333281));
#6982=CARTESIAN_POINT('Ctrl Pts',(2.36600000000275,0.04,-2.93999999999918));
#6983=CARTESIAN_POINT('Origin',(2.50000000000189,0.04,-2.94000000000004));
#6984=CARTESIAN_POINT('',(2.66400000000102,0.04,-2.89));
#6985=CARTESIAN_POINT('',(2.66400000000102,0.04,-2.89));
#6986=CARTESIAN_POINT('',(2.66400000000102,0.04,-2.99));
#6987=CARTESIAN_POINT('',(2.66400000000102,0.04,-2.99));
#6988=CARTESIAN_POINT('',(2.33600000000275,0.04,-2.99000000000007));
#6989=CARTESIAN_POINT('Origin',(2.33600000000275,0.03,-2.99000000000007));
#6990=CARTESIAN_POINT('',(2.33600000000275,0.03,-2.89000000000007));
#6991=CARTESIAN_POINT('',(2.33600000000275,0.03,-2.99000000000007));
#6992=CARTESIAN_POINT('',(2.33600000000275,0.03,-2.89000000000007));
#6993=CARTESIAN_POINT('',(2.33600000000275,0.04,-2.89000000000007));
#6994=CARTESIAN_POINT('',(2.33600000000275,0.03,-2.89000000000007));
#6995=CARTESIAN_POINT('',(2.33600000000275,0.04,-2.99000000000007));
#6996=CARTESIAN_POINT('',(2.33600000000275,0.04,-2.89000000000007));
#6997=CARTESIAN_POINT('',(2.33600000000275,0.03,-2.99000000000007));
#6998=CARTESIAN_POINT('Origin',(2.66400000000102,0.03,-2.99));
#6999=CARTESIAN_POINT('',(2.66400000000102,0.03,-2.99));
#7000=CARTESIAN_POINT('',(2.33600000000275,0.03,-2.99000000000007));
#7001=CARTESIAN_POINT('',(2.33600000000275,0.04,-2.99000000000007));
#7002=CARTESIAN_POINT('',(2.66400000000102,0.03,-2.99));
#7003=CARTESIAN_POINT('Origin',(2.66400000000102,0.03,-2.89));
#7004=CARTESIAN_POINT('',(2.66400000000102,0.03,-2.89));
#7005=CARTESIAN_POINT('',(2.66400000000102,0.03,-2.99));
#7006=CARTESIAN_POINT('',(2.66400000000102,0.03,-2.89));
#7007=CARTESIAN_POINT('Origin',(2.33600000000275,0.03,-2.89000000000007));
#7008=CARTESIAN_POINT('',(2.66400000000102,0.03,-2.89));
#7009=CARTESIAN_POINT('',(2.66400000000102,0.04,-2.89));
#7010=CARTESIAN_POINT('Origin',(2.50000000000189,0.04,-2.94000000000004));
#7011=CARTESIAN_POINT('Origin',(2.50000000000189,0.03,-2.94000000000004));
#7012=CARTESIAN_POINT('Origin',(2.59430181816754,0.03,-2.50328984681349));
#7013=CARTESIAN_POINT('',(2.50571796769566,0.03,-2.50330127018921));
#7014=CARTESIAN_POINT('',(2.50571796769566,0.04,-2.50330127018921));
#7015=CARTESIAN_POINT('',(2.50571796769566,0.03,-2.50330127018921));
#7016=CARTESIAN_POINT('',(2.59430181816754,0.04,-2.50328984681349));
#7017=CARTESIAN_POINT('',(2.59430181816754,0.04,-2.50328984681349));
#7018=CARTESIAN_POINT('',(2.59430181816754,0.03,-2.50328984681349));
#7019=CARTESIAN_POINT('',(2.59430181816754,0.03,-2.50328984681349));
#7020=CARTESIAN_POINT('',(2.59430181816754,0.03,-2.50328984681349));
#7021=CARTESIAN_POINT('Origin',(2.45571796769682,0.03,-2.41669872981126));
#7022=CARTESIAN_POINT('',(2.45571796769682,0.03,-2.41669872981126));
#7023=CARTESIAN_POINT('',(2.49994280131732,0.03,-2.49329838859959));
#7024=CARTESIAN_POINT('',(2.45571796769682,0.03,-2.41669872981126));
#7025=CARTESIAN_POINT('',(2.49994280131732,0.04,-2.49329838859959));
#7026=CARTESIAN_POINT('',(2.49994280131732,0.03,-2.49329838859959));
#7027=CARTESIAN_POINT('',(2.45571796769682,0.04,-2.41669872981126));
#7028=CARTESIAN_POINT('',(2.45571796769682,0.04,-2.41669872981126));
#7029=CARTESIAN_POINT('',(2.45571796769682,0.03,-2.41669872981126));
#7030=CARTESIAN_POINT('Origin',(2.19591034656132,0.03,-2.26669872981156));
#7031=CARTESIAN_POINT('',(2.19591034656132,0.03,-2.26669872981156));
#7032=CARTESIAN_POINT('',(2.45571796769682,0.03,-2.41669872981126));
#7033=CARTESIAN_POINT('',(2.19591034656132,0.04,-2.26669872981156));
#7034=CARTESIAN_POINT('',(2.45571796769682,0.04,-2.41669872981126));
#7035=CARTESIAN_POINT('',(2.19591034656132,0.03,-2.26669872981156));
#7036=CARTESIAN_POINT('Origin',(2.14591034656129,0.03,-2.35330127019006));
#7037=CARTESIAN_POINT('',(2.14591034656129,0.03,-2.35330127019006));
#7038=CARTESIAN_POINT('',(2.19591034656132,0.03,-2.26669872981156));
#7039=CARTESIAN_POINT('',(2.14591034656129,0.04,-2.35330127019006));
#7040=CARTESIAN_POINT('',(2.19591034656132,0.04,-2.26669872981156));
#7041=CARTESIAN_POINT('',(2.14591034656129,0.03,-2.35330127019006));
#7042=CARTESIAN_POINT('Origin',(2.40571796769789,0.03,-2.50330127018983));
#7043=CARTESIAN_POINT('',(2.40571796769789,0.03,-2.50330127018983));
#7044=CARTESIAN_POINT('',(2.14591034656129,0.03,-2.35330127019006));
#7045=CARTESIAN_POINT('',(2.40571796769789,0.04,-2.50330127018983));
#7046=CARTESIAN_POINT('',(2.14591034656129,0.04,-2.35330127019006));
#7047=CARTESIAN_POINT('',(2.40571796769789,0.03,-2.50330127018983));
#7048=CARTESIAN_POINT('Origin',(2.4942820323042,0.03,-2.50330127018928));
#7049=CARTESIAN_POINT('',(2.4942820323042,0.03,-2.50330127018928));
#7050=CARTESIAN_POINT('',(2.40571796769789,0.03,-2.50330127018983));
#7051=CARTESIAN_POINT('',(2.4942820323042,0.04,-2.50330127018928));
#7052=CARTESIAN_POINT('',(2.40571796769789,0.04,-2.50330127018983));
#7053=CARTESIAN_POINT('',(2.4942820323042,0.03,-2.50330127018928));
#7054=CARTESIAN_POINT('Origin',(2.86274990747563,0.03,-2.3483012701886));
#7055=CARTESIAN_POINT('',(2.86274990747563,0.03,-2.3483012701886));
#7056=CARTESIAN_POINT('',(2.59430181816754,0.03,-2.50328984681349));
#7057=CARTESIAN_POINT('',(2.86274990747563,0.04,-2.3483012701886));
#7058=CARTESIAN_POINT('',(2.59430181816754,0.04,-2.50328984681349));
#7059=CARTESIAN_POINT('',(2.86274990747563,0.03,-2.3483012701886));
#7060=CARTESIAN_POINT('Origin',(2.91974990747462,0.03,-2.44702816621823));
#7061=CARTESIAN_POINT('',(2.91974990747462,0.03,-2.44702816621823));
#7062=CARTESIAN_POINT('',(2.86274990747563,0.03,-2.3483012701886));
#7063=CARTESIAN_POINT('',(2.91974990747462,0.04,-2.44702816621823));
#7064=CARTESIAN_POINT('',(2.86274990747563,0.04,-2.3483012701886));
#7065=CARTESIAN_POINT('',(2.91974990747462,0.03,-2.44702816621823));
#7066=CARTESIAN_POINT('Origin',(3.09295498823197,0.03,-2.34702816621903));
#7067=CARTESIAN_POINT('',(3.09295498823197,0.03,-2.34702816621903));
#7068=CARTESIAN_POINT('',(2.91974990747462,0.03,-2.44702816621823));
#7069=CARTESIAN_POINT('',(3.09295498823197,0.04,-2.34702816621903));
#7070=CARTESIAN_POINT('',(2.91974990747462,0.04,-2.44702816621823));
#7071=CARTESIAN_POINT('',(3.09295498823197,0.03,-2.34702816621903));
#7072=CARTESIAN_POINT('Origin',(2.92895498823231,0.03,-2.06297183377846));
#7073=CARTESIAN_POINT('',(2.92895498823231,0.03,-2.06297183377846));
#7074=CARTESIAN_POINT('',(3.09295498823197,0.03,-2.34702816621903));
#7075=CARTESIAN_POINT('',(2.92895498823231,0.04,-2.06297183377846));
#7076=CARTESIAN_POINT('',(3.09295498823197,0.04,-2.34702816621903));
#7077=CARTESIAN_POINT('',(2.92895498823231,0.03,-2.06297183377846));
#7078=CARTESIAN_POINT('Origin',(2.75574990747542,0.03,-2.16297183377847));
#7079=CARTESIAN_POINT('',(2.75574990747542,0.03,-2.16297183377847));
#7080=CARTESIAN_POINT('',(2.92895498823231,0.03,-2.06297183377846));
#7081=CARTESIAN_POINT('',(2.75574990747542,0.04,-2.16297183377847));
#7082=CARTESIAN_POINT('',(2.92895498823231,0.04,-2.06297183377846));
#7083=CARTESIAN_POINT('',(2.75574990747542,0.03,-2.16297183377847));
#7084=CARTESIAN_POINT('Origin',(2.81274990747546,0.03,-2.26169872980991));
#7085=CARTESIAN_POINT('',(2.81274990747546,0.03,-2.26169872980991));
#7086=CARTESIAN_POINT('',(2.75574990747542,0.03,-2.16297183377847));
#7087=CARTESIAN_POINT('',(2.81274990747546,0.04,-2.26169872980991));
#7088=CARTESIAN_POINT('',(2.75574990747542,0.04,-2.16297183377847));
#7089=CARTESIAN_POINT('',(2.81274990747546,0.03,-2.26169872980991));
#7090=CARTESIAN_POINT('Origin',(2.54423336346937,0.03,-2.41672682877376));
#7091=CARTESIAN_POINT('',(2.54423336346937,0.03,-2.41672682877376));
#7092=CARTESIAN_POINT('',(2.81274990747546,0.03,-2.26169872980991));
#7093=CARTESIAN_POINT('',(2.54423336346937,0.04,-2.41672682877376));
#7094=CARTESIAN_POINT('',(2.81274990747546,0.04,-2.26169872980991));
#7095=CARTESIAN_POINT('',(2.54423336346937,0.03,-2.41672682877376));
#7096=CARTESIAN_POINT('Origin',(2.49994280131732,0.03,-2.49329838859959));
#7097=CARTESIAN_POINT('',(2.54423336346937,0.03,-2.41672682877376));
#7098=CARTESIAN_POINT('',(2.54423336346937,0.04,-2.41672682877376));
#7099=CARTESIAN_POINT('Origin',(2.45000000000099,0.03,-2.88000000000012));
#7100=CARTESIAN_POINT('',(2.45000000000063,0.03,-2.58000000000012));
#7101=CARTESIAN_POINT('',(2.45000000000099,0.03,-2.88000000000012));
#7102=CARTESIAN_POINT('',(2.45000000000063,0.03,-2.58000000000012));
#7103=CARTESIAN_POINT('',(2.45000000000063,0.04,-2.58000000000012));
#7104=CARTESIAN_POINT('',(2.45000000000063,0.03,-2.58000000000012));
#7105=CARTESIAN_POINT('',(2.45000000000099,0.04,-2.88000000000012));
#7106=CARTESIAN_POINT('',(2.45000000000063,0.04,-2.58000000000012));
#7107=CARTESIAN_POINT('',(2.45000000000099,0.03,-2.88000000000012));
#7108=CARTESIAN_POINT('Origin',(2.55000000000105,0.03,-2.88000000000012));
#7109=CARTESIAN_POINT('',(2.55000000000105,0.03,-2.88000000000012));
#7110=CARTESIAN_POINT('',(2.45000000000099,0.03,-2.88000000000012));
#7111=CARTESIAN_POINT('',(2.55000000000105,0.04,-2.88000000000012));
#7112=CARTESIAN_POINT('',(2.45000000000099,0.04,-2.88000000000012));
#7113=CARTESIAN_POINT('',(2.55000000000105,0.03,-2.88000000000012));
#7114=CARTESIAN_POINT('Origin',(2.5500000000002,0.03,-2.57999999999914));
#7115=CARTESIAN_POINT('',(2.5500000000002,0.03,-2.57999999999914));
#7116=CARTESIAN_POINT('',(2.55000000000105,0.03,-2.88000000000012));
#7117=CARTESIAN_POINT('',(2.5500000000002,0.04,-2.57999999999914));
#7118=CARTESIAN_POINT('',(2.55000000000105,0.04,-2.88000000000012));
#7119=CARTESIAN_POINT('',(2.5500000000002,0.03,-2.57999999999914));
#7120=CARTESIAN_POINT('Origin',(2.5057179676969,0.03,-2.5033012701885));
#7121=CARTESIAN_POINT('',(2.5500000000002,0.03,-2.57999999999914));
#7122=CARTESIAN_POINT('',(2.5500000000002,0.04,-2.57999999999914));
#7123=CARTESIAN_POINT('Origin',(2.45000000000063,0.03,-2.58000000000012));
#7124=CARTESIAN_POINT('',(2.45000000000063,0.03,-2.58000000000012));
#7125=CARTESIAN_POINT('',(2.45000000000063,0.04,-2.58000000000012));
#7126=CARTESIAN_POINT('Origin',(2.50000000000084,0.04,-2.68669872981153));
#7127=CARTESIAN_POINT('Origin',(2.50000000000084,0.03,-2.68669872981153));
#7128=CARTESIAN_POINT('Origin',(2.56000000000107,0.03,-2.73500000000012));
#7129=CARTESIAN_POINT('',(2.66400000000101,0.03,-2.73500000000012));
#7130=CARTESIAN_POINT('',(2.56000000000107,0.03,-2.73500000000012));
#7131=CARTESIAN_POINT('',(2.66400000000101,0.03,-2.73500000000012));
#7132=CARTESIAN_POINT('',(2.66400000000101,0.04,-2.73500000000012));
#7133=CARTESIAN_POINT('',(2.66400000000101,0.03,-2.73500000000012));
#7134=CARTESIAN_POINT('',(2.56000000000107,0.04,-2.73500000000012));
#7135=CARTESIAN_POINT('',(2.66400000000101,0.04,-2.73500000000012));
#7136=CARTESIAN_POINT('',(2.56000000000107,0.03,-2.73500000000012));
#7137=CARTESIAN_POINT('Origin',(2.56000000000107,0.03,-2.80500000000012));
#7138=CARTESIAN_POINT('',(2.56000000000107,0.03,-2.80500000000012));
#7139=CARTESIAN_POINT('',(2.56000000000107,0.03,-2.73500000000012));
#7140=CARTESIAN_POINT('',(2.56000000000107,0.04,-2.80500000000012));
#7141=CARTESIAN_POINT('',(2.56000000000107,0.04,-2.73500000000012));
#7142=CARTESIAN_POINT('',(2.56000000000107,0.03,-2.80500000000012));
#7143=CARTESIAN_POINT('Origin',(2.66400000000102,0.03,-2.80500000000012));
#7144=CARTESIAN_POINT('',(2.66400000000102,0.03,-2.80500000000012));
#7145=CARTESIAN_POINT('',(2.56000000000107,0.03,-2.80500000000012));
#7146=CARTESIAN_POINT('',(2.66400000000102,0.04,-2.80500000000012));
#7147=CARTESIAN_POINT('',(2.56000000000107,0.04,-2.80500000000012));
#7148=CARTESIAN_POINT('',(2.66400000000102,0.03,-2.80500000000012));
#7149=CARTESIAN_POINT('Origin',(2.66400000000101,0.03,-2.73500000000012));
#7150=CARTESIAN_POINT('',(2.66400000000102,0.03,-2.80500000000012));
#7151=CARTESIAN_POINT('',(2.66400000000102,0.04,-2.80500000000012));
#7152=CARTESIAN_POINT('Origin',(2.61200000000104,0.04,-2.77000000000012));
#7153=CARTESIAN_POINT('Origin',(2.61200000000104,0.03,-2.77000000000012));
#7154=CARTESIAN_POINT('Origin',(2.44000000000126,0.03,-2.73000000000074));
#7155=CARTESIAN_POINT('',(2.44000000000126,0.03,-2.73000000000074));
#7156=CARTESIAN_POINT('',(2.33600000000132,0.03,-2.73000000000178));
#7157=CARTESIAN_POINT('',(2.44000000000126,0.03,-2.73000000000074));
#7158=CARTESIAN_POINT('',(2.33600000000132,0.04,-2.73000000000178));
#7159=CARTESIAN_POINT('',(2.33600000000132,0.03,-2.73000000000178));
#7160=CARTESIAN_POINT('',(2.44000000000126,0.04,-2.73000000000074));
#7161=CARTESIAN_POINT('',(2.44000000000126,0.04,-2.73000000000074));
#7162=CARTESIAN_POINT('',(2.44000000000126,0.03,-2.73000000000074));
#7163=CARTESIAN_POINT('Origin',(2.44000000000055,0.03,-2.66000000000074));
#7164=CARTESIAN_POINT('',(2.44000000000055,0.03,-2.66000000000074));
#7165=CARTESIAN_POINT('',(2.44000000000055,0.03,-2.66000000000074));
#7166=CARTESIAN_POINT('',(2.44000000000055,0.04,-2.66000000000074));
#7167=CARTESIAN_POINT('',(2.44000000000055,0.04,-2.66000000000074));
#7168=CARTESIAN_POINT('',(2.44000000000055,0.03,-2.66000000000074));
#7169=CARTESIAN_POINT('Origin',(2.33600000000061,0.03,-2.66000000000178));
#7170=CARTESIAN_POINT('',(2.33600000000061,0.03,-2.66000000000178));
#7171=CARTESIAN_POINT('',(2.33600000000061,0.03,-2.66000000000178));
#7172=CARTESIAN_POINT('',(2.33600000000061,0.04,-2.66000000000178));
#7173=CARTESIAN_POINT('',(2.33600000000061,0.04,-2.66000000000178));
#7174=CARTESIAN_POINT('',(2.33600000000061,0.03,-2.66000000000178));
#7175=CARTESIAN_POINT('Origin',(2.33600000000132,0.03,-2.73000000000178));
#7176=CARTESIAN_POINT('',(2.33600000000132,0.03,-2.73000000000178));
#7177=CARTESIAN_POINT('',(2.33600000000132,0.04,-2.73000000000178));
#7178=CARTESIAN_POINT('Origin',(2.38800000000093,0.04,-2.69500000000126));
#7179=CARTESIAN_POINT('Origin',(2.38800000000093,0.03,-2.69500000000126));
#7180=CARTESIAN_POINT('Origin',(2.14091034656127,0.03,-2.36196152422793));
#7181=CARTESIAN_POINT('',(2.20153212482618,0.03,-2.39696152422793));
#7182=CARTESIAN_POINT('',(2.14091034656127,0.03,-2.36196152422793));
#7183=CARTESIAN_POINT('',(2.20153212482618,0.03,-2.39696152422793));
#7184=CARTESIAN_POINT('',(2.20153212482618,0.04,-2.39696152422793));
#7185=CARTESIAN_POINT('',(2.20153212482618,0.03,-2.39696152422793));
#7186=CARTESIAN_POINT('',(2.14091034656127,0.04,-2.36196152422793));
#7187=CARTESIAN_POINT('',(2.20153212482618,0.04,-2.39696152422793));
#7188=CARTESIAN_POINT('',(2.14091034656127,0.03,-2.36196152422793));
#7189=CARTESIAN_POINT('Origin',(2.0889103465613,0.03,-2.45202816622146));
#7190=CARTESIAN_POINT('',(2.0889103465613,0.03,-2.45202816622146));
#7191=CARTESIAN_POINT('',(2.14091034656127,0.03,-2.36196152422793));
#7192=CARTESIAN_POINT('',(2.0889103465613,0.04,-2.45202816622146));
#7193=CARTESIAN_POINT('',(2.14091034656127,0.04,-2.36196152422793));
#7194=CARTESIAN_POINT('',(2.0889103465613,0.03,-2.45202816622146));
#7195=CARTESIAN_POINT('Origin',(2.14953212482622,0.03,-2.48702816622146));
#7196=CARTESIAN_POINT('',(2.14953212482622,0.03,-2.48702816622146));
#7197=CARTESIAN_POINT('',(2.0889103465613,0.03,-2.45202816622146));
#7198=CARTESIAN_POINT('',(2.14953212482622,0.04,-2.48702816622146));
#7199=CARTESIAN_POINT('',(2.0889103465613,0.04,-2.45202816622146));
#7200=CARTESIAN_POINT('',(2.14953212482622,0.03,-2.48702816622146));
#7201=CARTESIAN_POINT('Origin',(2.20153212482618,0.03,-2.39696152422793));
#7202=CARTESIAN_POINT('',(2.14953212482622,0.03,-2.48702816622146));
#7203=CARTESIAN_POINT('',(2.14953212482622,0.04,-2.48702816622146));
#7204=CARTESIAN_POINT('Origin',(2.14522123569374,0.04,-2.42449484522469));
#7205=CARTESIAN_POINT('Origin',(2.14522123569374,0.03,-2.42449484522469));
#7206=CARTESIAN_POINT('Origin',(2.33081415712831,0.03,-2.33303847577366));
#7207=CARTESIAN_POINT('',(2.33081415712831,0.03,-2.33303847577366));
#7208=CARTESIAN_POINT('',(2.38281415712739,0.03,-2.24297183377959));
#7209=CARTESIAN_POINT('',(2.33081415712831,0.03,-2.33303847577366));
#7210=CARTESIAN_POINT('',(2.38281415712739,0.04,-2.24297183377959));
#7211=CARTESIAN_POINT('',(2.38281415712739,0.03,-2.24297183377959));
#7212=CARTESIAN_POINT('',(2.33081415712831,0.04,-2.33303847577366));
#7213=CARTESIAN_POINT('',(2.33081415712831,0.04,-2.33303847577366));
#7214=CARTESIAN_POINT('',(2.33081415712831,0.03,-2.33303847577366));
#7215=CARTESIAN_POINT('Origin',(2.39143593539357,0.03,-2.36803847577305));
#7216=CARTESIAN_POINT('',(2.39143593539357,0.03,-2.36803847577305));
#7217=CARTESIAN_POINT('',(2.39143593539357,0.03,-2.36803847577305));
#7218=CARTESIAN_POINT('',(2.39143593539357,0.04,-2.36803847577305));
#7219=CARTESIAN_POINT('',(2.39143593539357,0.04,-2.36803847577305));
#7220=CARTESIAN_POINT('',(2.39143593539357,0.03,-2.36803847577305));
#7221=CARTESIAN_POINT('Origin',(2.44343593539263,0.03,-2.27797183377898));
#7222=CARTESIAN_POINT('',(2.44343593539263,0.03,-2.27797183377898));
#7223=CARTESIAN_POINT('',(2.44343593539263,0.03,-2.27797183377898));
#7224=CARTESIAN_POINT('',(2.44343593539263,0.04,-2.27797183377898));
#7225=CARTESIAN_POINT('',(2.44343593539263,0.04,-2.27797183377898));
#7226=CARTESIAN_POINT('',(2.44343593539263,0.03,-2.27797183377898));
#7227=CARTESIAN_POINT('Origin',(2.38281415712739,0.03,-2.24297183377959));
#7228=CARTESIAN_POINT('',(2.38281415712739,0.03,-2.24297183377959));
#7229=CARTESIAN_POINT('',(2.38281415712739,0.04,-2.24297183377959));
#7230=CARTESIAN_POINT('Origin',(2.38712504626047,0.04,-2.30550515477632));
#7231=CARTESIAN_POINT('Origin',(2.38712504626047,0.03,-2.30550515477632));
#7232=CARTESIAN_POINT('Origin',(2.79908965343759,0.03,-2.25803847577206));
#7233=CARTESIAN_POINT('',(2.73846787517278,0.03,-2.29303847577201));
#7234=CARTESIAN_POINT('',(2.79908965343759,0.03,-2.25803847577206));
#7235=CARTESIAN_POINT('',(2.73846787517278,0.03,-2.29303847577201));
#7236=CARTESIAN_POINT('',(2.73846787517278,0.04,-2.29303847577201));
#7237=CARTESIAN_POINT('',(2.73846787517278,0.03,-2.29303847577201));
#7238=CARTESIAN_POINT('',(2.79908965343759,0.04,-2.25803847577206));
#7239=CARTESIAN_POINT('',(2.73846787517278,0.04,-2.29303847577201));
#7240=CARTESIAN_POINT('',(2.79908965343759,0.03,-2.25803847577206));
#7241=CARTESIAN_POINT('Origin',(2.74708965343769,0.03,-2.16797183377841));
#7242=CARTESIAN_POINT('',(2.74708965343769,0.03,-2.16797183377841));
#7243=CARTESIAN_POINT('',(2.79908965343759,0.03,-2.25803847577206));
#7244=CARTESIAN_POINT('',(2.74708965343769,0.04,-2.16797183377841));
#7245=CARTESIAN_POINT('',(2.79908965343759,0.04,-2.25803847577206));
#7246=CARTESIAN_POINT('',(2.74708965343769,0.03,-2.16797183377841));
#7247=CARTESIAN_POINT('Origin',(2.68646787517278,0.03,-2.20297183377842));
#7248=CARTESIAN_POINT('',(2.68646787517278,0.03,-2.20297183377842));
#7249=CARTESIAN_POINT('',(2.74708965343769,0.03,-2.16797183377841));
#7250=CARTESIAN_POINT('',(2.68646787517278,0.04,-2.20297183377842));
#7251=CARTESIAN_POINT('',(2.74708965343769,0.04,-2.16797183377841));
#7252=CARTESIAN_POINT('',(2.68646787517278,0.03,-2.20297183377842));
#7253=CARTESIAN_POINT('Origin',(2.73846787517278,0.03,-2.29303847577201));
#7254=CARTESIAN_POINT('',(2.68646787517278,0.03,-2.20297183377842));
#7255=CARTESIAN_POINT('',(2.68646787517278,0.04,-2.20297183377842));
#7256=CARTESIAN_POINT('Origin',(2.74277876430519,0.04,-2.23050515477521));
#7257=CARTESIAN_POINT('Origin',(2.74277876430519,0.03,-2.23050515477521));
#7258=CARTESIAN_POINT('Origin',(2.73351596988932,0.03,-2.43446152422556));
#7259=CARTESIAN_POINT('',(2.73351596988932,0.03,-2.43446152422556));
#7260=CARTESIAN_POINT('',(2.79413774815388,0.03,-2.39946152422495));
#7261=CARTESIAN_POINT('',(2.73351596988932,0.03,-2.43446152422556));
#7262=CARTESIAN_POINT('',(2.79413774815388,0.04,-2.39946152422495));
#7263=CARTESIAN_POINT('',(2.79413774815388,0.03,-2.39946152422495));
#7264=CARTESIAN_POINT('',(2.73351596988932,0.04,-2.43446152422556));
#7265=CARTESIAN_POINT('',(2.73351596988932,0.04,-2.43446152422556));
#7266=CARTESIAN_POINT('',(2.73351596988932,0.03,-2.43446152422556));
#7267=CARTESIAN_POINT('Origin',(2.7855159698902,0.03,-2.52452816621856));
#7268=CARTESIAN_POINT('',(2.7855159698902,0.03,-2.52452816621856));
#7269=CARTESIAN_POINT('',(2.7855159698902,0.03,-2.52452816621856));
#7270=CARTESIAN_POINT('',(2.7855159698902,0.04,-2.52452816621856));
#7271=CARTESIAN_POINT('',(2.7855159698902,0.04,-2.52452816621856));
#7272=CARTESIAN_POINT('',(2.7855159698902,0.03,-2.52452816621856));
#7273=CARTESIAN_POINT('Origin',(2.84613774815476,0.03,-2.48952816621796));
#7274=CARTESIAN_POINT('',(2.84613774815476,0.03,-2.48952816621796));
#7275=CARTESIAN_POINT('',(2.84613774815476,0.03,-2.48952816621796));
#7276=CARTESIAN_POINT('',(2.84613774815476,0.04,-2.48952816621796));
#7277=CARTESIAN_POINT('',(2.84613774815476,0.04,-2.48952816621796));
#7278=CARTESIAN_POINT('',(2.84613774815476,0.03,-2.48952816621796));
#7279=CARTESIAN_POINT('Origin',(2.79413774815388,0.03,-2.39946152422495));
#7280=CARTESIAN_POINT('',(2.79413774815388,0.03,-2.39946152422495));
#7281=CARTESIAN_POINT('',(2.79413774815388,0.04,-2.39946152422495));
#7282=CARTESIAN_POINT('Origin',(2.78982685902204,0.04,-2.46199484522176));
#7283=CARTESIAN_POINT('Origin',(2.78982685902204,0.03,-2.46199484522176));
#7284=CARTESIAN_POINT('Origin',(2.60856406460508,0.03,-2.36803847577195));
#7285=CARTESIAN_POINT('',(2.55656406460512,0.03,-2.27797183377842));
#7286=CARTESIAN_POINT('',(2.60856406460508,0.03,-2.36803847577195));
#7287=CARTESIAN_POINT('',(2.55656406460512,0.03,-2.27797183377842));
#7288=CARTESIAN_POINT('',(2.55656406460512,0.04,-2.27797183377842));
#7289=CARTESIAN_POINT('',(2.55656406460512,0.03,-2.27797183377842));
#7290=CARTESIAN_POINT('',(2.60856406460508,0.04,-2.36803847577195));
#7291=CARTESIAN_POINT('',(2.55656406460512,0.04,-2.27797183377842));
#7292=CARTESIAN_POINT('',(2.60856406460508,0.03,-2.36803847577195));
#7293=CARTESIAN_POINT('Origin',(2.66918584286999,0.03,-2.33303847577195));
#7294=CARTESIAN_POINT('',(2.66918584286999,0.03,-2.33303847577195));
#7295=CARTESIAN_POINT('',(2.60856406460508,0.03,-2.36803847577195));
#7296=CARTESIAN_POINT('',(2.66918584286999,0.04,-2.33303847577195));
#7297=CARTESIAN_POINT('',(2.60856406460508,0.04,-2.36803847577195));
#7298=CARTESIAN_POINT('',(2.66918584286999,0.03,-2.33303847577195));
#7299=CARTESIAN_POINT('Origin',(2.61718584287002,0.03,-2.24297183377841));
#7300=CARTESIAN_POINT('',(2.61718584287002,0.03,-2.24297183377841));
#7301=CARTESIAN_POINT('',(2.66918584286999,0.03,-2.33303847577195));
#7302=CARTESIAN_POINT('',(2.61718584287002,0.04,-2.24297183377841));
#7303=CARTESIAN_POINT('',(2.66918584286999,0.04,-2.33303847577195));
#7304=CARTESIAN_POINT('',(2.61718584287002,0.03,-2.24297183377841));
#7305=CARTESIAN_POINT('Origin',(2.55656406460512,0.03,-2.27797183377842));
#7306=CARTESIAN_POINT('',(2.61718584287002,0.03,-2.24297183377841));
#7307=CARTESIAN_POINT('',(2.61718584287002,0.04,-2.24297183377841));
#7308=CARTESIAN_POINT('Origin',(2.61287495373756,0.04,-2.30550515477518));
#7309=CARTESIAN_POINT('Origin',(2.61287495373756,0.03,-2.30550515477518));
#7310=CARTESIAN_POINT('Origin',(2.20091034656006,0.03,-2.25803847577498));
#7311=CARTESIAN_POINT('',(2.20091034656006,0.03,-2.25803847577498));
#7312=CARTESIAN_POINT('',(2.25291034655912,0.03,-2.16797183378091));
#7313=CARTESIAN_POINT('',(2.20091034656006,0.03,-2.25803847577498));
#7314=CARTESIAN_POINT('',(2.25291034655912,0.04,-2.16797183378091));
#7315=CARTESIAN_POINT('',(2.25291034655912,0.03,-2.16797183378091));
#7316=CARTESIAN_POINT('',(2.20091034656006,0.04,-2.25803847577498));
#7317=CARTESIAN_POINT('',(2.20091034656006,0.04,-2.25803847577498));
#7318=CARTESIAN_POINT('',(2.20091034656006,0.03,-2.25803847577498));
#7319=CARTESIAN_POINT('Origin',(2.26153212482533,0.03,-2.29303847577436));
#7320=CARTESIAN_POINT('',(2.26153212482533,0.03,-2.29303847577436));
#7321=CARTESIAN_POINT('',(2.26153212482533,0.03,-2.29303847577436));
#7322=CARTESIAN_POINT('',(2.26153212482533,0.04,-2.29303847577436));
#7323=CARTESIAN_POINT('',(2.26153212482533,0.04,-2.29303847577436));
#7324=CARTESIAN_POINT('',(2.26153212482533,0.03,-2.29303847577436));
#7325=CARTESIAN_POINT('Origin',(2.31353212482508,0.03,-2.20297183378071));
#7326=CARTESIAN_POINT('',(2.31353212482508,0.03,-2.20297183378071));
#7327=CARTESIAN_POINT('',(2.31353212482508,0.03,-2.20297183378071));
#7328=CARTESIAN_POINT('',(2.31353212482508,0.04,-2.20297183378071));
#7329=CARTESIAN_POINT('',(2.31353212482508,0.04,-2.20297183378071));
#7330=CARTESIAN_POINT('',(2.31353212482508,0.03,-2.20297183378071));
#7331=CARTESIAN_POINT('Origin',(2.25291034655912,0.03,-2.16797183378091));
#7332=CARTESIAN_POINT('',(2.25291034655912,0.03,-2.16797183378091));
#7333=CARTESIAN_POINT('',(2.25291034655912,0.04,-2.16797183378091));
#7334=CARTESIAN_POINT('Origin',(2.25722123569257,0.04,-2.23050515477764));
#7335=CARTESIAN_POINT('Origin',(2.25722123569257,0.03,-2.23050515477764));
#7336=CARTESIAN_POINT('Origin',(2.33143593539385,0.03,-2.47196152422793));
#7337=CARTESIAN_POINT('',(2.27943593539388,0.03,-2.56202816622146));
#7338=CARTESIAN_POINT('',(2.33143593539385,0.03,-2.47196152422793));
#7339=CARTESIAN_POINT('',(2.27943593539388,0.03,-2.56202816622146));
#7340=CARTESIAN_POINT('',(2.27943593539388,0.04,-2.56202816622146));
#7341=CARTESIAN_POINT('',(2.27943593539388,0.03,-2.56202816622146));
#7342=CARTESIAN_POINT('',(2.33143593539385,0.04,-2.47196152422793));
#7343=CARTESIAN_POINT('',(2.27943593539388,0.04,-2.56202816622146));
#7344=CARTESIAN_POINT('',(2.33143593539385,0.03,-2.47196152422793));
#7345=CARTESIAN_POINT('Origin',(2.27081415712894,0.03,-2.43696152422793));
#7346=CARTESIAN_POINT('',(2.27081415712894,0.03,-2.43696152422793));
#7347=CARTESIAN_POINT('',(2.33143593539385,0.03,-2.47196152422793));
#7348=CARTESIAN_POINT('',(2.27081415712894,0.04,-2.43696152422793));
#7349=CARTESIAN_POINT('',(2.33143593539385,0.04,-2.47196152422793));
#7350=CARTESIAN_POINT('',(2.27081415712894,0.03,-2.43696152422793));
#7351=CARTESIAN_POINT('Origin',(2.21881415712897,0.03,-2.52702816622146));
#7352=CARTESIAN_POINT('',(2.21881415712897,0.03,-2.52702816622146));
#7353=CARTESIAN_POINT('',(2.27081415712894,0.03,-2.43696152422793));
#7354=CARTESIAN_POINT('',(2.21881415712897,0.04,-2.52702816622146));
#7355=CARTESIAN_POINT('',(2.27081415712894,0.04,-2.43696152422793));
#7356=CARTESIAN_POINT('',(2.21881415712897,0.03,-2.52702816622146));
#7357=CARTESIAN_POINT('Origin',(2.27943593539388,0.03,-2.56202816622146));
#7358=CARTESIAN_POINT('',(2.21881415712897,0.03,-2.52702816622146));
#7359=CARTESIAN_POINT('',(2.21881415712897,0.04,-2.52702816622146));
#7360=CARTESIAN_POINT('Origin',(2.27512504626141,0.04,-2.49949484522469));
#7361=CARTESIAN_POINT('Origin',(2.27512504626141,0.03,-2.49949484522469));
#7362=CARTESIAN_POINT('Origin',(2.4400000000027,0.03,-2.88000000000058));
#7363=CARTESIAN_POINT('',(2.4400000000027,0.03,-2.88000000000058));
#7364=CARTESIAN_POINT('',(2.33600000000275,0.03,-2.88000000000164));
#7365=CARTESIAN_POINT('',(2.4400000000027,0.03,-2.88000000000058));
#7366=CARTESIAN_POINT('',(2.33600000000275,0.04,-2.88000000000164));
#7367=CARTESIAN_POINT('',(2.33600000000275,0.03,-2.88000000000164));
#7368=CARTESIAN_POINT('',(2.4400000000027,0.04,-2.88000000000058));
#7369=CARTESIAN_POINT('',(2.4400000000027,0.04,-2.88000000000058));
#7370=CARTESIAN_POINT('',(2.4400000000027,0.03,-2.88000000000058));
#7371=CARTESIAN_POINT('Origin',(2.44000000000199,0.03,-2.81000000000058));
#7372=CARTESIAN_POINT('',(2.44000000000199,0.03,-2.81000000000058));
#7373=CARTESIAN_POINT('',(2.44000000000199,0.03,-2.81000000000058));
#7374=CARTESIAN_POINT('',(2.44000000000199,0.04,-2.81000000000058));
#7375=CARTESIAN_POINT('',(2.44000000000199,0.04,-2.81000000000058));
#7376=CARTESIAN_POINT('',(2.44000000000199,0.03,-2.81000000000058));
#7377=CARTESIAN_POINT('Origin',(2.33600000000275,0.03,-2.81000000000123));
#7378=CARTESIAN_POINT('',(2.33600000000275,0.03,-2.81000000000123));
#7379=CARTESIAN_POINT('',(2.33600000000275,0.03,-2.81000000000123));
#7380=CARTESIAN_POINT('',(2.33600000000275,0.04,-2.81000000000123));
#7381=CARTESIAN_POINT('',(2.33600000000275,0.04,-2.81000000000123));
#7382=CARTESIAN_POINT('',(2.33600000000275,0.03,-2.81000000000123));
#7383=CARTESIAN_POINT('Origin',(2.33600000000275,0.03,-2.88000000000164));
#7384=CARTESIAN_POINT('',(2.33600000000275,0.03,-2.88000000000164));
#7385=CARTESIAN_POINT('',(2.33600000000275,0.04,-2.88000000000164));
#7386=CARTESIAN_POINT('Origin',(2.38800000000272,0.04,-2.84500000000111));
#7387=CARTESIAN_POINT('Origin',(2.38800000000272,0.03,-2.84500000000111));
#7388=CARTESIAN_POINT('Origin',(2.56000000000107,0.03,-2.81000000000012));
#7389=CARTESIAN_POINT('',(2.66400000000101,0.03,-2.81000000000012));
#7390=CARTESIAN_POINT('',(2.56000000000107,0.03,-2.81000000000012));
#7391=CARTESIAN_POINT('',(2.66400000000101,0.03,-2.81000000000012));
#7392=CARTESIAN_POINT('',(2.66400000000101,0.04,-2.81000000000012));
#7393=CARTESIAN_POINT('',(2.66400000000101,0.03,-2.81000000000012));
#7394=CARTESIAN_POINT('',(2.56000000000107,0.04,-2.81000000000012));
#7395=CARTESIAN_POINT('',(2.66400000000101,0.04,-2.81000000000012));
#7396=CARTESIAN_POINT('',(2.56000000000107,0.03,-2.81000000000012));
#7397=CARTESIAN_POINT('Origin',(2.56000000000107,0.03,-2.88000000000012));
#7398=CARTESIAN_POINT('',(2.56000000000107,0.03,-2.88000000000012));
#7399=CARTESIAN_POINT('',(2.56000000000107,0.03,-2.81000000000012));
#7400=CARTESIAN_POINT('',(2.56000000000107,0.04,-2.88000000000012));
#7401=CARTESIAN_POINT('',(2.56000000000107,0.04,-2.81000000000012));
#7402=CARTESIAN_POINT('',(2.56000000000107,0.03,-2.88000000000012));
#7403=CARTESIAN_POINT('Origin',(2.66400000000102,0.03,-2.88000000000012));
#7404=CARTESIAN_POINT('',(2.66400000000102,0.03,-2.88000000000012));
#7405=CARTESIAN_POINT('',(2.56000000000107,0.03,-2.88000000000012));
#7406=CARTESIAN_POINT('',(2.66400000000102,0.04,-2.88000000000012));
#7407=CARTESIAN_POINT('',(2.56000000000107,0.04,-2.88000000000012));
#7408=CARTESIAN_POINT('',(2.66400000000102,0.03,-2.88000000000012));
#7409=CARTESIAN_POINT('Origin',(2.66400000000101,0.03,-2.81000000000012));
#7410=CARTESIAN_POINT('',(2.66400000000102,0.03,-2.88000000000012));
#7411=CARTESIAN_POINT('',(2.66400000000102,0.04,-2.88000000000012));
#7412=CARTESIAN_POINT('Origin',(2.61200000000104,0.04,-2.84500000000012));
#7413=CARTESIAN_POINT('Origin',(2.61200000000104,0.03,-2.84500000000012));
#7414=CARTESIAN_POINT('Origin',(2.664000000001,0.03,-2.59468544414667));
#7415=CARTESIAN_POINT('',(2.56000000000097,0.03,-2.59468544414642));
#7416=CARTESIAN_POINT('',(2.664000000001,0.03,-2.59468544414667));
#7417=CARTESIAN_POINT('',(2.56000000000097,0.03,-2.59468544414642));
#7418=CARTESIAN_POINT('',(2.56000000000097,0.04,-2.59468544414642));
#7419=CARTESIAN_POINT('',(2.56000000000097,0.03,-2.59468544414642));
#7420=CARTESIAN_POINT('',(2.664000000001,0.04,-2.59468544414667));
#7421=CARTESIAN_POINT('',(2.56000000000097,0.04,-2.59468544414642));
#7422=CARTESIAN_POINT('',(2.664000000001,0.03,-2.59468544414667));
#7423=CARTESIAN_POINT('Origin',(2.61199999999986,0.03,-2.50461880215371));
#7424=CARTESIAN_POINT('',(2.61199999999986,0.03,-2.50461880215371));
#7425=CARTESIAN_POINT('',(2.61199999999986,0.03,-2.50461880215371));
#7426=CARTESIAN_POINT('',(2.61199999999986,0.04,-2.50461880215371));
#7427=CARTESIAN_POINT('',(2.61199999999986,0.04,-2.50461880215371));
#7428=CARTESIAN_POINT('',(2.61199999999986,0.03,-2.50461880215371));
#7429=CARTESIAN_POINT('Origin',(2.59696152422809,0.03,-2.513301270189));
#7430=CARTESIAN_POINT('',(2.59696152422809,0.03,-2.513301270189));
#7431=CARTESIAN_POINT('',(2.61199999999986,0.03,-2.50461880215371));
#7432=CARTESIAN_POINT('',(2.59696152422809,0.04,-2.513301270189));
#7433=CARTESIAN_POINT('',(2.61199999999986,0.04,-2.50461880215371));
#7434=CARTESIAN_POINT('',(2.59696152422809,0.03,-2.513301270189));
#7435=CARTESIAN_POINT('Origin',(2.5282346281963,0.03,-2.51330127018953));
#7436=CARTESIAN_POINT('',(2.5282346281963,0.03,-2.51330127018953));
#7437=CARTESIAN_POINT('',(2.59696152422809,0.03,-2.513301270189));
#7438=CARTESIAN_POINT('',(2.5282346281963,0.04,-2.51330127018953));
#7439=CARTESIAN_POINT('',(2.59696152422809,0.04,-2.513301270189));
#7440=CARTESIAN_POINT('',(2.5282346281963,0.03,-2.51330127018953));
#7441=CARTESIAN_POINT('Origin',(2.52823462819633,0.03,-2.51630127018953));
#7442=CARTESIAN_POINT('',(2.52563655198498,0.03,-2.51780127018953));
#7443=CARTESIAN_POINT('Origin',(2.52823462819633,0.03,-2.51630127018953));
#7444=CARTESIAN_POINT('',(2.52563655198498,0.04,-2.51780127018953));
#7445=CARTESIAN_POINT('Origin',(2.52823462819633,0.04,-2.51630127018953));
#7446=CARTESIAN_POINT('',(2.52563655198498,0.03,-2.51780127018953));
#7447=CARTESIAN_POINT('Origin',(2.56000000000102,0.03,-2.57732050807623));
#7448=CARTESIAN_POINT('',(2.56000000000102,0.03,-2.57732050807623));
#7449=CARTESIAN_POINT('',(2.56000000000102,0.03,-2.57732050807623));
#7450=CARTESIAN_POINT('',(2.56000000000102,0.04,-2.57732050807623));
#7451=CARTESIAN_POINT('',(2.56000000000102,0.04,-2.57732050807623));
#7452=CARTESIAN_POINT('',(2.56000000000102,0.03,-2.57732050807623));
#7453=CARTESIAN_POINT('Origin',(2.56000000000097,0.03,-2.59468544414642));
#7454=CARTESIAN_POINT('',(2.56000000000097,0.03,-2.59468544414642));
#7455=CARTESIAN_POINT('',(2.56000000000097,0.04,-2.59468544414642));
#7456=CARTESIAN_POINT('Origin',(2.62073428289205,0.04,-2.56473076211317));
#7457=CARTESIAN_POINT('Origin',(2.62073428289205,0.03,-2.56473076211317));
#7458=CARTESIAN_POINT('Origin',(2.44000000000131,0.03,-2.73500000000073));
#7459=CARTESIAN_POINT('',(2.44000000000131,0.03,-2.73500000000073));
#7460=CARTESIAN_POINT('',(2.44000000000202,0.03,-2.80500000000073));
#7461=CARTESIAN_POINT('',(2.44000000000131,0.03,-2.73500000000073));
#7462=CARTESIAN_POINT('',(2.44000000000202,0.04,-2.80500000000073));
#7463=CARTESIAN_POINT('',(2.44000000000202,0.03,-2.80500000000073));
#7464=CARTESIAN_POINT('',(2.44000000000131,0.04,-2.73500000000073));
#7465=CARTESIAN_POINT('',(2.44000000000131,0.04,-2.73500000000073));
#7466=CARTESIAN_POINT('',(2.44000000000131,0.03,-2.73500000000073));
#7467=CARTESIAN_POINT('Origin',(2.33600000000138,0.03,-2.73500000000178));
#7468=CARTESIAN_POINT('',(2.33600000000138,0.03,-2.73500000000178));
#7469=CARTESIAN_POINT('',(2.33600000000138,0.03,-2.73500000000178));
#7470=CARTESIAN_POINT('',(2.33600000000138,0.04,-2.73500000000178));
#7471=CARTESIAN_POINT('',(2.33600000000138,0.04,-2.73500000000178));
#7472=CARTESIAN_POINT('',(2.33600000000138,0.03,-2.73500000000178));
#7473=CARTESIAN_POINT('Origin',(2.33600000000208,0.03,-2.80500000000178));
#7474=CARTESIAN_POINT('',(2.33600000000208,0.03,-2.80500000000178));
#7475=CARTESIAN_POINT('',(2.33600000000208,0.03,-2.80500000000178));
#7476=CARTESIAN_POINT('',(2.33600000000208,0.04,-2.80500000000178));
#7477=CARTESIAN_POINT('',(2.33600000000208,0.04,-2.80500000000178));
#7478=CARTESIAN_POINT('',(2.33600000000208,0.03,-2.80500000000178));
#7479=CARTESIAN_POINT('Origin',(2.44000000000202,0.03,-2.80500000000073));
#7480=CARTESIAN_POINT('',(2.44000000000202,0.03,-2.80500000000073));
#7481=CARTESIAN_POINT('',(2.44000000000202,0.04,-2.80500000000073));
#7482=CARTESIAN_POINT('Origin',(2.3880000000017,0.04,-2.77000000000125));
#7483=CARTESIAN_POINT('Origin',(2.3880000000017,0.03,-2.77000000000125));
#7484=CARTESIAN_POINT('Origin',(2.21448403011005,0.03,-2.52452816622146));
#7485=CARTESIAN_POINT('',(2.15386225184513,0.03,-2.48952816622146));
#7486=CARTESIAN_POINT('',(2.21448403011005,0.03,-2.52452816622146));
#7487=CARTESIAN_POINT('',(2.15386225184513,0.03,-2.48952816622146));
#7488=CARTESIAN_POINT('',(2.15386225184513,0.04,-2.48952816622146));
#7489=CARTESIAN_POINT('',(2.15386225184513,0.03,-2.48952816622146));
#7490=CARTESIAN_POINT('',(2.21448403011005,0.04,-2.52452816622146));
#7491=CARTESIAN_POINT('',(2.15386225184513,0.04,-2.48952816622146));
#7492=CARTESIAN_POINT('',(2.21448403011005,0.03,-2.52452816622146));
#7493=CARTESIAN_POINT('Origin',(2.26648403011002,0.03,-2.43446152422793));
#7494=CARTESIAN_POINT('',(2.26648403011002,0.03,-2.43446152422793));
#7495=CARTESIAN_POINT('',(2.21448403011005,0.03,-2.52452816622146));
#7496=CARTESIAN_POINT('',(2.26648403011002,0.04,-2.43446152422793));
#7497=CARTESIAN_POINT('',(2.21448403011005,0.04,-2.52452816622146));
#7498=CARTESIAN_POINT('',(2.26648403011002,0.03,-2.43446152422793));
#7499=CARTESIAN_POINT('Origin',(2.20586225184511,0.03,-2.39946152422792));
#7500=CARTESIAN_POINT('',(2.20586225184511,0.03,-2.39946152422792));
#7501=CARTESIAN_POINT('',(2.26648403011002,0.03,-2.43446152422793));
#7502=CARTESIAN_POINT('',(2.20586225184511,0.04,-2.39946152422792));
#7503=CARTESIAN_POINT('',(2.26648403011002,0.04,-2.43446152422793));
#7504=CARTESIAN_POINT('',(2.20586225184511,0.03,-2.39946152422792));
#7505=CARTESIAN_POINT('Origin',(2.15386225184513,0.03,-2.48952816622146));
#7506=CARTESIAN_POINT('',(2.20586225184511,0.03,-2.39946152422792));
#7507=CARTESIAN_POINT('',(2.20586225184511,0.04,-2.39946152422792));
#7508=CARTESIAN_POINT('Origin',(2.21017314097757,0.04,-2.46199484522469));
#7509=CARTESIAN_POINT('Origin',(2.21017314097757,0.03,-2.46199484522469));
#7510=CARTESIAN_POINT('Origin',(2.32648403010937,0.03,-2.3305384757737));
#7511=CARTESIAN_POINT('',(2.32648403010937,0.03,-2.3305384757737));
#7512=CARTESIAN_POINT('',(2.26586225184411,0.03,-2.29553847577432));
#7513=CARTESIAN_POINT('',(2.32648403010937,0.03,-2.3305384757737));
#7514=CARTESIAN_POINT('',(2.26586225184411,0.04,-2.29553847577432));
#7515=CARTESIAN_POINT('',(2.26586225184411,0.03,-2.29553847577432));
#7516=CARTESIAN_POINT('',(2.32648403010937,0.04,-2.3305384757737));
#7517=CARTESIAN_POINT('',(2.32648403010937,0.04,-2.3305384757737));
#7518=CARTESIAN_POINT('',(2.32648403010937,0.03,-2.3305384757737));
#7519=CARTESIAN_POINT('Origin',(2.37848403010842,0.03,-2.24047183377965));
#7520=CARTESIAN_POINT('',(2.37848403010842,0.03,-2.24047183377965));
#7521=CARTESIAN_POINT('',(2.37848403010842,0.03,-2.24047183377965));
#7522=CARTESIAN_POINT('',(2.37848403010842,0.04,-2.24047183377965));
#7523=CARTESIAN_POINT('',(2.37848403010842,0.04,-2.24047183377965));
#7524=CARTESIAN_POINT('',(2.37848403010842,0.03,-2.24047183377965));
#7525=CARTESIAN_POINT('Origin',(2.31786225184317,0.03,-2.20547183378026));
#7526=CARTESIAN_POINT('',(2.31786225184317,0.03,-2.20547183378026));
#7527=CARTESIAN_POINT('',(2.31786225184317,0.03,-2.20547183378026));
#7528=CARTESIAN_POINT('',(2.31786225184317,0.04,-2.20547183378026));
#7529=CARTESIAN_POINT('',(2.31786225184317,0.04,-2.20547183378026));
#7530=CARTESIAN_POINT('',(2.31786225184317,0.03,-2.20547183378026));
#7531=CARTESIAN_POINT('Origin',(2.26586225184411,0.03,-2.29553847577432));
#7532=CARTESIAN_POINT('',(2.26586225184411,0.03,-2.29553847577432));
#7533=CARTESIAN_POINT('',(2.26586225184411,0.04,-2.29553847577432));
#7534=CARTESIAN_POINT('Origin',(2.32217314097627,0.04,-2.26800515477698));
#7535=CARTESIAN_POINT('Origin',(2.32217314097627,0.03,-2.26800515477698));
#7536=CARTESIAN_POINT('Origin',(2.62151596988895,0.03,-2.24047183377842));
#7537=CARTESIAN_POINT('',(2.68213774815385,0.03,-2.20547183377841));
#7538=CARTESIAN_POINT('',(2.62151596988895,0.03,-2.24047183377842));
#7539=CARTESIAN_POINT('',(2.68213774815385,0.03,-2.20547183377841));
#7540=CARTESIAN_POINT('',(2.68213774815385,0.04,-2.20547183377841));
#7541=CARTESIAN_POINT('',(2.68213774815385,0.03,-2.20547183377841));
#7542=CARTESIAN_POINT('',(2.62151596988895,0.04,-2.24047183377842));
#7543=CARTESIAN_POINT('',(2.68213774815385,0.04,-2.20547183377841));
#7544=CARTESIAN_POINT('',(2.62151596988895,0.03,-2.24047183377842));
#7545=CARTESIAN_POINT('Origin',(2.67351596988892,0.03,-2.33053847577195));
#7546=CARTESIAN_POINT('',(2.67351596988892,0.03,-2.33053847577195));
#7547=CARTESIAN_POINT('',(2.62151596988895,0.03,-2.24047183377842));
#7548=CARTESIAN_POINT('',(2.67351596988892,0.04,-2.33053847577195));
#7549=CARTESIAN_POINT('',(2.62151596988895,0.04,-2.24047183377842));
#7550=CARTESIAN_POINT('',(2.67351596988892,0.03,-2.33053847577195));
#7551=CARTESIAN_POINT('Origin',(2.73413774815383,0.03,-2.29553847577195));
#7552=CARTESIAN_POINT('',(2.73413774815383,0.03,-2.29553847577195));
#7553=CARTESIAN_POINT('',(2.67351596988892,0.03,-2.33053847577195));
#7554=CARTESIAN_POINT('',(2.73413774815383,0.04,-2.29553847577195));
#7555=CARTESIAN_POINT('',(2.67351596988892,0.04,-2.33053847577195));
#7556=CARTESIAN_POINT('',(2.73413774815383,0.03,-2.29553847577195));
#7557=CARTESIAN_POINT('Origin',(2.68213774815385,0.03,-2.20547183377841));
#7558=CARTESIAN_POINT('',(2.73413774815383,0.03,-2.29553847577195));
#7559=CARTESIAN_POINT('',(2.73413774815383,0.04,-2.29553847577195));
#7560=CARTESIAN_POINT('Origin',(2.67782685902139,0.04,-2.26800515477518));
#7561=CARTESIAN_POINT('Origin',(2.67782685902139,0.03,-2.26800515477518));
#7562=CARTESIAN_POINT('Origin',(2.78118584287131,0.03,-2.52702816621862));
#7563=CARTESIAN_POINT('',(2.78118584287131,0.03,-2.52702816621862));
#7564=CARTESIAN_POINT('',(2.72056406460675,0.03,-2.56202816621922));
#7565=CARTESIAN_POINT('',(2.78118584287131,0.03,-2.52702816621862));
#7566=CARTESIAN_POINT('',(2.72056406460675,0.04,-2.56202816621922));
#7567=CARTESIAN_POINT('',(2.72056406460675,0.03,-2.56202816621922));
#7568=CARTESIAN_POINT('',(2.78118584287131,0.04,-2.52702816621862));
#7569=CARTESIAN_POINT('',(2.78118584287131,0.04,-2.52702816621862));
#7570=CARTESIAN_POINT('',(2.78118584287131,0.03,-2.52702816621862));
#7571=CARTESIAN_POINT('Origin',(2.72918584287042,0.03,-2.43696152422561));
#7572=CARTESIAN_POINT('',(2.72918584287042,0.03,-2.43696152422561));
#7573=CARTESIAN_POINT('',(2.72918584287042,0.03,-2.43696152422561));
#7574=CARTESIAN_POINT('',(2.72918584287042,0.04,-2.43696152422561));
#7575=CARTESIAN_POINT('',(2.72918584287042,0.04,-2.43696152422561));
#7576=CARTESIAN_POINT('',(2.72918584287042,0.03,-2.43696152422561));
#7577=CARTESIAN_POINT('Origin',(2.66856406460587,0.03,-2.47196152422622));
#7578=CARTESIAN_POINT('',(2.66856406460587,0.03,-2.47196152422622));
#7579=CARTESIAN_POINT('',(2.66856406460587,0.03,-2.47196152422622));
#7580=CARTESIAN_POINT('',(2.66856406460587,0.04,-2.47196152422622));
#7581=CARTESIAN_POINT('',(2.66856406460587,0.04,-2.47196152422622));
#7582=CARTESIAN_POINT('',(2.66856406460587,0.03,-2.47196152422622));
#7583=CARTESIAN_POINT('Origin',(2.72056406460675,0.03,-2.56202816621922));
#7584=CARTESIAN_POINT('',(2.72056406460675,0.03,-2.56202816621922));
#7585=CARTESIAN_POINT('',(2.72056406460675,0.04,-2.56202816621922));
#7586=CARTESIAN_POINT('Origin',(2.72487495373859,0.04,-2.49949484522241));
#7587=CARTESIAN_POINT('Origin',(2.72487495373859,0.03,-2.49949484522241));
#7588=CARTESIAN_POINT('Origin',(2.39576606241258,0.03,-2.37053847577321));
#7589=CARTESIAN_POINT('',(2.39576606241258,0.03,-2.37053847577321));
#7590=CARTESIAN_POINT('',(2.44776606241175,0.03,-2.28047183377895));
#7591=CARTESIAN_POINT('',(2.39576606241258,0.03,-2.37053847577321));
#7592=CARTESIAN_POINT('',(2.44776606241175,0.04,-2.28047183377895));
#7593=CARTESIAN_POINT('',(2.44776606241175,0.03,-2.28047183377895));
#7594=CARTESIAN_POINT('',(2.39576606241258,0.04,-2.37053847577321));
#7595=CARTESIAN_POINT('',(2.39576606241258,0.04,-2.37053847577321));
#7596=CARTESIAN_POINT('',(2.39576606241258,0.03,-2.37053847577321));
#7597=CARTESIAN_POINT('Origin',(2.44339745961488,0.03,-2.39803847577024));
#7598=CARTESIAN_POINT('',(2.44339745961488,0.03,-2.39803847577024));
#7599=CARTESIAN_POINT('',(2.39576606241258,0.03,-2.37053847577321));
#7600=CARTESIAN_POINT('',(2.44339745961488,0.04,-2.39803847577024));
#7601=CARTESIAN_POINT('',(2.39576606241258,0.04,-2.37053847577321));
#7602=CARTESIAN_POINT('',(2.44339745961488,0.03,-2.39803847577024));
#7603=CARTESIAN_POINT('Origin',(2.49539745961403,0.03,-2.30797183377603));
#7604=CARTESIAN_POINT('',(2.49539745961403,0.03,-2.30797183377603));
#7605=CARTESIAN_POINT('',(2.44339745961488,0.03,-2.39803847577024));
#7606=CARTESIAN_POINT('',(2.49539745961403,0.04,-2.30797183377603));
#7607=CARTESIAN_POINT('',(2.44339745961488,0.04,-2.39803847577024));
#7608=CARTESIAN_POINT('',(2.49539745961403,0.03,-2.30797183377603));
#7609=CARTESIAN_POINT('Origin',(2.44776606241175,0.03,-2.28047183377895));
#7610=CARTESIAN_POINT('',(2.44776606241175,0.03,-2.28047183377895));
#7611=CARTESIAN_POINT('',(2.44776606241175,0.04,-2.28047183377895));
#7612=CARTESIAN_POINT('Origin',(2.4455817610133,0.04,-2.3392551547746));
#7613=CARTESIAN_POINT('Origin',(2.4455817610133,0.03,-2.3392551547746));
#7614=CARTESIAN_POINT('Origin',(2.66400000000003,0.03,-2.60000000000638));
#7615=CARTESIAN_POINT('',(2.664000000001,0.03,-2.65500000000012));
#7616=CARTESIAN_POINT('',(2.66400000000003,0.03,-2.60000000000638));
#7617=CARTESIAN_POINT('',(2.664000000001,0.03,-2.65500000000012));
#7618=CARTESIAN_POINT('',(2.664000000001,0.04,-2.65500000000012));
#7619=CARTESIAN_POINT('',(2.664000000001,0.03,-2.65500000000012));
#7620=CARTESIAN_POINT('',(2.66400000000003,0.04,-2.60000000000638));
#7621=CARTESIAN_POINT('',(2.664000000001,0.04,-2.65500000000012));
#7622=CARTESIAN_POINT('',(2.66400000000003,0.03,-2.60000000000638));
#7623=CARTESIAN_POINT('Origin',(2.55999999999992,0.03,-2.60000000000638));
#7624=CARTESIAN_POINT('',(2.55999999999992,0.03,-2.60000000000638));
#7625=CARTESIAN_POINT('',(2.55999999999992,0.03,-2.60000000000638));
#7626=CARTESIAN_POINT('',(2.55999999999992,0.04,-2.60000000000638));
#7627=CARTESIAN_POINT('',(2.55999999999992,0.04,-2.60000000000638));
#7628=CARTESIAN_POINT('',(2.55999999999992,0.03,-2.60000000000638));
#7629=CARTESIAN_POINT('Origin',(2.56000000000083,0.03,-2.65500000000012));
#7630=CARTESIAN_POINT('',(2.56000000000083,0.03,-2.65500000000012));
#7631=CARTESIAN_POINT('',(2.56000000000083,0.03,-2.65500000000012));
#7632=CARTESIAN_POINT('',(2.56000000000083,0.04,-2.65500000000012));
#7633=CARTESIAN_POINT('',(2.56000000000083,0.04,-2.65500000000012));
#7634=CARTESIAN_POINT('',(2.56000000000083,0.03,-2.65500000000012));
#7635=CARTESIAN_POINT('Origin',(2.664000000001,0.03,-2.65500000000012));
#7636=CARTESIAN_POINT('',(2.56000000000083,0.03,-2.65500000000012));
#7637=CARTESIAN_POINT('',(2.56000000000083,0.04,-2.65500000000012));
#7638=CARTESIAN_POINT('Origin',(2.61200000000046,0.04,-2.62750000000325));
#7639=CARTESIAN_POINT('Origin',(2.61200000000046,0.03,-2.62750000000325));
#7640=CARTESIAN_POINT('Origin',(2.33139745961576,0.03,-2.59202816621763));
#7641=CARTESIAN_POINT('',(2.2837660624128,0.03,-2.56452816622146));
#7642=CARTESIAN_POINT('',(2.33139745961576,0.03,-2.59202816621763));
#7643=CARTESIAN_POINT('',(2.2837660624128,0.03,-2.56452816622146));
#7644=CARTESIAN_POINT('',(2.2837660624128,0.04,-2.56452816622146));
#7645=CARTESIAN_POINT('',(2.2837660624128,0.03,-2.56452816622146));
#7646=CARTESIAN_POINT('',(2.33139745961576,0.04,-2.59202816621763));
#7647=CARTESIAN_POINT('',(2.2837660624128,0.04,-2.56452816622146));
#7648=CARTESIAN_POINT('',(2.33139745961576,0.03,-2.59202816621763));
#7649=CARTESIAN_POINT('Origin',(2.38339745961582,0.03,-2.50196152422394));
#7650=CARTESIAN_POINT('',(2.38339745961582,0.03,-2.50196152422394));
#7651=CARTESIAN_POINT('',(2.38339745961582,0.03,-2.50196152422394));
#7652=CARTESIAN_POINT('',(2.38339745961582,0.04,-2.50196152422394));
#7653=CARTESIAN_POINT('',(2.38339745961582,0.04,-2.50196152422394));
#7654=CARTESIAN_POINT('',(2.38339745961582,0.03,-2.50196152422394));
#7655=CARTESIAN_POINT('Origin',(2.33576606241289,0.03,-2.47446152422772));
#7656=CARTESIAN_POINT('',(2.33576606241289,0.03,-2.47446152422772));
#7657=CARTESIAN_POINT('',(2.33576606241289,0.03,-2.47446152422772));
#7658=CARTESIAN_POINT('',(2.33576606241289,0.04,-2.47446152422772));
#7659=CARTESIAN_POINT('',(2.33576606241289,0.04,-2.47446152422772));
#7660=CARTESIAN_POINT('',(2.33576606241289,0.03,-2.47446152422772));
#7661=CARTESIAN_POINT('Origin',(2.2837660624128,0.03,-2.56452816622146));
#7662=CARTESIAN_POINT('',(2.33576606241289,0.03,-2.47446152422772));
#7663=CARTESIAN_POINT('',(2.33576606241289,0.04,-2.47446152422772));
#7664=CARTESIAN_POINT('Origin',(2.33358176101431,0.04,-2.53324484522268));
#7665=CARTESIAN_POINT('Origin',(2.33358176101431,0.03,-2.53324484522268));
#7666=CARTESIAN_POINT('Origin',(2.5046025403837,0.03,-2.30797183377599));
#7667=CARTESIAN_POINT('',(2.55223393758619,0.03,-2.28047183377842));
#7668=CARTESIAN_POINT('',(2.5046025403837,0.03,-2.30797183377599));
#7669=CARTESIAN_POINT('',(2.55223393758619,0.03,-2.28047183377842));
#7670=CARTESIAN_POINT('',(2.55223393758619,0.04,-2.28047183377842));
#7671=CARTESIAN_POINT('',(2.55223393758619,0.03,-2.28047183377842));
#7672=CARTESIAN_POINT('',(2.5046025403837,0.04,-2.30797183377599));
#7673=CARTESIAN_POINT('',(2.55223393758619,0.04,-2.28047183377842));
#7674=CARTESIAN_POINT('',(2.5046025403837,0.03,-2.30797183377599));
#7675=CARTESIAN_POINT('Origin',(2.55660254038376,0.03,-2.39803847576967));
#7676=CARTESIAN_POINT('',(2.55660254038376,0.03,-2.39803847576967));
#7677=CARTESIAN_POINT('',(2.55660254038376,0.03,-2.39803847576967));
#7678=CARTESIAN_POINT('',(2.55660254038376,0.04,-2.39803847576967));
#7679=CARTESIAN_POINT('',(2.55660254038376,0.04,-2.39803847576967));
#7680=CARTESIAN_POINT('',(2.55660254038376,0.03,-2.39803847576967));
#7681=CARTESIAN_POINT('Origin',(2.60423393758628,0.03,-2.37053847577215));
#7682=CARTESIAN_POINT('',(2.60423393758628,0.03,-2.37053847577215));
#7683=CARTESIAN_POINT('',(2.60423393758628,0.03,-2.37053847577215));
#7684=CARTESIAN_POINT('',(2.60423393758628,0.04,-2.37053847577215));
#7685=CARTESIAN_POINT('',(2.60423393758628,0.04,-2.37053847577215));
#7686=CARTESIAN_POINT('',(2.60423393758628,0.03,-2.37053847577215));
#7687=CARTESIAN_POINT('Origin',(2.55223393758619,0.03,-2.28047183377842));
#7688=CARTESIAN_POINT('',(2.60423393758628,0.03,-2.37053847577215));
#7689=CARTESIAN_POINT('',(2.60423393758628,0.04,-2.37053847577215));
#7690=CARTESIAN_POINT('Origin',(2.55441823898499,0.04,-2.33925515477404));
#7691=CARTESIAN_POINT('Origin',(2.55441823898499,0.03,-2.33925515477404));
#7692=CARTESIAN_POINT('Origin',(2.66423393758677,0.03,-2.47446152422621));
#7693=CARTESIAN_POINT('',(2.66423393758677,0.03,-2.47446152422621));
#7694=CARTESIAN_POINT('',(2.71623393758777,0.03,-2.56452816621941));
#7695=CARTESIAN_POINT('',(2.66423393758677,0.03,-2.47446152422621));
#7696=CARTESIAN_POINT('',(2.71623393758777,0.04,-2.56452816621941));
#7697=CARTESIAN_POINT('',(2.71623393758777,0.03,-2.56452816621941));
#7698=CARTESIAN_POINT('',(2.66423393758677,0.04,-2.47446152422621));
#7699=CARTESIAN_POINT('',(2.66423393758677,0.04,-2.47446152422621));
#7700=CARTESIAN_POINT('',(2.66423393758677,0.03,-2.47446152422621));
#7701=CARTESIAN_POINT('Origin',(2.61660254038386,0.03,-2.50196152422277));
#7702=CARTESIAN_POINT('',(2.61660254038386,0.03,-2.50196152422277));
#7703=CARTESIAN_POINT('',(2.66423393758677,0.03,-2.47446152422621));
#7704=CARTESIAN_POINT('',(2.61660254038386,0.04,-2.50196152422277));
#7705=CARTESIAN_POINT('',(2.66423393758677,0.04,-2.47446152422621));
#7706=CARTESIAN_POINT('',(2.61660254038386,0.03,-2.50196152422277));
#7707=CARTESIAN_POINT('Origin',(2.66860254038483,0.03,-2.59202816621593));
#7708=CARTESIAN_POINT('',(2.66860254038483,0.03,-2.59202816621593));
#7709=CARTESIAN_POINT('',(2.61660254038386,0.03,-2.50196152422277));
#7710=CARTESIAN_POINT('',(2.66860254038483,0.04,-2.59202816621593));
#7711=CARTESIAN_POINT('',(2.61660254038386,0.04,-2.50196152422277));
#7712=CARTESIAN_POINT('',(2.66860254038483,0.03,-2.59202816621593));
#7713=CARTESIAN_POINT('Origin',(2.71623393758777,0.03,-2.56452816621941));
#7714=CARTESIAN_POINT('',(2.71623393758777,0.03,-2.56452816621941));
#7715=CARTESIAN_POINT('',(2.71623393758777,0.04,-2.56452816621941));
#7716=CARTESIAN_POINT('Origin',(2.66641823898581,0.04,-2.53324484522107));
#7717=CARTESIAN_POINT('Origin',(2.66641823898581,0.03,-2.53324484522107));
#7718=CARTESIAN_POINT('Origin',(2.44000000000066,0.03,-2.65500000000059));
#7719=CARTESIAN_POINT('',(2.44000000000066,0.03,-2.65500000000059));
#7720=CARTESIAN_POINT('',(2.33600000000048,0.03,-2.65500000000164));
#7721=CARTESIAN_POINT('',(2.44000000000066,0.03,-2.65500000000059));
#7722=CARTESIAN_POINT('',(2.33600000000048,0.04,-2.65500000000164));
#7723=CARTESIAN_POINT('',(2.33600000000048,0.03,-2.65500000000164));
#7724=CARTESIAN_POINT('',(2.44000000000066,0.04,-2.65500000000059));
#7725=CARTESIAN_POINT('',(2.44000000000066,0.04,-2.65500000000059));
#7726=CARTESIAN_POINT('',(2.44000000000066,0.03,-2.65500000000059));
#7727=CARTESIAN_POINT('Origin',(2.44000000000076,0.03,-2.60000000000698));
#7728=CARTESIAN_POINT('',(2.44000000000076,0.03,-2.60000000000698));
#7729=CARTESIAN_POINT('',(2.44000000000066,0.03,-2.65500000000059));
#7730=CARTESIAN_POINT('',(2.44000000000076,0.04,-2.60000000000698));
#7731=CARTESIAN_POINT('',(2.44000000000066,0.04,-2.65500000000059));
#7732=CARTESIAN_POINT('',(2.44000000000076,0.03,-2.60000000000698));
#7733=CARTESIAN_POINT('Origin',(2.33600000000064,0.03,-2.60000000000803));
#7734=CARTESIAN_POINT('',(2.33600000000064,0.03,-2.60000000000803));
#7735=CARTESIAN_POINT('',(2.44000000000076,0.03,-2.60000000000698));
#7736=CARTESIAN_POINT('',(2.33600000000064,0.04,-2.60000000000803));
#7737=CARTESIAN_POINT('',(2.44000000000076,0.04,-2.60000000000698));
#7738=CARTESIAN_POINT('',(2.33600000000064,0.03,-2.60000000000803));
#7739=CARTESIAN_POINT('Origin',(2.33600000000048,0.03,-2.65500000000164));
#7740=CARTESIAN_POINT('',(2.33600000000048,0.03,-2.65500000000164));
#7741=CARTESIAN_POINT('',(2.33600000000048,0.04,-2.65500000000164));
#7742=CARTESIAN_POINT('Origin',(2.38800000000062,0.04,-2.62750000000431));
#7743=CARTESIAN_POINT('Origin',(2.38800000000062,0.03,-2.62750000000431));
#7744=CARTESIAN_POINT('Ctrl Pts',(2.19736468726755,0.283272744258198,-2.30817973781598));
#7745=CARTESIAN_POINT('Ctrl Pts',(2.5074017818226,0.283272744258198,-2.48717973781611));
#7746=CARTESIAN_POINT('Ctrl Pts',(2.19560598309295,0.277030325677598,-2.31122590280186));
#7747=CARTESIAN_POINT('Ctrl Pts',(2.50564307764801,0.277030325677598,-2.49022590280199));
#7748=CARTESIAN_POINT('Ctrl Pts',(2.19384727891836,0.270787907096998,-2.31427206778774));
#7749=CARTESIAN_POINT('Ctrl Pts',(2.50388437347341,0.270787907096998,-2.49327206778787));
#7750=CARTESIAN_POINT('Ctrl Pts',(2.19208857474377,0.264545488516398,-2.31731823277362));
#7751=CARTESIAN_POINT('Ctrl Pts',(2.50212566929882,0.264545488516398,-2.49631823277374));
#7752=CARTESIAN_POINT('Ctrl Pts',(2.19123178860488,0.261504375752662,-2.31880222989739));
#7753=CARTESIAN_POINT('Ctrl Pts',(2.50126888315993,0.261504375752662,-2.49780222989752));
#7754=CARTESIAN_POINT('Ctrl Pts',(2.18864713260916,0.261450232221534,-2.32327898540207));
#7755=CARTESIAN_POINT('Ctrl Pts',(2.49868422716421,0.261450232221534,-2.50227898540219));
#7756=CARTESIAN_POINT('Ctrl Pts',(2.18775868522402,0.264454785727175,-2.32481782141298));
#7757=CARTESIAN_POINT('Ctrl Pts',(2.49779577977907,0.264454785727175,-2.50381782141311));
#7758=CARTESIAN_POINT('Ctrl Pts',(2.18590833001136,0.270712321439313,-2.32802273065335));
#7759=CARTESIAN_POINT('Ctrl Pts',(2.49594542456641,0.270712321439312,-2.50702273065348));
#7760=CARTESIAN_POINT('Ctrl Pts',(2.1840579747987,0.27696985715145,-2.33122763989373));
#7761=CARTESIAN_POINT('Ctrl Pts',(2.49409506935376,0.27696985715145,-2.51022763989386));
#7762=CARTESIAN_POINT('Ctrl Pts',(2.18220761958605,0.283227392863587,-2.3344325491341));
#7763=CARTESIAN_POINT('Ctrl Pts',(2.4922447141411,0.283227392863587,-2.51343254913423));
#7764=CARTESIAN_POINT('',(2.18894171922362,0.283227392863587,-2.3383204833726));
#7765=CARTESIAN_POINT('',(2.20408251847699,0.283272744258198,-2.31205827947313));
#7766=CARTESIAN_POINT('Ctrl Pts',(2.18894171922362,0.283227392863587,-2.3383204833726));
#7767=CARTESIAN_POINT('Ctrl Pts',(2.19302506200503,0.276987754395606,-2.33641701196596));
#7768=CARTESIAN_POINT('Ctrl Pts',(2.19710840478645,0.270748115927626,-2.33451354055931));
#7769=CARTESIAN_POINT('Ctrl Pts',(2.20119174756786,0.264508477459645,-2.33261006915267));
#7770=CARTESIAN_POINT('Ctrl Pts',(2.20120230502504,0.264492344913477,-2.33260514773928));
#7771=CARTESIAN_POINT('Ctrl Pts',(2.20121406398936,0.264474428716877,-2.33259970197823));
#7772=CARTESIAN_POINT('Ctrl Pts',(2.20122695541186,0.264454785727175,-2.33259373083145));
#7773=CARTESIAN_POINT('Ctrl Pts',(2.20135560281076,0.264258762400026,-2.33253414295423));
#7774=CARTESIAN_POINT('Ctrl Pts',(2.20160437984696,0.263900347938107,-2.33240949951384));
#7775=CARTESIAN_POINT('Ctrl Pts',(2.20194595410359,0.263531129471491,-2.33214725479876));
#7776=CARTESIAN_POINT('Ctrl Pts',(2.20208039392499,0.263385809197066,-2.33204403820098));
#7777=CARTESIAN_POINT('Ctrl Pts',(2.20222906530608,0.263239130951159,-2.33191975466284));
#7778=CARTESIAN_POINT('Ctrl Pts',(2.20238879709289,0.263100240177791,-2.33177258707798));
#7779=CARTESIAN_POINT('Ctrl Pts',(2.20277506149207,0.26276437364676,-2.33141670550997));
#7780=CARTESIAN_POINT('Ctrl Pts',(2.20316280056305,0.262524212095978,-2.33098181563546));
#7781=CARTESIAN_POINT('Ctrl Pts',(2.20353067632653,0.262381854365175,-2.3304863660127));
#7782=CARTESIAN_POINT('Ctrl Pts',(2.20387958270026,0.262246837262781,-2.33001646408275));
#7783=CARTESIAN_POINT('Ctrl Pts',(2.2042016137751,0.262203329784142,-2.32950405329666));
#7784=CARTESIAN_POINT('Ctrl Pts',(2.2044821983056,0.262251644296592,-2.3289707622857));
#7785=CARTESIAN_POINT('Ctrl Pts',(2.20476108688441,0.262299666779117,-2.32844069467338));
#7786=CARTESIAN_POINT('Ctrl Pts',(2.2049916056458,0.262437139603754,-2.32790418106006));
#7787=CARTESIAN_POINT('Ctrl Pts',(2.20516611216553,0.262661967627736,-2.32738481134267));
#7788=CARTESIAN_POINT('Ctrl Pts',(2.2053499176178,0.262898776067312,-2.32683776596033));
#7789=CARTESIAN_POINT('Ctrl Pts',(2.20546746893404,0.26322697353934,-2.32632239948209));
#7790=CARTESIAN_POINT('Ctrl Pts',(2.20551618972903,0.263644369057324,-2.32586500505936));
#7791=CARTESIAN_POINT('Ctrl Pts',(2.20553759162816,0.263827721089594,-2.32566408244917));
#7792=CARTESIAN_POINT('Ctrl Pts',(2.20554490731484,0.264005074687955,-2.32549502972527));
#7793=CARTESIAN_POINT('Ctrl Pts',(2.2055395937153,0.264224536666563,-2.32531632295505));
#7794=CARTESIAN_POINT('Ctrl Pts',(2.20553726027804,0.264320912156014,-2.32523784488537));
#7795=CARTESIAN_POINT('Ctrl Pts',(2.20553229911656,0.264425810118587,-2.32515783794522));
#7796=CARTESIAN_POINT('Ctrl Pts',(2.20552358874925,0.264545488516398,-2.32507494172624));
#7797=CARTESIAN_POINT('Ctrl Pts',(2.20550916603892,0.264743653163261,-2.32493768136632));
#7798=CARTESIAN_POINT('Ctrl Pts',(2.20549155345356,0.264970034709021,-2.32478022035096));
#7799=CARTESIAN_POINT('Ctrl Pts',(2.20547030178046,0.26524608406666,-2.32458834255287));
#7800=CARTESIAN_POINT('Ctrl Pts',(2.20500770734597,0.271254970797173,-2.32041165485962));
#7801=CARTESIAN_POINT('Ctrl Pts',(2.20454511291148,0.277263857527686,-2.31623496716638));
#7802=CARTESIAN_POINT('Ctrl Pts',(2.20408251847699,0.283272744258198,-2.31205827947313));
#7803=CARTESIAN_POINT('',(2.4922447141411,0.283227392863587,-2.51343254913423));
#7804=CARTESIAN_POINT('',(2.18220761958605,0.283227392863587,-2.3344325491341));
#7805=CARTESIAN_POINT('',(2.5074017818226,0.283272744258198,-2.48717973781611));
#7806=CARTESIAN_POINT('Ctrl Pts',(2.5074017818226,0.283272744258198,-2.48717973781611));
#7807=CARTESIAN_POINT('Ctrl Pts',(2.50564307764801,0.277030325677598,-2.49022590280199));
#7808=CARTESIAN_POINT('Ctrl Pts',(2.50388437347341,0.270787907096998,-2.49327206778787));
#7809=CARTESIAN_POINT('Ctrl Pts',(2.50212566929882,0.264545488516398,-2.49631823277374));
#7810=CARTESIAN_POINT('Ctrl Pts',(2.5019114727641,0.263785210325464,-2.49668923205469));
#7811=CARTESIAN_POINT('Ctrl Pts',(2.50159580904441,0.263140517814283,-2.4972359776553));
#7812=CARTESIAN_POINT('Ctrl Pts',(2.5012202398562,0.262696294121713,-2.49788648257103));
#7813=CARTESIAN_POINT('Ctrl Pts',(2.50086013142411,0.262270357430279,-2.49851020867164));
#7814=CARTESIAN_POINT('Ctrl Pts',(2.50044584518277,0.262029359020442,-2.49922777349053));
#7815=CARTESIAN_POINT('Ctrl Pts',(2.50002768957792,0.262002564299104,-2.4999520402436));
#7816=CARTESIAN_POINT('Ctrl Pts',(2.4996104017005,0.261975825180309,-2.50067480404866));
#7817=CARTESIAN_POINT('Ctrl Pts',(2.49919012938608,0.262162440030219,-2.50140273705025));
#7818=CARTESIAN_POINT('Ctrl Pts',(2.49881770407747,0.262539838001922,-2.50204779660679));
#7819=CARTESIAN_POINT('Ctrl Pts',(2.4984451929566,0.262917322931661,-2.50269300479453));
#7820=CARTESIAN_POINT('Ctrl Pts',(2.49812132477507,0.263484896846401,-2.5032539609399));
#7821=CARTESIAN_POINT('Ctrl Pts',(2.4978852884074,0.264173881857442,-2.50366278792113));
#7822=CARTESIAN_POINT('Ctrl Pts',(2.49785390347469,0.264265493791747,-2.50371714821917));
#7823=CARTESIAN_POINT('Ctrl Pts',(2.49782404518577,0.264359197706758,-2.50376886429261));
#7824=CARTESIAN_POINT('Ctrl Pts',(2.49779577977907,0.264454785727175,-2.50381782141311));
#7825=CARTESIAN_POINT('Ctrl Pts',(2.49594542456641,0.270712321439313,-2.50702273065348));
#7826=CARTESIAN_POINT('Ctrl Pts',(2.49409506935376,0.27696985715145,-2.51022763989386));
#7827=CARTESIAN_POINT('Ctrl Pts',(2.4922447141411,0.283227392863587,-2.51343254913423));
#7828=CARTESIAN_POINT('',(2.19736468726755,0.283272744258198,-2.30817973781598));
#7829=CARTESIAN_POINT('Origin',(2.18220761958605,0.283227392863587,-2.3344325491341));
#7830=CARTESIAN_POINT('',(2.17665655394807,0.301999999999999,-2.34404727685522));
#7831=CARTESIAN_POINT('',(2.19788756269245,0.269557507178082,-2.33415033206208));
#7832=CARTESIAN_POINT('',(2.48669364850313,0.301999999999999,-2.52304727685535));
#7833=CARTESIAN_POINT('',(2.17665655394807,0.301999999999999,-2.34404727685522));
#7834=CARTESIAN_POINT('',(2.49779577977907,0.264454785727175,-2.50381782141311));
#7835=CARTESIAN_POINT('Origin',(2.20264079979133,0.301999999999999,-2.29904124285835));
#7836=CARTESIAN_POINT('',(2.20264079979133,0.301999999999999,-2.29904124285835));
#7837=CARTESIAN_POINT('',(2.20388249338046,0.285870977307916,-2.31025228636831));
#7838=CARTESIAN_POINT('',(2.51267789434638,0.301999999999999,-2.47804124285848));
#7839=CARTESIAN_POINT('',(2.51267789434638,0.301999999999999,-2.47804124285848));
#7840=CARTESIAN_POINT('',(2.20264079979133,0.301999999999999,-2.29904124285835));
#7841=CARTESIAN_POINT('Origin',(2.19736468726733,0.320727255742403,-2.30817973781636));
#7842=CARTESIAN_POINT('',(2.50740178182238,0.320727255742403,-2.48717973781648));
#7843=CARTESIAN_POINT('',(2.50212566929839,0.339454511484807,-2.49631823277449));
#7844=CARTESIAN_POINT('',(2.19736468726733,0.320727255742403,-2.30817973781636));
#7845=CARTESIAN_POINT('',(2.19736468726733,0.320727255742403,-2.30817973781636));
#7846=CARTESIAN_POINT('',(2.19064685605767,0.320727255742403,-2.30430119615909));
#7847=CARTESIAN_POINT('',(2.19736468726733,0.320727255742403,-2.30817973781636));
#7848=CARTESIAN_POINT('',(2.19956831472113,0.306797355644816,-2.3003886835622));
#7849=CARTESIAN_POINT('Ctrl Pts',(2.16740656368019,0.3205415745157,-2.32604492552778));
#7850=CARTESIAN_POINT('Ctrl Pts',(2.49217639772486,0.3205415745157,-2.51355087663814));
#7851=CARTESIAN_POINT('Ctrl Pts',(2.16927969103168,0.326876121101795,-2.32280057378596));
#7852=CARTESIAN_POINT('Ctrl Pts',(2.49404952507635,0.326876121101794,-2.51030652489632));
#7853=CARTESIAN_POINT('Ctrl Pts',(2.17115281838317,0.333210667687889,-2.31955622204414));
#7854=CARTESIAN_POINT('Ctrl Pts',(2.49592265242784,0.333210667687889,-2.5070621731545));
#7855=CARTESIAN_POINT('Ctrl Pts',(2.17302594573465,0.339545214273984,-2.31631187030232));
#7856=CARTESIAN_POINT('Ctrl Pts',(2.49779577977932,0.339545214273983,-2.50381782141268));
#7857=CARTESIAN_POINT('Ctrl Pts',(2.17391439311965,0.342549767779158,-2.31477303429165));
#7858=CARTESIAN_POINT('Ctrl Pts',(2.49868422716432,0.342549767779158,-2.50227898540201));
#7859=CARTESIAN_POINT('Ctrl Pts',(2.17649904911496,0.342495624248057,-2.31029627878768));
#7860=CARTESIAN_POINT('Ctrl Pts',(2.50126888315963,0.342495624248057,-2.49780222989804));
#7861=CARTESIAN_POINT('Ctrl Pts',(2.17735583525372,0.339454511484806,-2.30881228166413));
#7862=CARTESIAN_POINT('Ctrl Pts',(2.50212566929839,0.339454511484806,-2.49631823277449));
#7863=CARTESIAN_POINT('Ctrl Pts',(2.17911453942838,0.333212092904006,-2.30576611667813));
#7864=CARTESIAN_POINT('Ctrl Pts',(2.50388437347305,0.333212092904005,-2.49327206778849));
#7865=CARTESIAN_POINT('Ctrl Pts',(2.18087324360305,0.326969674323204,-2.30271995169213));
#7866=CARTESIAN_POINT('Ctrl Pts',(2.50564307764772,0.326969674323204,-2.49022590280249));
#7867=CARTESIAN_POINT('Ctrl Pts',(2.18263194777771,0.320727255742403,-2.29967378670612));
#7868=CARTESIAN_POINT('Ctrl Pts',(2.50740178182238,0.320727255742403,-2.48717973781648));
#7869=CARTESIAN_POINT('',(2.49217639772486,0.3205415745157,-2.51355087663814));
#7870=CARTESIAN_POINT('Ctrl Pts',(2.49217639772486,0.3205415745157,-2.51355087663814));
#7871=CARTESIAN_POINT('Ctrl Pts',(2.49404952507635,0.326876121101795,-2.51030652489632));
#7872=CARTESIAN_POINT('Ctrl Pts',(2.49592265242784,0.333210667687889,-2.5070621731545));
#7873=CARTESIAN_POINT('Ctrl Pts',(2.49779577977932,0.339545214273984,-2.50381782141268));
#7874=CARTESIAN_POINT('Ctrl Pts',(2.49801789162557,0.340296352650277,-2.50343311241001));
#7875=CARTESIAN_POINT('Ctrl Pts',(2.49834023788111,0.340927680089562,-2.50287479231779));
#7876=CARTESIAN_POINT('Ctrl Pts',(2.49872037697652,0.341356073158941,-2.5022163720906));
#7877=CARTESIAN_POINT('Ctrl Pts',(2.49908486719011,0.341766830913792,-2.50158505652179));
#7878=CARTESIAN_POINT('Ctrl Pts',(2.49950158649036,0.341990421368928,-2.50086327752126));
#7879=CARTESIAN_POINT('Ctrl Pts',(2.49991993097538,0.341999693035449,-2.50013868361814));
#7880=CARTESIAN_POINT('Ctrl Pts',(2.50033740734102,0.342008945462052,-2.49941559334189));
#7881=CARTESIAN_POINT('Ctrl Pts',(2.50075563305808,0.341804765704339,-2.49869120515091));
#7882=CARTESIAN_POINT('Ctrl Pts',(2.5011240242173,0.341411849064193,-2.49805313294609));
#7883=CARTESIAN_POINT('Ctrl Pts',(2.50149250025925,0.341018841890283,-2.49741491372006));
#7884=CARTESIAN_POINT('Ctrl Pts',(2.50181035325405,0.340437825161316,-2.49686437618373));
#7885=CARTESIAN_POINT('Ctrl Pts',(2.50203912218008,0.339739103380746,-2.49646813678064));
#7886=CARTESIAN_POINT('Ctrl Pts',(2.50206954078639,0.339646196782237,-2.49641545020902));
#7887=CARTESIAN_POINT('Ctrl Pts',(2.50209841117478,0.339551262615416,-2.49636544522951));
#7888=CARTESIAN_POINT('Ctrl Pts',(2.50212566929839,0.339454511484806,-2.49631823277449));
#7889=CARTESIAN_POINT('Ctrl Pts',(2.50388437347305,0.333212092904005,-2.49327206778849));
#7890=CARTESIAN_POINT('Ctrl Pts',(2.50564307764772,0.326969674323204,-2.49022590280249));
#7891=CARTESIAN_POINT('Ctrl Pts',(2.50740178182238,0.320727255742403,-2.48717973781648));
#7892=CARTESIAN_POINT('',(2.18213930316981,0.3205415745157,-2.33455087663801));
#7893=CARTESIAN_POINT('',(2.18213930316981,0.3205415745157,-2.33455087663801));
#7894=CARTESIAN_POINT('',(2.17548807943094,0.3205415745157,-2.33071079082193));
#7895=CARTESIAN_POINT('',(2.18213930316981,0.3205415745157,-2.33455087663801));
#7896=CARTESIAN_POINT('Ctrl Pts',(2.19064685605767,0.320727255742403,-2.30430119615909));
#7897=CARTESIAN_POINT('Ctrl Pts',(2.18668796515219,0.326908638954606,-2.30603737082757));
#7898=CARTESIAN_POINT('Ctrl Pts',(2.1827290742467,0.33309002216681,-2.30777354549606));
#7899=CARTESIAN_POINT('Ctrl Pts',(2.17877018334122,0.339271405379013,-2.30950972016454));
#7900=CARTESIAN_POINT('Ctrl Pts',(2.17873459189083,0.339326977608495,-2.30952532882263));
#7901=CARTESIAN_POINT('Ctrl Pts',(2.17869541316159,0.339388150988868,-2.30954251068465));
#7902=CARTESIAN_POINT('Ctrl Pts',(2.17865291232402,0.339454511484807,-2.30956114945983));
#7903=CARTESIAN_POINT('Ctrl Pts',(2.178444980772,0.339779174284471,-2.30965233800279));
#7904=CARTESIAN_POINT('Ctrl Pts',(2.17814503385973,0.34019246875194,-2.30981436728881));
#7905=CARTESIAN_POINT('Ctrl Pts',(2.17775365153065,0.340589721595244,-2.31013155858013));
#7906=CARTESIAN_POINT('Ctrl Pts',(2.17771403246666,0.340629934922843,-2.31016366739325));
#7907=CARTESIAN_POINT('Ctrl Pts',(2.17767348905163,0.340669946010812,-2.31019734434827));
#7908=CARTESIAN_POINT('Ctrl Pts',(2.17763203405218,0.34070962133491,-2.31023265584207));
#7909=CARTESIAN_POINT('Ctrl Pts',(2.17725912984917,0.341066516650517,-2.31055029676898));
#7910=CARTESIAN_POINT('Ctrl Pts',(2.17687961434867,0.341335740686212,-2.31094667241834));
#7911=CARTESIAN_POINT('Ctrl Pts',(2.17651340906223,0.341514751448978,-2.31140593678308));
#7912=CARTESIAN_POINT('Ctrl Pts',(2.17616010098892,0.341687457715207,-2.31184902653042));
#7913=CARTESIAN_POINT('Ctrl Pts',(2.17582761181059,0.341772084495361,-2.31234024135151));
#7914=CARTESIAN_POINT('Ctrl Pts',(2.17553112618386,0.341767107849863,-2.31285978976997));
#7915=CARTESIAN_POINT('Ctrl Pts',(2.17522694558595,0.341762002040789,-2.3133928225187));
#7916=CARTESIAN_POINT('Ctrl Pts',(2.17496907824621,0.341662773936433,-2.31394091541077));
#7917=CARTESIAN_POINT('Ctrl Pts',(2.17476723973549,0.341470497618794,-2.31447910811353));
#7918=CARTESIAN_POINT('Ctrl Pts',(2.17455271561843,0.341266136681313,-2.3150511263768));
#7919=CARTESIAN_POINT('Ctrl Pts',(2.17440691613789,0.340962062521338,-2.31559706654145));
#7920=CARTESIAN_POINT('Ctrl Pts',(2.17433358690705,0.340560227428872,-2.31608786072739));
#7921=CARTESIAN_POINT('Ctrl Pts',(2.1742804644075,0.340269122718263,-2.31644341080787));
#7922=CARTESIAN_POINT('Ctrl Pts',(2.17426616068489,0.339931212158449,-2.31676431441056));
#7923=CARTESIAN_POINT('Ctrl Pts',(2.17429048594871,0.339545214273984,-2.3170419529353));
#7924=CARTESIAN_POINT('Ctrl Pts',(2.17444793416357,0.337046796238037,-2.31883900189754));
#7925=CARTESIAN_POINT('Ctrl Pts',(2.17460759428729,0.334513279214039,-2.32066129667499));
#7926=CARTESIAN_POINT('Ctrl Pts',(2.17476562671152,0.33200559083334,-2.32246501356197));
#7927=CARTESIAN_POINT('Ctrl Pts',(2.17500644428466,0.328184252060793,-2.32521360598195));
#7928=CARTESIAN_POINT('Ctrl Pts',(2.1752472618578,0.324362913288247,-2.32796219840194));
#7929=CARTESIAN_POINT('Ctrl Pts',(2.17548807943094,0.3205415745157,-2.33071079082193));
#7930=CARTESIAN_POINT('Origin',(2.17665655394807,0.301999999999999,-2.34404727685522));
#7931=CARTESIAN_POINT('',(2.48669364850313,0.301999999999999,-2.52304727685535));
#7932=CARTESIAN_POINT('',(2.1758122262487,0.315397951537675,-2.33441046885892));
#7933=CARTESIAN_POINT('Origin',(2.49978761519151,0.30199697093801,-2.50036786127845));
#7934=CARTESIAN_POINT('Origin',(2.131626716681,0.219999999999999,-2.25804124285835));
#7935=CARTESIAN_POINT('',(2.131626716681,0.22,-2.25804124285835));
#7936=CARTESIAN_POINT('',(2.131626716681,0.219999999999999,-2.25804124285835));
#7937=CARTESIAN_POINT('',(2.14256888337279,0.212242916685716,-2.27654336568688));
#7938=CARTESIAN_POINT('',(2.14381660276057,0.211358387733049,-2.27865313590135));
#7939=CARTESIAN_POINT('',(2.13781865936973,0.206757830471957,-2.27380082258));
#7940=CARTESIAN_POINT('Ctrl Pts',(2.13781865936973,0.206757830471957,-2.27380082258));
#7941=CARTESIAN_POINT('Ctrl Pts',(2.20883274248005,0.288757830471957,-2.31480082258));
#7942=CARTESIAN_POINT('Ctrl Pts',(2.13988264026597,0.20234377396261,-2.27905401582056));
#7943=CARTESIAN_POINT('Ctrl Pts',(2.2108967233763,0.284343773962609,-2.32005401582056));
#7944=CARTESIAN_POINT('Ctrl Pts',(2.14194662116221,0.197929717453262,-2.28430720906111));
#7945=CARTESIAN_POINT('Ctrl Pts',(2.21296070427254,0.279929717453262,-2.32530720906111));
#7946=CARTESIAN_POINT('Ctrl Pts',(2.14401060205846,0.193515660943915,-2.28956040230166));
#7947=CARTESIAN_POINT('Ctrl Pts',(2.21502468516878,0.275515660943915,-2.33056040230166));
#7948=CARTESIAN_POINT('Ctrl Pts',(2.14501610954992,0.191365269486324,-2.29211959515423));
#7949=CARTESIAN_POINT('Ctrl Pts',(2.21603019266025,0.273365269486324,-2.33311959515423));
#7950=CARTESIAN_POINT('Ctrl Pts',(2.14246460956024,0.191326984228306,-2.29661549328791));
#7951=CARTESIAN_POINT('Ctrl Pts',(2.21347869267056,0.273326984228306,-2.33761549328791));
#7952=CARTESIAN_POINT('Ctrl Pts',(2.13973625642667,0.193451524386583,-2.29709205921969));
#7953=CARTESIAN_POINT('Ctrl Pts',(2.21075033953699,0.275451524386583,-2.33809205921969));
#7954=CARTESIAN_POINT('Ctrl Pts',(2.13405395882852,0.197876270322153,-2.29808459549228));
#7955=CARTESIAN_POINT('Ctrl Pts',(2.20506804193884,0.279876270322152,-2.33908459549228));
#7956=CARTESIAN_POINT('Ctrl Pts',(2.12837166123036,0.202301016257721,-2.29907713176487));
#7957=CARTESIAN_POINT('Ctrl Pts',(2.19938574434069,0.284301016257721,-2.34007713176487));
#7958=CARTESIAN_POINT('Ctrl Pts',(2.12268936363221,0.206725762193291,-2.30006966803746));
#7959=CARTESIAN_POINT('Ctrl Pts',(2.19370344674253,0.288725762193291,-2.34106966803746));
#7960=CARTESIAN_POINT('',(2.12745109115112,0.212224131522995,-2.30281885270231));
#7961=CARTESIAN_POINT('Ctrl Pts',(2.12745109115112,0.212224131522996,-2.30281885270231));
#7962=CARTESIAN_POINT('Ctrl Pts',(2.13452719872417,0.209701143776569,-2.30274473733622));
#7963=CARTESIAN_POINT('Ctrl Pts',(2.14160330629721,0.207178156030141,-2.30267062197014));
#7964=CARTESIAN_POINT('Ctrl Pts',(2.14945504157988,0.204378618049425,-2.30258838265582));
#7965=CARTESIAN_POINT('Ctrl Pts',(2.15011652044796,0.204142767610261,-2.30258145430602));
#7966=CARTESIAN_POINT('Ctrl Pts',(2.15151209964356,0.203747625176873,-2.30207215667677));
#7967=CARTESIAN_POINT('Ctrl Pts',(2.15206437788823,0.20361740078989,-2.30174436165947));
#7968=CARTESIAN_POINT('Ctrl Pts',(2.15299853744606,0.203455694502854,-2.30090713686549));
#7969=CARTESIAN_POINT('Ctrl Pts',(2.15337617067471,0.203421352312007,-2.30041887569269));
#7970=CARTESIAN_POINT('Ctrl Pts',(2.15393253068731,0.203446499028285,-2.29933381279659));
#7971=CARTESIAN_POINT('Ctrl Pts',(2.15410675065001,0.203504159211391,-2.2987536469773));
#7972=CARTESIAN_POINT('Ctrl Pts',(2.15424589548027,0.203705540091195,-2.29754028815921));
#7973=CARTESIAN_POINT('Ctrl Pts',(2.15419944657984,0.203850477084956,-2.29692092230275));
#7974=CARTESIAN_POINT('Ctrl Pts',(2.15386932465259,0.204231846578246,-2.29565129544748));
#7975=CARTESIAN_POINT('Ctrl Pts',(2.15359529443536,0.204426111140792,-2.29518793742336));
#7976=CARTESIAN_POINT('Ctrl Pts',(2.14967818194741,0.207203017102501,-2.28856448720306));
#7977=CARTESIAN_POINT('Ctrl Pts',(2.1461235326601,0.209722966894108,-2.28255392644497));
#7978=CARTESIAN_POINT('Ctrl Pts',(2.14256888337279,0.212242916685716,-2.27654336568688));
#7979=CARTESIAN_POINT('',(2.12268936363221,0.206725762193291,-2.30006966803746));
#7980=CARTESIAN_POINT('Origin',(2.12268936363221,0.206725762193291,-2.30006966803746));
#7981=CARTESIAN_POINT('',(2.10564247083775,0.22,-2.30304727685522));
#7982=CARTESIAN_POINT('',(2.14871437729044,0.204642702068384,-2.30259614039613));
#7983=CARTESIAN_POINT('',(2.10564247083775,0.219999999999999,-2.30304727685522));
#7984=CARTESIAN_POINT('Origin',(2.11488254894414,0.233242169528467,-2.26055865305212));
#7985=CARTESIAN_POINT('',(2.18589663205446,0.315242169528467,-2.30155865305212));
#7986=CARTESIAN_POINT('',(2.18589663205446,0.315242169528468,-2.30155865305212));
#7987=CARTESIAN_POINT('',(2.11488254894414,0.233242169528467,-2.26055865305212));
#7988=CARTESIAN_POINT('',(2.11488254894414,0.233242169528467,-2.26055865305212));
#7989=CARTESIAN_POINT('',(2.11013232494092,0.227757083314532,-2.25781610994516));
#7990=CARTESIAN_POINT('',(2.11488254894414,0.233242169528467,-2.26055865305212));
#7991=CARTESIAN_POINT('',(2.12612050461424,0.22198712977161,-2.2579835706256));
#7992=CARTESIAN_POINT('Ctrl Pts',(2.0757643059886,0.205390479632613,-2.27313524338039));
#7993=CARTESIAN_POINT('Ctrl Pts',(2.19479151894508,0.342831266515241,-2.3418556368217));
#7994=CARTESIAN_POINT('Ctrl Pts',(2.07375833161813,0.209869680479383,-2.26765129121519));
#7995=CARTESIAN_POINT('Ctrl Pts',(2.19278554457461,0.34731046736201,-2.3363716846565));
#7996=CARTESIAN_POINT('Ctrl Pts',(2.07175235724766,0.214348881326152,-2.26216733904998));
#7997=CARTESIAN_POINT('Ctrl Pts',(2.19077957020414,0.351789668208779,-2.33088773249129));
#7998=CARTESIAN_POINT('Ctrl Pts',(2.06974638287719,0.218828082172922,-2.25668338688477));
#7999=CARTESIAN_POINT('Ctrl Pts',(2.18877359583367,0.356268869055549,-2.32540378032609));
#8000=CARTESIAN_POINT('Ctrl Pts',(2.06879492451404,0.220952622330868,-2.25408228079514));
#8001=CARTESIAN_POINT('Ctrl Pts',(2.18782213747052,0.358393409213495,-2.32280267423645));
#8002=CARTESIAN_POINT('Ctrl Pts',(2.07141273651538,0.220914337072869,-2.24962466792017));
#8003=CARTESIAN_POINT('Ctrl Pts',(2.19043994947185,0.358355123955497,-2.31834506136148));
#8004=CARTESIAN_POINT('Ctrl Pts',(2.07413181628419,0.218763945615622,-2.24921586652524));
#8005=CARTESIAN_POINT('Ctrl Pts',(2.19315902924067,0.356204732498249,-2.31793625996655));
#8006=CARTESIAN_POINT('Ctrl Pts',(2.07971320552981,0.214349889106133,-2.24837672979398));
#8007=CARTESIAN_POINT('Ctrl Pts',(2.19874041848629,0.35179067598876,-2.3170971232353));
#8008=CARTESIAN_POINT('Ctrl Pts',(2.08529459477544,0.209935832596643,-2.24753759306272));
#8009=CARTESIAN_POINT('Ctrl Pts',(2.20432180773191,0.34737661947927,-2.31625798650404));
#8010=CARTESIAN_POINT('Ctrl Pts',(2.09087598402106,0.205521776087153,-2.24669845633147));
#8011=CARTESIAN_POINT('Ctrl Pts',(2.20990319697754,0.342962562969781,-2.31541884977278));
#8012=CARTESIAN_POINT('',(2.170784954022,0.315110873073927,-2.32799544010105));
#8013=CARTESIAN_POINT('',(2.170784954022,0.315110873073927,-2.32799544010105));
#8014=CARTESIAN_POINT('',(2.09977087091168,0.233110873073927,-2.28699544010105));
#8015=CARTESIAN_POINT('',(2.09977087091168,0.233110873073927,-2.28699544010105));
#8016=CARTESIAN_POINT('',(2.09506774550273,0.227680171632154,-2.28428008938016));
#8017=CARTESIAN_POINT('',(2.09977087091168,0.233110873073927,-2.28699544010105));
#8018=CARTESIAN_POINT('Ctrl Pts',(2.11013232494092,0.227757083314533,-2.25781610994516));
#8019=CARTESIAN_POINT('Ctrl Pts',(2.1030375816381,0.230317496075253,-2.2577417993879));
#8020=CARTESIAN_POINT('Ctrl Pts',(2.09594283833527,0.232877908835973,-2.25766748883064));
#8021=CARTESIAN_POINT('Ctrl Pts',(2.08884809503245,0.235438321596693,-2.25759317827338));
#8022=CARTESIAN_POINT('Ctrl Pts',(2.08878431146016,0.235461340367835,-2.25759251020231));
#8023=CARTESIAN_POINT('Ctrl Pts',(2.08871409911192,0.235486679211641,-2.25759177479603));
#8024=CARTESIAN_POINT('Ctrl Pts',(2.08863793320084,0.235514166629065,-2.25759097703196));
#8025=CARTESIAN_POINT('Ctrl Pts',(2.08826529828329,0.235648646363884,-2.2575870740425));
#8026=CARTESIAN_POINT('Ctrl Pts',(2.08775760093911,0.235814496466658,-2.25762915856073));
#8027=CARTESIAN_POINT('Ctrl Pts',(2.08716869858515,0.235967868952368,-2.25783231161252));
#8028=CARTESIAN_POINT('Ctrl Pts',(2.08710908485631,0.235983394626046,-2.2578528765005));
#8029=CARTESIAN_POINT('Ctrl Pts',(2.08704867479258,0.235998765669487,-2.25787508344055));
#8030=CARTESIAN_POINT('Ctrl Pts',(2.08698755170184,0.236013918959575,-2.25789903955655));
#8031=CARTESIAN_POINT('Ctrl Pts',(2.08643772519742,0.23615022882904,-2.25811453434512));
#8032=CARTESIAN_POINT('Ctrl Pts',(2.08592644152587,0.236248334093692,-2.25843483360544));
#8033=CARTESIAN_POINT('Ctrl Pts',(2.08547281238181,0.236313034268057,-2.25884362378245));
#8034=CARTESIAN_POINT('Ctrl Pts',(2.08503515939093,0.236375455797166,-2.25923801696893));
#8035=CARTESIAN_POINT('Ctrl Pts',(2.08466158592569,0.236405359424813,-2.25970551176591));
#8036=CARTESIAN_POINT('Ctrl Pts',(2.08436738433244,0.236403968884571,-2.26022637887172));
#8037=CARTESIAN_POINT('Ctrl Pts',(2.08406554704768,0.236402542254327,-2.26076076453294));
#8038=CARTESIAN_POINT('Ctrl Pts',(2.08385557726584,0.23636824663828,-2.26133651109294));
#8039=CARTESIAN_POINT('Ctrl Pts',(2.08374756423216,0.236298966264642,-2.26192887396014));
#8040=CARTESIAN_POINT('Ctrl Pts',(2.08363276254938,0.236225331600324,-2.26255846699768));
#8041=CARTESIAN_POINT('Ctrl Pts',(2.0836359577906,0.236114054113072,-2.26319042930505));
#8042=CARTESIAN_POINT('Ctrl Pts',(2.08376256381894,0.235958530943098,-2.26379665616669));
#8043=CARTESIAN_POINT('Ctrl Pts',(2.08385428206836,0.235845864010227,-2.26423583009258));
#8044=CARTESIAN_POINT('Ctrl Pts',(2.08400934848019,0.235711622513281,-2.26465451958797));
#8045=CARTESIAN_POINT('Ctrl Pts',(2.08422949276215,0.235551736954488,-2.26504521427556));
#8046=CARTESIAN_POINT('Ctrl Pts',(2.08565440327769,0.234516858319521,-2.26757403293829));
#8047=CARTESIAN_POINT('Ctrl Pts',(2.0870993316271,0.233467441207678,-2.27013837767181));
#8048=CARTESIAN_POINT('Ctrl Pts',(2.08852952925294,0.232428722670187,-2.27267657948039));
#8049=CARTESIAN_POINT('Ctrl Pts',(2.09070893466954,0.230845872324176,-2.27654441611365));
#8050=CARTESIAN_POINT('Ctrl Pts',(2.09288834008614,0.229263021978165,-2.2804122527469));
#8051=CARTESIAN_POINT('Ctrl Pts',(2.09506774550273,0.227680171632154,-2.28428008938016));
#8052=CARTESIAN_POINT('Origin',(2.10564247083775,0.219999999999999,-2.30304727685522));
#8053=CARTESIAN_POINT('',(2.0980012827907,0.225549613234922,-2.28948629970755));
#8054=CARTESIAN_POINT('Origin',(2.131626716681,0.07,-2.25804124285835));
#8055=CARTESIAN_POINT('',(2.131626716681,0.07,-2.25804124285835));
#8056=CARTESIAN_POINT('',(2.131626716681,0.07,-2.25804124285835));
#8057=CARTESIAN_POINT('',(2.14256888337279,0.07,-2.27654336568688));
#8058=CARTESIAN_POINT('',(2.131626716681,0.07,-2.25804124285835));
#8059=CARTESIAN_POINT('',(2.14256888337279,0.07,-2.27654336568688));
#8060=CARTESIAN_POINT('Origin',(2.11013232494092,0.07,-2.25781610994516));
#8061=CARTESIAN_POINT('',(2.11013232494092,0.07,-2.25781610994516));
#8062=CARTESIAN_POINT('',(2.08863793320084,0.07,-2.25759097703196));
#8063=CARTESIAN_POINT('',(2.11013232494092,0.07,-2.25781610994516));
#8064=CARTESIAN_POINT('Ctrl Pts',(2.09506774550273,0.07,-2.28428008938016));
#8065=CARTESIAN_POINT('Ctrl Pts',(2.09506774550273,0.237011902220462,-2.28428008938016));
#8066=CARTESIAN_POINT('Ctrl Pts',(2.0914549945892,0.07,-2.27786846434529));
#8067=CARTESIAN_POINT('Ctrl Pts',(2.0914549945892,0.237011902220462,-2.27786846434529));
#8068=CARTESIAN_POINT('Ctrl Pts',(2.08784224367568,0.07,-2.27145683931043));
#8069=CARTESIAN_POINT('Ctrl Pts',(2.08784224367568,0.237011902220462,-2.27145683931043));
#8070=CARTESIAN_POINT('Ctrl Pts',(2.08422949276215,0.07,-2.26504521427556));
#8071=CARTESIAN_POINT('Ctrl Pts',(2.08422949276215,0.237011902220462,-2.26504521427556));
#8072=CARTESIAN_POINT('Ctrl Pts',(2.08251592048463,0.07,-2.26200410151231));
#8073=CARTESIAN_POINT('Ctrl Pts',(2.08251592048463,0.237011902220462,-2.26200410151231));
#8074=CARTESIAN_POINT('Ctrl Pts',(2.08514746615333,0.07,-2.25755441777389));
#8075=CARTESIAN_POINT('Ctrl Pts',(2.08514746615333,0.237011902220462,-2.25755441777389));
#8076=CARTESIAN_POINT('Ctrl Pts',(2.08863793320084,0.07,-2.25759097703196));
#8077=CARTESIAN_POINT('Ctrl Pts',(2.08863793320084,0.237011902220462,-2.25759097703196));
#8078=CARTESIAN_POINT('Ctrl Pts',(2.09580273044753,0.07,-2.25766602133636));
#8079=CARTESIAN_POINT('Ctrl Pts',(2.09580273044753,0.237011902220462,-2.25766602133636));
#8080=CARTESIAN_POINT('Ctrl Pts',(2.10296752769423,0.07,-2.25774106564076));
#8081=CARTESIAN_POINT('Ctrl Pts',(2.10296752769423,0.237011902220462,-2.25774106564076));
#8082=CARTESIAN_POINT('Ctrl Pts',(2.11013232494092,0.07,-2.25781610994516));
#8083=CARTESIAN_POINT('Ctrl Pts',(2.11013232494092,0.237011902220462,-2.25781610994516));
#8084=CARTESIAN_POINT('',(2.09506774550273,0.07,-2.28428008938016));
#8085=CARTESIAN_POINT('Ctrl Pts',(2.09506774550273,0.07,-2.28428008938016));
#8086=CARTESIAN_POINT('Ctrl Pts',(2.0914549945892,0.07,-2.27786846434529));
#8087=CARTESIAN_POINT('Ctrl Pts',(2.08796062407632,0.07,-2.27151952052821));
#8088=CARTESIAN_POINT('Ctrl Pts',(2.08235844489409,0.07,-2.2619273435373));
#8089=CARTESIAN_POINT('Ctrl Pts',(2.08500415739647,0.07,-2.25745337743724));
#8090=CARTESIAN_POINT('Ctrl Pts',(2.09591176233969,0.07,-2.25773758844708));
#8091=CARTESIAN_POINT('Ctrl Pts',(2.10296752769423,0.07,-2.25774106564076));
#8092=CARTESIAN_POINT('Ctrl Pts',(2.11013232494092,0.07,-2.25781610994516));
#8093=CARTESIAN_POINT('',(2.09506774550273,0.07,-2.28428008938016));
#8094=CARTESIAN_POINT('Origin',(2.10564247083775,0.07,-2.30304727685522));
#8095=CARTESIAN_POINT('',(2.10564247083775,0.07,-2.30304727685522));
#8096=CARTESIAN_POINT('',(2.10564247083775,0.07,-2.30304727685522));
#8097=CARTESIAN_POINT('',(2.10564247083775,0.07,-2.30304727685522));
#8098=CARTESIAN_POINT('Origin',(2.12745109115112,0.07,-2.30281885270231));
#8099=CARTESIAN_POINT('',(2.12745109115112,0.07,-2.30281885270231));
#8100=CARTESIAN_POINT('',(2.12745109115112,0.07,-2.30281885270231));
#8101=CARTESIAN_POINT('',(2.1492597114645,0.07,-2.30259042854939));
#8102=CARTESIAN_POINT('Ctrl Pts',(2.14256888337279,0.07,-2.27654336568688));
#8103=CARTESIAN_POINT('Ctrl Pts',(2.14256888337279,0.22,-2.27654336568688));
#8104=CARTESIAN_POINT('Ctrl Pts',(2.14621627227006,0.07,-2.28271073996306));
#8105=CARTESIAN_POINT('Ctrl Pts',(2.14621627227006,0.22,-2.28271073996306));
#8106=CARTESIAN_POINT('Ctrl Pts',(2.14986366116732,0.07,-2.28887811423924));
#8107=CARTESIAN_POINT('Ctrl Pts',(2.14986366116732,0.22,-2.28887811423924));
#8108=CARTESIAN_POINT('Ctrl Pts',(2.15351105006458,0.07,-2.29504548851542));
#8109=CARTESIAN_POINT('Ctrl Pts',(2.15351105006458,0.22,-2.29504548851542));
#8110=CARTESIAN_POINT('Ctrl Pts',(2.15528794483486,0.07,-2.29805004202106));
#8111=CARTESIAN_POINT('Ctrl Pts',(2.15528794483486,0.22,-2.29805004202106));
#8112=CARTESIAN_POINT('Ctrl Pts',(2.15275017851255,0.07,-2.3025538692913));
#8113=CARTESIAN_POINT('Ctrl Pts',(2.15275017851255,0.22,-2.3025538692913));
#8114=CARTESIAN_POINT('Ctrl Pts',(2.14925971146449,0.07,-2.30259042854939));
#8115=CARTESIAN_POINT('Ctrl Pts',(2.14925971146449,0.22,-2.30259042854939));
#8116=CARTESIAN_POINT('Ctrl Pts',(2.14199017136004,0.07,-2.3026665699337));
#8117=CARTESIAN_POINT('Ctrl Pts',(2.14199017136004,0.22,-2.3026665699337));
#8118=CARTESIAN_POINT('Ctrl Pts',(2.13472063125558,0.07,-2.302742711318));
#8119=CARTESIAN_POINT('Ctrl Pts',(2.13472063125558,0.22,-2.302742711318));
#8120=CARTESIAN_POINT('Ctrl Pts',(2.12745109115112,0.07,-2.30281885270231));
#8121=CARTESIAN_POINT('Ctrl Pts',(2.12745109115112,0.22,-2.30281885270231));
#8122=CARTESIAN_POINT('Ctrl Pts',(2.14256888337279,0.07,-2.27654336568688));
#8123=CARTESIAN_POINT('Ctrl Pts',(2.14621627227006,0.07,-2.28271073996306));
#8124=CARTESIAN_POINT('Ctrl Pts',(2.14974706603484,0.07,-2.2888194037099));
#8125=CARTESIAN_POINT('Ctrl Pts',(2.15544695457625,0.07,-2.2981235284593));
#8126=CARTESIAN_POINT('Ctrl Pts',(2.15289531268941,0.07,-2.30265180526118));
#8127=CARTESIAN_POINT('Ctrl Pts',(2.14187793968306,0.07,-2.3025962139126));
#8128=CARTESIAN_POINT('Ctrl Pts',(2.13472063125558,0.07,-2.302742711318));
#8129=CARTESIAN_POINT('Ctrl Pts',(2.12745109115112,0.07,-2.30281885270231));
#8130=CARTESIAN_POINT('Ctrl Pts',(2.14256888337279,0.07,-2.27654336568688));
#8131=CARTESIAN_POINT('Ctrl Pts',(2.1714626197559,0.06,-2.24734644242296));
#8132=CARTESIAN_POINT('Ctrl Pts',(2.20035635613901,0.05,-2.21814951915903));
#8133=CARTESIAN_POINT('Ctrl Pts',(2.22925009252211,0.04,-2.1889525958951));
#8134=CARTESIAN_POINT('Ctrl Pts',(2.14621627227006,0.07,-2.28271073996306));
#8135=CARTESIAN_POINT('Ctrl Pts',(2.16791213914741,0.06,-2.26175147854495));
#8136=CARTESIAN_POINT('Ctrl Pts',(2.18970032870864,0.05,-2.24083571391968));
#8137=CARTESIAN_POINT('Ctrl Pts',(2.21139619558599,0.04,-2.21987645250157));
#8138=CARTESIAN_POINT('Ctrl Pts',(2.14974706603484,0.07,-2.2888194037099));
#8139=CARTESIAN_POINT('Ctrl Pts',(2.16435647426391,0.06,-2.27615001382302));
#8140=CARTESIAN_POINT('Ctrl Pts',(2.17893289042079,0.05,-2.26346969899493));
#8141=CARTESIAN_POINT('Ctrl Pts',(2.19354229864987,0.04,-2.25080030910805));
#8142=CARTESIAN_POINT('Ctrl Pts',(2.15544695457625,0.07,-2.2981235284593));
#8143=CARTESIAN_POINT('Ctrl Pts',(2.15929247735794,0.06,-2.29767829385678));
#8144=CARTESIAN_POINT('Ctrl Pts',(2.16314501396933,0.05,-2.29723454434987));
#8145=CARTESIAN_POINT('Ctrl Pts',(2.16699053675102,0.04,-2.29678930974735));
#8146=CARTESIAN_POINT('Ctrl Pts',(2.15289531268941,0.07,-2.30265180526118));
#8147=CARTESIAN_POINT('Ctrl Pts',(2.15469328152854,0.06,-2.30571792272538));
#8148=CARTESIAN_POINT('Ctrl Pts',(2.15649470294916,0.05,-2.30878833631596));
#8149=CARTESIAN_POINT('Ctrl Pts',(2.1582926717883,0.04,-2.31185445378016));
#8150=CARTESIAN_POINT('Ctrl Pts',(2.14187793968306,0.07,-2.3025962139126));
#8151=CARTESIAN_POINT('Ctrl Pts',(2.13841998744143,0.06,-2.32116972219832));
#8152=CARTESIAN_POINT('Ctrl Pts',(2.13493785429969,0.05,-2.33972202495889));
#8153=CARTESIAN_POINT('Ctrl Pts',(2.13147990205806,0.04,-2.35829553324461));
#8154=CARTESIAN_POINT('Ctrl Pts',(2.13472063125558,0.07,-2.302742711318));
#8155=CARTESIAN_POINT('Ctrl Pts',(2.12757391345116,0.06,-2.33170024126075));
#8156=CARTESIAN_POINT('Ctrl Pts',(2.12051171509496,0.05,-2.36071393873349));
#8157=CARTESIAN_POINT('Ctrl Pts',(2.11336499729054,0.04,-2.38967146867623));
#8158=CARTESIAN_POINT('Ctrl Pts',(2.12745109115112,0.07,-2.30281885270231));
#8159=CARTESIAN_POINT('Ctrl Pts',(2.11671742494176,0.06,-2.34222836983749));
#8160=CARTESIAN_POINT('Ctrl Pts',(2.10598375873239,0.05,-2.38163788697268));
#8161=CARTESIAN_POINT('Ctrl Pts',(2.09525009252302,0.04,-2.42104740410786));
#8162=CARTESIAN_POINT('',(2.22925009252211,0.04,-2.1889525958951));
#8163=CARTESIAN_POINT('',(2.14256888337279,0.07,-2.27654336568688));
#8164=CARTESIAN_POINT('',(2.09525009252298,0.04,-2.42104740410783));
#8165=CARTESIAN_POINT('',(2.08025009252303,0.04,-2.4470281662214));
#8166=CARTESIAN_POINT('',(2.12745109115112,0.07,-2.30281885270231));
#8167=CARTESIAN_POINT('Ctrl Pts',(2.12745109115112,0.07,-2.30281885270231));
#8168=CARTESIAN_POINT('Ctrl Pts',(2.11671742494174,0.06,-2.34222836983748));
#8169=CARTESIAN_POINT('Ctrl Pts',(2.10598375873236,0.05,-2.38163788697266));
#8170=CARTESIAN_POINT('Ctrl Pts',(2.09525009252298,0.04,-2.42104740410783));
#8171=CARTESIAN_POINT('Ctrl Pts',(2.12018155104667,0.07,-2.30289499408661));
#8172=CARTESIAN_POINT('Ctrl Pts',(2.10703002352012,0.06,-2.33948415423263));
#8173=CARTESIAN_POINT('Ctrl Pts',(2.09387849599357,0.05,-2.37607331437864));
#8174=CARTESIAN_POINT('Ctrl Pts',(2.08072696846702,0.04,-2.41266247452465));
#8175=CARTESIAN_POINT('Ctrl Pts',(2.11291201094221,0.07,-2.30297113547092));
#8176=CARTESIAN_POINT('Ctrl Pts',(2.09734262209849,0.06,-2.33673993862777));
#8177=CARTESIAN_POINT('Ctrl Pts',(2.08177323325478,0.05,-2.37050874178462));
#8178=CARTESIAN_POINT('Ctrl Pts',(2.06620384441106,0.04,-2.40427754494147));
#8179=CARTESIAN_POINT('Ctrl Pts',(2.10564247083775,0.07,-2.30304727685522));
#8180=CARTESIAN_POINT('Ctrl Pts',(2.08765522067687,0.06,-2.33399572302291));
#8181=CARTESIAN_POINT('Ctrl Pts',(2.06966797051599,0.05,-2.3649441691906));
#8182=CARTESIAN_POINT('Ctrl Pts',(2.0516807203551,0.04,-2.39589261535829));
#8183=CARTESIAN_POINT('',(2.0516807203551,0.04,-2.39589261535829));
#8184=CARTESIAN_POINT('Ctrl Pts',(2.0516807203551,0.04,-2.39589261535829));
#8185=CARTESIAN_POINT('Ctrl Pts',(2.06620384441106,0.04,-2.40427754494147));
#8186=CARTESIAN_POINT('Ctrl Pts',(2.08072696846702,0.04,-2.41266247452465));
#8187=CARTESIAN_POINT('Ctrl Pts',(2.09525009252298,0.04,-2.42104740410783));
#8188=CARTESIAN_POINT('',(2.10564247083775,0.07,-2.30304727685522));
#8189=CARTESIAN_POINT('Ctrl Pts',(2.10564247083775,0.07,-2.30304727685522));
#8190=CARTESIAN_POINT('Ctrl Pts',(2.08765522067687,0.06,-2.33399572302291));
#8191=CARTESIAN_POINT('Ctrl Pts',(2.06966797051599,0.05,-2.3649441691906));
#8192=CARTESIAN_POINT('Ctrl Pts',(2.0516807203551,0.04,-2.39589261535829));
#8193=CARTESIAN_POINT('Ctrl Pts',(2.10211756239275,0.07,-2.29679154769687));
#8194=CARTESIAN_POINT('Ctrl Pts',(2.08052381857903,0.06,-2.32706465788952));
#8195=CARTESIAN_POINT('Ctrl Pts',(2.05893007476531,0.05,-2.35733776808216));
#8196=CARTESIAN_POINT('Ctrl Pts',(2.0373363309516,0.04,-2.38761087827481));
#8197=CARTESIAN_POINT('Ctrl Pts',(2.09859265394774,0.07,-2.29053581853852));
#8198=CARTESIAN_POINT('Ctrl Pts',(2.07339241648119,0.06,-2.32013359275612));
#8199=CARTESIAN_POINT('Ctrl Pts',(2.04819217901464,0.05,-2.34973136697373));
#8200=CARTESIAN_POINT('Ctrl Pts',(2.02299194154809,0.04,-2.37932914119134));
#8201=CARTESIAN_POINT('Ctrl Pts',(2.09506774550273,0.07,-2.28428008938016));
#8202=CARTESIAN_POINT('Ctrl Pts',(2.06626101438335,0.06,-2.31320252762273));
#8203=CARTESIAN_POINT('Ctrl Pts',(2.03745428326396,0.05,-2.34212496586529));
#8204=CARTESIAN_POINT('Ctrl Pts',(2.00864755214458,0.04,-2.37104740410786));
#8205=CARTESIAN_POINT('',(2.00864755214458,0.04,-2.37104740410786));
#8206=CARTESIAN_POINT('Ctrl Pts',(2.00864755214458,0.04,-2.37104740410786));
#8207=CARTESIAN_POINT('Ctrl Pts',(2.02299194154809,0.04,-2.37932914119134));
#8208=CARTESIAN_POINT('Ctrl Pts',(2.0373363309516,0.04,-2.38761087827481));
#8209=CARTESIAN_POINT('Ctrl Pts',(2.0516807203551,0.04,-2.39589261535829));
#8210=CARTESIAN_POINT('',(2.09506774550273,0.07,-2.28428008938016));
#8211=CARTESIAN_POINT('Ctrl Pts',(2.09506774550273,0.07,-2.28428008938016));
#8212=CARTESIAN_POINT('Ctrl Pts',(2.06626101438335,0.06,-2.31320252762273));
#8213=CARTESIAN_POINT('Ctrl Pts',(2.03745428326396,0.05,-2.34212496586529));
#8214=CARTESIAN_POINT('Ctrl Pts',(2.00864755214458,0.04,-2.37104740410786));
#8215=CARTESIAN_POINT('Ctrl Pts',(2.0914549945892,0.07,-2.27786846434529));
#8216=CARTESIAN_POINT('Ctrl Pts',(2.06996500440882,0.06,-2.29840833295119));
#8217=CARTESIAN_POINT('Ctrl Pts',(2.04838431294057,0.05,-2.31890320172167));
#8218=CARTESIAN_POINT('Ctrl Pts',(2.02689432276018,0.04,-2.33944307032757));
#8219=CARTESIAN_POINT('Ctrl Pts',(2.08796062407632,0.07,-2.27151952052821));
#8220=CARTESIAN_POINT('Ctrl Pts',(2.07367779673805,0.06,-2.28362273509385));
#8221=CARTESIAN_POINT('Ctrl Pts',(2.05942392071406,0.05,-2.29573552198164));
#8222=CARTESIAN_POINT('Ctrl Pts',(2.04514109337579,0.04,-2.30783873654727));
#8223=CARTESIAN_POINT('Ctrl Pts',(2.08235844489409,0.07,-2.2619273435373));
#8224=CARTESIAN_POINT('Ctrl Pts',(2.07892126454801,0.06,-2.26169969504166));
#8225=CARTESIAN_POINT('Ctrl Pts',(2.07547971249186,0.05,-2.26147172629654));
#8226=CARTESIAN_POINT('Ctrl Pts',(2.07204253214578,0.04,-2.26124407780091));
#8227=CARTESIAN_POINT('Ctrl Pts',(2.08500415739647,0.07,-2.25745337743724));
#8228=CARTESIAN_POINT('Ctrl Pts',(2.08357017484164,0.06,-2.25372198348243));
#8229=CARTESIAN_POINT('Ctrl Pts',(2.08213118285501,0.05,-2.24998514678965));
#8230=CARTESIAN_POINT('Ctrl Pts',(2.08069720030018,0.04,-2.24625375283484));
#8231=CARTESIAN_POINT('Ctrl Pts',(2.09591176233969,0.07,-2.25773758844708));
#8232=CARTESIAN_POINT('Ctrl Pts',(2.09963806137683,0.06,-2.23864832755897));
#8233=CARTESIAN_POINT('Ctrl Pts',(2.1033907973138,0.05,-2.21958241143232));
#8234=CARTESIAN_POINT('Ctrl Pts',(2.10711709635094,0.04,-2.20049315054421));
#8235=CARTESIAN_POINT('Ctrl Pts',(2.10296752769423,0.07,-2.25774106564076));
#8236=CARTESIAN_POINT('Ctrl Pts',(2.11030048164927,0.06,-2.22842110880907));
#8237=CARTESIAN_POINT('Ctrl Pts',(2.11754937029227,0.05,-2.19904283005134));
#8238=CARTESIAN_POINT('Ctrl Pts',(2.12488232424731,0.04,-2.16972287321965));
#8239=CARTESIAN_POINT('Ctrl Pts',(2.11013232494092,0.07,-2.25781610994516));
#8240=CARTESIAN_POINT('Ctrl Pts',(2.1209707340085,0.06,-2.21819493859514));
#8241=CARTESIAN_POINT('Ctrl Pts',(2.13180914307609,0.05,-2.17857376724512));
#8242=CARTESIAN_POINT('Ctrl Pts',(2.14264755214367,0.04,-2.1389525958951));
#8243=CARTESIAN_POINT('',(2.14264755214371,0.04,-2.13895259589512));
#8244=CARTESIAN_POINT('',(2.15764755214366,0.04,-2.11297183378156));
#8245=CARTESIAN_POINT('',(2.11013232494092,0.07,-2.25781610994516));
#8246=CARTESIAN_POINT('Ctrl Pts',(2.11013232494092,0.07,-2.25781610994516));
#8247=CARTESIAN_POINT('Ctrl Pts',(2.12097073400852,0.06,-2.21819493859514));
#8248=CARTESIAN_POINT('Ctrl Pts',(2.13180914307612,0.05,-2.17857376724513));
#8249=CARTESIAN_POINT('Ctrl Pts',(2.14264755214371,0.04,-2.13895259589512));
#8250=CARTESIAN_POINT('Ctrl Pts',(2.11729712218761,0.07,-2.25789115424955));
#8251=CARTESIAN_POINT('Ctrl Pts',(2.13055851774964,0.06,-2.22102274590923));
#8252=CARTESIAN_POINT('Ctrl Pts',(2.14381991331167,0.05,-2.18415433756891));
#8253=CARTESIAN_POINT('Ctrl Pts',(2.1570813088737,0.04,-2.1472859292286));
#8254=CARTESIAN_POINT('Ctrl Pts',(2.12446191943431,0.07,-2.25796619855395));
#8255=CARTESIAN_POINT('Ctrl Pts',(2.14014630149076,0.06,-2.22385055322332));
#8256=CARTESIAN_POINT('Ctrl Pts',(2.15583068354722,0.05,-2.1897349078927));
#8257=CARTESIAN_POINT('Ctrl Pts',(2.17151506560368,0.04,-2.15561926256207));
#8258=CARTESIAN_POINT('Ctrl Pts',(2.131626716681,0.07,-2.25804124285835));
#8259=CARTESIAN_POINT('Ctrl Pts',(2.14973408523189,0.06,-2.22667836053741));
#8260=CARTESIAN_POINT('Ctrl Pts',(2.16784145378277,0.05,-2.19531547821648));
#8261=CARTESIAN_POINT('Ctrl Pts',(2.18594882233366,0.04,-2.16395259589554));
#8262=CARTESIAN_POINT('',(2.18594882233366,0.04,-2.16395259589554));
#8263=CARTESIAN_POINT('Ctrl Pts',(2.18594882233366,0.04,-2.16395259589554));
#8264=CARTESIAN_POINT('Ctrl Pts',(2.17151506560368,0.04,-2.15561926256207));
#8265=CARTESIAN_POINT('Ctrl Pts',(2.1570813088737,0.04,-2.1472859292286));
#8266=CARTESIAN_POINT('Ctrl Pts',(2.14264755214371,0.04,-2.13895259589512));
#8267=CARTESIAN_POINT('',(2.131626716681,0.07,-2.25804124285835));
#8268=CARTESIAN_POINT('Ctrl Pts',(2.131626716681,0.07,-2.25804124285835));
#8269=CARTESIAN_POINT('Ctrl Pts',(2.14973408523189,0.06,-2.22667836053741));
#8270=CARTESIAN_POINT('Ctrl Pts',(2.16784145378277,0.05,-2.19531547821648));
#8271=CARTESIAN_POINT('Ctrl Pts',(2.18594882233366,0.04,-2.16395259589554));
#8272=CARTESIAN_POINT('Ctrl Pts',(2.13527410557827,0.07,-2.26420861713453));
#8273=CARTESIAN_POINT('Ctrl Pts',(2.15697693007323,0.06,-2.23356772116593));
#8274=CARTESIAN_POINT('Ctrl Pts',(2.17867975456818,0.05,-2.20292682519733));
#8275=CARTESIAN_POINT('Ctrl Pts',(2.20038257906314,0.04,-2.17228592922873));
#8276=CARTESIAN_POINT('Ctrl Pts',(2.13892149447553,0.07,-2.27037599141071));
#8277=CARTESIAN_POINT('Ctrl Pts',(2.16421977491456,0.06,-2.24045708179444));
#8278=CARTESIAN_POINT('Ctrl Pts',(2.18951805535359,0.05,-2.21053817217818));
#8279=CARTESIAN_POINT('Ctrl Pts',(2.21481633579263,0.04,-2.18061926256191));
#8280=CARTESIAN_POINT('Ctrl Pts',(2.14256888337279,0.07,-2.27654336568688));
#8281=CARTESIAN_POINT('Ctrl Pts',(2.1714626197559,0.06,-2.24734644242296));
#8282=CARTESIAN_POINT('Ctrl Pts',(2.20035635613901,0.05,-2.21814951915903));
#8283=CARTESIAN_POINT('Ctrl Pts',(2.22925009252211,0.04,-2.1889525958951));
#8284=CARTESIAN_POINT('Ctrl Pts',(2.22925009252211,0.04,-2.1889525958951));
#8285=CARTESIAN_POINT('Ctrl Pts',(2.21481633579263,0.04,-2.18061926256191));
#8286=CARTESIAN_POINT('Ctrl Pts',(2.20038257906314,0.04,-2.17228592922873));
#8287=CARTESIAN_POINT('Ctrl Pts',(2.18594882233366,0.04,-2.16395259589554));
#8288=CARTESIAN_POINT('Origin',(2.11894882233335,0.04,-2.28000000000148));
#8289=CARTESIAN_POINT('',(2.08025009252303,0.04,-2.4470281662214));
#8290=CARTESIAN_POINT('',(2.08025009252303,0.04,-2.4470281662214));
#8291=CARTESIAN_POINT('',(1.99364755214459,0.04,-2.3970281662214));
#8292=CARTESIAN_POINT('',(1.99364755214459,0.04,-2.3970281662214));
#8293=CARTESIAN_POINT('',(2.15764755214366,0.04,-2.11297183378156));
#8294=CARTESIAN_POINT('Origin',(2.15764755214366,0.03,-2.11297183378156));
#8295=CARTESIAN_POINT('',(2.24425009252211,0.03,-2.16297183378156));
#8296=CARTESIAN_POINT('',(2.15764755214366,0.03,-2.11297183378156));
#8297=CARTESIAN_POINT('',(2.24425009252211,0.03,-2.16297183378156));
#8298=CARTESIAN_POINT('',(2.24425009252211,0.04,-2.16297183378156));
#8299=CARTESIAN_POINT('',(2.24425009252211,0.03,-2.16297183378156));
#8300=CARTESIAN_POINT('',(2.15764755214366,0.04,-2.11297183378156));
#8301=CARTESIAN_POINT('',(2.24425009252211,0.04,-2.16297183378156));
#8302=CARTESIAN_POINT('',(2.15764755214366,0.03,-2.11297183378156));
#8303=CARTESIAN_POINT('Origin',(1.99364755214459,0.03,-2.3970281662214));
#8304=CARTESIAN_POINT('',(1.99364755214459,0.03,-2.3970281662214));
#8305=CARTESIAN_POINT('',(2.15764755214366,0.03,-2.11297183378156));
#8306=CARTESIAN_POINT('',(2.15764755214366,0.04,-2.11297183378156));
#8307=CARTESIAN_POINT('',(1.99364755214459,0.03,-2.3970281662214));
#8308=CARTESIAN_POINT('Origin',(2.08025009252303,0.03,-2.4470281662214));
#8309=CARTESIAN_POINT('',(2.08025009252303,0.03,-2.4470281662214));
#8310=CARTESIAN_POINT('',(1.99364755214459,0.03,-2.3970281662214));
#8311=CARTESIAN_POINT('',(2.08025009252303,0.03,-2.4470281662214));
#8312=CARTESIAN_POINT('Origin',(2.24425009252211,0.03,-2.16297183378156));
#8313=CARTESIAN_POINT('',(2.08025009252303,0.03,-2.4470281662214));
#8314=CARTESIAN_POINT('',(2.08025009252303,0.04,-2.4470281662214));
#8315=CARTESIAN_POINT('Origin',(2.11894882233335,0.04,-2.28000000000148));
#8316=CARTESIAN_POINT('Origin',(2.11894882233335,0.03,-2.28000000000148));
#8317=CARTESIAN_POINT('Ctrl Pts',(2.81743887637765,0.283272744258198,-2.33382026218332));
#8318=CARTESIAN_POINT('Ctrl Pts',(2.5074017818226,0.283272744258198,-2.51282026218345));
#8319=CARTESIAN_POINT('Ctrl Pts',(2.81568017220306,0.277030325677598,-2.33077409719744));
#8320=CARTESIAN_POINT('Ctrl Pts',(2.50564307764801,0.277030325677598,-2.50977409719757));
#8321=CARTESIAN_POINT('Ctrl Pts',(2.81392146802847,0.270787907096998,-2.32772793221156));
#8322=CARTESIAN_POINT('Ctrl Pts',(2.50388437347341,0.270787907096998,-2.50672793221169));
#8323=CARTESIAN_POINT('Ctrl Pts',(2.81216276385387,0.264545488516398,-2.32468176722568));
#8324=CARTESIAN_POINT('Ctrl Pts',(2.50212566929882,0.264545488516398,-2.50368176722581));
#8325=CARTESIAN_POINT('Ctrl Pts',(2.81130597771499,0.261504375752662,-2.32319777010191));
#8326=CARTESIAN_POINT('Ctrl Pts',(2.50126888315993,0.261504375752662,-2.50219777010204));
#8327=CARTESIAN_POINT('Ctrl Pts',(2.80872132171926,0.261450232221534,-2.31872101459723));
#8328=CARTESIAN_POINT('Ctrl Pts',(2.49868422716421,0.261450232221534,-2.49772101459736));
#8329=CARTESIAN_POINT('Ctrl Pts',(2.80783287433412,0.264454785727175,-2.31718217858632));
#8330=CARTESIAN_POINT('Ctrl Pts',(2.49779577977907,0.264454785727175,-2.49618217858645));
#8331=CARTESIAN_POINT('Ctrl Pts',(2.80598251912147,0.270712321439313,-2.31397726934595));
#8332=CARTESIAN_POINT('Ctrl Pts',(2.49594542456642,0.270712321439312,-2.49297726934607));
#8333=CARTESIAN_POINT('Ctrl Pts',(2.80413216390881,0.27696985715145,-2.31077236010557));
#8334=CARTESIAN_POINT('Ctrl Pts',(2.49409506935376,0.27696985715145,-2.4897723601057));
#8335=CARTESIAN_POINT('Ctrl Pts',(2.80228180869615,0.283227392863587,-2.3075674508652));
#8336=CARTESIAN_POINT('Ctrl Pts',(2.4922447141411,0.283227392863587,-2.48656745086533));
#8337=CARTESIAN_POINT('',(2.79554770905858,0.283227392863587,-2.3114553851037));
#8338=CARTESIAN_POINT('',(2.81072104516821,0.283272744258198,-2.33769880384046));
#8339=CARTESIAN_POINT('Ctrl Pts',(2.79554770905858,0.283227392863587,-2.3114553851037));
#8340=CARTESIAN_POINT('Ctrl Pts',(2.7951544922614,0.276987754395606,-2.31594339938809));
#8341=CARTESIAN_POINT('Ctrl Pts',(2.79476127546423,0.270748115927626,-2.32043141367248));
#8342=CARTESIAN_POINT('Ctrl Pts',(2.79436805866705,0.264508477459645,-2.32491942795686));
#8343=CARTESIAN_POINT('Ctrl Pts',(2.79436704200748,0.264492344913477,-2.32493103168968));
#8344=CARTESIAN_POINT('Ctrl Pts',(2.79436587869273,0.264474428716877,-2.32494393813202));
#8345=CARTESIAN_POINT('Ctrl Pts',(2.79436460414628,0.264454785727175,-2.32495808800479));
#8346=CARTESIAN_POINT('Ctrl Pts',(2.79435188506226,0.264258762400026,-2.32509929385897));
#8347=CARTESIAN_POINT('Ctrl Pts',(2.79433544092995,0.263900347938107,-2.32537706281239));
#8348=CARTESIAN_POINT('Ctrl Pts',(2.79439176438691,0.263531129471491,-2.32580399715346));
#8349=CARTESIAN_POINT('Ctrl Pts',(2.79441393267198,0.263385809197066,-2.32597203375296));
#8350=CARTESIAN_POINT('Ctrl Pts',(2.79444722968273,0.263239130951159,-2.32616292871487));
#8351=CARTESIAN_POINT('Ctrl Pts',(2.79449481465643,0.263100240177791,-2.32637484429246));
#8352=CARTESIAN_POINT('Ctrl Pts',(2.79460988493547,0.26276437364676,-2.32688729985874));
#8353=CARTESIAN_POINT('Ctrl Pts',(2.79479264107916,0.262524212095978,-2.3274405366815));
#8354=CARTESIAN_POINT('Ctrl Pts',(2.79503777515703,0.262381854365175,-2.3280068512495));
#8355=CARTESIAN_POINT('Ctrl Pts',(2.79527026897879,0.262246837262781,-2.32854396399766));
#8356=CARTESIAN_POINT('Ctrl Pts',(2.79555301419929,0.262203329784142,-2.32907905648233));
#8357=CARTESIAN_POINT('Ctrl Pts',(2.79587456549714,0.262251644296592,-2.32958869531913));
#8358=CARTESIAN_POINT('Ctrl Pts',(2.79619417322573,0.262299666779117,-2.33009525371936));
#8359=CARTESIAN_POINT('Ctrl Pts',(2.79654354826365,0.262437139603754,-2.33056314562943));
#8360=CARTESIAN_POINT('Ctrl Pts',(2.79690608237301,0.262661967627736,-2.33097395756734));
#8361=CARTESIAN_POINT('Ctrl Pts',(2.79728793484499,0.262898776067312,-2.33140666044953));
#8362=CARTESIAN_POINT('Ctrl Pts',(2.79767547964929,0.26322697353934,-2.33176614611477));
#8363=CARTESIAN_POINT('Ctrl Pts',(2.79804723444143,0.263644369057324,-2.33203703677228));
#8364=CARTESIAN_POINT('Ctrl Pts',(2.79821053757648,0.263827721089594,-2.33215603266572));
#8365=CARTESIAN_POINT('Ctrl Pts',(2.79835328368662,0.264005074687955,-2.33224689459818));
#8366=CARTESIAN_POINT('Ctrl Pts',(2.79851070508923,0.264224536666563,-2.3323316462711));
#8367=CARTESIAN_POINT('Ctrl Pts',(2.79857983580984,0.264320912156014,-2.33236886449));
#8368=CARTESIAN_POINT('Ctrl Pts',(2.79865160443323,0.264425810118587,-2.3324045714682));
#8369=CARTESIAN_POINT('Ctrl Pts',(2.7987277498484,0.264545488516398,-2.33243847617831));
#8370=CARTESIAN_POINT('Ctrl Pts',(2.79885383216219,0.264743653163261,-2.33249461592474));
#8371=CARTESIAN_POINT('Ctrl Pts',(2.79899900369428,0.264970034709021,-2.33255809348607));
#8372=CARTESIAN_POINT('Ctrl Pts',(2.79917580057839,0.26524608406666,-2.33263562789634));
#8373=CARTESIAN_POINT('Ctrl Pts',(2.80302421544166,0.271254970797173,-2.33432335321104));
#8374=CARTESIAN_POINT('Ctrl Pts',(2.80687263030493,0.277263857527686,-2.33601107852575));
#8375=CARTESIAN_POINT('Ctrl Pts',(2.81072104516821,0.283272744258198,-2.33769880384046));
#8376=CARTESIAN_POINT('',(2.4922447141411,0.283227392863587,-2.48656745086533));
#8377=CARTESIAN_POINT('',(2.80228180869615,0.283227392863587,-2.3075674508652));
#8378=CARTESIAN_POINT('',(2.5074017818226,0.283272744258198,-2.51282026218345));
#8379=CARTESIAN_POINT('Ctrl Pts',(2.5074017818226,0.283272744258198,-2.51282026218345));
#8380=CARTESIAN_POINT('Ctrl Pts',(2.50564307764801,0.277030325677598,-2.50977409719757));
#8381=CARTESIAN_POINT('Ctrl Pts',(2.50388437347341,0.270787907096998,-2.50672793221169));
#8382=CARTESIAN_POINT('Ctrl Pts',(2.50212566929882,0.264545488516398,-2.50368176722581));
#8383=CARTESIAN_POINT('Ctrl Pts',(2.5019114727641,0.263785210325464,-2.50331076794487));
#8384=CARTESIAN_POINT('Ctrl Pts',(2.50159580904441,0.263140517814283,-2.50276402234426));
#8385=CARTESIAN_POINT('Ctrl Pts',(2.5012202398562,0.262696294121713,-2.50211351742853));
#8386=CARTESIAN_POINT('Ctrl Pts',(2.50086013142411,0.262270357430279,-2.50148979132792));
#8387=CARTESIAN_POINT('Ctrl Pts',(2.50044584518277,0.262029359020442,-2.50077222650903));
#8388=CARTESIAN_POINT('Ctrl Pts',(2.50002768957792,0.262002564299104,-2.50004795975596));
#8389=CARTESIAN_POINT('Ctrl Pts',(2.4996104017005,0.261975825180309,-2.49932519595089));
#8390=CARTESIAN_POINT('Ctrl Pts',(2.49919012938608,0.262162440030219,-2.49859726294931));
#8391=CARTESIAN_POINT('Ctrl Pts',(2.49881770407747,0.262539838001922,-2.49795220339276));
#8392=CARTESIAN_POINT('Ctrl Pts',(2.4984451929566,0.262917322931661,-2.49730699520502));
#8393=CARTESIAN_POINT('Ctrl Pts',(2.49812132477507,0.263484896846401,-2.49674603905966));
#8394=CARTESIAN_POINT('Ctrl Pts',(2.4978852884074,0.264173881857442,-2.49633721207843));
#8395=CARTESIAN_POINT('Ctrl Pts',(2.4978539034747,0.264265493791747,-2.49628285178039));
#8396=CARTESIAN_POINT('Ctrl Pts',(2.49782404518577,0.264359197706758,-2.49623113570695));
#8397=CARTESIAN_POINT('Ctrl Pts',(2.49779577977907,0.264454785727175,-2.49618217858645));
#8398=CARTESIAN_POINT('Ctrl Pts',(2.49594542456641,0.270712321439313,-2.49297726934607));
#8399=CARTESIAN_POINT('Ctrl Pts',(2.49409506935376,0.27696985715145,-2.4897723601057));
#8400=CARTESIAN_POINT('Ctrl Pts',(2.4922447141411,0.283227392863587,-2.48656745086533));
#8401=CARTESIAN_POINT('',(2.81743887637765,0.283272744258198,-2.33382026218332));
#8402=CARTESIAN_POINT('Origin',(2.80228180869615,0.283227392863587,-2.3075674508652));
#8403=CARTESIAN_POINT('',(2.79673074305818,0.301999999999999,-2.29795272314408));
#8404=CARTESIAN_POINT('',(2.7946862442967,0.269557507178082,-2.32128778846125));
#8405=CARTESIAN_POINT('',(2.48669364850313,0.301999999999999,-2.47695272314421));
#8406=CARTESIAN_POINT('',(2.79673074305818,0.301999999999999,-2.29795272314408));
#8407=CARTESIAN_POINT('',(2.49779577977907,0.264454785727175,-2.49618217858645));
#8408=CARTESIAN_POINT('Origin',(2.82271498890143,0.301999999999999,-2.34295875714095));
#8409=CARTESIAN_POINT('',(2.82271498890143,0.301999999999999,-2.34295875714095));
#8410=CARTESIAN_POINT('',(2.81238509362431,0.285870977307916,-2.33842857357788));
#8411=CARTESIAN_POINT('',(2.51267789434638,0.301999999999999,-2.52195875714108));
#8412=CARTESIAN_POINT('',(2.51267789434638,0.301999999999999,-2.52195875714108));
#8413=CARTESIAN_POINT('',(2.82271498890143,0.301999999999999,-2.34295875714095));
#8414=CARTESIAN_POINT('Origin',(2.81743887637743,0.320727255742403,-2.33382026218294));
#8415=CARTESIAN_POINT('',(2.50740178182238,0.320727255742403,-2.51282026218307));
#8416=CARTESIAN_POINT('',(2.50212566929839,0.339454511484807,-2.50368176722506));
#8417=CARTESIAN_POINT('',(2.81743887637743,0.320727255742403,-2.33382026218294));
#8418=CARTESIAN_POINT('',(2.81743887637743,0.320727255742403,-2.33382026218294));
#8419=CARTESIAN_POINT('',(2.82415670758709,0.320727255742403,-2.32994172052568));
#8420=CARTESIAN_POINT('',(2.81743887637743,0.320727255742403,-2.33382026218294));
#8421=CARTESIAN_POINT('',(2.82308431355689,0.306797355644816,-2.33962418666549));
#8422=CARTESIAN_POINT('Ctrl Pts',(2.81694623176953,0.3205415745157,-2.29894317225106));
#8423=CARTESIAN_POINT('Ctrl Pts',(2.49217639772486,0.3205415745157,-2.48644912336142));
#8424=CARTESIAN_POINT('Ctrl Pts',(2.81881935912102,0.326876121101794,-2.30218752399288));
#8425=CARTESIAN_POINT('Ctrl Pts',(2.49404952507635,0.326876121101794,-2.48969347510324));
#8426=CARTESIAN_POINT('Ctrl Pts',(2.82069248647251,0.333210667687889,-2.3054318757347));
#8427=CARTESIAN_POINT('Ctrl Pts',(2.49592265242784,0.333210667687889,-2.49293782684506));
#8428=CARTESIAN_POINT('Ctrl Pts',(2.82256561382399,0.339545214273984,-2.30867622747652));
#8429=CARTESIAN_POINT('Ctrl Pts',(2.49779577977932,0.339545214273983,-2.49618217858688));
#8430=CARTESIAN_POINT('Ctrl Pts',(2.82345406120899,0.342549767779158,-2.31021506348718));
#8431=CARTESIAN_POINT('Ctrl Pts',(2.49868422716432,0.342549767779158,-2.49772101459754));
#8432=CARTESIAN_POINT('Ctrl Pts',(2.8260387172043,0.342495624248057,-2.31469181899116));
#8433=CARTESIAN_POINT('Ctrl Pts',(2.50126888315963,0.342495624248057,-2.50219777010151));
#8434=CARTESIAN_POINT('Ctrl Pts',(2.82689550334306,0.339454511484806,-2.3161758161147));
#8435=CARTESIAN_POINT('Ctrl Pts',(2.50212566929839,0.339454511484806,-2.50368176722506));
#8436=CARTESIAN_POINT('Ctrl Pts',(2.82865420751772,0.333212092904006,-2.31922198110071));
#8437=CARTESIAN_POINT('Ctrl Pts',(2.50388437347305,0.333212092904005,-2.50672793221107));
#8438=CARTESIAN_POINT('Ctrl Pts',(2.83041291169239,0.326969674323204,-2.32226814608671));
#8439=CARTESIAN_POINT('Ctrl Pts',(2.50564307764772,0.326969674323204,-2.50977409719707));
#8440=CARTESIAN_POINT('Ctrl Pts',(2.83217161586705,0.320727255742403,-2.32531431107271));
#8441=CARTESIAN_POINT('Ctrl Pts',(2.50740178182238,0.320727255742403,-2.51282026218307));
#8442=CARTESIAN_POINT('',(2.49217639772486,0.3205415745157,-2.48644912336142));
#8443=CARTESIAN_POINT('Ctrl Pts',(2.49217639772486,0.3205415745157,-2.48644912336142));
#8444=CARTESIAN_POINT('Ctrl Pts',(2.49404952507635,0.326876121101795,-2.48969347510324));
#8445=CARTESIAN_POINT('Ctrl Pts',(2.49592265242784,0.333210667687889,-2.49293782684506));
#8446=CARTESIAN_POINT('Ctrl Pts',(2.49779577977932,0.339545214273984,-2.49618217858688));
#8447=CARTESIAN_POINT('Ctrl Pts',(2.49801789162557,0.340296352650277,-2.49656688758955));
#8448=CARTESIAN_POINT('Ctrl Pts',(2.49834023788111,0.340927680089562,-2.49712520768177));
#8449=CARTESIAN_POINT('Ctrl Pts',(2.49872037697652,0.341356073158941,-2.49778362790896));
#8450=CARTESIAN_POINT('Ctrl Pts',(2.49908486719011,0.341766830913792,-2.49841494347776));
#8451=CARTESIAN_POINT('Ctrl Pts',(2.49950158649036,0.341990421368928,-2.49913672247829));
#8452=CARTESIAN_POINT('Ctrl Pts',(2.49991993097538,0.341999693035449,-2.49986131638142));
#8453=CARTESIAN_POINT('Ctrl Pts',(2.50033740734102,0.342008945462052,-2.50058440665766));
#8454=CARTESIAN_POINT('Ctrl Pts',(2.50075563305808,0.341804765704339,-2.50130879484864));
#8455=CARTESIAN_POINT('Ctrl Pts',(2.5011240242173,0.341411849064193,-2.50194686705347));
#8456=CARTESIAN_POINT('Ctrl Pts',(2.50149250025925,0.341018841890283,-2.5025850862795));
#8457=CARTESIAN_POINT('Ctrl Pts',(2.50181035325405,0.340437825161316,-2.50313562381583));
#8458=CARTESIAN_POINT('Ctrl Pts',(2.50203912218008,0.339739103380746,-2.50353186321891));
#8459=CARTESIAN_POINT('Ctrl Pts',(2.50206954078639,0.339646196782237,-2.50358454979053));
#8460=CARTESIAN_POINT('Ctrl Pts',(2.50209841117478,0.339551262615416,-2.50363455477005));
#8461=CARTESIAN_POINT('Ctrl Pts',(2.50212566929839,0.339454511484806,-2.50368176722506));
#8462=CARTESIAN_POINT('Ctrl Pts',(2.50388437347305,0.333212092904005,-2.50672793221107));
#8463=CARTESIAN_POINT('Ctrl Pts',(2.50564307764772,0.326969674323204,-2.50977409719707));
#8464=CARTESIAN_POINT('Ctrl Pts',(2.50740178182238,0.320727255742403,-2.51282026218307));
#8465=CARTESIAN_POINT('',(2.80221349227992,0.3205415745157,-2.30744912336129));
#8466=CARTESIAN_POINT('',(2.80221349227992,0.3205415745157,-2.30744912336129));
#8467=CARTESIAN_POINT('',(2.80886471601879,0.3205415745157,-2.30360903754521));
#8468=CARTESIAN_POINT('',(2.80221349227992,0.3205415745157,-2.30744912336129));
#8469=CARTESIAN_POINT('Ctrl Pts',(2.82415670758709,0.320727255742403,-2.32994172052568));
#8470=CARTESIAN_POINT('Ctrl Pts',(2.82463258167152,0.326908638954606,-2.32564513309647));
#8471=CARTESIAN_POINT('Ctrl Pts',(2.82510845575595,0.33309002216681,-2.32134854566727));
#8472=CARTESIAN_POINT('Ctrl Pts',(2.82558432984038,0.339271405379013,-2.31705195823807));
#8473=CARTESIAN_POINT('Ctrl Pts',(2.82558860807114,0.339326977608495,-2.31701333080883));
#8474=CARTESIAN_POINT('Ctrl Pts',(2.82559331750678,0.339388150988868,-2.31697081010301));
#8475=CARTESIAN_POINT('Ctrl Pts',(2.82559842627276,0.339454511484807,-2.3169246839104));
#8476=CARTESIAN_POINT('Ctrl Pts',(2.82562342045403,0.339779174284471,-2.31669901563263));
#8477=CARTESIAN_POINT('Ctrl Pts',(2.82563307243232,0.34019246875194,-2.3163582393438));
#8478=CARTESIAN_POINT('Ctrl Pts',(2.82555406788072,0.340589721595244,-2.31586069665856));
#8479=CARTESIAN_POINT('Ctrl Pts',(2.82554607036486,0.340629934922843,-2.31581033113612));
#8480=CARTESIAN_POINT('Ctrl Pts',(2.8255371769738,0.340669946010812,-2.31575838103123));
#8481=CARTESIAN_POINT('Ctrl Pts',(2.82552732382286,0.34070962133491,-2.3157048242017));
#8482=CARTESIAN_POINT('Ctrl Pts',(2.82543869081237,0.341066516650517,-2.31522305922526));
#8483=CARTESIAN_POINT('Ctrl Pts',(2.82528517718084,0.341335740686212,-2.31469620133602));
#8484=CARTESIAN_POINT('Ctrl Pts',(2.82507054521714,0.341514751448978,-2.31414942607259));
#8485=CARTESIAN_POINT('Ctrl Pts',(2.82486347227644,0.341687457715207,-2.31362190743207));
#8486=CARTESIAN_POINT('Ctrl Pts',(2.82460431235183,0.341772084495361,-2.31308835594661));
#8487=CARTESIAN_POINT('Ctrl Pts',(2.82430261303631,0.341767107849863,-2.31257181765277));
#8488=CARTESIAN_POINT('Ctrl Pts',(2.82399308343381,0.341762002040789,-2.31204187315327));
#8489=CARTESIAN_POINT('Ctrl Pts',(2.82364735473552,0.341662773936433,-2.31154450704022));
#8490=CARTESIAN_POINT('Ctrl Pts',(2.82328218543816,0.341470497618794,-2.31110061341109));
#8491=CARTESIAN_POINT('Ctrl Pts',(2.82289406514927,0.341266136681313,-2.31062882094437));
#8492=CARTESIAN_POINT('Ctrl Pts',(2.822494166838,0.340962062521338,-2.31022958480803));
#8493=CARTESIAN_POINT('Ctrl Pts',(2.82210579122037,0.340560227428872,-2.30992068273832));
#8494=CARTESIAN_POINT('Ctrl Pts',(2.82182443706813,0.340269122718263,-2.30969690226395));
#8495=CARTESIAN_POINT('Ctrl Pts',(2.82155367825734,0.339931212158449,-2.30952406307546));
#8496=CARTESIAN_POINT('Ctrl Pts',(2.82130107360993,0.339545214273984,-2.30940631010951));
#8497=CARTESIAN_POINT('Ctrl Pts',(2.81966605944936,0.337046796238037,-2.30864413978224));
#8498=CARTESIAN_POINT('Ctrl Pts',(2.81800807581704,0.334513279214039,-2.30787126211663));
#8499=CARTESIAN_POINT('Ctrl Pts',(2.81636699495958,0.33200559083334,-2.30710626376715));
#8500=CARTESIAN_POINT('Ctrl Pts',(2.81386623531265,0.328184252060793,-2.30594052169317));
#8501=CARTESIAN_POINT('Ctrl Pts',(2.81136547566572,0.324362913288247,-2.30477477961919));
#8502=CARTESIAN_POINT('Ctrl Pts',(2.80886471601879,0.3205415745157,-2.30360903754521));
#8503=CARTESIAN_POINT('Origin',(2.79673074305818,0.301999999999999,-2.29795272314408));
#8504=CARTESIAN_POINT('',(2.48669364850313,0.301999999999999,-2.47695272314421));
#8505=CARTESIAN_POINT('',(2.80549862744405,0.315397951537675,-2.30203991790546));
#8506=CARTESIAN_POINT('Origin',(2.49978761519151,0.30199697093801,-2.49963213872111));
#8507=CARTESIAN_POINT('Origin',(2.89372907201175,0.219999999999999,-2.30195875714095));
#8508=CARTESIAN_POINT('',(2.89372907201175,0.22,-2.30195875714095));
#8509=CARTESIAN_POINT('',(2.89372907201175,0.219999999999999,-2.30195875714095));
#8510=CARTESIAN_POINT('',(2.87223468027241,0.212242916685716,-2.30218389005422));
#8511=CARTESIAN_POINT('',(2.86978370597664,0.211358387733049,-2.30220956163359));
#8512=CARTESIAN_POINT('',(2.87698490427547,0.206757830471957,-2.29944134694734));
#8513=CARTESIAN_POINT('Ctrl Pts',(2.87698490427547,0.206757830471957,-2.29944134694734));
#8514=CARTESIAN_POINT('Ctrl Pts',(2.80597082116515,0.288757830471957,-2.34044134694734));
#8515=CARTESIAN_POINT('Ctrl Pts',(2.87140351503004,0.20234377396261,-2.29860221021613));
#8516=CARTESIAN_POINT('Ctrl Pts',(2.80038943191972,0.28434377396261,-2.33960221021613));
#8517=CARTESIAN_POINT('Ctrl Pts',(2.86582212578461,0.197929717453262,-2.29776307348493));
#8518=CARTESIAN_POINT('Ctrl Pts',(2.79480804267429,0.279929717453262,-2.33876307348493));
#8519=CARTESIAN_POINT('Ctrl Pts',(2.86024073653919,0.193515660943915,-2.29692393675373));
#8520=CARTESIAN_POINT('Ctrl Pts',(2.78922665342886,0.275515660943915,-2.33792393675373));
#8521=CARTESIAN_POINT('Ctrl Pts',(2.85752165676994,0.191365269486324,-2.29651513535875));
#8522=CARTESIAN_POINT('Ctrl Pts',(2.78650757365962,0.273365269486324,-2.33751513535875));
#8523=CARTESIAN_POINT('Ctrl Pts',(2.85490384476819,0.191326984228306,-2.29205752248308));
#8524=CARTESIAN_POINT('Ctrl Pts',(2.78388976165787,0.273326984228306,-2.33305752248308));
#8525=CARTESIAN_POINT('Ctrl Pts',(2.85585530313148,0.193451524386583,-2.28945641639303));
#8526=CARTESIAN_POINT('Ctrl Pts',(2.78484122002115,0.275451524386583,-2.33045641639303));
#8527=CARTESIAN_POINT('Ctrl Pts',(2.85783689030431,0.197876270322153,-2.28403913418487));
#8528=CARTESIAN_POINT('Ctrl Pts',(2.78682280719399,0.279876270322152,-2.32503913418487));
#8529=CARTESIAN_POINT('Ctrl Pts',(2.85981847747715,0.202301016257722,-2.27862185197671));
#8530=CARTESIAN_POINT('Ctrl Pts',(2.78880439436683,0.284301016257722,-2.31962185197671));
#8531=CARTESIAN_POINT('Ctrl Pts',(2.86180006464999,0.206725762193291,-2.27320456976855));
#8532=CARTESIAN_POINT('Ctrl Pts',(2.79078598153966,0.288725762193291,-2.31420456976855));
#8533=CARTESIAN_POINT('',(2.85703833713107,0.212224131522995,-2.27595375443341));
#8534=CARTESIAN_POINT('Ctrl Pts',(2.85703833713107,0.212224131522996,-2.27595375443341));
#8535=CARTESIAN_POINT('Ctrl Pts',(2.85356446913439,0.209701143776569,-2.28211890103462));
#8536=CARTESIAN_POINT('Ctrl Pts',(2.85009060113771,0.207178156030141,-2.28828404763583));
#8537=CARTESIAN_POINT('Ctrl Pts',(2.84623595483176,0.204378618049425,-2.29512496951157));
#8538=CARTESIAN_POINT('Ctrl Pts',(2.84591121552466,0.204142767610261,-2.29570129119029));
#8539=CARTESIAN_POINT('Ctrl Pts',(2.84565449061188,0.203747625176873,-2.2971645470413));
#8540=CARTESIAN_POINT('Ctrl Pts',(2.84566223030176,0.20361740078989,-2.29780673153979));
#8541=CARTESIAN_POINT('Ctrl Pts',(2.84592020846311,0.203455694502854,-2.29903434984505));
#8542=CARTESIAN_POINT('Ctrl Pts',(2.84615423842811,0.203421352312007,-2.29960552040078));
#8543=CARTESIAN_POINT('Ctrl Pts',(2.84681575045454,0.203446499028285,-2.30062987375338));
#8544=CARTESIAN_POINT('Ctrl Pts',(2.8472310788111,0.203504159211391,-2.30107083557657));
#8545=CARTESIAN_POINT('Ctrl Pts',(2.84821230595634,0.203705540091195,-2.30179801794343));
#8546=CARTESIAN_POINT('Ctrl Pts',(2.84877191697249,0.203850477084956,-2.30206747494391));
#8547=CARTESIAN_POINT('Ctrl Pts',(2.8500365070461,0.204231846578246,-2.3024163943962));
#8548=CARTESIAN_POINT('Ctrl Pts',(2.85057480197466,0.204426111140792,-2.30241075627873));
#8549=CARTESIAN_POINT('Ctrl Pts',(2.8582694343701,0.207203017102501,-2.30233016246484));
#8550=CARTESIAN_POINT('Ctrl Pts',(2.86525205732125,0.209722966894108,-2.30225702625953));
#8551=CARTESIAN_POINT('Ctrl Pts',(2.87223468027241,0.212242916685716,-2.30218389005422));
#8552=CARTESIAN_POINT('',(2.86180006464999,0.206725762193291,-2.27320456976855));
#8553=CARTESIAN_POINT('Origin',(2.86180006464999,0.206725762193291,-2.27320456976855));
#8554=CARTESIAN_POINT('',(2.8677448261685,0.22,-2.25695272314408));
#8555=CARTESIAN_POINT('',(2.8465995685763,0.204642702068384,-2.29447965655108));
#8556=CARTESIAN_POINT('',(2.8677448261685,0.219999999999999,-2.25695272314408));
#8557=CARTESIAN_POINT('Origin',(2.89992101470063,0.233242169528467,-2.28619917741871));
#8558=CARTESIAN_POINT('',(2.82890693159031,0.315242169528467,-2.32719917741871));
#8559=CARTESIAN_POINT('',(2.82890693159031,0.315242169528468,-2.32719917741871));
#8560=CARTESIAN_POINT('',(2.89992101470063,0.233242169528467,-2.28619917741871));
#8561=CARTESIAN_POINT('',(2.89992101470063,0.233242169528467,-2.28619917741871));
#8562=CARTESIAN_POINT('',(2.90467123870385,0.227757083314532,-2.28345663431174));
#8563=CARTESIAN_POINT('',(2.89992101470063,0.233242169528467,-2.28619917741871));
#8564=CARTESIAN_POINT('',(2.89653212366379,0.22198712977161,-2.29721907372889));
#8565=CARTESIAN_POINT('Ctrl Pts',(2.90858848946113,0.205390479632613,-2.24603349010367));
#8566=CARTESIAN_POINT('Ctrl Pts',(2.78956127650465,0.342831266515241,-2.31475388354498));
#8567=CARTESIAN_POINT('Ctrl Pts',(2.91434071853457,0.209869680479382,-2.24703824142211));
#8568=CARTESIAN_POINT('Ctrl Pts',(2.79531350557809,0.34731046736201,-2.31575863486342));
#8569=CARTESIAN_POINT('Ctrl Pts',(2.92009294760801,0.214348881326152,-2.24804299274054));
#8570=CARTESIAN_POINT('Ctrl Pts',(2.80106573465154,0.351789668208779,-2.31676338618185));
#8571=CARTESIAN_POINT('Ctrl Pts',(2.92584517668145,0.218828082172922,-2.24904774405898));
#8572=CARTESIAN_POINT('Ctrl Pts',(2.80681796372498,0.356268869055549,-2.31776813750029));
#8573=CARTESIAN_POINT('Ctrl Pts',(2.92857352981459,0.220952622330868,-2.24952430999067));
#8574=CARTESIAN_POINT('Ctrl Pts',(2.80954631685811,0.358393409213495,-2.31824470343198));
#8575=CARTESIAN_POINT('Ctrl Pts',(2.93112502980389,0.220914337072869,-2.25402020812364));
#8576=CARTESIAN_POINT('Ctrl Pts',(2.81209781684741,0.358355123955497,-2.32274060156495));
#8577=CARTESIAN_POINT('Ctrl Pts',(2.93011952231259,0.218763945615622,-2.25657940097581));
#8578=CARTESIAN_POINT('Ctrl Pts',(2.81109230935611,0.356204732498249,-2.32529979441712));
#8579=CARTESIAN_POINT('Ctrl Pts',(2.92805554141629,0.214349889106133,-2.26183259421656));
#8580=CARTESIAN_POINT('Ctrl Pts',(2.80902832845982,0.35179067598876,-2.33055298765787));
#8581=CARTESIAN_POINT('Ctrl Pts',(2.92599156052,0.209935832596643,-2.26708578745731));
#8582=CARTESIAN_POINT('Ctrl Pts',(2.80696434756352,0.34737661947927,-2.33580618089862));
#8583=CARTESIAN_POINT('Ctrl Pts',(2.92392757962371,0.205521776087153,-2.27233898069805));
#8584=CARTESIAN_POINT('Ctrl Pts',(2.80490036666723,0.342962562969781,-2.34105937413937));
#8585=CARTESIAN_POINT('',(2.81356784142773,0.315110873073927,-2.30089368682433));
#8586=CARTESIAN_POINT('',(2.81356784142773,0.315110873073927,-2.30089368682433));
#8587=CARTESIAN_POINT('',(2.88458192453805,0.233110873073927,-2.25989368682433));
#8588=CARTESIAN_POINT('',(2.88458192453805,0.233110873073927,-2.25989368682433));
#8589=CARTESIAN_POINT('',(2.889285049947,0.227680171632154,-2.25717833610344));
#8590=CARTESIAN_POINT('',(2.88458192453805,0.233110873073927,-2.25989368682433));
#8591=CARTESIAN_POINT('Ctrl Pts',(2.90467123870385,0.227757083314533,-2.28345663431174));
#8592=CARTESIAN_POINT('Ctrl Pts',(2.90828296518561,0.230317496075253,-2.2773495616568));
#8593=CARTESIAN_POINT('Ctrl Pts',(2.91189469166738,0.232877908835973,-2.27124248900185));
#8594=CARTESIAN_POINT('Ctrl Pts',(2.91550641814915,0.235438321596693,-2.26513541634691));
#8595=CARTESIAN_POINT('Ctrl Pts',(2.91553888850181,0.235461340367835,-2.2650805121885));
#8596=CARTESIAN_POINT('Ctrl Pts',(2.91557463155645,0.235486679211641,-2.2650200742144));
#8597=CARTESIAN_POINT('Ctrl Pts',(2.91561340539594,0.235514166629065,-2.26495451148253));
#8598=CARTESIAN_POINT('Ctrl Pts',(2.91580310294274,0.235648646363884,-2.26463375167233));
#8599=CARTESIAN_POINT('Ctrl Pts',(2.91602050535293,0.235814496466658,-2.26417303061572));
#8600=CARTESIAN_POINT('Ctrl Pts',(2.91613902082621,0.235967868952368,-2.26356144969095));
#8601=CARTESIAN_POINT('Ctrl Pts',(2.91615101797521,0.235983394626046,-2.26349954024337));
#8602=CARTESIAN_POINT('Ctrl Pts',(2.91616199123285,0.235998765669487,-2.26343612012351));
#8603=CARTESIAN_POINT('Ctrl Pts',(2.9161718061732,0.236013918959575,-2.26337120791618));
#8604=CARTESIAN_POINT('Ctrl Pts',(2.91626009546412,0.23615022882904,-2.26278729680139));
#8605=CARTESIAN_POINT('Ctrl Pts',(2.91623835000364,0.236248334093692,-2.26218436252312));
#8606=CARTESIAN_POINT('Ctrl Pts',(2.91611114189757,0.236313034268057,-2.26158711307196));
#8607=CARTESIAN_POINT('Ctrl Pts',(2.91598841387443,0.236375455797166,-2.26101089787058));
#8608=CARTESIAN_POINT('Ctrl Pts',(2.91577033823673,0.236405359424813,-2.26045362636102));
#8609=CARTESIAN_POINT('Ctrl Pts',(2.91546635488773,0.236403968884571,-2.25993840675452));
#8610=CARTESIAN_POINT('Ctrl Pts',(2.91515448197208,0.236402542254327,-2.2594098151675));
#8611=CARTESIAN_POINT('Ctrl Pts',(2.91476085571589,0.23636824663828,-2.2589401027224));
#8612=CARTESIAN_POINT('Ctrl Pts',(2.91430186094148,0.236298966264642,-2.25855037925769));
#8613=CARTESIAN_POINT('Ctrl Pts',(2.91381401821832,0.236225331600324,-2.25813616156524));
#8614=CARTESIAN_POINT('Ctrl Pts',(2.91326512518529,0.236114054113072,-2.25782294757162));
#8615=CARTESIAN_POINT('Ctrl Pts',(2.91267681430849,0.235958530943098,-2.25762947817761));
#8616=CARTESIAN_POINT('Ctrl Pts',(2.91225061940727,0.235845864010227,-2.25748932154866));
#8617=CARTESIAN_POINT('Ctrl Pts',(2.91181049046205,0.235711622513281,-2.25741426825288));
#8618=CARTESIAN_POINT('Ctrl Pts',(2.9113620667965,0.235551736954488,-2.25740957144976));
#8619=CARTESIAN_POINT('Ctrl Pts',(2.90845959033524,0.234516858319521,-2.25737917082298));
#8620=CARTESIAN_POINT('Ctrl Pts',(2.90551633847724,0.233467441207678,-2.25734834311345));
#8621=CARTESIAN_POINT('Ctrl Pts',(2.90260309241816,0.232428722670186,-2.25731782968557));
#8622=CARTESIAN_POINT('Ctrl Pts',(2.89816374492777,0.230845872324175,-2.25727133182486));
#8623=CARTESIAN_POINT('Ctrl Pts',(2.89372439743738,0.229263021978165,-2.25722483396415));
#8624=CARTESIAN_POINT('Ctrl Pts',(2.889285049947,0.227680171632154,-2.25717833610344));
#8625=CARTESIAN_POINT('Origin',(2.8677448261685,0.219999999999999,-2.25695272314408));
#8626=CARTESIAN_POINT('',(2.88330957090205,0.225549613234922,-2.25711574875408));
#8627=CARTESIAN_POINT('Origin',(2.89372907201175,0.07,-2.30195875714095));
#8628=CARTESIAN_POINT('',(2.89372907201175,0.07,-2.30195875714095));
#8629=CARTESIAN_POINT('',(2.89372907201175,0.07,-2.30195875714095));
#8630=CARTESIAN_POINT('',(2.87223468027241,0.07,-2.30218389005422));
#8631=CARTESIAN_POINT('',(2.89372907201175,0.07,-2.30195875714095));
#8632=CARTESIAN_POINT('',(2.87223468027241,0.07,-2.30218389005422));
#8633=CARTESIAN_POINT('Origin',(2.90467123870385,0.07,-2.28345663431174));
#8634=CARTESIAN_POINT('',(2.90467123870385,0.07,-2.28345663431174));
#8635=CARTESIAN_POINT('',(2.91561340539594,0.07,-2.26495451148253));
#8636=CARTESIAN_POINT('',(2.90467123870385,0.07,-2.28345663431174));
#8637=CARTESIAN_POINT('Ctrl Pts',(2.889285049947,0.07,-2.25717833610344));
#8638=CARTESIAN_POINT('Ctrl Pts',(2.889285049947,0.237011902220462,-2.25717833610344));
#8639=CARTESIAN_POINT('Ctrl Pts',(2.8966440555635,0.07,-2.25725541455221));
#8640=CARTESIAN_POINT('Ctrl Pts',(2.8966440555635,0.237011902220462,-2.25725541455221));
#8641=CARTESIAN_POINT('Ctrl Pts',(2.90400306118,0.07,-2.25733249300099));
#8642=CARTESIAN_POINT('Ctrl Pts',(2.90400306118,0.237011902220462,-2.25733249300099));
#8643=CARTESIAN_POINT('Ctrl Pts',(2.9113620667965,0.07,-2.25740957144976));
#8644=CARTESIAN_POINT('Ctrl Pts',(2.9113620667965,0.237011902220462,-2.25740957144976));
#8645=CARTESIAN_POINT('Ctrl Pts',(2.914852533844,0.07,-2.25744613070784));
#8646=CARTESIAN_POINT('Ctrl Pts',(2.914852533844,0.237011902220462,-2.25744613070784));
#8647=CARTESIAN_POINT('Ctrl Pts',(2.91739030016593,0.07,-2.26194995797736));
#8648=CARTESIAN_POINT('Ctrl Pts',(2.91739030016593,0.237011902220462,-2.26194995797736));
#8649=CARTESIAN_POINT('Ctrl Pts',(2.91561340539594,0.07,-2.26495451148253));
#8650=CARTESIAN_POINT('Ctrl Pts',(2.91561340539594,0.237011902220462,-2.26495451148253));
#8651=CARTESIAN_POINT('Ctrl Pts',(2.91196601649858,0.07,-2.27112188575894));
#8652=CARTESIAN_POINT('Ctrl Pts',(2.91196601649858,0.237011902220462,-2.27112188575894));
#8653=CARTESIAN_POINT('Ctrl Pts',(2.90831862760121,0.07,-2.27728926003534));
#8654=CARTESIAN_POINT('Ctrl Pts',(2.90831862760121,0.237011902220462,-2.27728926003534));
#8655=CARTESIAN_POINT('Ctrl Pts',(2.90467123870385,0.07,-2.28345663431174));
#8656=CARTESIAN_POINT('Ctrl Pts',(2.90467123870385,0.237011902220462,-2.28345663431174));
#8657=CARTESIAN_POINT('',(2.889285049947,0.07,-2.25717833610344));
#8658=CARTESIAN_POINT('Ctrl Pts',(2.889285049947,0.07,-2.25717833610344));
#8659=CARTESIAN_POINT('Ctrl Pts',(2.8966440555635,0.07,-2.25725541455221));
#8660=CARTESIAN_POINT('Ctrl Pts',(2.90388831425875,0.07,-2.25740428986711));
#8661=CARTESIAN_POINT('Ctrl Pts',(2.91499773449914,0.07,-2.25734811869457));
#8662=CARTESIAN_POINT('Ctrl Pts',(2.91754942097328,0.07,-2.26187639609697));
#8663=CARTESIAN_POINT('Ctrl Pts',(2.91184850625703,0.07,-2.27118119768969));
#8664=CARTESIAN_POINT('Ctrl Pts',(2.90831862760121,0.07,-2.27728926003534));
#8665=CARTESIAN_POINT('Ctrl Pts',(2.90467123870385,0.07,-2.28345663431174));
#8666=CARTESIAN_POINT('',(2.889285049947,0.07,-2.25717833610344));
#8667=CARTESIAN_POINT('Origin',(2.8677448261685,0.07,-2.25695272314408));
#8668=CARTESIAN_POINT('',(2.8677448261685,0.07,-2.25695272314408));
#8669=CARTESIAN_POINT('',(2.8677448261685,0.07,-2.25695272314408));
#8670=CARTESIAN_POINT('',(2.8677448261685,0.07,-2.25695272314408));
#8671=CARTESIAN_POINT('Origin',(2.85703833713107,0.07,-2.27595375443341));
#8672=CARTESIAN_POINT('',(2.85703833713107,0.07,-2.27595375443341));
#8673=CARTESIAN_POINT('',(2.85703833713107,0.07,-2.27595375443341));
#8674=CARTESIAN_POINT('',(2.84633184809365,0.07,-2.29495478572273));
#8675=CARTESIAN_POINT('Ctrl Pts',(2.8722346802724,0.07,-2.30218389005422));
#8676=CARTESIAN_POINT('Ctrl Pts',(2.8722346802724,0.22,-2.30218389005422));
#8677=CARTESIAN_POINT('Ctrl Pts',(2.86506988302596,0.07,-2.30225893435864));
#8678=CARTESIAN_POINT('Ctrl Pts',(2.86506988302596,0.22,-2.30225893435864));
#8679=CARTESIAN_POINT('Ctrl Pts',(2.85790508577951,0.07,-2.30233397866306));
#8680=CARTESIAN_POINT('Ctrl Pts',(2.85790508577951,0.22,-2.30233397866306));
#8681=CARTESIAN_POINT('Ctrl Pts',(2.85074028853306,0.07,-2.30240902296749));
#8682=CARTESIAN_POINT('Ctrl Pts',(2.85074028853306,0.22,-2.30240902296749));
#8683=CARTESIAN_POINT('Ctrl Pts',(2.847249821485,0.07,-2.30244558222558));
#8684=CARTESIAN_POINT('Ctrl Pts',(2.847249821485,0.22,-2.30244558222558));
#8685=CARTESIAN_POINT('Ctrl Pts',(2.84461827581588,0.07,-2.29799589848647));
#8686=CARTESIAN_POINT('Ctrl Pts',(2.84461827581588,0.22,-2.29799589848647));
#8687=CARTESIAN_POINT('Ctrl Pts',(2.84633184809365,0.07,-2.29495478572273));
#8688=CARTESIAN_POINT('Ctrl Pts',(2.84633184809365,0.22,-2.29495478572273));
#8689=CARTESIAN_POINT('Ctrl Pts',(2.84990067777279,0.07,-2.28862110862629));
#8690=CARTESIAN_POINT('Ctrl Pts',(2.84990067777279,0.22,-2.28862110862629));
#8691=CARTESIAN_POINT('Ctrl Pts',(2.85346950745193,0.07,-2.28228743152985));
#8692=CARTESIAN_POINT('Ctrl Pts',(2.85346950745193,0.22,-2.28228743152985));
#8693=CARTESIAN_POINT('Ctrl Pts',(2.85703833713107,0.07,-2.27595375443341));
#8694=CARTESIAN_POINT('Ctrl Pts',(2.85703833713107,0.22,-2.27595375443341));
#8695=CARTESIAN_POINT('Ctrl Pts',(2.8722346802724,0.07,-2.30218389005422));
#8696=CARTESIAN_POINT('Ctrl Pts',(2.86506988302596,0.07,-2.30225893435864));
#8697=CARTESIAN_POINT('Ctrl Pts',(2.8580151602001,0.07,-2.3022618946508));
#8698=CARTESIAN_POINT('Ctrl Pts',(2.84710672267079,0.07,-2.30254652490309));
#8699=CARTESIAN_POINT('Ctrl Pts',(2.84446091534083,0.07,-2.29807259398223));
#8700=CARTESIAN_POINT('Ctrl Pts',(2.85001865668022,0.07,-2.28855845237469));
#8701=CARTESIAN_POINT('Ctrl Pts',(2.85346950745193,0.07,-2.28228743152985));
#8702=CARTESIAN_POINT('Ctrl Pts',(2.85703833713107,0.07,-2.27595375443341));
#8703=CARTESIAN_POINT('Ctrl Pts',(2.8722346802724,0.07,-2.30218389005422));
#8704=CARTESIAN_POINT('Ctrl Pts',(2.88307308933976,0.06,-2.3418050614042));
#8705=CARTESIAN_POINT('Ctrl Pts',(2.89391149840711,0.05,-2.38142623275419));
#8706=CARTESIAN_POINT('Ctrl Pts',(2.90474990747447,0.04,-2.42104740410418));
#8707=CARTESIAN_POINT('Ctrl Pts',(2.86506988302596,0.07,-2.30225893435864));
#8708=CARTESIAN_POINT('Ctrl Pts',(2.87237320241992,0.06,-2.33152773694061));
#8709=CARTESIAN_POINT('Ctrl Pts',(2.87959269114437,0.05,-2.36085474491574));
#8710=CARTESIAN_POINT('Ctrl Pts',(2.88689601053833,0.04,-2.39012354749771));
#8711=CARTESIAN_POINT('Ctrl Pts',(2.8580151602001,0.07,-2.3022618946508));
#8712=CARTESIAN_POINT('Ctrl Pts',(2.86168246957806,0.06,-2.32124870825487));
#8713=CARTESIAN_POINT('Ctrl Pts',(2.86537480422424,0.05,-2.34021287728716));
#8714=CARTESIAN_POINT('Ctrl Pts',(2.8690421136022,0.04,-2.35919969089124));
#8715=CARTESIAN_POINT('Ctrl Pts',(2.84710672267079,0.07,-2.30254652490309));
#8716=CARTESIAN_POINT('Ctrl Pts',(2.84556954575636,0.06,-2.30609946262413));
#8717=CARTESIAN_POINT('Ctrl Pts',(2.84402752861775,0.05,-2.30965775253091));
#8718=CARTESIAN_POINT('Ctrl Pts',(2.84249035170333,0.04,-2.31321069025195));
#8719=CARTESIAN_POINT('Ctrl Pts',(2.84446091534083,0.07,-2.29807259398223));
#8720=CARTESIAN_POINT('Ctrl Pts',(2.84090659530627,0.06,-2.29809662194004));
#8721=CARTESIAN_POINT('Ctrl Pts',(2.83734680677515,0.05,-2.29812151826133));
#8722=CARTESIAN_POINT('Ctrl Pts',(2.8337924867406,0.04,-2.29814554621914));
#8723=CARTESIAN_POINT('Ctrl Pts',(2.85001865668022,0.07,-2.28855845237469));
#8724=CARTESIAN_POINT('Ctrl Pts',(2.8356625027882,0.06,-2.2762770237455));
#8725=CARTESIAN_POINT('Ctrl Pts',(2.82133587090236,0.05,-2.2639858953839));
#8726=CARTESIAN_POINT('Ctrl Pts',(2.80697971701034,0.04,-2.25170446675471));
#8727=CARTESIAN_POINT('Ctrl Pts',(2.85346950745193,0.07,-2.28228743152985));
#8728=CARTESIAN_POINT('Ctrl Pts',(2.83196490979288,0.06,-2.26161942738617));
#8729=CARTESIAN_POINT('Ctrl Pts',(2.81036940990187,0.05,-2.24099653546676));
#8730=CARTESIAN_POINT('Ctrl Pts',(2.78886481224281,0.04,-2.22032853132309));
#8731=CARTESIAN_POINT('Ctrl Pts',(2.85703833713107,0.07,-2.27595375443341));
#8732=CARTESIAN_POINT('Ctrl Pts',(2.82827552724581,0.06,-2.24695336825276));
#8733=CARTESIAN_POINT('Ctrl Pts',(2.79951271736055,0.05,-2.21795298207211));
#8734=CARTESIAN_POINT('Ctrl Pts',(2.77074990747528,0.04,-2.18895259589147));
#8735=CARTESIAN_POINT('',(2.90474990747447,0.04,-2.42104740410418));
#8736=CARTESIAN_POINT('',(2.87223468027241,0.07,-2.30218389005422));
#8737=CARTESIAN_POINT('',(2.77074990747533,0.04,-2.18895259589144));
#8738=CARTESIAN_POINT('',(2.75574990747528,0.04,-2.16297183377794));
#8739=CARTESIAN_POINT('',(2.85703833713107,0.07,-2.27595375443341));
#8740=CARTESIAN_POINT('Ctrl Pts',(2.85703833713107,0.07,-2.27595375443341));
#8741=CARTESIAN_POINT('Ctrl Pts',(2.82827552724582,0.06,-2.24695336825275));
#8742=CARTESIAN_POINT('Ctrl Pts',(2.79951271736058,0.05,-2.2179529820721));
#8743=CARTESIAN_POINT('Ctrl Pts',(2.77074990747533,0.04,-2.18895259589144));
#8744=CARTESIAN_POINT('Ctrl Pts',(2.86060716681022,0.07,-2.26962007733696));
#8745=CARTESIAN_POINT('Ctrl Pts',(2.83549578838391,0.06,-2.2399359403274));
#8746=CARTESIAN_POINT('Ctrl Pts',(2.81038440995759,0.05,-2.21025180331783));
#8747=CARTESIAN_POINT('Ctrl Pts',(2.78527303153128,0.04,-2.18056766630826));
#8748=CARTESIAN_POINT('Ctrl Pts',(2.86417599648936,0.07,-2.26328640024052));
#8749=CARTESIAN_POINT('Ctrl Pts',(2.84271604952199,0.06,-2.23291851240204));
#8750=CARTESIAN_POINT('Ctrl Pts',(2.82125610255462,0.05,-2.20255062456356));
#8751=CARTESIAN_POINT('Ctrl Pts',(2.79979615558724,0.04,-2.17218273672508));
#8752=CARTESIAN_POINT('Ctrl Pts',(2.8677448261685,0.07,-2.25695272314408));
#8753=CARTESIAN_POINT('Ctrl Pts',(2.84993631066007,0.06,-2.22590108447669));
#8754=CARTESIAN_POINT('Ctrl Pts',(2.83212779515163,0.05,-2.19484944580929));
#8755=CARTESIAN_POINT('Ctrl Pts',(2.8143192796432,0.04,-2.1637978071419));
#8756=CARTESIAN_POINT('',(2.8143192796432,0.04,-2.1637978071419));
#8757=CARTESIAN_POINT('Ctrl Pts',(2.8143192796432,0.04,-2.1637978071419));
#8758=CARTESIAN_POINT('Ctrl Pts',(2.79979615558724,0.04,-2.17218273672508));
#8759=CARTESIAN_POINT('Ctrl Pts',(2.78527303153128,0.04,-2.18056766630826));
#8760=CARTESIAN_POINT('Ctrl Pts',(2.77074990747533,0.04,-2.18895259589144));
#8761=CARTESIAN_POINT('',(2.8677448261685,0.07,-2.25695272314408));
#8762=CARTESIAN_POINT('Ctrl Pts',(2.8677448261685,0.07,-2.25695272314408));
#8763=CARTESIAN_POINT('Ctrl Pts',(2.84993631066007,0.06,-2.22590108447669));
#8764=CARTESIAN_POINT('Ctrl Pts',(2.83212779515163,0.05,-2.19484944580929));
#8765=CARTESIAN_POINT('Ctrl Pts',(2.8143192796432,0.04,-2.1637978071419));
#8766=CARTESIAN_POINT('Ctrl Pts',(2.87492490076133,0.07,-2.25702792746387));
#8767=CARTESIAN_POINT('Ctrl Pts',(2.85950449018979,0.06,-2.22319064166205));
#8768=CARTESIAN_POINT('Ctrl Pts',(2.84408407961825,0.05,-2.18935335586024));
#8769=CARTESIAN_POINT('Ctrl Pts',(2.82866366904671,0.04,-2.15551607005842));
#8770=CARTESIAN_POINT('Ctrl Pts',(2.88210497535416,0.07,-2.25710313178365));
#8771=CARTESIAN_POINT('Ctrl Pts',(2.86907266971952,0.06,-2.22048019884742));
#8772=CARTESIAN_POINT('Ctrl Pts',(2.85604036408487,0.05,-2.18385726591118));
#8773=CARTESIAN_POINT('Ctrl Pts',(2.84300805845022,0.04,-2.14723433297494));
#8774=CARTESIAN_POINT('Ctrl Pts',(2.889285049947,0.07,-2.25717833610344));
#8775=CARTESIAN_POINT('Ctrl Pts',(2.87864084924924,0.06,-2.21776975603278));
#8776=CARTESIAN_POINT('Ctrl Pts',(2.86799664855148,0.05,-2.17836117596213));
#8777=CARTESIAN_POINT('Ctrl Pts',(2.85735244785372,0.04,-2.13895259589147));
#8778=CARTESIAN_POINT('',(2.85735244785372,0.04,-2.13895259589147));
#8779=CARTESIAN_POINT('Ctrl Pts',(2.85735244785372,0.04,-2.13895259589147));
#8780=CARTESIAN_POINT('Ctrl Pts',(2.84300805845022,0.04,-2.14723433297494));
#8781=CARTESIAN_POINT('Ctrl Pts',(2.82866366904671,0.04,-2.15551607005842));
#8782=CARTESIAN_POINT('Ctrl Pts',(2.8143192796432,0.04,-2.1637978071419));
#8783=CARTESIAN_POINT('',(2.889285049947,0.07,-2.25717833610344));
#8784=CARTESIAN_POINT('Ctrl Pts',(2.889285049947,0.07,-2.25717833610344));
#8785=CARTESIAN_POINT('Ctrl Pts',(2.87864084924924,0.06,-2.21776975603278));
#8786=CARTESIAN_POINT('Ctrl Pts',(2.86799664855148,0.05,-2.17836117596213));
#8787=CARTESIAN_POINT('Ctrl Pts',(2.85735244785372,0.04,-2.13895259589147));
#8788=CARTESIAN_POINT('Ctrl Pts',(2.8966440555635,0.07,-2.25725541455221));
#8789=CARTESIAN_POINT('Ctrl Pts',(2.88960100265059,0.06,-2.22837460282598));
#8790=CARTESIAN_POINT('Ctrl Pts',(2.88264227138225,0.05,-2.19943774139799));
#8791=CARTESIAN_POINT('Ctrl Pts',(2.87559921846934,0.04,-2.17055692967175));
#8792=CARTESIAN_POINT('Ctrl Pts',(2.90388831425875,0.07,-2.25740428986711));
#8793=CARTESIAN_POINT('Ctrl Pts',(2.90054803664659,0.06,-2.23898339127148));
#8794=CARTESIAN_POINT('Ctrl Pts',(2.89718626669712,0.05,-2.22058216204767));
#8795=CARTESIAN_POINT('Ctrl Pts',(2.89384598908496,0.04,-2.20216126345204));
#8796=CARTESIAN_POINT('Ctrl Pts',(2.91499773449914,0.07,-2.25734811869457));
#8797=CARTESIAN_POINT('Ctrl Pts',(2.91691347405254,0.06,-2.2544852574453));
#8798=CARTESIAN_POINT('Ctrl Pts',(2.91883168830158,0.05,-2.25161878344767));
#8799=CARTESIAN_POINT('Ctrl Pts',(2.92074742785498,0.04,-2.24875592219839));
#8800=CARTESIAN_POINT('Ctrl Pts',(2.91754942097328,0.07,-2.26187639609697));
#8801=CARTESIAN_POINT('Ctrl Pts',(2.92149789420709,0.06,-2.26250022775331));
#8802=CARTESIAN_POINT('Ctrl Pts',(2.92545362277557,0.05,-2.26312241550812));
#8803=CARTESIAN_POINT('Ctrl Pts',(2.92940209600938,0.04,-2.26374624716446));
#8804=CARTESIAN_POINT('Ctrl Pts',(2.91184850625703,0.07,-2.27118119768969));
#8805=CARTESIAN_POINT('Ctrl Pts',(2.92651714160703,0.06,-2.28395289776201));
#8806=CARTESIAN_POINT('Ctrl Pts',(2.94115335671015,0.05,-2.29673514938276));
#8807=CARTESIAN_POINT('Ctrl Pts',(2.95582199206016,0.04,-2.30950684945508));
#8808=CARTESIAN_POINT('Ctrl Pts',(2.90831862760121,0.07,-2.27728926003534));
#8809=CARTESIAN_POINT('Ctrl Pts',(2.9300439780778,0.06,-2.29829976286103));
#8810=CARTESIAN_POINT('Ctrl Pts',(2.95186186947995,0.05,-2.31926662395393));
#8811=CARTESIAN_POINT('Ctrl Pts',(2.97358721995653,0.04,-2.34027712677963));
#8812=CARTESIAN_POINT('Ctrl Pts',(2.90467123870385,0.07,-2.28345663431174));
#8813=CARTESIAN_POINT('Ctrl Pts',(2.93356497508687,0.06,-2.31265355757589));
#8814=CARTESIAN_POINT('Ctrl Pts',(2.96245871146989,0.05,-2.34185048084003));
#8815=CARTESIAN_POINT('Ctrl Pts',(2.99135244785291,0.04,-2.37104740410418));
#8816=CARTESIAN_POINT('',(2.99135244785287,0.04,-2.3710474041042));
#8817=CARTESIAN_POINT('',(3.00635244785292,0.04,-2.39702816621771));
#8818=CARTESIAN_POINT('',(2.90467123870385,0.07,-2.28345663431174));
#8819=CARTESIAN_POINT('Ctrl Pts',(2.90467123870385,0.07,-2.28345663431174));
#8820=CARTESIAN_POINT('Ctrl Pts',(2.93356497508685,0.06,-2.3126535575759));
#8821=CARTESIAN_POINT('Ctrl Pts',(2.96245871146986,0.05,-2.34185048084005));
#8822=CARTESIAN_POINT('Ctrl Pts',(2.99135244785287,0.04,-2.3710474041042));
#8823=CARTESIAN_POINT('Ctrl Pts',(2.90102384980648,0.07,-2.28962400858815));
#8824=CARTESIAN_POINT('Ctrl Pts',(2.92632213024528,0.06,-2.31954291820466));
#8825=CARTESIAN_POINT('Ctrl Pts',(2.95162041068408,0.05,-2.34946182782117));
#8826=CARTESIAN_POINT('Ctrl Pts',(2.97691869112289,0.04,-2.37938073743767));
#8827=CARTESIAN_POINT('Ctrl Pts',(2.89737646090912,0.07,-2.29579138286455));
#8828=CARTESIAN_POINT('Ctrl Pts',(2.91907928540371,0.06,-2.32643227883342));
#8829=CARTESIAN_POINT('Ctrl Pts',(2.94078210989831,0.05,-2.35707317480228));
#8830=CARTESIAN_POINT('Ctrl Pts',(2.9624849343929,0.04,-2.38771407077115));
#8831=CARTESIAN_POINT('Ctrl Pts',(2.89372907201175,0.07,-2.30195875714095));
#8832=CARTESIAN_POINT('Ctrl Pts',(2.91183644056214,0.06,-2.33332163946217));
#8833=CARTESIAN_POINT('Ctrl Pts',(2.92994380911253,0.05,-2.3646845217834));
#8834=CARTESIAN_POINT('Ctrl Pts',(2.94805117766292,0.04,-2.39604740410462));
#8835=CARTESIAN_POINT('',(2.94805117766292,0.04,-2.39604740410462));
#8836=CARTESIAN_POINT('Ctrl Pts',(2.94805117766292,0.04,-2.39604740410462));
#8837=CARTESIAN_POINT('Ctrl Pts',(2.9624849343929,0.04,-2.38771407077115));
#8838=CARTESIAN_POINT('Ctrl Pts',(2.97691869112289,0.04,-2.37938073743767));
#8839=CARTESIAN_POINT('Ctrl Pts',(2.99135244785287,0.04,-2.3710474041042));
#8840=CARTESIAN_POINT('',(2.89372907201175,0.07,-2.30195875714095));
#8841=CARTESIAN_POINT('Ctrl Pts',(2.89372907201175,0.07,-2.30195875714095));
#8842=CARTESIAN_POINT('Ctrl Pts',(2.91183644056214,0.06,-2.33332163946217));
#8843=CARTESIAN_POINT('Ctrl Pts',(2.92994380911253,0.05,-2.3646845217834));
#8844=CARTESIAN_POINT('Ctrl Pts',(2.94805117766292,0.04,-2.39604740410462));
#8845=CARTESIAN_POINT('Ctrl Pts',(2.8865642747653,0.07,-2.30203380144537));
#8846=CARTESIAN_POINT('Ctrl Pts',(2.90224865682135,0.06,-2.33614944677618));
#8847=CARTESIAN_POINT('Ctrl Pts',(2.91793303887739,0.05,-2.37026509210699));
#8848=CARTESIAN_POINT('Ctrl Pts',(2.93361742093344,0.04,-2.4043807374378));
#8849=CARTESIAN_POINT('Ctrl Pts',(2.87939947751885,0.07,-2.3021088457498));
#8850=CARTESIAN_POINT('Ctrl Pts',(2.89266087308055,0.06,-2.33897725409019));
#8851=CARTESIAN_POINT('Ctrl Pts',(2.90592226864225,0.05,-2.37584566243059));
#8852=CARTESIAN_POINT('Ctrl Pts',(2.91918366420395,0.04,-2.41271407077099));
#8853=CARTESIAN_POINT('Ctrl Pts',(2.8722346802724,0.07,-2.30218389005422));
#8854=CARTESIAN_POINT('Ctrl Pts',(2.88307308933976,0.06,-2.3418050614042));
#8855=CARTESIAN_POINT('Ctrl Pts',(2.89391149840711,0.05,-2.38142623275419));
#8856=CARTESIAN_POINT('Ctrl Pts',(2.90474990747447,0.04,-2.42104740410418));
#8857=CARTESIAN_POINT('Ctrl Pts',(2.90474990747447,0.04,-2.42104740410418));
#8858=CARTESIAN_POINT('Ctrl Pts',(2.91918366420395,0.04,-2.41271407077099));
#8859=CARTESIAN_POINT('Ctrl Pts',(2.93361742093344,0.04,-2.4043807374378));
#8860=CARTESIAN_POINT('Ctrl Pts',(2.94805117766292,0.04,-2.39604740410462));
#8861=CARTESIAN_POINT('Origin',(2.8810511776641,0.04,-2.27999999999782));
#8862=CARTESIAN_POINT('',(2.75574990747528,0.04,-2.16297183377794));
#8863=CARTESIAN_POINT('',(2.75574990747528,0.04,-2.16297183377794));
#8864=CARTESIAN_POINT('',(2.84235244785372,0.04,-2.11297183377794));
#8865=CARTESIAN_POINT('',(2.84235244785372,0.04,-2.11297183377794));
#8866=CARTESIAN_POINT('',(3.00635244785292,0.04,-2.39702816621771));
#8867=CARTESIAN_POINT('Origin',(3.00635244785292,0.03,-2.39702816621771));
#8868=CARTESIAN_POINT('',(2.91974990747447,0.03,-2.44702816621771));
#8869=CARTESIAN_POINT('',(3.00635244785292,0.03,-2.39702816621771));
#8870=CARTESIAN_POINT('',(2.91974990747447,0.03,-2.44702816621771));
#8871=CARTESIAN_POINT('',(2.91974990747447,0.04,-2.44702816621771));
#8872=CARTESIAN_POINT('',(2.91974990747447,0.03,-2.44702816621771));
#8873=CARTESIAN_POINT('',(3.00635244785292,0.04,-2.39702816621771));
#8874=CARTESIAN_POINT('',(2.91974990747447,0.04,-2.44702816621771));
#8875=CARTESIAN_POINT('',(3.00635244785292,0.03,-2.39702816621771));
#8876=CARTESIAN_POINT('Origin',(2.84235244785372,0.03,-2.11297183377794));
#8877=CARTESIAN_POINT('',(2.84235244785372,0.03,-2.11297183377794));
#8878=CARTESIAN_POINT('',(3.00635244785292,0.03,-2.39702816621771));
#8879=CARTESIAN_POINT('',(3.00635244785292,0.04,-2.39702816621771));
#8880=CARTESIAN_POINT('',(2.84235244785372,0.03,-2.11297183377794));
#8881=CARTESIAN_POINT('Origin',(2.75574990747528,0.03,-2.16297183377794));
#8882=CARTESIAN_POINT('',(2.75574990747528,0.03,-2.16297183377794));
#8883=CARTESIAN_POINT('',(2.84235244785372,0.03,-2.11297183377794));
#8884=CARTESIAN_POINT('',(2.75574990747528,0.03,-2.16297183377794));
#8885=CARTESIAN_POINT('Origin',(2.91974990747447,0.03,-2.44702816621771));
#8886=CARTESIAN_POINT('',(2.75574990747528,0.03,-2.16297183377794));
#8887=CARTESIAN_POINT('',(2.75574990747528,0.04,-2.16297183377794));
#8888=CARTESIAN_POINT('Origin',(2.8810511776641,0.04,-2.27999999999782));
#8889=CARTESIAN_POINT('Origin',(2.8810511776641,0.03,-2.27999999999782));
#8890=UNCERTAINTY_MEASURE_WITH_UNIT(LENGTH_MEASURE(0.01),#8894,
'DISTANCE_ACCURACY_VALUE',
'Maximum model space distance between geometric entities at asserted c
onnectivities');
#8891=UNCERTAINTY_MEASURE_WITH_UNIT(LENGTH_MEASURE(0.01),#8894,
'DISTANCE_ACCURACY_VALUE',
'Maximum model space distance between geometric entities at asserted c
onnectivities');
#8892=(
GEOMETRIC_REPRESENTATION_CONTEXT(3)
GLOBAL_UNCERTAINTY_ASSIGNED_CONTEXT((#8890))
GLOBAL_UNIT_ASSIGNED_CONTEXT((#8894,#8896,#8897))
REPRESENTATION_CONTEXT('','3D')
);
#8893=(
GEOMETRIC_REPRESENTATION_CONTEXT(3)
GLOBAL_UNCERTAINTY_ASSIGNED_CONTEXT((#8891))
GLOBAL_UNIT_ASSIGNED_CONTEXT((#8894,#8896,#8897))
REPRESENTATION_CONTEXT('','3D')
);
#8894=(
LENGTH_UNIT()
NAMED_UNIT(*)
SI_UNIT(.MILLI.,.METRE.)
);
#8895=(
LENGTH_UNIT()
NAMED_UNIT(*)
SI_UNIT($,.METRE.)
);
#8896=(
NAMED_UNIT(*)
PLANE_ANGLE_UNIT()
SI_UNIT($,.RADIAN.)
);
#8897=(
NAMED_UNIT(*)
SI_UNIT($,.STERADIAN.)
SOLID_ANGLE_UNIT()
);
#8898=SHAPE_DEFINITION_REPRESENTATION(#8899,#8900);
#8899=PRODUCT_DEFINITION_SHAPE('',$,#8902);
#8900=SHAPE_REPRESENTATION('',(#4877),#8892);
#8901=PRODUCT_DEFINITION_CONTEXT('part definition',#8906,'design');
#8902=PRODUCT_DEFINITION('Y-junction','Y-junction v11',#8903,#8901);
#8903=PRODUCT_DEFINITION_FORMATION('',$,#8908);
#8904=PRODUCT_RELATED_PRODUCT_CATEGORY('Y-junction v11',
'Y-junction v11',(#8908));
#8905=APPLICATION_PROTOCOL_DEFINITION('international standard',
'automotive_design',2009,#8906);
#8906=APPLICATION_CONTEXT(
'Core Data for Automotive Mechanical Design Process');
#8907=PRODUCT_CONTEXT('part definition',#8906,'mechanical');
#8908=PRODUCT('Y-junction','Y-junction v11',$,(#8907));
#8909=PRESENTATION_STYLE_ASSIGNMENT((#8910));
#8910=SURFACE_STYLE_USAGE(.BOTH.,#8911);
#8911=SURFACE_SIDE_STYLE('',(#8912));
#8912=SURFACE_STYLE_FILL_AREA(#8913);
#8913=FILL_AREA_STYLE('Steel - Satin',(#8914));
#8914=FILL_AREA_STYLE_COLOUR('Steel - Satin',#8915);
#8915=COLOUR_RGB('Steel - Satin',0.627450980392157,0.627450980392157,0.627450980392157);
ENDSEC;
END-ISO-10303-21;
