{
  "mesh": "/Users/michaelee408/Documents/trap_sim/meshes/trap_vacuum.msh",
  "rf_tags": [
    1
  ],
  "ground_tags": [
    2,
    3,
    4
  ],
  "rf_freq_Hz": 40000000.0,
  "mass_amu": 40.0,
  "charge_e": 1.0,
  "h_used": 1.0960832182440137,
  "ray_length_used": 219.21664364880272,
  "h_mesh_estimate": 10.960832182440136,
  "trap_min": {
    "r0_m": [
      -0.2625144869089853,
      0.09999999776500999,
      0.06756403116040659
    ],
    "Psi_min_J": -6.769424560506808e-28,
    "rank_found": 0,
    "dof_index": 5644
  },
  "secular": {
    "r0": [
      -0.2625144869089853,
      0.09999999776500999,
      0.06756403116040659
    ],
    "h": 1.0960832182440137,
    "hessian": [
      [
        1.1127422019650469e-27,
        3.015536044559287e-31,
        -4.1171352405424595e-31
      ],
      [
        3.015536044559287e-31,
        1.1229653693129924e-27,
        2.3581937325717587e-30
      ],
      [
        -4.1171352405424595e-31,
        2.3581937325717587e-30,
        1.1560355775828277e-27
      ]
    ],
    "eigvals": [
      1.1127279053478918e-27,
      1.1228088648273894e-27,
      1.1562063786855854e-27
    ],
    "eigvecs": [
      [
        0.9994236688945819,
        0.03274269114208002,
        -0.00895802601399242
      ],
      [
        -0.03202925929800812,
        0.9969846324055507,
        0.07068075619282321
      ],
      [
        0.01124529244234986,
        -0.07035310173647415,
        0.9974587632949762
      ]
    ],
    "omega_rad_s": [
      0.12943148840120672,
      0.13001647042685646,
      0.13193594622449056
    ],
    "freq_hz": [
      0.020599661170793367,
      0.020692763951795434,
      0.02099825801313416
    ]
  },
  "depth": {
    "r0_m": [
      -0.2625144869089853,
      0.09999999776500999,
      0.06756403116040659
    ],
    "Psi0_J": -6.769424560506818e-28,
    "depth_J": 6.769461597395384e-28,
    "depth_eV": 4.2251655989356945e-09,
    "worst_direction": [
      -0.93083071418451,
      -0.2453639889761956,
      -0.27083333333333326
    ],
    "ray_max_Psi_J": 3.70368885660192e-33,
    "ray_samples_used": 98,
    "ray_length_m": 219.21664364880272,
    "nrays": 48,
    "nsamples": 200
  }
}