{
  "mesh": "/Users/michaelee408/Documents/trap_sim/meshes/trap_vacuum.msh",
  "rf_tags": [
    1
  ],
  "ground_tags": [
    2,
    3,
    4
  ],
  "rf_freq_Hz": 40000000.0,
  "mass_amu": 40.0,
  "charge_e": 1.0,
  "h_used": 21.92166436488027,
  "ray_length_used": 219.21664364880272,
  "h_mesh_estimate": 10.960832182440136,
  "coord_unit_m_per_mesh": 1e-06,
  "vrf_V": 150.0,
  "r0_SI_m": [
    3.6004188406772635e-05,
    -7.86463723734266e-06,
    -7.363322475924538e-06
  ],
  "trap_min": {
    "r0_m": [
      36.004188406772634,
      -7.864637237342661,
      -7.363322475924538
    ],
    "Psi_min_J": 0.0,
    "rank_found": 0,
    "dof_index": 1080
  },
  "secular": {
    "r0": [
      36.004188406772634,
      -7.864637237342661,
      -7.363322475924538
    ],
    "h": 21.92166436488027,
    "hessian": [
      [
        1.5351760521081251e-38,
        -6.0235994348542124e-40,
        -8.730168962803984e-40
      ],
      [
        -6.0235994348542124e-40,
        2.0690679708478847e-40,
        5.382352749754995e-41
      ],
      [
        -8.730168962803984e-40,
        5.382352749754995e-41,
        4.795208599947587e-40
      ]
    ],
    "eigvals": [
      1.8150764182314206e-40,
      4.298409554949197e-40,
      1.5426839580842734e-38
    ],
    "eigvecs": [
      [
        -0.03513014791119498,
        0.0612511985304238,
        -0.9975039666017997
      ],
      [
        -0.9964083724775982,
        0.07480288980775007,
        0.039684794732407824
      ],
      [
        0.07704692053730207,
        0.9953154366104227,
        0.05840337045687075
      ]
    ],
    "omega_rad_s": [
      7.841229621395199,
      12.066758226031723,
      72.28949591870676
    ],
    "freq_hz": [
      1.247970454163637,
      1.920484218767739,
      11.505230609083576
    ]
  },
  "depth": {
    "r0_m": [
      36.004188406772634,
      -7.864637237342661,
      -7.363322475924538
    ],
    "Psi0_J": -2.6232209900566773e-52,
    "depth_J": 1.7446651343688587e-38,
    "depth_eV": 1.088934326805854e-19,
    "worst_direction": [
      0.18076051362500145,
      0.4875704485195766,
      -0.8541666666666667
    ],
    "ray_max_Psi_J": 1.7446651343688324e-38,
    "ray_samples_used": 99,
    "ray_length_m": 219.21664364880272,
    "nrays": 48,
    "nsamples": 200
  }
}