DBRep_DrawableShape

CASCADE Topology V1, (c) Matra-Datavision
Locations 8
1
              1               0               0               0 
              0               1               0           0.656 
              0               0               1               0 
2  1 -1 0
1
              1               0               0           0.656 
              0               1               0               0 
              0               0               1               0 
2  3 -1 0
1
              1               0               0               0 
              0               1               0           0.656 
              0               0               1               0 
2  5 -1 0
1
              1               0               0           0.656 
              0               1               0               0 
              0               0               1               0 
2  7 -1 0
Curve2ds 0
Curves 340
8 0 0.28999999999999998
1 -0.32800000000000001 -0.32800000000000001 -0.02 0 0 1 
1 -0.32800000000000001 -0.32800000000000001 -0.02 -0 1 0 
1 -0.32800000000000001 -0.27200000000000002 -0.02 0 0 1 
1 -0.32800000000000001 -0.27200000000000002 -0.02 0 0 1 
8 0 0.055999999999999994
1 -0.32800000000000001 -0.32800000000000001 0.26999999999999996 0 1 0 
1 -0.27200000000000002 -0.32800000000000001 -0.02 0 0 1 
1 -0.32800000000000001 -0.32800000000000001 -0.02 1 0 -0 
8 0 0.055999999999999994
1 -0.27200000000000002 -0.32800000000000001 0.26999999999999996 -1 0 0 
1 -0.27200000000000002 -0.32800000000000001 -0.02 0 0 1 
1 -0.27200000000000002 -0.27200000000000002 -0.02 0 0 1 
1 -0.33888762677484785 -0.27200000000000002 0.13105740365111559 0.56396164615753241 0 0.82580098187353013 
1 -0.25601784989858006 -0.27200000000000002 0.123597565922921 0.56396164615753319 0 -0.82580098187352957 
1 -0.32800000000000001 -0.27200000000000002 -0.02 1 0 -0 
1 -0.27200000000000002 -0.32800000000000001 -0.02 -0 1 0 
1 -0.27200000000000002 -0.25601784989858006 0.123597565922921 -0 0.56396164615753319 -0.82580098187352957 
1 -0.27200000000000002 -0.33888762677484785 0.13105740365111559 0 0.56396164615753241 0.82580098187353013 
1 -0.29999999999999999 -0.32800000000000001 0.18800000000000003 0 1 0 
1 -0.26524776854416743 -0.13475223145583257 0.2388871960603263 -0.49122807017543835 0.49122807017543885 -0.7192982456140351 
1 -0.27200000000000002 -0.32800000000000001 0.22900000000000001 0 1 0 
1 -0.32800000000000001 -0.32800000000000001 0.22900000000000001 0 1 0 
1 -0.33088704216682058 -0.13088704216682057 0.23322745460141583 -0.49122807017543907 -0.49122807017543851 0.71929824561403477 
1 -0.32800000000000001 -0.32800000000000001 0.22900000000000001 1 0 0 
1 -0.13088704216682057 -0.33088704216682058 0.23322745460141583 -0.49122807017543851 -0.49122807017543907 0.71929824561403477 
1 -0.32800000000000001 -0.29999999999999999 0.18800000000000003 1 0 0 
1 -0.13475223145583257 -0.26524776854416743 0.2388871960603263 0.49122807017543885 -0.49122807017543835 -0.7192982456140351 
1 -0.32800000000000001 -0.27200000000000002 0.22900000000000001 1 0 0 
1 -0.32800000000000001 -0.128 0.22900000000000001 1 0 0 
1 -0.15501754385964917 -0.15501754385964917 0.26856140350877195 -0.49122807017543868 -0.49122807017543868 0.71929824561403499 
1 -0.32800000000000001 -0.10000000000000001 0.18800000000000003 1 0 0 
1 -0.2369233265720081 -0.27200000000000002 0.17763772819472615 -0.56396164615753241 -0 0.82580098187353013 
1 -0.26524776854416743 -0.13475223145583257 0.21911280393967369 0.49122807017543835 -0.49122807017543885 -0.7192982456140351 
1 -0.29999999999999999 -0.32800000000000001 0.26999999999999996 0 1 0 
1 -0.3859821501014199 -0.27200000000000002 0.144097565922921 -0.56396164615753319 0 -0.82580098187352957 
1 -0.35213050169282861 -0.15213050169282855 0.19366605109264393 0.49122807017543907 0.49122807017543851 0.71929824561403477 
1 -0.32800000000000001 -0.10000000000000001 0.18800000000000003 0 -0.56396164615753264 0.82580098187352968 
1 -0.32800000000000001 -0.10000000000000001 0.18800000000000003 1 0 0 
1 -0.27200000000000002 -0.3859821501014199 0.144097565922921 0 -0.56396164615753319 -0.82580098187352957 
1 -0.32800000000000001 -0.29999999999999999 0.26999999999999996 1 0 0 
1 -0.15213050169282855 -0.35213050169282861 0.19366605109264393 0.49122807017543851 0.49122807017543907 0.71929824561403477 
1 -0.10000000000000001 -0.32800000000000001 0.18800000000000003 -0.56396164615753264 0 0.82580098187352968 
1 -0.10000000000000001 -0.32800000000000001 0.18800000000000003 0 1 0 
1 -0.128 -0.32800000000000001 0.22900000000000001 0 1 0 
1 -0.10000000000000001 -0.32800000000000001 0.18800000000000003 0 1 0 
1 -0.27200000000000002 -0.2369233265720081 0.17763772819472615 0 -0.56396164615753241 0.82580098187353013 
1 -0.13475223145583257 -0.26524776854416743 0.21911280393967369 -0.49122807017543885 0.49122807017543835 -0.7192982456140351 
1 -0.27200000000000002 -0.32800000000000001 0.26999999999999996 -0 1 0 
1 -0.27200000000000002 -0.32800000000000001 0.26999999999999996 -0 1 0 
1 -0.32800000000000001 -0.27200000000000002 0.26999999999999996 1 0 -0 
1 -0.32800000000000001 -0.27200000000000002 0.26999999999999996 1 0 -0 
1 -0.32800000000000001 -0.10000000000000001 0.26999999999999996 1 0 0 
1 -0.17626100338565714 -0.17626100338565714 0.15833210218528779 0.49122807017543868 0.49122807017543868 0.71929824561403499 
1 -0.3096435826408126 -0.10964358264081259 0.17387903970452445 0.49122807017543835 0.49122807017543885 0.7192982456140351 
1 -0.11062172976300398 -0.089378270236995988 0.20355324715297016 0.49122807017543868 -0.49122807017543868 -0.71929824561403499 
1 -0.32800000000000001 -0.072000000000000008 0.22900000000000001 1 0 0 
1 -0.27200000000000002 -0.27200000000000002 -0.02 0 0 1 
1 -0.32800000000000001 -0.128 0.22900000000000001 0 0.56396164615753264 0.82580098187352968 
1 -0.32800000000000001 -0.10000000000000001 0.26999999999999996 1 0 0 
1 -0.32800000000000001 -0.10000000000000001 0.26999999999999996 0 0.56396164615753264 -0.82580098187352968 
1 -0.32800000000000001 -0.072000000000000008 0.22900000000000001 0 -0.56396164615753264 -0.82580098187352968 
1 -0.28649122807017541 -0.11350877192982453 0.16821929824561407 0.49122807017543907 -0.49122807017543851 -0.71929824561403477 
1 -0.128 -0.32800000000000001 0.22900000000000001 0.56396164615753264 0 0.82580098187352968 
1 -0.10000000000000001 -0.32800000000000001 0.26999999999999996 0 1 0 
1 -0.10000000000000001 -0.32800000000000001 0.26999999999999996 0.56396164615753264 0 -0.82580098187352968 
1 -0.072000000000000008 -0.32800000000000001 0.22900000000000001 -0.56396164615753264 0 -0.82580098187352968 
1 -0.11350877192982453 -0.28649122807017541 0.16821929824561407 -0.49122807017543851 0.49122807017543907 -0.71929824561403477 
1 -0.10000000000000001 -0.32800000000000001 0.26999999999999996 0 1 0 
1 -0.10964358264081259 -0.3096435826408126 0.17387903970452445 0.49122807017543885 0.49122807017543835 0.7192982456140351 
1 -0.089378270236995988 -0.11062172976300398 0.20355324715297016 -0.49122807017543868 0.49122807017543868 -0.71929824561403499 
1 -0.072000000000000008 -0.32800000000000001 0.22900000000000001 0 1 0 
1 -0.33088704216682052 -0.13088704216682057 0.31522745460141582 -0.49122807017543835 -0.49122807017543885 0.7192982456140351 
1 -0.110621729763004 -0.089378270236995974 0.25444675284702983 -0.49122807017543868 0.49122807017543868 -0.71929824561403499 
1 -0.29999999999999999 -0.32800000000000001 0.18800000000000003 0 1 0 
1 -0.24111726685133889 0.041117266851338895 0.27422114496768241 -0.49122807017543835 0.49122807017543885 -0.7192982456140351 
1 -0.27200000000000002 -0.32800000000000001 0.22900000000000001 0 1 0 
1 -0.128 -0.32800000000000001 0.22900000000000001 0 1 0 
1 -0.17914804555247771 0.020851954447522306 0.30389535241612808 -0.49122807017543868 -0.49122807017543868 0.71929824561403499 
1 -0.10000000000000001 -0.32800000000000001 0.18800000000000003 0 1 0 
1 -0.28649122807017535 -0.11350877192982452 0.28978070175438592 -0.49122807017543907 0.49122807017543851 -0.71929824561403477 
1 -0.32800000000000001 -0.32800000000000001 0.22900000000000001 0 1 0 
1 -0.35501754385964918 0.044982456140350929 0.26856140350877195 -0.49122807017543907 -0.49122807017543851 0.71929824561403477 
1 -0.11350877192982452 -0.28649122807017535 0.28978070175438592 0.49122807017543851 -0.49122807017543907 -0.71929824561403477 
1 -0.32800000000000001 -0.32800000000000001 0.22900000000000001 1 0 0 
1 0.044982456140350929 -0.35501754385964918 0.26856140350877195 -0.49122807017543851 -0.49122807017543907 0.71929824561403477 
1 -0.32800000000000001 -0.29999999999999999 0.18800000000000003 1 0 0 
1 -0.13088704216682057 -0.33088704216682052 0.31522745460141582 -0.49122807017543885 -0.49122807017543835 0.7192982456140351 
1 -0.089378270236995974 -0.110621729763004 0.25444675284702983 0.49122807017543868 -0.49122807017543868 -0.71929824561403499 
1 0.041117266851338895 -0.24111726685133889 0.27422114496768241 0.49122807017543885 -0.49122807017543835 -0.7192982456140351 
1 -0.32800000000000001 -0.27200000000000002 0.22900000000000001 1 0 0 
1 -0.32800000000000001 -0.128 0.22900000000000001 1 0 0 
1 0.020851954447522306 -0.17914804555247771 0.30389535241612808 -0.49122807017543868 -0.49122807017543868 0.71929824561403499 
1 -0.32800000000000001 -0.10000000000000001 0.18800000000000003 1 0 0 
1 -0.24111726685133886 0.041117266851338881 0.18377885503231756 0.49122807017543835 -0.49122807017543885 -0.7192982456140351 
1 -0.29999999999999999 -0.32800000000000001 0.26999999999999996 0 1 0 
1 -0.10000000000000001 -0.32800000000000001 0.26999999999999996 0 1 0 
1 -0.20039150507848574 -0.00039150507848568009 0.12299815327793163 0.49122807017543868 0.49122807017543868 0.71929824561403499 
1 -0.32800000000000001 0.072000000000000008 0.22900000000000001 1 0 0 
1 -0.32800000000000001 0.10000000000000001 0.18800000000000003 1 0 0 
1 -0.065247768544167417 0.065247768544167473 0.2388871960603263 -0.49122807017543868 0.49122807017543868 -0.71929824561403499 
1 -0.072000000000000008 -0.32800000000000001 0.22900000000000001 0 1 0 
1 -0.13377408433364116 -0.13377408433364116 0.13854509079716837 0.49122807017543868 0.49122807017543868 0.71929824561403499 
1 -0.37626100338565721 0.02373899661434295 0.15833210218528779 0.49122807017543907 0.49122807017543851 0.71929824561403477 
1 -0.32800000000000001 0.10000000000000001 0.18800000000000003 0 -0.56396164615753264 0.82580098187352968 
1 -0.32800000000000001 0.10000000000000001 0.18800000000000003 1 0 0 
1 -0.32800000000000001 -0.29999999999999999 0.26999999999999996 1 0 0 
1 0.02373899661434295 -0.37626100338565721 0.15833210218528779 0.49122807017543851 0.49122807017543907 0.71929824561403477 
1 0.10000000000000001 -0.32800000000000001 0.18800000000000003 -0.56396164615753264 0 0.82580098187352968 
1 0.10000000000000001 -0.32800000000000001 0.18800000000000003 0 1 0 
1 0.041117266851338881 -0.24111726685133886 0.18377885503231756 -0.49122807017543885 0.49122807017543835 -0.7192982456140351 
1 -0.32800000000000001 -0.10000000000000001 0.26999999999999996 1 0 0 
1 -0.00039150507848568009 -0.20039150507848574 0.12299815327793163 0.49122807017543868 0.49122807017543868 0.71929824561403499 
1 0.072000000000000008 -0.32800000000000001 0.22900000000000001 0 1 0 
1 0.10000000000000001 -0.32800000000000001 0.18800000000000003 0 1 0 
1 0.065247768544167473 -0.065247768544167417 0.2388871960603263 0.49122807017543868 -0.49122807017543868 -0.71929824561403499 
1 -0.32800000000000001 -0.072000000000000008 0.22900000000000001 1 0 0 
1 -0.32800000000000001 0.10000000000000001 0.26999999999999996 1 0 0 
1 -0.15501754385964917 -0.15501754385964917 0.35056140350877191 -0.49122807017543868 -0.49122807017543868 0.71929824561403499 
1 -0.065247768544167389 0.065247768544167473 0.21911280393967375 0.49122807017543868 -0.49122807017543868 -0.71929824561403499 
1 -0.33377408433364114 0.066225915666358853 0.13854509079716834 0.49122807017543835 0.49122807017543885 0.7192982456140351 
1 -0.086491228070175397 0.086491228070175452 0.16821929824561405 0.49122807017543868 -0.49122807017543868 -0.71929824561403499 
1 -0.32800000000000001 0.128 0.22900000000000001 1 0 0 
1 -0.32800000000000001 0.072000000000000008 0.22900000000000001 1 0 0 
1 -0.003278547245306275 -0.003278547245306275 0.33922930132348417 -0.49122807017543868 -0.49122807017543868 0.71929824561403499 
1 -0.32800000000000001 0.10000000000000001 0.18800000000000003 1 0 0 
1 -0.32800000000000001 0.072000000000000008 0.22900000000000001 0 0.56396164615753264 0.82580098187352968 
1 -0.32800000000000001 0.10000000000000001 0.26999999999999996 1 0 0 
1 -0.32800000000000001 0.10000000000000001 0.26999999999999996 0 0.56396164615753264 -0.82580098187352968 
1 -0.32800000000000001 0.128 0.22900000000000001 0 -0.56396164615753264 -0.82580098187352968 
1 -0.26236072637734681 0.062360726377346937 0.13288534933825794 0.49122807017543907 -0.49122807017543851 -0.71929824561403477 
1 0.072000000000000008 -0.32800000000000001 0.22900000000000001 0.56396164615753264 0 0.82580098187352968 
1 0.10000000000000001 -0.32800000000000001 0.26999999999999996 0 1 0 
1 0.10000000000000001 -0.32800000000000001 0.26999999999999996 0.56396164615753264 0 -0.82580098187352968 
1 0.128 -0.32800000000000001 0.22900000000000001 -0.56396164615753264 0 -0.82580098187352968 
1 0.062360726377346937 -0.26236072637734681 0.13288534933825794 -0.49122807017543851 0.49122807017543907 -0.71929824561403477 
1 0.10000000000000001 -0.32800000000000001 0.26999999999999996 0 1 0 
1 0.065247768544167473 -0.065247768544167389 0.21911280393967375 -0.49122807017543868 0.49122807017543868 -0.71929824561403499 
1 0.066225915666358853 -0.33377408433364114 0.13854509079716834 0.49122807017543885 0.49122807017543835 0.7192982456140351 
1 0.086491228070175452 -0.086491228070175397 0.16821929824561405 -0.49122807017543868 0.49122807017543868 -0.71929824561403499 
1 0.128 -0.32800000000000001 0.22900000000000001 0 1 0 
1 0.072000000000000008 -0.32800000000000001 0.22900000000000001 0 1 0 
1 0.10000000000000001 -0.32800000000000001 0.18800000000000003 0 1 0 
1 -0.35501754385964912 0.044982456140350881 0.35056140350877196 -0.49122807017543835 -0.49122807017543885 0.7192982456140351 
1 -0.08649122807017541 0.08649122807017548 0.28978070175438597 -0.49122807017543868 0.49122807017543868 -0.71929824561403499 
1 -0.32800000000000001 0.10000000000000001 0.26999999999999996 1 0 0 
1 -0.024522006771314261 -0.024522006771314261 0.087664204370575524 0.49122807017543868 0.49122807017543868 0.71929824561403499 
1 -0.29999999999999999 -0.32800000000000001 0.18800000000000003 0 1 0 
1 -0.33888762677484785 0.27200000000000013 0.13105740365111559 0.56396164615753241 0 0.82580098187353013 
1 -0.27200000000000002 -0.32800000000000001 0.22900000000000001 0 1 0 
1 -0.128 -0.32800000000000001 0.22900000000000001 0 1 0 
1 -0.20327854724530625 0.19672145275469385 0.33922930132348417 -0.49122807017543885 -0.49122807017543835 0.7192982456140351 
1 -0.10000000000000001 -0.32800000000000001 0.18800000000000003 0 1 0 
1 0.089378270236996044 0.11062172976300404 0.20355324715297016 0.49122807017543868 -0.49122807017543868 -0.71929824561403499 
1 -0.32800000000000001 0.128 0.22900000000000001 1 0 0 
1 -0.15790458602646973 0.042095413973530268 0.10321114188981226 0.49122807017543868 0.49122807017543868 0.71929824561403499 
1 -0.26236072637734681 0.062360726377346964 0.32511465066174206 -0.49122807017543907 0.49122807017543851 -0.71929824561403477 
1 -0.32800000000000001 -0.32800000000000001 0.22900000000000001 0 1 0 
1 -0.25601784989858006 0.27200000000000013 0.123597565922921 0.56396164615753319 0 -0.82580098187352957 
1 0.062360726377346964 -0.26236072637734681 0.32511465066174206 0.49122807017543851 -0.49122807017543907 -0.71929824561403477 
1 -0.32800000000000001 -0.32800000000000001 0.22900000000000001 1 0 0 
1 0.27200000000000013 -0.25601784989858006 0.123597565922921 -0 0.56396164615753319 -0.82580098187352957 
1 -0.32800000000000001 -0.29999999999999999 0.18800000000000003 1 0 0 
1 0.044982456140350881 -0.35501754385964912 0.35056140350877196 -0.49122807017543885 -0.49122807017543835 0.7192982456140351 
1 0.08649122807017548 -0.08649122807017541 0.28978070175438597 0.49122807017543868 -0.49122807017543868 -0.71929824561403499 
1 0.10000000000000001 -0.32800000000000001 0.26999999999999996 0 1 0 
1 0.27200000000000013 -0.33888762677484785 0.13105740365111559 0 0.56396164615753241 0.82580098187353013 
1 -0.32800000000000001 -0.27200000000000002 0.22900000000000001 1 0 0 
1 -0.32800000000000001 -0.128 0.22900000000000001 1 0 0 
1 0.19672145275469385 -0.20327854724530625 0.33922930132348417 -0.49122807017543835 -0.49122807017543885 0.7192982456140351 
1 -0.32800000000000001 -0.10000000000000001 0.18800000000000003 1 0 0 
1 0.11062172976300404 0.089378270236996044 0.20355324715297016 -0.49122807017543868 0.49122807017543868 -0.71929824561403499 
1 0.128 -0.32800000000000001 0.22900000000000001 0 1 0 
1 0.042095413973530268 -0.15790458602646973 0.10321114188981226 0.49122807017543868 0.49122807017543868 0.71929824561403499 
1 -0.2369233265720081 0.27200000000000013 0.17763772819472615 -0.56396164615753241 -0 0.82580098187353013 
1 -0.29999999999999999 -0.32800000000000001 0.26999999999999996 0 1 0 
1 -0.10000000000000001 -0.32800000000000001 0.26999999999999996 0 1 0 
1 -0.22452200677131429 0.1754779932286859 0.087664204370575538 0.49122807017543885 0.49122807017543835 0.7192982456140351 
1 -0.17914804555247771 0.020851954447522306 0.38589535241612805 -0.49122807017543868 -0.49122807017543868 0.71929824561403499 
1 0.089378270236996044 0.11062172976300405 0.25444675284702983 -0.49122807017543868 0.49122807017543868 -0.71929824561403499 
1 -0.27200000000000002 0.27200000000000002 -0.02 0 0 1 
1 -0.32800000000000001 0.27200000000000002 -0.02 0 0 1 
1 -0.32800000000000001 0.27200000000000002 -0.02 1 0 -0 
1 -0.27200000000000002 0.34398215010141986 0.12359756592292089 -0 0.56396164615753241 -0.82580098187353013 
1 -0.32800000000000001 0.27200000000000002 0.22900000000000001 1 0 0 
1 -0.32800000000000001 0.29999999999999999 0.18800000000000003 1 0 0 
1 -0.04111726685133886 0.24111726685133902 0.2742211449676823 -0.49122807017543885 0.49122807017543835 -0.7192982456140351 
1 -0.072000000000000008 -0.32800000000000001 0.22900000000000001 0 1 0 
1 0.072000000000000008 -0.32800000000000001 0.22900000000000001 0 1 0 
1 -0.027409048938134811 0.17259095106186528 0.37456325023084031 -0.49122807017543885 -0.49122807017543835 0.7192982456140351 
1 0.10000000000000001 -0.32800000000000001 0.18800000000000003 0 1 0 
1 -0.3859821501014199 0.27200000000000013 0.144097565922921 -0.56396164615753319 0 -0.82580098187352957 
1 -0.32800000000000001 -0.29999999999999999 0.26999999999999996 1 0 0 
1 0.27200000000000013 -0.3859821501014199 0.144097565922921 0 -0.56396164615753319 -0.82580098187352957 
1 0.27200000000000002 -0.32800000000000001 -0.02 0 0 1 
1 0.27200000000000002 -0.27200000000000002 -0.02 0 0 1 
1 0.27200000000000002 -0.32800000000000001 -0.02 -0 1 0 
1 0.27200000000000013 -0.2369233265720081 0.17763772819472615 0 -0.56396164615753241 0.82580098187353013 
1 -0.32800000000000001 -0.10000000000000001 0.26999999999999996 1 0 0 
1 0.1754779932286859 -0.22452200677131429 0.087664204370575538 0.49122807017543835 0.49122807017543885 0.7192982456140351 
1 0.020851954447522306 -0.17914804555247771 0.38589535241612805 -0.49122807017543868 -0.49122807017543868 0.71929824561403499 
1 0.11062172976300405 0.089378270236996044 0.25444675284702983 0.49122807017543868 -0.49122807017543868 -0.71929824561403499 
1 0.34398215010141986 -0.27200000000000002 0.12359756592292089 0.56396164615753241 0 -0.82580098187353013 
1 0.27200000000000002 -0.32800000000000001 0.22900000000000001 0 1 0 
1 0.29999999999999999 -0.32800000000000001 0.18800000000000003 0 1 0 
1 0.24111726685133902 -0.04111726685133886 0.2742211449676823 0.49122807017543835 -0.49122807017543885 -0.7192982456140351 
1 -0.32800000000000001 -0.072000000000000008 0.22900000000000001 1 0 0 
1 -0.32800000000000001 0.072000000000000008 0.22900000000000001 1 0 0 
1 0.17259095106186528 -0.027409048938134811 0.37456325023084031 -0.49122807017543835 -0.49122807017543885 0.7192982456140351 
1 -0.32800000000000001 0.10000000000000001 0.18800000000000003 1 0 0 
1 -0.27200000000000002 0.27200000000000002 -0.02 0 0 1 
1 -0.32800000000000001 0.27200000000000002 0.26999999999999996 1 0 -0 
1 -0.04111726685133886 0.241117266851339 0.1837788550323177 0.49122807017543885 -0.49122807017543835 -0.7192982456140351 
1 -0.27200000000000002 0.21401784989858014 0.14409756592292086 0 -0.56396164615753241 -0.82580098187353013 
1 -0.32800000000000001 0.29999999999999999 0.26999999999999996 1 0 0 
1 0.10000000000000001 -0.32800000000000001 0.26999999999999996 0 1 0 
1 -0.048652508464142818 0.15134749153585736 0.052330255463219399 0.49122807017543885 0.49122807017543835 0.7192982456140351 
1 -0.27200000000000002 0.26111237322515213 0.13105740365111571 0 0.56396164615753319 0.82580098187352957 
1 -0.27200000000000002 0.32800000000000001 -0.02 0 0 1 
1 -0.27200000000000002 0.27200000000000002 -0.02 -0 1 0 
1 -0.32800000000000001 0.27200000000000002 -0.02 -0 1 0 
8 0 0.28999999999999998
1 -0.32800000000000001 0.32800000000000001 0.26999999999999996 0 0 -1 
8 0 0.055999999999999994
1 -0.32800000000000001 0.27200000000000002 0.26999999999999996 0 1 0 
1 -0.32800000000000001 0.27200000000000002 -0.02 0 0 1 
1 -0.32800000000000001 0.32800000000000001 -0.02 1 0 -0 
1 -0.062360726377346756 0.26236072637734686 0.13288534933825785 0.49122807017543851 -0.49122807017543907 -0.71929824561403477 
1 -0.32800000000000001 0.32800000000000001 0.22900000000000001 1 0 0 
1 -0.32800000000000001 0.27200000000000002 0.22900000000000001 1 0 0 
1 -0.32800000000000001 0.29999999999999999 0.18800000000000003 1 0 0 
1 0.13475223145583259 0.26524776854416759 0.23888719606032618 -0.49122807017543885 0.49122807017543835 -0.7192982456140351 
1 0.128 -0.32800000000000001 0.22900000000000001 0 1 0 
1 0.017964912280701698 0.017964912280701698 0.067877192982456161 0.49122807017543868 0.49122807017543868 0.71929824561403499 
1 -0.32800000000000001 0.27200000000000002 0.26999999999999996 1 0 -0 
1 0.27200000000000002 -0.32800000000000001 -0.02 0 0 1 
1 0.27200000000000002 -0.32800000000000001 0.26999999999999996 -0 1 0 
8 0 0.28999999999999998
1 0.32800000000000001 -0.32800000000000001 -0.02 0 0 1 
1 0.27200000000000002 -0.32800000000000001 -0.02 1 0 -0 
8 0 0.055999999999999994
1 0.32800000000000001 -0.32800000000000001 0.26999999999999996 -1 0 0 
1 0.32800000000000001 -0.27200000000000002 -0.02 0 0 1 
1 0.26111237322515213 -0.27200000000000002 0.13105740365111571 0.56396164615753319 0 0.82580098187352957 
1 0.27200000000000002 -0.27200000000000002 -0.02 1 0 -0 
1 0.32800000000000001 -0.32800000000000001 -0.02 -0 1 0 
1 0.27200000000000002 -0.32800000000000001 0.26999999999999996 -0 1 0 
1 0.27200000000000002 -0.27200000000000002 -0.02 0 0 1 
1 0.241117266851339 -0.04111726685133886 0.1837788550323177 -0.49122807017543835 0.49122807017543885 -0.7192982456140351 
1 0.21401784989858014 -0.27200000000000002 0.14409756592292086 -0.56396164615753241 0 -0.82580098187353013 
1 0.29999999999999999 -0.32800000000000001 0.26999999999999996 0 1 0 
1 -0.32800000000000001 0.10000000000000001 0.26999999999999996 1 0 0 
1 0.15134749153585736 -0.048652508464142818 0.052330255463219399 0.49122807017543835 0.49122807017543885 0.7192982456140351 
1 0.26236072637734686 -0.062360726377346756 0.13288534933825785 -0.49122807017543907 0.49122807017543851 -0.71929824561403477 
1 0.32800000000000001 -0.32800000000000001 0.22900000000000001 0 1 0 
1 0.27200000000000002 -0.32800000000000001 0.22900000000000001 0 1 0 
1 0.29999999999999999 -0.32800000000000001 0.18800000000000003 0 1 0 
1 0.26524776854416759 0.13475223145583259 0.23888719606032618 0.49122807017543835 -0.49122807017543885 -0.7192982456140351 
1 -0.32800000000000001 0.128 0.22900000000000001 1 0 0 
1 -0.27200000000000002 0.27200000000000002 0.26999999999999996 -0 1 0 
1 -0.27200000000000002 0.27200000000000002 0.26999999999999996 -0 1 0 
8 0 0.055999999999999994
1 -0.27200000000000002 0.32800000000000001 0.26999999999999996 -1 0 0 
1 -0.32800000000000001 0.29999999999999999 0.26999999999999996 1 0 0 
1 -0.27200000000000002 0.36307667342799194 0.17763772819472626 0 -0.56396164615753319 0.82580098187352957 
1 -0.062360726377346742 0.26236072637734686 0.32511465066174217 -0.49122807017543851 0.49122807017543907 -0.71929824561403477 
1 -0.003278547245306275 -0.003278547245306275 0.42122930132348413 -0.49122807017543868 -0.49122807017543868 0.71929824561403499 
1 0.13475223145583262 0.26524776854416754 0.21911280393967383 0.49122807017543885 -0.49122807017543835 -0.7192982456140351 
1 -0.27200000000000002 0.32800000000000001 -0.02 0 0 1 
1 -0.10000000000000001 -0.32800000000000001 0.18800000000000003 -0.56396164615753264 0 0.82580098187352968 
1 -0.10000000000000001 -0.32800000000000001 0.18800000000000003 0 1 0 
1 -0.18203508771929836 0.21796491228070167 0.067877192982456036 0.49122807017543851 0.49122807017543907 0.71929824561403477 
1 0.11350877192982473 0.28649122807017546 0.16821929824561396 0.49122807017543851 -0.49122807017543907 -0.71929824561403477 
1 -0.32800000000000001 0.32800000000000001 0.22900000000000001 1 0 0 
1 -0.32800000000000001 0.27200000000000002 0.22900000000000001 1 0 0 
1 0.27200000000000013 0.34398215010141986 0.12359756592292089 -0 0.56396164615753241 -0.82580098187353013 
1 -0.32800000000000001 0.29999999999999999 0.18800000000000003 1 0 0 
8 0 0.055999999999999994
1 0.32800000000000001 -0.32800000000000001 0.26999999999999996 0 1 0 
1 0.27200000000000002 -0.27200000000000002 0.26999999999999996 1 0 -0 
1 0.27200000000000002 -0.27200000000000002 0.26999999999999996 1 0 -0 
1 0.32800000000000001 -0.27200000000000002 -0.02 0 0 1 
1 0.29999999999999999 -0.32800000000000001 0.26999999999999996 0 1 0 
1 0.36307667342799194 -0.27200000000000002 0.17763772819472626 -0.56396164615753319 -0 0.82580098187352957 
1 0.26236072637734686 -0.062360726377346742 0.32511465066174217 0.49122807017543907 -0.49122807017543851 -0.71929824561403477 
1 0.26524776854416754 0.13475223145583262 0.21911280393967383 -0.49122807017543835 0.49122807017543885 -0.7192982456140351 
1 -0.32800000000000001 -0.10000000000000001 0.18800000000000003 0 -0.56396164615753264 0.82580098187352968 
1 -0.32800000000000001 -0.10000000000000001 0.18800000000000003 1 0 0 
1 0.21796491228070167 -0.18203508771929836 0.067877192982456036 0.49122807017543907 0.49122807017543851 0.71929824561403477 
1 0.28649122807017546 0.11350877192982473 0.16821929824561396 -0.49122807017543907 0.49122807017543851 -0.71929824561403477 
1 0.32800000000000001 -0.32800000000000001 0.22900000000000001 0 1 0 
1 0.27200000000000002 -0.32800000000000001 0.22900000000000001 0 1 0 
1 0.34398215010141986 0.27200000000000013 0.12359756592292089 0.56396164615753241 0 -0.82580098187353013 
1 0.29999999999999999 -0.32800000000000001 0.18800000000000003 0 1 0 
1 -0.20327854724530631 0.19672145275469363 0.42122930132348418 -0.49122807017543851 -0.49122807017543907 0.71929824561403477 
1 0.11350877192982474 0.28649122807017546 0.28978070175438603 -0.49122807017543851 0.49122807017543907 -0.71929824561403477 
1 -0.10000000000000001 -0.32800000000000001 0.26999999999999996 0 1 0 
1 -0.128 -0.32800000000000001 0.22900000000000001 0.56396164615753264 0 0.82580098187352968 
1 -0.32800000000000001 0.29999999999999999 0.26999999999999996 1 0 0 
1 0.27200000000000013 0.21401784989858014 0.14409756592292086 0 -0.56396164615753241 -0.82580098187353013 
1 -0.10000000000000001 -0.32800000000000001 0.26999999999999996 0.56396164615753264 0 -0.82580098187352968 
1 -0.072000000000000008 -0.32800000000000001 0.22900000000000001 -0.56396164615753264 0 -0.82580098187352968 
1 0.10000000000000001 -0.32800000000000001 0.18800000000000003 -0.56396164615753264 0 0.82580098187352968 
1 0.10000000000000001 -0.32800000000000001 0.18800000000000003 0 1 0 
1 0.27200000000000002 0.27200000000000002 -0.02 0 0 1 
1 0.27200000000000013 0.26111237322515213 0.13105740365111571 0 0.56396164615753319 0.82580098187352957 
1 0.27200000000000002 0.32800000000000001 -0.02 0 0 1 
1 0.27200000000000002 0.27200000000000002 -0.02 -0 1 0 
1 -0.32800000000000001 0.32800000000000001 0.22900000000000001 1 0 0 
1 -0.0061655894121269011 0.19383441058787307 0.032543244075099939 0.49122807017543851 0.49122807017543907 0.71929824561403477 
1 0.19672145275469363 -0.20327854724530631 0.42122930132348418 -0.49122807017543907 -0.49122807017543851 0.71929824561403477 
1 0.28649122807017546 0.11350877192982474 0.28978070175438603 0.49122807017543907 -0.49122807017543851 -0.71929824561403477 
1 -0.32800000000000001 -0.10000000000000001 0.26999999999999996 1 0 0 
1 -0.32800000000000001 -0.128 0.22900000000000001 0 0.56396164615753264 0.82580098187352968 
1 0.29999999999999999 -0.32800000000000001 0.26999999999999996 0 1 0 
1 0.21401784989858014 0.27200000000000013 0.14409756592292086 -0.56396164615753241 0 -0.82580098187353013 
1 -0.32800000000000001 -0.10000000000000001 0.26999999999999996 0 0.56396164615753264 -0.82580098187352968 
1 -0.32800000000000001 -0.072000000000000008 0.22900000000000001 0 -0.56396164615753264 -0.82580098187352968 
1 -0.32800000000000001 0.10000000000000001 0.18800000000000003 0 -0.56396164615753264 0.82580098187352968 
1 -0.32800000000000001 0.10000000000000001 0.18800000000000003 1 0 0 
1 0.32800000000000001 0.27200000000000002 -0.02 0 0 1 
1 0.26111237322515213 0.27200000000000013 0.13105740365111571 0.56396164615753319 0 0.82580098187352957 
1 0.27200000000000002 0.27200000000000002 -0.02 1 0 -0 
1 0.32800000000000001 -0.32800000000000001 0.22900000000000001 0 1 0 
1 0.19383441058787307 -0.0061655894121269011 0.032543244075099939 0.49122807017543907 0.49122807017543851 0.71929824561403477 
1 0.10000000000000001 -0.32800000000000001 0.26999999999999996 0 1 0 
1 0.072000000000000008 -0.32800000000000001 0.22900000000000001 0.56396164615753264 0 0.82580098187352968 
1 -0.027409048938134839 0.17259095106186503 0.45656325023084032 -0.49122807017543851 -0.49122807017543907 0.71929824561403477 
1 0.27200000000000013 0.36307667342799194 0.17763772819472626 0 -0.56396164615753319 0.82580098187352957 
1 0.27200000000000002 0.27200000000000002 -0.02 0 0 1 
1 0.27200000000000002 0.27200000000000002 0.26999999999999996 -0 1 0 
1 0.10000000000000001 -0.32800000000000001 0.26999999999999996 0.56396164615753264 0 -0.82580098187352968 
1 0.128 -0.32800000000000001 0.22900000000000001 -0.56396164615753264 0 -0.82580098187352968 
1 0.27200000000000002 0.32800000000000001 -0.02 1 0 -0 
1 0.27200000000000002 0.32800000000000001 -0.02 0 0 1 
8 0 0.055999999999999994
1 0.27200000000000002 0.32800000000000001 0.26999999999999996 1 0 0 
8 0 0.28999999999999998
1 0.32800000000000001 0.32800000000000001 0.26999999999999996 0 0 -1 
1 0.32800000000000001 0.27200000000000002 -0.02 -0 1 0 
1 -0.32800000000000001 0.10000000000000001 0.26999999999999996 1 0 0 
1 -0.32800000000000001 0.072000000000000008 0.22900000000000001 0 0.56396164615753264 0.82580098187352968 
1 0.17259095106186503 -0.027409048938134839 0.45656325023084032 -0.49122807017543907 -0.49122807017543851 0.71929824561403477 
1 0.36307667342799194 0.27200000000000013 0.17763772819472626 -0.56396164615753319 -0 0.82580098187352957 
1 0.27200000000000002 0.27200000000000002 0.26999999999999996 1 0 -0 
1 -0.32800000000000001 0.10000000000000001 0.26999999999999996 0 0.56396164615753264 -0.82580098187352968 
1 -0.32800000000000001 0.128 0.22900000000000001 0 -0.56396164615753264 -0.82580098187352968 
8 0 0.055999999999999994
1 0.32800000000000001 0.32800000000000001 0.26999999999999996 0 -1 0 
1 0.32800000000000001 0.27200000000000002 -0.02 0 0 1 
1 0.27200000000000002 0.27200000000000002 0.26999999999999996 -0 1 0 
1 0.27200000000000002 0.27200000000000002 0.26999999999999996 1 0 -0 
Polygon3D 0
PolygonOnTriangulations 0
Surfaces 176
1 -0.32800000000000001 -0.32800000000000001 -0.02 1 0 -0 0 0 1 0 -1 0 
1 -0.32800000000000001 -0.32800000000000001 -0.02 -0 1 0 0 0 1 1 0 -0 
1 -0.32800000000000001 -0.27200000000000002 -0.02 -0 1 0 0 0 1 1 0 -0 
1 -0.32800000000000001 -0.32800000000000001 -0.02 0 0 1 1 0 -0 -0 1 0 
1 -0.27200000000000002 -0.32800000000000001 -0.02 1 0 -0 0 0 1 0 -1 0 
1 -0.27200000000000002 -0.32800000000000001 0.22900000000000001 -0.82580098187353013 0 0.56396164615753241 -0.56396164615753241 0 -0.82580098187353013 -0 -1 0 
1 -0.29999999999999999 -0.32800000000000001 0.18800000000000003 0.82580098187352957 -0 0.56396164615753319 -0.56396164615753319 0 0.82580098187352957 -0 -1 0 
1 -0.32800000000000001 -0.29999999999999999 0.18800000000000003 0 -0.82580098187352957 -0.56396164615753319 0 -0.56396164615753319 0.82580098187352957 -1 -0 0 
1 -0.32800000000000001 -0.27200000000000002 0.22900000000000001 0 0.82580098187353013 -0.56396164615753241 0 -0.56396164615753241 -0.82580098187353013 -1 0 -0 
1 -0.32800000000000001 -0.10000000000000001 0.18800000000000003 0 -0.82580098187352979 -0.56396164615753275 0 -0.56396164615753275 0.82580098187352979 -1 -0 0 
1 -0.29999999999999999 -0.32800000000000001 0.26999999999999996 -0.82580098187353013 0 -0.56396164615753241 0.56396164615753241 0 -0.82580098187353013 0 -1 -0 
1 -0.32800000000000001 -0.32800000000000001 0.22900000000000001 0.82580098187352957 0 -0.56396164615753319 0.56396164615753319 0 0.82580098187352957 0 -1 0 
1 -0.32800000000000001 -0.10000000000000001 0.18800000000000003 0 -0.82580098187352979 -0.56396164615753275 0 -0.56396164615753275 0.82580098187352979 -1 -0 0 
1 -0.32800000000000001 -0.32800000000000001 0.22900000000000001 0 -0.82580098187352957 0.56396164615753319 0 0.56396164615753319 0.82580098187352957 -1 0 0 
1 -0.10000000000000001 -0.32800000000000001 0.18800000000000003 0.82580098187352979 -0 0.56396164615753275 -0.56396164615753275 0 0.82580098187352979 -0 -1 0 
1 -0.10000000000000001 -0.32800000000000001 0.18800000000000003 0.82580098187352979 -0 0.56396164615753275 -0.56396164615753275 0 0.82580098187352979 -0 -1 0 
1 -0.32800000000000001 -0.29999999999999999 0.26999999999999996 -0 0.82580098187353013 0.56396164615753241 0 0.56396164615753241 -0.82580098187353013 -1 0 -0 
1 -0.32800000000000001 -0.32800000000000001 0.26999999999999996 0 0 1 1 0 -0 -0 1 0 
1 -0.32800000000000001 -0.27200000000000002 -0.02 -0 1 0 0 0 1 1 0 -0 
1 -0.32800000000000001 -0.128 0.22900000000000001 0 -0.82580098187352979 0.56396164615753275 0 0.56396164615753275 0.82580098187352979 -1 0 0 
1 -0.32800000000000001 -0.072000000000000008 0.22900000000000001 0 0.82580098187352979 -0.56396164615753275 0 -0.56396164615753275 -0.82580098187352979 -1 0 -0 
1 -0.32800000000000001 -0.27200000000000002 -0.02 -0 1 0 0 0 1 1 0 -0 
1 -0.32800000000000001 -0.128 0.22900000000000001 0 -0.82580098187352979 0.56396164615753275 0 0.56396164615753275 0.82580098187352979 -1 0 0 
1 -0.32800000000000012 -0.10000000000000002 0.22900000000000004 -1 -0 -0 0 0 -1 0 -1 0 
1 -0.32800000000000001 -0.072000000000000008 0.22900000000000001 0 0.82580098187352979 -0.56396164615753275 0 -0.56396164615753275 -0.82580098187352979 -1 0 -0 
1 -0.27200000000000002 -0.32800000000000001 -0.02 1 0 -0 0 0 1 0 -1 0 
1 -0.128 -0.32800000000000001 0.22900000000000001 0.82580098187352979 0 -0.56396164615753275 0.56396164615753275 0 0.82580098187352979 0 -1 0 
1 -0.10000000000000002 -0.32800000000000012 0.22900000000000004 0 1 0 0 -0 1 1 0 -0 
1 -0.072000000000000008 -0.32800000000000001 0.22900000000000001 -0.82580098187352979 0 0.56396164615753275 -0.56396164615753275 0 -0.82580098187352979 -0 -1 0 
1 -0.128 -0.32800000000000001 0.22900000000000001 0.82580098187352979 0 -0.56396164615753275 0.56396164615753275 0 0.82580098187352979 0 -1 0 
1 -0.072000000000000008 -0.32800000000000001 0.22900000000000001 -0.82580098187352979 0 0.56396164615753275 -0.56396164615753275 0 -0.82580098187352979 -0 -1 0 
1 -0.27200000000000002 -0.32800000000000001 -0.02 1 0 -0 0 0 1 0 -1 0 
1 -0.32800000000000001 -0.10000000000000001 0.26999999999999996 -0 0.82580098187352979 0.56396164615753275 0 0.56396164615753275 -0.82580098187352979 -1 0 -0 
1 -0.27200000000000002 -0.32800000000000001 0.22900000000000001 -0.82580098187353013 0 0.56396164615753241 -0.56396164615753241 0 -0.82580098187353013 -0 -1 0 
1 -0.10000000000000001 -0.32800000000000001 0.18800000000000003 0.82580098187352979 -0 0.56396164615753275 -0.56396164615753275 0 0.82580098187352979 -0 -1 0 
1 -0.32800000000000001 -0.10000000000000001 0.26999999999999996 -0 0.82580098187352979 0.56396164615753275 0 0.56396164615753275 -0.82580098187352979 -1 0 -0 
1 -0.29999999999999999 -0.32800000000000001 0.18800000000000003 0.82580098187352957 -0 0.56396164615753319 -0.56396164615753319 0 0.82580098187352957 -0 -1 0 
1 -0.10000000000000001 -0.32800000000000001 0.26999999999999996 -0.82580098187352979 0 -0.56396164615753275 0.56396164615753275 0 -0.82580098187352979 0 -1 -0 
1 -0.32800000000000001 -0.29999999999999999 0.18800000000000003 0 -0.82580098187352957 -0.56396164615753319 0 -0.56396164615753319 0.82580098187352957 -1 -0 0 
1 -0.10000000000000001 -0.32800000000000001 0.26999999999999996 -0.82580098187352979 0 -0.56396164615753275 0.56396164615753275 0 -0.82580098187352979 0 -1 -0 
1 -0.32800000000000001 -0.27200000000000002 0.22900000000000001 0 0.82580098187353013 -0.56396164615753241 0 -0.56396164615753241 -0.82580098187353013 -1 0 -0 
1 -0.32800000000000001 -0.10000000000000001 0.18800000000000003 0 -0.82580098187352979 -0.56396164615753275 0 -0.56396164615753275 0.82580098187352979 -1 -0 0 
1 -0.29999999999999999 -0.32800000000000001 0.26999999999999996 -0.82580098187353013 0 -0.56396164615753241 0.56396164615753241 0 -0.82580098187353013 0 -1 -0 
1 -0.128 -0.32800000000000001 0.22900000000000001 0.82580098187352979 0 -0.56396164615753275 0.56396164615753275 0 0.82580098187352979 0 -1 0 
1 -0.32800000000000001 0.10000000000000001 0.18800000000000003 0 -0.82580098187352979 -0.56396164615753275 0 -0.56396164615753275 0.82580098187352979 -1 -0 0 
1 -0.072000000000000008 -0.32800000000000001 0.22900000000000001 -0.82580098187352979 0 0.56396164615753275 -0.56396164615753275 0 -0.82580098187352979 -0 -1 0 
1 -0.32800000000000001 -0.32800000000000001 0.22900000000000001 0.82580098187352957 0 -0.56396164615753319 0.56396164615753319 0 0.82580098187352957 0 -1 0 
1 -0.32800000000000001 0.10000000000000001 0.18800000000000003 0 -0.82580098187352979 -0.56396164615753275 0 -0.56396164615753275 0.82580098187352979 -1 -0 0 
1 -0.32800000000000001 -0.32800000000000001 0.22900000000000001 0 -0.82580098187352957 0.56396164615753319 0 0.56396164615753319 0.82580098187352957 -1 0 0 
1 0.10000000000000001 -0.32800000000000001 0.18800000000000003 0.82580098187352979 -0 0.56396164615753275 -0.56396164615753275 0 0.82580098187352979 -0 -1 0 
1 -0.32800000000000001 -0.29999999999999999 0.26999999999999996 -0 0.82580098187353013 0.56396164615753241 0 0.56396164615753241 -0.82580098187353013 -1 0 -0 
1 -0.32800000000000001 -0.128 0.22900000000000001 0 -0.82580098187352979 0.56396164615753275 0 0.56396164615753275 0.82580098187352979 -1 0 0 
1 0.10000000000000001 -0.32800000000000001 0.18800000000000003 0.82580098187352979 -0 0.56396164615753275 -0.56396164615753275 0 0.82580098187352979 -0 -1 0 
1 -0.32800000000000001 -0.072000000000000008 0.22900000000000001 0 0.82580098187352979 -0.56396164615753275 0 -0.56396164615753275 -0.82580098187352979 -1 0 -0 
1 -0.32800000000000001 0.072000000000000008 0.22900000000000001 0 -0.82580098187352979 0.56396164615753275 0 0.56396164615753275 0.82580098187352979 -1 0 0 
1 -0.10000000000000001 -0.32800000000000001 0.26999999999999996 -0.82580098187352979 0 -0.56396164615753275 0.56396164615753275 0 -0.82580098187352979 0 -1 -0 
1 -0.32800000000000001 0.128 0.22900000000000001 0 0.82580098187352979 -0.56396164615753275 0 -0.56396164615753275 -0.82580098187352979 -1 0 -0 
1 -0.32800000000000001 0.10000000000000001 0.18800000000000003 0 -0.82580098187352979 -0.56396164615753275 0 -0.56396164615753275 0.82580098187352979 -1 -0 0 
1 -0.32800000000000001 0.072000000000000008 0.22900000000000001 0 -0.82580098187352979 0.56396164615753275 0 0.56396164615753275 0.82580098187352979 -1 0 0 
1 -0.32800000000000012 0.10000000000000002 0.22900000000000004 -1 -0 -0 0 0 -1 0 -1 0 
1 -0.32800000000000001 0.128 0.22900000000000001 0 0.82580098187352979 -0.56396164615753275 0 -0.56396164615753275 -0.82580098187352979 -1 0 -0 
1 0.072000000000000008 -0.32800000000000001 0.22900000000000001 0.82580098187352979 0 -0.56396164615753275 0.56396164615753275 0 0.82580098187352979 0 -1 0 
1 0.10000000000000002 -0.32800000000000012 0.22900000000000004 0 1 0 0 -0 1 1 0 -0 
1 0.128 -0.32800000000000001 0.22900000000000001 -0.82580098187352979 0 0.56396164615753275 -0.56396164615753275 0 -0.82580098187352979 -0 -1 0 
1 0.072000000000000008 -0.32800000000000001 0.22900000000000001 0.82580098187352979 0 -0.56396164615753275 0.56396164615753275 0 0.82580098187352979 0 -1 0 
1 -0.32800000000000001 -0.10000000000000001 0.26999999999999996 -0 0.82580098187352979 0.56396164615753275 0 0.56396164615753275 -0.82580098187352979 -1 0 -0 
1 0.128 -0.32800000000000001 0.22900000000000001 -0.82580098187352979 0 0.56396164615753275 -0.56396164615753275 0 -0.82580098187352979 -0 -1 0 
1 0.10000000000000001 -0.32800000000000001 0.18800000000000003 0.82580098187352979 -0 0.56396164615753275 -0.56396164615753275 0 0.82580098187352979 -0 -1 0 
1 -0.32800000000000001 0.10000000000000001 0.26999999999999996 -0 0.82580098187352979 0.56396164615753275 0 0.56396164615753275 -0.82580098187352979 -1 0 -0 
1 -0.32800000000000001 0.072000000000000008 0.22900000000000001 0 -0.82580098187352979 0.56396164615753275 0 0.56396164615753275 0.82580098187352979 -1 0 0 
1 -0.27200000000000002 -0.32800000000000001 0.22900000000000001 -0.82580098187353013 0 0.56396164615753241 -0.56396164615753241 0 -0.82580098187353013 -0 -1 0 
1 -0.10000000000000001 -0.32800000000000001 0.18800000000000003 0.82580098187352979 -0 0.56396164615753275 -0.56396164615753275 0 0.82580098187352979 -0 -1 0 
1 -0.32800000000000001 0.128 0.22900000000000001 0 0.82580098187352979 -0.56396164615753275 0 -0.56396164615753275 -0.82580098187352979 -1 0 -0 
1 -0.32800000000000001 0.10000000000000001 0.26999999999999996 -0 0.82580098187352979 0.56396164615753275 0 0.56396164615753275 -0.82580098187352979 -1 0 -0 
1 -0.29999999999999999 -0.32800000000000001 0.18800000000000003 0.82580098187352957 -0 0.56396164615753319 -0.56396164615753319 0 0.82580098187352957 -0 -1 0 
1 0.10000000000000001 -0.32800000000000001 0.26999999999999996 -0.82580098187352979 0 -0.56396164615753275 0.56396164615753275 0 -0.82580098187352979 0 -1 -0 
1 -0.32800000000000001 -0.29999999999999999 0.18800000000000003 0 -0.82580098187352957 -0.56396164615753319 0 -0.56396164615753319 0.82580098187352957 -1 -0 0 
1 0.10000000000000001 -0.32800000000000001 0.26999999999999996 -0.82580098187352979 0 -0.56396164615753275 0.56396164615753275 0 -0.82580098187352979 0 -1 -0 
1 0.072000000000000008 -0.32800000000000001 0.22900000000000001 0.82580098187352979 0 -0.56396164615753275 0.56396164615753275 0 0.82580098187352979 0 -1 0 
1 -0.32800000000000001 -0.27200000000000002 0.22900000000000001 0 0.82580098187353013 -0.56396164615753241 0 -0.56396164615753241 -0.82580098187353013 -1 0 -0 
1 -0.32800000000000001 -0.10000000000000001 0.18800000000000003 0 -0.82580098187352979 -0.56396164615753275 0 -0.56396164615753275 0.82580098187352979 -1 -0 0 
1 0.128 -0.32800000000000001 0.22900000000000001 -0.82580098187352979 0 0.56396164615753275 -0.56396164615753275 0 -0.82580098187352979 -0 -1 0 
1 -0.29999999999999999 -0.32800000000000001 0.26999999999999996 -0.82580098187353013 0 -0.56396164615753241 0.56396164615753241 0 -0.82580098187353013 0 -1 -0 
1 -0.128 -0.32800000000000001 0.22900000000000001 0.82580098187352979 0 -0.56396164615753275 0.56396164615753275 0 0.82580098187352979 0 -1 0 
1 -0.32800000000000001 0.10000000000000001 0.26999999999999996 -0 0.82580098187352979 0.56396164615753275 0 0.56396164615753275 -0.82580098187352979 -1 0 -0 
1 -0.32800000000000001 0.27200000000000002 -0.02 -0 1 0 0 0 1 1 0 -0 
1 -0.32800000000000001 0.29999999999999999 0.18800000000000003 0 -0.82580098187353013 -0.56396164615753241 0 -0.56396164615753241 0.82580098187353013 -1 -0 0 
1 -0.072000000000000008 -0.32800000000000001 0.22900000000000001 -0.82580098187352979 0 0.56396164615753275 -0.56396164615753275 0 -0.82580098187352979 -0 -1 0 
1 0.10000000000000001 -0.32800000000000001 0.18800000000000003 0.82580098187352979 -0 0.56396164615753275 -0.56396164615753275 0 0.82580098187352979 -0 -1 0 
1 -0.32800000000000001 -0.32800000000000001 0.22900000000000001 0.82580098187352957 0 -0.56396164615753319 0.56396164615753319 0 0.82580098187352957 0 -1 0 
1 -0.32800000000000001 -0.32800000000000001 0.22900000000000001 0 -0.82580098187352957 0.56396164615753319 0 0.56396164615753319 0.82580098187352957 -1 0 0 
1 0.27200000000000002 -0.32800000000000001 -0.02 1 0 -0 0 0 1 0 -1 0 
1 -0.32800000000000001 -0.29999999999999999 0.26999999999999996 -0 0.82580098187353013 0.56396164615753241 0 0.56396164615753241 -0.82580098187353013 -1 0 -0 
1 -0.32800000000000001 -0.128 0.22900000000000001 0 -0.82580098187352979 0.56396164615753275 0 0.56396164615753275 0.82580098187352979 -1 0 0 
1 0.10000000000000001 -0.32800000000000001 0.26999999999999996 -0.82580098187352979 0 -0.56396164615753275 0.56396164615753275 0 -0.82580098187352979 0 -1 -0 
1 0.29999999999999999 -0.32800000000000001 0.18800000000000003 0.82580098187353013 -0 0.56396164615753241 -0.56396164615753241 0 0.82580098187353013 -0 -1 0 
1 -0.32800000000000001 -0.072000000000000008 0.22900000000000001 0 0.82580098187352979 -0.56396164615753275 0 -0.56396164615753275 -0.82580098187352979 -1 0 -0 
1 -0.32800000000000001 0.10000000000000001 0.18800000000000003 0 -0.82580098187352979 -0.56396164615753275 0 -0.56396164615753275 0.82580098187352979 -1 -0 0 
1 -0.32800000000000001 0.27200000000000002 -0.02 -0 1 0 0 0 1 1 0 -0 
1 -0.10000000000000001 -0.32800000000000001 0.26999999999999996 -0.82580098187352979 0 -0.56396164615753275 0.56396164615753275 0 -0.82580098187352979 0 -1 -0 
1 -0.32800000000000001 0.27200000000000002 0.22900000000000001 0 -0.82580098187353013 0.56396164615753241 0 0.56396164615753241 0.82580098187353013 -1 0 0 
1 0.072000000000000008 -0.32800000000000001 0.22900000000000001 0.82580098187352979 0 -0.56396164615753275 0.56396164615753275 0 0.82580098187352979 0 -1 0 
1 -0.27200000000000002 0.27200000000000002 -0.02 1 0 -0 0 0 1 0 -1 0 
1 -0.32800000000000001 0.27200000000000002 -0.02 1 0 -0 0 0 1 0 -1 0 
1 -0.32800000000000001 0.27200000000000002 -0.02 0 0 1 1 0 -0 -0 1 0 
1 -0.32800000000000001 0.32800000000000001 0.22900000000000001 0 0.82580098187352957 -0.56396164615753319 0 -0.56396164615753319 -0.82580098187352957 -1 0 -0 
1 -0.32800000000000001 0.29999999999999999 0.18800000000000003 0 -0.82580098187353013 -0.56396164615753241 0 -0.56396164615753241 0.82580098187353013 -1 -0 0 
1 0.128 -0.32800000000000001 0.22900000000000001 -0.82580098187352979 0 0.56396164615753275 -0.56396164615753275 0 -0.82580098187352979 -0 -1 0 
1 -0.32800000000000001 0.27200000000000002 -0.02 -0 1 0 0 0 1 1 0 -0 
1 0.27200000000000002 -0.32800000000000001 -0.02 1 0 -0 0 0 1 0 -1 0 
1 0.27200000000000002 -0.32800000000000001 -0.02 -0 1 0 0 0 1 1 0 -0 
1 0.27200000000000002 -0.27200000000000002 -0.02 -0 1 0 0 0 1 1 0 -0 
1 0.27200000000000002 -0.32800000000000001 -0.02 0 0 1 1 0 -0 -0 1 0 
1 0.27200000000000002 -0.32800000000000001 -0.02 1 0 -0 0 0 1 0 -1 0 
1 -0.32800000000000001 -0.10000000000000001 0.26999999999999996 -0 0.82580098187352979 0.56396164615753275 0 0.56396164615753275 -0.82580098187352979 -1 0 -0 
1 0.27200000000000002 -0.32800000000000001 0.22900000000000001 0.82580098187353013 0 -0.56396164615753241 0.56396164615753241 0 0.82580098187353013 0 -1 0 
1 -0.32800000000000001 0.072000000000000008 0.22900000000000001 0 -0.82580098187352979 0.56396164615753275 0 0.56396164615753275 0.82580098187352979 -1 0 0 
1 0.32800000000000001 -0.32800000000000001 0.22900000000000001 -0.82580098187352957 0 0.56396164615753319 -0.56396164615753319 0 -0.82580098187352957 -0 -1 0 
1 0.29999999999999999 -0.32800000000000001 0.18800000000000003 0.82580098187353013 -0 0.56396164615753241 -0.56396164615753241 0 0.82580098187353013 -0 -1 0 
1 -0.32800000000000001 0.128 0.22900000000000001 0 0.82580098187352979 -0.56396164615753275 0 -0.56396164615753275 -0.82580098187352979 -1 0 -0 
1 -0.27200000000000002 0.27200000000000002 -0.02 1 0 -0 0 0 1 0 -1 0 
1 -0.32800000000000001 0.27200000000000002 0.26999999999999996 0 0 1 1 0 -0 -0 1 0 
1 -0.32800000000000001 0.27200000000000002 0.22900000000000001 0 -0.82580098187353013 0.56396164615753241 0 0.56396164615753241 0.82580098187353013 -1 0 0 
1 -0.32800000000000001 0.29999999999999999 0.26999999999999996 -0 0.82580098187352957 0.56396164615753319 0 0.56396164615753319 -0.82580098187352957 -1 0 -0 
1 0.10000000000000001 -0.32800000000000001 0.26999999999999996 -0.82580098187352979 0 -0.56396164615753275 0.56396164615753275 0 -0.82580098187352979 0 -1 -0 
1 -0.32800000000000001 0.32800000000000001 -0.02 -0 1 0 0 0 1 1 0 -0 
1 -0.10000000000000001 -0.32800000000000001 0.18800000000000003 0.82580098187352979 -0 0.56396164615753275 -0.56396164615753275 0 0.82580098187352979 -0 -1 0 
1 -0.32800000000000001 0.32800000000000001 0.22900000000000001 0 0.82580098187352957 -0.56396164615753319 0 -0.56396164615753319 -0.82580098187352957 -1 0 -0 
1 -0.32800000000000001 0.29999999999999999 0.18800000000000003 0 -0.82580098187353013 -0.56396164615753241 0 -0.56396164615753241 0.82580098187353013 -1 -0 0 
1 0.27200000000000002 -0.32800000000000001 0.26999999999999996 0 0 1 1 0 -0 -0 1 0 
1 0.32800000000000001 -0.32800000000000001 -0.02 1 0 -0 0 0 1 0 -1 0 
1 0.27200000000000002 -0.27200000000000002 -0.02 -0 1 0 0 0 1 1 0 -0 
1 0.27200000000000002 -0.32800000000000001 0.22900000000000001 0.82580098187353013 0 -0.56396164615753241 0.56396164615753241 0 0.82580098187353013 0 -1 0 
1 0.29999999999999999 -0.32800000000000001 0.26999999999999996 -0.82580098187352957 0 -0.56396164615753319 0.56396164615753319 0 -0.82580098187352957 0 -1 -0 
1 -0.32800000000000001 0.10000000000000001 0.26999999999999996 -0 0.82580098187352979 0.56396164615753275 0 0.56396164615753275 -0.82580098187352979 -1 0 -0 
1 -0.32800000000000001 -0.10000000000000001 0.18800000000000003 0 -0.82580098187352979 -0.56396164615753275 0 -0.56396164615753275 0.82580098187352979 -1 -0 0 
1 0.32800000000000001 -0.32800000000000001 0.22900000000000001 -0.82580098187352957 0 0.56396164615753319 -0.56396164615753319 0 -0.82580098187352957 -0 -1 0 
1 0.29999999999999999 -0.32800000000000001 0.18800000000000003 0.82580098187353013 -0 0.56396164615753241 -0.56396164615753241 0 0.82580098187353013 -0 -1 0 
1 -0.32800000000000001 0.29999999999999999 0.26999999999999996 -0 0.82580098187352957 0.56396164615753319 0 0.56396164615753319 -0.82580098187352957 -1 0 -0 
1 -0.27200000000000002 0.27200000000000002 -0.02 1 0 -0 0 0 1 0 -1 0 
1 -0.128 -0.32800000000000001 0.22900000000000001 0.82580098187352979 0 -0.56396164615753275 0.56396164615753275 0 0.82580098187352979 0 -1 0 
1 -0.32800000000000001 0.27200000000000002 0.22900000000000001 0 -0.82580098187353013 0.56396164615753241 0 0.56396164615753241 0.82580098187353013 -1 0 0 
1 -0.10000000000000002 0.3279999999999999 0.22900000000000004 0 1 0 0 -0 1 1 0 -0 
1 -0.072000000000000008 -0.32800000000000001 0.22900000000000001 -0.82580098187352979 0 0.56396164615753275 -0.56396164615753275 0 -0.82580098187352979 -0 -1 0 
1 0.10000000000000001 -0.32800000000000001 0.18800000000000003 0.82580098187352979 -0 0.56396164615753275 -0.56396164615753275 0 0.82580098187352979 -0 -1 0 
1 0.27200000000000002 0.27200000000000002 -0.02 1 0 -0 0 0 1 0 -1 0 
1 -0.32800000000000001 0.32800000000000001 0.22900000000000001 0 0.82580098187352957 -0.56396164615753319 0 -0.56396164615753319 -0.82580098187352957 -1 0 -0 
1 0.29999999999999999 -0.32800000000000001 0.26999999999999996 -0.82580098187352957 0 -0.56396164615753319 0.56396164615753319 0 -0.82580098187352957 0 -1 -0 
1 0.27200000000000002 -0.27200000000000002 -0.02 -0 1 0 0 0 1 1 0 -0 
1 -0.32800000000000001 -0.128 0.22900000000000001 0 -0.82580098187352979 0.56396164615753275 0 0.56396164615753275 0.82580098187352979 -1 0 0 
1 0.27200000000000002 -0.32800000000000001 0.22900000000000001 0.82580098187353013 0 -0.56396164615753241 0.56396164615753241 0 0.82580098187353013 0 -1 0 
1 0.3279999999999999 -0.10000000000000002 0.22900000000000004 -1 -0 -0 0 0 -1 0 -1 0 
1 -0.32800000000000001 -0.072000000000000008 0.22900000000000001 0 0.82580098187352979 -0.56396164615753275 0 -0.56396164615753275 -0.82580098187352979 -1 0 -0 
1 -0.32800000000000001 0.10000000000000001 0.18800000000000003 0 -0.82580098187352979 -0.56396164615753275 0 -0.56396164615753275 0.82580098187352979 -1 -0 0 
1 0.27200000000000002 0.27200000000000002 -0.02 -0 1 0 0 0 1 1 0 -0 
1 0.32800000000000001 -0.32800000000000001 0.22900000000000001 -0.82580098187352957 0 0.56396164615753319 -0.56396164615753319 0 -0.82580098187352957 -0 -1 0 
1 -0.10000000000000001 -0.32800000000000001 0.26999999999999996 -0.82580098187352979 0 -0.56396164615753275 0.56396164615753275 0 -0.82580098187352979 0 -1 -0 
1 0.072000000000000008 -0.32800000000000001 0.22900000000000001 0.82580098187352979 0 -0.56396164615753275 0.56396164615753275 0 0.82580098187352979 0 -1 0 
1 -0.32800000000000001 0.29999999999999999 0.26999999999999996 -0 0.82580098187352957 0.56396164615753319 0 0.56396164615753319 -0.82580098187352957 -1 0 -0 
1 0.27200000000000002 0.27200000000000002 -0.02 1 0 -0 0 0 1 0 -1 0 
1 0.10000000000000002 0.3279999999999999 0.22900000000000004 0 1 0 0 -0 1 1 0 -0 
1 0.128 -0.32800000000000001 0.22900000000000001 -0.82580098187352979 0 0.56396164615753275 -0.56396164615753275 0 -0.82580098187352979 -0 -1 0 
1 0.27200000000000002 0.32800000000000001 -0.02 -0 1 0 0 0 1 1 0 -0 
1 0.27200000000000002 0.27200000000000002 -0.02 0 0 1 1 0 -0 -0 1 0 
1 -0.32800000000000001 -0.10000000000000001 0.26999999999999996 -0 0.82580098187352979 0.56396164615753275 0 0.56396164615753275 -0.82580098187352979 -1 0 -0 
1 -0.32800000000000001 0.072000000000000008 0.22900000000000001 0 -0.82580098187352979 0.56396164615753275 0 0.56396164615753275 0.82580098187352979 -1 0 0 
1 0.29999999999999999 -0.32800000000000001 0.26999999999999996 -0.82580098187352957 0 -0.56396164615753319 0.56396164615753319 0 -0.82580098187352957 0 -1 -0 
1 0.27200000000000002 0.27200000000000002 -0.02 -0 1 0 0 0 1 1 0 -0 
1 0.3279999999999999 0.10000000000000002 0.22900000000000004 -1 -0 -0 0 0 -1 0 -1 0 
1 -0.32800000000000001 0.128 0.22900000000000001 0 0.82580098187352979 -0.56396164615753275 0 -0.56396164615753275 -0.82580098187352979 -1 0 -0 
1 0.32800000000000001 0.27200000000000002 -0.02 1 0 -0 0 0 1 0 -1 0 
1 0.10000000000000001 -0.32800000000000001 0.26999999999999996 -0.82580098187352979 0 -0.56396164615753275 0.56396164615753275 0 -0.82580098187352979 0 -1 -0 
1 0.27200000000000002 0.27200000000000002 -0.02 1 0 -0 0 0 1 0 -1 0 
1 0.27200000000000002 0.27200000000000002 0.26999999999999996 0 0 1 1 0 -0 -0 1 0 
1 -0.32800000000000001 0.10000000000000001 0.26999999999999996 -0 0.82580098187352979 0.56396164615753275 0 0.56396164615753275 -0.82580098187352979 -1 0 -0 
1 0.27200000000000002 0.27200000000000002 -0.02 -0 1 0 0 0 1 1 0 -0 
Triangulations 0

TShapes 843
Ve
1e-07
-0.328 -0.328 -0.02
0 0

0101101
*
Ve
1e-07
-0.328 -0.328 0.27
0 0

0101101
*
Ed
 1e-07 1 1 0
1  1 0 0 0.29
0

0101000
+843 0 -842 0 *
Ve
1e-07
-0.328 -0.272 -0.02
0 0

0101101
*
Ed
 1e-07 1 1 0
1  2 0 0 0.056
0

0101000
-840 0 +843 0 *
Ve
1.50000000062063e-07
-0.328 -0.272 0.229
0 0

0101101
*
Ed
 1e-07 1 1 0
1  3 0 0 0.249
0

0101000
+840 0 -838 0 *
Ve
1e-07
-0.328 -0.272 0.27
0 0

0101101
*
Ed
 1e-07 1 1 0
1  4 0 0.249 0.29
0

0101000
+838 0 -836 0 *
Ed
 1e-07 1 1 0
1  5 0 0 0.056
0

0101000
+842 0 -836 0 *
Wi

0101100
-841 0 +839 0 +837 0 +835 0 -834 0 *
Fa
0  1e-07 1 0

0111000
+833 0 *
Ve
1e-07
-0.272 -0.328 -0.02
0 0

0101101
*
Ve
1.50000000062063e-07
-0.272 -0.328 0.229
0 0

0101101
*
Ed
 1e-07 1 1 0
1  6 0 0 0.249
0

0101000
+831 0 -830 0 *
Ed
 1e-07 1 1 0
1  7 0 0 0.056
0

0101000
-831 0 +843 0 *
Ve
1e-07
-0.272 -0.328 0.27
0 0

0101101
*
Ed
 1e-07 1 1 0
1  8 0 0 0.056
0

0101000
+827 0 -842 0 *
Ed
 1e-07 1 1 0
1  9 0 0.249 0.29
0

0101000
+830 0 -827 0 *
Wi

0101100
-829 0 -828 0 +841 0 -826 0 -825 0 *
Fa
0  1e-07 2 0

0111000
+824 0 *
Ve
1e-07
-0.272 -0.272 -0.02
0 0

0101101
*
Ve
1.50000000083267e-07
-0.272 -0.272 0.229
0 0

0101101
*
Ed
 1e-07 1 1 0
1  10 0 0 0.249
0

0101000
+822 0 -821 0 *
Ve
1.50000000027756e-07
-0.3 -0.272 0.188
0 0

0101101
*
Ed
 1.5e-07 1 1 0
1  11 0 0.0689543819864398 0.118603148335665
0

0101000
+819 0 -821 0 *
Ed
 1.5e-07 1 1 0
1  12 0 -0.127636605417867 -0.0779878390686416
0

0101000
+838 0 -819 0 *
Ed
 1e-07 1 1 0
1  13 0 0 0.056
0

0101000
-822 0 +840 0 *
Wi

0101100
-820 0 +818 0 +817 0 +837 0 -816 0 *
Fa
0  1e-07 3 0

0101000
+815 0 *
Ed
 1e-07 1 1 0
1  14 0 0 0.056
0

0101000
-822 0 +831 0 *
Wi

0101100
-839 0 -816 0 +813 0 +828 0 *
Fa
0  1e-07 4 0

0111000
+812 0 *
Ve
1.50000000027756e-07
-0.272 -0.3 0.188
0 0

0101101
*
Ed
 1.5e-07 1 1 0
1  15 0 -0.127636605417867 -0.0779878390686416
0

0101000
+830 0 -810 0 *
Ed
 1.5e-07 1 1 0
1  16 0 0.0689543819864398 0.118603148335665
0

0101000
+810 0 -821 0 *
Wi

0101100
-829 0 -809 0 -808 0 +820 0 +813 0 *
Fa
0  1e-07 5 0

0101000
+807 0 *
Ve
1.5000000005722e-07
-0.3 -0.1 0.188
0 0

0101101
*
Ed
 1e-07 1 1 0
1  17 0 0.056 0.228
0

0101000
+819 0 -805 0 *
Ve
1.50000000039252e-07
-0.272 -0.128 0.229
0 0

0101101
*
Ed
 1.5e-07 1 1 0
1  18 0 0.0137456140350878 0.0707456140350877
0

0101000
+803 0 -805 0 *
Ed
 1e-07 1 1 0
1  19 0 0.056 0.2
0

0101000
+821 0 -803 0 *
Wi

0101100
+818 0 -804 0 +802 0 +801 0 *
Fa
0  1e-07 6 0

0101000
+800 0 *
Ve
1.5e-07
-0.328 -0.128 0.229
0 0

0101101
*
Ed
 1e-07 1 1 0
1  20 0 0.056 0.2
0

0101000
+838 0 -798 0 *
Ed
 1.5e-07 1 1 0
1  21 0 -0.0628771929824561 -0.00587719298245615
0

0101000
+805 0 -798 0 *
Wi

0101100
+817 0 -797 0 +796 0 +804 0 *
Fa
0  1e-07 7 0

0101000
+795 0 *
Ve
1.5e-07
-0.128 -0.328 0.229
0 0

0101101
*
Ed
 1e-07 1 1 0
1  22 0 0.056 0.2
0

0101000
+830 0 -793 0 *
Ve
1.5000000005722e-07
-0.1 -0.3 0.188
0 0

0101101
*
Ed
 1.5e-07 1 1 0
1  23 0 -0.0628771929824561 -0.00587719298245615
0

0101000
+791 0 -793 0 *
Ed
 1e-07 1 1 0
1  24 0 0.056 0.228
0

0101000
+810 0 -791 0 *
Wi

0101100
+809 0 -792 0 +790 0 +789 0 *
Fa
0  1e-07 8 0

0101000
+788 0 *
Ve
1.50000000039252e-07
-0.128 -0.272 0.229
0 0

0101101
*
Ed
 1.5e-07 1 1 0
1  25 0 0.0137456140350878 0.0707456140350877
0

0101000
+786 0 -791 0 *
Ed
 1e-07 1 1 0
1  26 0 0.056 0.2
0

0101000
+821 0 -786 0 *
Wi

0101100
+808 0 -789 0 +785 0 +784 0 *
Fa
0  1e-07 9 0

0101000
+783 0 *
Ve
1.50000000027756e-07
-0.128 -0.128 0.229
0 0

0101101
*
Ed
 1e-07 1 1 0
1  27 0 0.056 0.2
0

0101000
+803 0 -781 0 *
Ve
1.50000000058878e-07
-0.1 -0.1 0.188
0 0

0101101
*
Ed
 1.5e-07 1 1 0
1  28 0 -0.112 -0.0550000000000001
0

0101000
+779 0 -781 0 *
Ed
 1e-07 1 1 0
1  29 0 0.028 0.228
0

0101000
+805 0 -779 0 *
Wi

0101100
+802 0 -780 0 +778 0 +777 0 *
Fa
0  1e-07 10 0

0101000
+776 0 *
Ve
1.50000000055511e-07
-0.3 -0.272 0.27
0 0

0101101
*
Ed
 1.5e-07 1 1 0
1  30 0 0.0621969129762309 0.111845679325456
0

0101000
+821 0 -774 0 *
Ve
1.50000000104775e-07
-0.3 -0.1 0.27
0 0

0101101
*
Ed
 1.5e-07 1 1 0
1  31 0 -0.0707456140350878 -0.0137456140350878
0

0101000
+772 0 -803 0 *
Ed
 1e-07 1 1 0
1  32 0 0.056 0.228
0

0101000
+774 0 -772 0 *
Wi

0101100
+773 0 -801 0 +771 0 +770 0 *
Fa
0  1e-07 11 0

0101000
+769 0 *
Ed
 1.5e-07 1 1 0
1  33 0 -0.15246098859248 -0.102812222243254
0

0101000
+774 0 -838 0 *
Ed
 1.5e-07 1 1 0
1  34 0 0.0491228070175439 0.106122807017544
0

0101000
+798 0 -772 0 *
Wi

0101100
+767 0 -770 0 +766 0 +797 0 *
Fa
0  1e-07 12 0

0101000
+765 0 *
Ve
1e-07
-0.328 -0.1 0.188
0 0

0101101
*
Ed
 1e-07 1 1 0
1  35 0 0 0.0496487663492256
0

0101000
+763 0 -798 0 *
Ed
 1e-07 1 1 0
1  36 0 0 0.028
0

0101000
+763 0 -805 0 *
Wi

0101100
-762 0 +796 0 +761 0 *
Fa
0  1e-07 13 0

0101000
+760 0 *
Ve
1.50000000055511e-07
-0.272 -0.3 0.27
0 0

0101101
*
Ed
 1.5e-07 1 1 0
1  37 0 -0.15246098859248 -0.102812222243254
0

0101000
+758 0 -830 0 *
Ve
1.50000000104775e-07
-0.1 -0.3 0.27
0 0

0101101
*
Ed
 1e-07 1 1 0
1  38 0 0.056 0.228
0

0101000
+758 0 -756 0 *
Ed
 1.5e-07 1 1 0
1  39 0 0.0491228070175439 0.106122807017544
0

0101000
+793 0 -756 0 *
Wi

0101100
+757 0 -755 0 +754 0 +792 0 *
Fa
0  1e-07 14 0

0101000
+753 0 *
Ve
1e-07
-0.1 -0.328 0.188
0 0

0101101
*
Ed
 1e-07 1 1 0
1  40 0 0 0.0496487663492256
0

0101000
+751 0 -793 0 *
Ed
 1e-07 1 1 0
1  41 0 0 0.028
0

0101000
+751 0 -791 0 *
Wi

0101100
-750 0 +790 0 +749 0 *
Fa
0  1e-07 15 0

0101000
+748 0 *
Ed
 1e-07 1 1 0
1  42 0 0.056 0.2
0

0101000
+786 0 -781 0 *
Ed
 1e-07 1 1 0
1  43 0 0.028 0.228
0

0101000
+791 0 -779 0 *
Wi

0101100
+785 0 -746 0 +778 0 +745 0 *
Fa
0  1e-07 16 0

0101000
+744 0 *
Ed
 1.5e-07 1 1 0
1  44 0 0.0621969129762309 0.111845679325456
0

0101000
+821 0 -758 0 *
Ed
 1.5e-07 1 1 0
1  45 0 -0.0707456140350878 -0.0137456140350878
0

0101000
+756 0 -786 0 *
Wi

0101100
+742 0 -784 0 +741 0 +755 0 *
Fa
0  1e-07 17 0

0101000
+740 0 *
Ed
 1e-07 1 1 0
1  46 0 0 0.028
0

0101000
+827 0 -758 0 *
Ve
1e-07
-0.272 -0.272 0.27
0 0

0101101
*
Ed
 1e-07 1 1 0
1  47 0 0.028 0.056
0

0101000
+758 0 -737 0 *
Ed
 1e-07 1 1 0
1  48 0 0.028 0.056
0

0101000
+774 0 -737 0 *
Ed
 1e-07 1 1 0
1  49 0 0 0.028
0

0101000
+836 0 -774 0 *
Wi

0101100
-834 0 -826 0 +738 0 +736 0 -735 0 -734 0 *
Fa
0  1e-07 18 0

0111000
+733 0 *
Wi

0101100
+767 0 +734 0 +835 0 *
Fa
0  1e-07 19 0

0101000
+731 0 *
Ve
1.50000000058878e-07
-0.1 -0.1 0.27
0 0

0101101
*
Ed
 1e-07 1 1 0
1  50 0 0.028 0.228
0

0101000
+772 0 -729 0 *
Ed
 1.5e-07 1 1 0
1  51 0 0.0982456140350877 0.155245614035088
0

0101000
+781 0 -729 0 *
Wi

0101100
+771 0 -728 0 +727 0 +780 0 *
Fa
0  1e-07 20 0

0101000
+726 0 *
Ve
1.50000000039252e-07
-0.272 -0.072 0.229
0 0

0101101
*
Ed
 1.5e-07 1 1 0
1  52 0 0.0196315789473685 0.0766315789473685
0

0101000
+805 0 -724 0 *
Ve
1.50000000048074e-07
-0.128 -0.072 0.229
0 0

0101101
*
Ed
 1.5e-07 1 1 0
1  53 0 -0.0353771929824561 0.0216228070175438
0

0101000
+722 0 -779 0 *
Ed
 1e-07 1 1 0
1  54 0 0.056 0.2
0

0101000
+724 0 -722 0 *
Wi

0101100
+723 0 -777 0 +721 0 +720 0 *
Fa
0  1e-07 21 0

0101000
+719 0 *
Ed
 1e-07 1 1 0
1  55 0 0.249 0.29
0

0101000
+821 0 -737 0 *
Wi

0101100
-717 0 +735 0 +773 0 *
Fa
0  1e-07 22 0

0101000
+716 0 *
Ve
1e-07
-0.328 -0.1 0.27
0 0

0101101
*
Ed
 1e-07 1 1 0
1  56 0 0 0.0496487663492256
0

0101000
+798 0 -714 0 *
Ed
 1e-07 1 1 0
1  57 0 0 0.028
0

0101000
+714 0 -772 0 *
Wi

0101100
-713 0 -712 0 +766 0 *
Fa
0  1e-07 23 0

0101000
+711 0 *
Ve
1.50000000083267e-07
-0.328 -0.072 0.229
0 0

0101101
*
Ed
 1e-07 1 1 0
1  58 0 0 0.0496487663492256
0

0101000
+714 0 -709 0 *
Ed
 1e-07 1 1 0
1  59 0 0 0.0496487663492256
0

0101000
+709 0 -763 0 *
Wi

0101100
+762 0 +713 0 +708 0 +707 0 *
Fa
0  1e-07 24 0

0101000
+706 0 *
Ed
 1.5e-07 1 1 0
1  60 0 -0.0845 -0.0275
0

0101000
+709 0 -805 0 *
Wi

0101100
-707 0 -761 0 +704 0 *
Fa
0  1e-07 25 0

0101000
+703 0 *
Wi

0101100
-825 0 -738 0 -757 0 *
Fa
0  1e-07 26 0

0101000
+701 0 *
Ve
1e-07
-0.1 -0.328 0.27
0 0

0101101
*
Ed
 1e-07 1 1 0
1  61 0 0 0.0496487663492256
0

0101000
+793 0 -699 0 *
Ed
 1e-07 1 1 0
1  62 0 0 0.028
0

0101000
+699 0 -756 0 *
Wi

0101100
-698 0 -697 0 +754 0 *
Fa
0  1e-07 27 0

0101000
+696 0 *
Ve
1.50000000083267e-07
-0.072 -0.328 0.229
0 0

0101101
*
Ed
 1e-07 1 1 0
1  63 0 0 0.0496487663492256
0

0101000
+699 0 -694 0 *
Ed
 1e-07 1 1 0
1  64 0 0 0.0496487663492256
0

0101000
+694 0 -751 0 *
Wi

0101100
+750 0 +698 0 +693 0 +692 0 *
Fa
0  1e-07 28 0

0101000
+691 0 *
Ed
 1.5e-07 1 1 0
1  65 0 -0.0845 -0.0275
0

0101000
+694 0 -791 0 *
Wi

0101100
-692 0 -749 0 +689 0 *
Fa
0  1e-07 29 0

0101000
+688 0 *
Ed
 1e-07 1 1 0
1  66 0 0.028 0.228
0

0101000
+756 0 -729 0 *
Wi

0101100
+741 0 -686 0 +727 0 +746 0 *
Fa
0  1e-07 30 0

0101000
+685 0 *
Ve
1.50000000039252e-07
-0.072 -0.272 0.229
0 0

0101101
*
Ed
 1.5e-07 1 1 0
1  67 0 0.0196315789473685 0.0766315789473685
0

0101000
+791 0 -683 0 *
Ve
1.50000000048074e-07
-0.072 -0.128 0.229
0 0

0101101
*
Ed
 1.5e-07 1 1 0
1  68 0 -0.0353771929824561 0.0216228070175438
0

0101000
+681 0 -779 0 *
Ed
 1e-07 1 1 0
1  69 0 0.056 0.2
0

0101000
+683 0 -681 0 *
Wi

0101100
+682 0 -745 0 +680 0 +679 0 *
Fa
0  1e-07 31 0

0101000
+678 0 *
Wi

0101100
-742 0 -736 0 +717 0 *
Fa
0  1e-07 32 0

0101000
+676 0 *
Ed
 1.5e-07 1 1 0
1  70 0 -0.119877192982456 -0.0628771929824562
0

0101000
+724 0 -772 0 *
Ed
 1.5e-07 1 1 0
1  71 0 -0.0216228070175438 0.0353771929824561
0

0101000
+729 0 -722 0 *
Wi

0101100
+674 0 -720 0 +673 0 +728 0 *
Fa
0  1e-07 33 0

0101000
+672 0 *
Ve
1.50000000069389e-07
-0.3 0.1 0.188
0 0

0101101
*
Ed
 1e-07 1 1 0
1  72 0 0.228 0.428
0

0101000
+805 0 -670 0 *
Ve
1.50000000069389e-07
-0.272 0.072 0.229
0 0

0101101
*
Ed
 1.5e-07 1 1 0
1  73 0 0.0628684210526316 0.119868421052632
0

0101000
+668 0 -670 0 *
Ed
 1e-07 1 1 0
1  74 0 0.256 0.4
0

0101000
+724 0 -668 0 *
Wi

0101100
+723 0 -669 0 +667 0 +666 0 *
Fa
0  1e-07 34 0

0101000
+665 0 *
Ve
1.50000000078505e-07
-0.128 0.072 0.229
0 0

0101101
*
Ed
 1e-07 1 1 0
1  75 0 0.256 0.4
0

0101000
+722 0 -663 0 *
Ve
1.50000000050037e-07
-0.1 0.1 0.188
0 0

0101101
*
Ed
 1.5e-07 1 1 0
1  76 0 -0.161122807017544 -0.104122807017544
0

0101000
+661 0 -663 0 *
Ed
 1e-07 1 1 0
1  77 0 0.228 0.428
0

0101000
+779 0 -661 0 *
Wi

0101100
+721 0 -662 0 +660 0 +659 0 *
Fa
0  1e-07 35 0

0101000
+658 0 *
Ed
 1.5e-07 1 1 0
1  78 0 0.0275 0.0845
0

0101000
+772 0 -709 0 *
Wi

0101100
-708 0 +656 0 +712 0 *
Fa
0  1e-07 36 0

0101000
+655 0 *
Ve
1.50000000083267e-07
-0.328 0.072 0.229
0 0

0101101
*
Ed
 1e-07 1 1 0
1  79 0 0.256 0.4
0

0101000
+709 0 -653 0 *
Ed
 1.5e-07 1 1 0
1  80 0 -0.112 -0.055
0

0101000
+670 0 -653 0 *
Wi

0101100
+704 0 -652 0 +651 0 +669 0 *
Fa
0  1e-07 37 0

0101000
+650 0 *
Ed
 1.5e-07 1 1 0
1  81 0 0.0275 0.0845
0

0101000
+756 0 -694 0 *
Wi

0101100
-693 0 +648 0 +697 0 *
Fa
0  1e-07 38 0

0101000
+647 0 *
Ve
1.50000000083267e-07
0.072 -0.328 0.229
0 0

0101101
*
Ed
 1e-07 1 1 0
1  82 0 0.256 0.4
0

0101000
+694 0 -645 0 *
Ve
1.50000000069389e-07
0.1 -0.3 0.188
0 0

0101101
*
Ed
 1.5e-07 1 1 0
1  83 0 -0.112 -0.055
0

0101000
+643 0 -645 0 *
Ed
 1e-07 1 1 0
1  84 0 0.228 0.428
0

0101000
+791 0 -643 0 *
Wi

0101100
+689 0 -644 0 +642 0 +641 0 *
Fa
0  1e-07 39 0

0101000
+640 0 *
Ed
 1.5e-07 1 1 0
1  85 0 -0.119877192982456 -0.0628771929824562
0

0101000
+683 0 -756 0 *
Ed
 1.5e-07 1 1 0
1  86 0 -0.0216228070175438 0.0353771929824561
0

0101000
+729 0 -681 0 *
Wi

0101100
+638 0 -679 0 +637 0 +686 0 *
Fa
0  1e-07 40 0

0101000
+636 0 *
Ve
1.50000000069389e-07
0.072 -0.272 0.229
0 0

0101101
*
Ed
 1.5e-07 1 1 0
1  87 0 0.0628684210526316 0.119868421052632
0

0101000
+634 0 -643 0 *
Ed
 1e-07 1 1 0
1  88 0 0.256 0.4
0

0101000
+683 0 -634 0 *
Wi

0101100
+682 0 -641 0 +633 0 +632 0 *
Fa
0  1e-07 41 0

0101000
+631 0 *
Ve
1.50000000078505e-07
0.072 -0.128 0.229
0 0

0101101
*
Ed
 1e-07 1 1 0
1  89 0 0.256 0.4
0

0101000
+681 0 -629 0 *
Ve
1.50000000050037e-07
0.1 -0.1 0.188
0 0

0101101
*
Ed
 1.5e-07 1 1 0
1  90 0 -0.161122807017544 -0.104122807017544
0

0101000
+627 0 -629 0 *
Ed
 1e-07 1 1 0
1  91 0 0.228 0.428
0

0101000
+779 0 -627 0 *
Wi

0101100
+680 0 -628 0 +626 0 +625 0 *
Fa
0  1e-07 42 0

0101000
+624 0 *
Ve
1.50000000097145e-07
-0.3 0.1 0.27
0 0

0101101
*
Ed
 1.5e-07 1 1 0
1  92 0 -0.119868421052632 -0.0628684210526317
0

0101000
+622 0 -668 0 *
Ed
 1e-07 1 1 0
1  93 0 0.228 0.428
0

0101000
+772 0 -622 0 *
Wi

0101100
+674 0 -666 0 +621 0 +620 0 *
Fa
0  1e-07 43 0

0101000
+619 0 *
Ve
1.50000000088861e-07
-0.1 0.1 0.27
0 0

0101101
*
Ed
 1e-07 1 1 0
1  94 0 0.228 0.428
0

0101000
+729 0 -617 0 *
Ed
 1.5e-07 1 1 0
1  95 0 0.147368421052632 0.204368421052632
0

0101000
+663 0 -617 0 *
Wi

0101100
-616 0 +615 0 +662 0 +673 0 *
Fa
0  1e-07 44 0

0101000
+614 0 *
Ed
 1e-07 1 1 0
1  96 0 0.056 0.2
0

0101000
+668 0 -663 0 *
Ed
 1e-07 1 1 0
1  97 0 0.028 0.228
0

0101000
+670 0 -661 0 *
Wi

0101100
+667 0 -612 0 +660 0 +611 0 *
Fa
0  1e-07 45 0

0101000
+610 0 *
Ve
1.50000000062063e-07
-0.072 0.072 0.229
0 0

0101101
*
Ed
 1.5e-07 1 1 0
1  98 0 0.0137456140350878 0.0707456140350877
0

0101000
+608 0 -661 0 *
Ve
1.50000000058878e-07
-0.072 -0.072 0.229
0 0

0101101
*
Ed
 1e-07 1 1 0
1  99 0 0.256 0.4
0

0101000
+606 0 -608 0 *
Ed
 1.5e-07 1 1 0
1  100 0 0.0687543859649123 0.125754385964912
0

0101000
+779 0 -606 0 *
Wi

0101100
-659 0 +607 0 +605 0 +604 0 *
Fa
0  1e-07 46 0

0101000
+603 0 *
Ed
 1.5e-07 1 1 0
1  101 0 0.0982456140350878 0.155245614035088
0

0101000
+653 0 -622 0 *
Wi

0101100
+656 0 -620 0 +601 0 +652 0 *
Fa
0  1e-07 47 0

0101000
+600 0 *
Ve
1e-07
-0.328 0.1 0.188
0 0

0101101
*
Ed
 1e-07 1 1 0
1  102 0 0 0.0496487663492256
0

0101000
+598 0 -653 0 *
Ed
 1e-07 1 1 0
1  103 0 0 0.028
0

0101000
+598 0 -670 0 *
Wi

0101100
-597 0 +651 0 +596 0 *
Fa
0  1e-07 48 0

0101000
+595 0 *
Ve
1.50000000097145e-07
0.1 -0.3 0.27
0 0

0101101
*
Ed
 1e-07 1 1 0
1  104 0 0.228 0.428
0

0101000
+756 0 -593 0 *
Ed
 1.5e-07 1 1 0
1  105 0 0.0982456140350878 0.155245614035088
0

0101000
+645 0 -593 0 *
Wi

0101100
+648 0 -592 0 +591 0 +644 0 *
Fa
0  1e-07 49 0

0101000
+590 0 *
Ve
1e-07
0.1 -0.328 0.188
0 0

0101101
*
Ed
 1e-07 1 1 0
1  106 0 0 0.0496487663492256
0

0101000
+588 0 -645 0 *
Ed
 1e-07 1 1 0
1  107 0 0 0.028
0

0101000
+588 0 -643 0 *
Wi

0101100
-587 0 +642 0 +586 0 *
Fa
0  1e-07 50 0

0101000
+585 0 *
Ed
 1.5e-07 1 1 0
1  108 0 -0.119868421052632 -0.0628684210526317
0

0101000
+593 0 -634 0 *
Wi

0101100
+638 0 -632 0 +583 0 +592 0 *
Fa
0  1e-07 51 0

0101000
+582 0 *
Ve
1.50000000088861e-07
0.1 -0.1 0.27
0 0

0101101
*
Ed
 1e-07 1 1 0
1  109 0 0.228 0.428
0

0101000
+729 0 -580 0 *
Ed
 1.5e-07 1 1 0
1  110 0 0.147368421052632 0.204368421052632
0

0101000
+629 0 -580 0 *
Wi

0101100
-579 0 +578 0 +628 0 +637 0 *
Fa
0  1e-07 52 0

0101000
+577 0 *
Ed
 1e-07 1 1 0
1  111 0 0.056 0.2
0

0101000
+634 0 -629 0 *
Ed
 1e-07 1 1 0
1  112 0 0.028 0.228
0

0101000
+643 0 -627 0 *
Wi

0101100
+633 0 -575 0 +626 0 +574 0 *
Fa
0  1e-07 53 0

0101000
+573 0 *
Ve
1.50000000062063e-07
0.072 -0.072 0.229
0 0

0101101
*
Ed
 1.5e-07 1 1 0
1  113 0 0.0137456140350878 0.0707456140350877
0

0101000
+571 0 -627 0 *
Ed
 1e-07 1 1 0
1  114 0 0.256 0.4
0

0101000
+606 0 -571 0 *
Wi

0101100
-625 0 +570 0 +569 0 +604 0 *
Fa
0  1e-07 54 0

0101000
+568 0 *
Ed
 1e-07 1 1 0
1  115 0 0.028 0.228
0

0101000
+622 0 -617 0 *
Wi

0101100
+621 0 -566 0 +615 0 +612 0 *
Fa
0  1e-07 55 0

0101000
+565 0 *
Ed
 1.5e-07 1 1 0
1  116 0 -0.169 -0.112
0

0101000
+606 0 -729 0 *
Ed
 1.5e-07 1 1 0
1  117 0 -0.0707456140350877 -0.0137456140350877
0

0101000
+617 0 -608 0 *
Wi

0101100
+563 0 -605 0 +562 0 +616 0 *
Fa
0  1e-07 56 0

0101000
+561 0 *
Ve
1.50000000055511e-07
-0.272 0.128 0.229
0 0

0101101
*
Ed
 1.5e-07 1 1 0
1  118 0 0.0687543859649123 0.125754385964912
0

0101000
+670 0 -559 0 *
Ve
1.50000000062063e-07
-0.128 0.128 0.229
0 0

0101101
*
Ed
 1.5e-07 1 1 0
1  119 0 -0.0845 -0.0275000000000001
0

0101000
+557 0 -661 0 *
Ed
 1e-07 1 1 0
1  120 0 0.056 0.2
0

0101000
+559 0 -557 0 *
Wi

0101100
+558 0 -611 0 +556 0 +555 0 *
Fa
0  1e-07 57 0

0101000
+554 0 *
Ve
1.50000000058878e-07
0.072 0.072 0.229
0 0

0101101
*
Ed
 1e-07 1 1 0
1  121 0 0.256 0.4
0

0101000
+608 0 -552 0 *
Ve
1.50000000067987e-07
0.1 0.1 0.188
0 0

0101101
*
Ed
 1.5e-07 1 1 0
1  122 0 -0.210245614035088 -0.153245614035088
0

0101000
+550 0 -552 0 *
Ed
 1e-07 1 1 0
1  123 0 0.228 0.428
0

0101000
+661 0 -550 0 *
Wi

0101100
+607 0 -551 0 +549 0 +548 0 *
Fa
0  1e-07 58 0

0101000
+547 0 *
Ve
1e-07
-0.328 0.1 0.27
0 0

0101101
*
Ed
 1e-07 1 1 0
1  124 0 0 0.0496487663492256
0

0101000
+653 0 -545 0 *
Ed
 1e-07 1 1 0
1  125 0 0 0.028
0

0101000
+545 0 -622 0 *
Wi

0101100
-544 0 -543 0 +601 0 *
Fa
0  1e-07 59 0

0101000
+542 0 *
Ve
1.50000000083267e-07
-0.328 0.128 0.229
0 0

0101101
*
Ed
 1e-07 1 1 0
1  126 0 0 0.0496487663492256
0

0101000
+545 0 -540 0 *
Ed
 1e-07 1 1 0
1  127 0 0 0.0496487663492256
0

0101000
+540 0 -598 0 *
Wi

0101100
+597 0 +544 0 +539 0 +538 0 *
Fa
0  1e-07 60 0

0101000
+537 0 *
Ed
 1.5e-07 1 1 0
1  128 0 -0.133622807017544 -0.0766228070175439
0

0101000
+540 0 -670 0 *
Wi

0101100
-538 0 -596 0 +535 0 *
Fa
0  1e-07 61 0

0101000
+534 0 *
Ve
1e-07
0.1 -0.328 0.27
0 0

0101101
*
Ed
 1e-07 1 1 0
1  129 0 0 0.0496487663492256
0

0101000
+645 0 -532 0 *
Ed
 1e-07 1 1 0
1  130 0 0 0.028
0

0101000
+532 0 -593 0 *
Wi

0101100
-531 0 -530 0 +591 0 *
Fa
0  1e-07 62 0

0101000
+529 0 *
Ve
1.50000000083267e-07
0.128 -0.328 0.229
0 0

0101101
*
Ed
 1e-07 1 1 0
1  131 0 0 0.0496487663492256
0

0101000
+532 0 -527 0 *
Ed
 1e-07 1 1 0
1  132 0 0 0.0496487663492256
0

0101000
+527 0 -588 0 *
Wi

0101100
+587 0 +531 0 +526 0 +525 0 *
Fa
0  1e-07 63 0

0101000
+524 0 *
Ed
 1.5e-07 1 1 0
1  133 0 -0.133622807017544 -0.0766228070175439
0

0101000
+527 0 -643 0 *
Wi

0101100
-525 0 -586 0 +522 0 *
Fa
0  1e-07 64 0

0101000
+521 0 *
Ed
 1e-07 1 1 0
1  134 0 0.028 0.228
0

0101000
+593 0 -580 0 *
Wi

0101100
+583 0 -519 0 +578 0 +575 0 *
Fa
0  1e-07 65 0

0101000
+518 0 *
Ed
 1.5e-07 1 1 0
1  135 0 -0.0707456140350877 -0.0137456140350877
0

0101000
+580 0 -571 0 *
Wi

0101100
+563 0 -569 0 +516 0 +579 0 *
Fa
0  1e-07 66 0

0101000
+515 0 *
Ve
1.50000000055511e-07
0.128 -0.272 0.229
0 0

0101101
*
Ed
 1.5e-07 1 1 0
1  136 0 0.0687543859649123 0.125754385964912
0

0101000
+643 0 -513 0 *
Ve
1.50000000062063e-07
0.128 -0.128 0.229
0 0

0101101
*
Ed
 1.5e-07 1 1 0
1  137 0 -0.0845 -0.0275000000000001
0

0101000
+511 0 -627 0 *
Ed
 1e-07 1 1 0
1  138 0 0.056 0.2
0

0101000
+513 0 -511 0 *
Wi

0101100
+512 0 -574 0 +510 0 +509 0 *
Fa
0  1e-07 67 0

0101000
+508 0 *
Ed
 1e-07 1 1 0
1  139 0 0.256 0.4
0

0101000
+571 0 -552 0 *
Ed
 1e-07 1 1 0
1  140 0 0.228 0.428
0

0101000
+627 0 -550 0 *
Wi

0101100
+570 0 -506 0 +549 0 +505 0 *
Fa
0  1e-07 68 0

0101000
+504 0 *
Ed
 1.5e-07 1 1 0
1  141 0 -0.169 -0.112
0

0101000
+559 0 -622 0 *
Ed
 1.5e-07 1 1 0
1  142 0 0.0275000000000001 0.0845
0

0101000
+617 0 -557 0 *
Wi

0101100
+502 0 -555 0 +501 0 +566 0 *
Fa
0  1e-07 69 0

0101000
+500 0 *
Ve
1.50000000058878e-07
0.1 0.1 0.27
0 0

0101101
*
Ed
 1e-07 1 1 0
1  143 0 0.228 0.428
0

0101000
+617 0 -498 0 *
Ed
 1.5e-07 1 1 0
1  144 0 0.196491228070176 0.253491228070175
0

0101000
+552 0 -498 0 *
Wi

0101100
-497 0 +496 0 +551 0 +562 0 *
Fa
0  1e-07 70 0

0101000
+495 0 *
Ve
1.50000000062063e-07
-0.3 0.272 0.188
0 0

0101101
*
Ed
 1e-07 1 1 0
1  145 0 0.428 0.6
0

0101000
+670 0 -493 0 *
Ve
1.50000000228878e-07
-0.272 0.272 0.229
0 0

0101101
*
Ed
 1.5e-07 1 1 0
1  146 0 0.0689543819864398 0.118603148335665
0

0101000
+493 0 -491 0 *
Ed
 1e-07 1 1 0
1  147 0 0.456 0.6
0

0101000
+559 0 -491 0 *
Wi

0101100
-492 0 -490 0 +489 0 +558 0 *
Fa
0  1e-07 71 0

0101000
+488 0 *
Ve
1.50000000111022e-07
-0.128 0.272 0.229
0 0

0101101
*
Ed
 1e-07 1 1 0
1  148 0 0.456 0.6
0

0101000
+557 0 -486 0 *
Ve
1.50000000171097e-07
-0.1 0.3 0.188
0 0

0101101
*
Ed
 1.5e-07 1 1 0
1  149 0 -0.210245614035088 -0.153245614035088
0

0101000
+484 0 -486 0 *
Ed
 1e-07 1 1 0
1  150 0 0.428 0.628
0

0101000
+661 0 -484 0 *
Wi

0101100
+556 0 -485 0 +483 0 +482 0 *
Fa
0  1e-07 72 0

0101000
+481 0 *
Ve
1.50000000069389e-07
0.072 0.128 0.229
0 0

0101101
*
Ed
 1.5e-07 1 1 0
1  151 0 -0.0353771929824561 0.0216228070175438
0

0101000
+479 0 -550 0 *
Ve
1.50000000055511e-07
-0.072 0.128 0.229
0 0

0101101
*
Ed
 1e-07 1 1 0
1  152 0 0.256 0.4
0

0101000
+477 0 -479 0 *
Ed
 1.5e-07 1 1 0
1  153 0 0.117877192982456 0.174877192982456
0

0101000
+661 0 -477 0 *
Wi

0101100
-548 0 +478 0 +476 0 +475 0 *
Fa
0  1e-07 73 0

0101000
+474 0 *
Ed
 1.5e-07 1 1 0
1  154 0 0.0766228070175439 0.133622807017544
0

0101000
+622 0 -540 0 *
Wi

0101100
-539 0 +472 0 +543 0 *
Fa
0  1e-07 74 0

0101000
+471 0 *
Ve
1.50000000230555e-07
-0.328 0.272 0.229
0 0

0101101
*
Ed
 1e-07 1 1 0
1  155 0 0.456 0.6
0

0101000
+540 0 -469 0 *
Ed
 1.5e-07 1 1 0
1  156 0 -0.127636605417867 -0.0779878390686416
0

0101000
+469 0 -493 0 *
Wi

0101100
+535 0 -468 0 -467 0 +492 0 *
Fa
0  1e-07 75 0

0101000
+466 0 *
Ed
 1.5e-07 1 1 0
1  157 0 0.0766228070175439 0.133622807017544
0

0101000
+593 0 -527 0 *
Wi

0101100
-526 0 +464 0 +530 0 *
Fa
0  1e-07 76 0

0101000
+463 0 *
Ve
1.50000000230555e-07
0.272 -0.328 0.229
0 0

0101101
*
Ed
 1e-07 1 1 0
1  158 0 0.456 0.6
0

0101000
+527 0 -461 0 *
Ve
1.50000000062063e-07
0.272 -0.3 0.188
0 0

0101101
*
Ed
 1.5e-07 1 1 0
1  159 0 -0.127636605417867 -0.0779878390686416
0

0101000
+461 0 -459 0 *
Ed
 1e-07 1 1 0
1  160 0 0.428 0.6
0

0101000
+643 0 -459 0 *
Wi

0101100
+522 0 -460 0 -458 0 +457 0 *
Fa
0  1e-07 77 0

0101000
+456 0 *
Ed
 1.5e-07 1 1 0
1  161 0 -0.169 -0.112
0

0101000
+513 0 -593 0 *
Ed
 1.5e-07 1 1 0
1  162 0 0.0275000000000001 0.0845
0

0101000
+580 0 -511 0 *
Wi

0101100
+454 0 -509 0 +453 0 +519 0 *
Fa
0  1e-07 78 0

0101000
+452 0 *
Ed
 1e-07 1 1 0
1  163 0 0.228 0.428
0

0101000
+580 0 -498 0 *
Wi

0101100
-450 0 +496 0 +506 0 +516 0 *
Fa
0  1e-07 79 0

0101000
+449 0 *
Ve
1.50000000228878e-07
0.272 -0.272 0.229
0 0

0101101
*
Ed
 1.5e-07 1 1 0
1  164 0 0.0689543819864398 0.118603148335665
0

0101000
+459 0 -447 0 *
Ed
 1e-07 1 1 0
1  165 0 0.456 0.6
0

0101000
+513 0 -447 0 *
Wi

0101100
-457 0 -446 0 +445 0 +512 0 *
Fa
0  1e-07 80 0

0101000
+444 0 *
Ve
1.50000000111022e-07
0.272 -0.128 0.229
0 0

0101101
*
Ed
 1e-07 1 1 0
1  166 0 0.456 0.6
0

0101000
+511 0 -442 0 *
Ve
1.50000000171097e-07
0.3 -0.1 0.188
0 0

0101101
*
Ed
 1.5e-07 1 1 0
1  167 0 -0.210245614035088 -0.153245614035088
0

0101000
+440 0 -442 0 *
Ed
 1e-07 1 1 0
1  168 0 0.428 0.628
0

0101000
+627 0 -440 0 *
Wi

0101100
+510 0 -441 0 +439 0 +438 0 *
Fa
0  1e-07 81 0

0101000
+437 0 *
Ve
1.50000000069389e-07
0.128 0.072 0.229
0 0

0101101
*
Ed
 1.5e-07 1 1 0
1  169 0 -0.0353771929824561 0.0216228070175438
0

0101000
+435 0 -550 0 *
Ve
1.50000000055511e-07
0.128 -0.072 0.229
0 0

0101101
*
Ed
 1e-07 1 1 0
1  170 0 0.256 0.4
0

0101000
+433 0 -435 0 *
Ed
 1.5e-07 1 1 0
1  171 0 0.117877192982456 0.174877192982456
0

0101000
+627 0 -433 0 *
Wi

0101100
-505 0 +434 0 +432 0 +431 0 *
Fa
0  1e-07 82 0

0101000
+430 0 *
Ve
1.50000000124127e-07
-0.3 0.272 0.27
0 0

0101101
*
Ed
 1.5e-07 1 1 0
1  172 0 0.0621969129762309 0.111845679325456
0

0101000
+491 0 -428 0 *
Ed
 1e-07 1 1 0
1  173 0 0.428 0.6
0

0101000
+622 0 -428 0 *
Wi

0101100
+502 0 -489 0 -427 0 +426 0 *
Fa
0  1e-07 83 0

0101000
+425 0 *
Ve
1.50000000168831e-07
-0.1 0.3 0.27
0 0

0101101
*
Ed
 1e-07 1 1 0
1  174 0 0.428 0.628
0

0101000
+617 0 -423 0 *
Ed
 1.5e-07 1 1 0
1  175 0 0.196491228070175 0.253491228070175
0

0101000
+486 0 -423 0 *
Wi

0101100
-422 0 +421 0 +485 0 +501 0 *
Fa
0  1e-07 84 0

0101000
+420 0 *
Ed
 1.5e-07 1 1 0
1  176 0 -0.218122807017544 -0.161122807017544
0

0101000
+477 0 -617 0 *
Ed
 1.5e-07 1 1 0
1  177 0 -0.0216228070175438 0.0353771929824561
0

0101000
+498 0 -479 0 *
Wi

0101100
+418 0 -476 0 +417 0 +497 0 *
Fa
0  1e-07 85 0

0101000
+416 0 *
Ve
1e-07
-0.272 0.272 -0.02
0 0

0101101
*
Ed
 1e-07 1 1 0
1  178 0 0 0.249
0

0101000
+414 0 -491 0 *
Ve
1e-07
-0.328 0.272 -0.02
0 0

0101101
*
Ed
 1e-07 1 1 0
1  179 0 0 0.249
0

0101000
+412 0 -469 0 *
Ed
 1e-07 1 1 0
1  180 0 0 0.056
0

0101000
-414 0 +412 0 *
Wi

0101100
-413 0 +490 0 +467 0 +411 0 -410 0 *
Fa
0  1e-07 86 0

0101000
+409 0 *
Ve
1.5e-07
-0.272 0.3 0.188
0 0

0101101
*
Ed
 1.5e-07 1 1 0
1  181 0 -0.127636605417867 -0.0779878390686417
0

0101000
+491 0 -407 0 *
Ed
 1e-07 1 1 0
1  182 0 0.056 0.2
0

0101000
+491 0 -486 0 *
Ed
 1e-07 1 1 0
1  183 0 0.056 0.228
0

0101000
+407 0 -484 0 *
Wi

0101100
+406 0 -405 0 +483 0 +404 0 *
Fa
0  1e-07 87 0

0101000
+403 0 *
Ve
1.50000000114439e-07
-0.072 0.272 0.229
0 0

0101101
*
Ed
 1.5e-07 1 1 0
1  184 0 0.0628684210526315 0.119868421052631
0

0101000
+401 0 -484 0 *
Ed
 1e-07 1 1 0
1  185 0 0.456 0.6
0

0101000
+477 0 -401 0 *
Wi

0101100
-482 0 +400 0 +399 0 +475 0 *
Fa
0  1e-07 88 0

0101000
+398 0 *
Ve
1.50000000130923e-07
0.072 0.272 0.229
0 0

0101101
*
Ed
 1e-07 1 1 0
1  186 0 0.456 0.6
0

0101000
+479 0 -396 0 *
Ve
1.50000000180411e-07
0.1 0.3 0.188
0 0

0101101
*
Ed
 1.5e-07 1 1 0
1  187 0 -0.259368421052632 -0.202368421052632
0

0101000
+394 0 -396 0 *
Ed
 1e-07 1 1 0
1  188 0 0.428 0.628
0

0101000
+550 0 -394 0 *
Wi

0101100
+478 0 -395 0 +393 0 +392 0 *
Fa
0  1e-07 89 0

0101000
+391 0 *
Ed
 1.5e-07 1 1 0
1  189 0 -0.15246098859248 -0.102812222243254
0

0101000
+428 0 -469 0 *
Wi

0101100
-426 0 -389 0 +468 0 +472 0 *
Fa
0  1e-07 90 0

0101000
+388 0 *
Ve
1.50000000124127e-07
0.272 -0.3 0.27
0 0

0101101
*
Ed
 1e-07 1 1 0
1  190 0 0.428 0.6
0

0101000
+593 0 -386 0 *
Ed
 1.5e-07 1 1 0
1  191 0 -0.15246098859248 -0.102812222243254
0

0101000
+386 0 -461 0 *
Wi

0101100
-385 0 -384 0 +460 0 +464 0 *
Fa
0  1e-07 91 0

0101000
+383 0 *
Ve
1e-07
0.272 -0.328 -0.02
0 0

0101101
*
Ed
 1e-07 1 1 0
1  192 0 0 0.249
0

0101000
+381 0 -461 0 *
Ve
1e-07
0.272 -0.272 -0.02
0 0

0101101
*
Ed
 1e-07 1 1 0
1  193 0 0 0.249
0

0101000
+379 0 -447 0 *
Ed
 1e-07 1 1 0
1  194 0 0 0.056
0

0101000
-379 0 +381 0 *
Wi

0101100
-380 0 -458 0 -446 0 +378 0 +377 0 *
Fa
0  1e-07 92 0

0101000
+376 0 *
Ed
 1.5e-07 1 1 0
1  195 0 0.0621969129762309 0.111845679325456
0

0101000
+447 0 -386 0 *
Wi

0101100
+454 0 -445 0 -374 0 +385 0 *
Fa
0  1e-07 93 0

0101000
+373 0 *
Ve
1.50000000168831e-07
0.3 -0.1 0.27
0 0

0101101
*
Ed
 1e-07 1 1 0
1  196 0 0.428 0.628
0

0101000
+580 0 -371 0 *
Ed
 1.5e-07 1 1 0
1  197 0 0.196491228070175 0.253491228070175
0

0101000
+442 0 -371 0 *
Wi

0101100
-370 0 +369 0 +441 0 +453 0 *
Fa
0  1e-07 94 0

0101000
+368 0 *
Ed
 1.5e-07 1 1 0
1  198 0 -0.218122807017544 -0.161122807017544
0

0101000
+433 0 -580 0 *
Ed
 1.5e-07 1 1 0
1  199 0 -0.0216228070175438 0.0353771929824561
0

0101000
+498 0 -435 0 *
Wi

0101100
+366 0 -432 0 +365 0 +450 0 *
Fa
0  1e-07 95 0

0101000
+364 0 *
Ve
1.5e-07
0.3 -0.272 0.188
0 0

0101101
*
Ed
 1.5e-07 1 1 0
1  200 0 -0.127636605417867 -0.0779878390686417
0

0101000
+447 0 -362 0 *
Ed
 1e-07 1 1 0
1  201 0 0.056 0.2
0

0101000
+447 0 -442 0 *
Ed
 1e-07 1 1 0
1  202 0 0.056 0.228
0

0101000
+362 0 -440 0 *
Wi

0101100
+361 0 -360 0 +439 0 +359 0 *
Fa
0  1e-07 96 0

0101000
+358 0 *
Ve
1.50000000114439e-07
0.272 -0.072 0.229
0 0

0101101
*
Ed
 1.5e-07 1 1 0
1  203 0 0.0628684210526315 0.119868421052631
0

0101000
+356 0 -440 0 *
Ed
 1e-07 1 1 0
1  204 0 0.456 0.6
0

0101000
+433 0 -356 0 *
Wi

0101100
-438 0 +355 0 +354 0 +431 0 *
Fa
0  1e-07 97 0

0101000
+353 0 *
Ve
1.50000000130923e-07
0.272 0.072 0.229
0 0

0101101
*
Ed
 1e-07 1 1 0
1  205 0 0.456 0.6
0

0101000
+435 0 -351 0 *
Ve
1.50000000180411e-07
0.3 0.1 0.188
0 0

0101101
*
Ed
 1.5e-07 1 1 0
1  206 0 -0.259368421052632 -0.202368421052632
0

0101000
+349 0 -351 0 *
Ed
 1e-07 1 1 0
1  207 0 0.428 0.628
0

0101000
+550 0 -349 0 *
Wi

0101100
+434 0 -350 0 +348 0 +347 0 *
Fa
0  1e-07 98 0

0101000
+346 0 *
Ve
1e-07
-0.272 0.272 0.27
0 0

0101101
*
Ed
 1e-07 1 1 0
1  208 0 0.249 0.29
0

0101000
+491 0 -344 0 *
Ed
 1e-07 1 1 0
1  209 0 0.028 0.056
0

0101000
+428 0 -344 0 *
Wi

0101100
-343 0 +342 0 +427 0 *
Fa
0  1e-07 99 0

0101000
+341 0 *
Ed
 1.5e-07 1 1 0
1  210 0 -0.119868421052631 -0.0628684210526315
0

0101000
+423 0 -401 0 *
Wi

0101100
+418 0 -399 0 +339 0 +422 0 *
Fa
0  1e-07 100 0

0101000
+338 0 *
Ve
1.50000000055511e-07
-0.272 0.3 0.27
0 0

0101101
*
Ed
 1.5e-07 1 1 0
1  211 0 -0.15246098859248 -0.102812222243255
0

0101000
+336 0 -491 0 *
Ed
 1e-07 1 1 0
1  212 0 0.056 0.228
0

0101000
+336 0 -423 0 *
Wi

0101100
+335 0 -334 0 +421 0 +405 0 *
Fa
0  1e-07 101 0

0101000
+333 0 *
Ve
1.50000000177722e-07
0.1 0.3 0.27
0 0

0101101
*
Ed
 1e-07 1 1 0
1  213 0 0.428 0.628
0

0101000
+498 0 -331 0 *
Ed
 1.5e-07 1 1 0
1  214 0 0.245614035087719 0.302614035087719
0

0101000
+396 0 -331 0 *
Wi

0101100
-330 0 +329 0 +395 0 +417 0 *
Fa
0  1e-07 102 0

0101000
+328 0 *
Ve
1.50000000062063e-07
-0.272 0.328 0.229
0 0

0101101
*
Ed
 1.5e-07 1 1 0
1  215 0 0.0689543819864397 0.118603148335665
0

0101000
+407 0 -326 0 *
Ve
1e-07
-0.272 0.328 -0.02
0 0

0101101
*
Ed
 1e-07 1 1 0
1  216 0 0 0.249
0

0101000
+324 0 -326 0 *
Ed
 1e-07 1 1 0
1  217 0 0 0.056
0

0101000
-324 0 +414 0 *
Wi

0101100
-413 0 -406 0 -325 0 +323 0 +322 0 *
Fa
0  1e-07 103 0

0101000
+321 0 *
Ve
1e-07
-0.328 0.328 -0.02
0 0

0101101
*
Ed
 1e-07 1 1 0
1  218 0 0 0.056
0

0101000
-319 0 +412 0 *
Ve
1e-07
-0.328 0.328 0.27
0 0

0101101
*
Ed
 1e-07 1 1 0
1  219 0 0 0.29
0

0101000
+317 0 -319 0 *
Ve
1e-07
-0.328 0.272 0.27
0 0

0101101
*
Ed
 1e-07 1 1 0
1  220 0 0 0.056
0

0101000
+315 0 -317 0 *
Ed
 1e-07 1 1 0
1  221 0 0.249 0.29
0

0101000
+469 0 -315 0 *
Wi

0101100
-411 0 +318 0 -316 0 -314 0 -313 0 *
Fa
0  1e-07 104 0

0111000
+312 0 *
Ed
 1e-07 1 1 0
1  222 0 0 0.056
0

0101000
-324 0 +319 0 *
Wi

0101100
-318 0 -310 0 +322 0 +410 0 *
Fa
0  1e-07 105 0

0111000
+309 0 *
Ve
1.5e-07
-0.128 0.328 0.229
0 0

0101101
*
Ed
 1.5e-07 1 1 0
1  223 0 -0.133622807017544 -0.0766228070175441
0

0101000
+307 0 -484 0 *
Ed
 1e-07 1 1 0
1  224 0 0.056 0.2
0

0101000
+326 0 -307 0 *
Wi

0101100
+325 0 -404 0 +306 0 +305 0 *
Fa
0  1e-07 106 0

0101000
+304 0 *
Ed
 1e-07 1 1 0
1  225 0 0.256 0.4
0

0101000
+401 0 -396 0 *
Ed
 1e-07 1 1 0
1  226 0 0.228 0.428
0

0101000
+484 0 -394 0 *
Wi

0101100
+400 0 -302 0 +393 0 +301 0 *
Fa
0  1e-07 107 0

0101000
+300 0 *
Ve
1.50000000127192e-07
0.128 0.272 0.229
0 0

0101101
*
Ed
 1.5e-07 1 1 0
1  227 0 0.0137456140350876 0.0707456140350876
0

0101000
+298 0 -394 0 *
Ve
1.50000000096148e-07
0.128 0.128 0.229
0 0

0101101
*
Ed
 1e-07 1 1 0
1  228 0 0.456 0.6
0

0101000
+296 0 -298 0 *
Ed
 1.5e-07 1 1 0
1  229 0 0.167 0.224
0

0101000
+550 0 -296 0 *
Wi

0101100
-392 0 +297 0 +295 0 +294 0 *
Fa
0  1e-07 108 0

0101000
+293 0 *
Ed
 1e-07 1 1 0
1  230 0 0 0.028
0

0101000
+315 0 -428 0 *
Wi

0101100
+389 0 +291 0 +313 0 *
Fa
0  1e-07 109 0

0101000
+290 0 *
Ve
1e-07
0.272 -0.328 0.27
0 0

0101101
*
Ed
 1e-07 1 1 0
1  231 0 0.249 0.29
0

0101000
+461 0 -288 0 *
Ed
 1e-07 1 1 0
1  232 0 0 0.028
0

0101000
+288 0 -386 0 *
Wi

0101100
-287 0 -286 0 -384 0 *
Fa
0  1e-07 110 0

0101000
+285 0 *
Ve
1e-07
0.328 -0.328 -0.02
0 0

0101101
*
Ve
1e-07
0.328 -0.328 0.27
0 0

0101101
*
Ed
 1e-07 1 1 0
1  233 0 0 0.29
0

0101000
+283 0 -282 0 *
Ed
 1e-07 1 1 0
1  234 0 0 0.056
0

0101000
-283 0 +381 0 *
Ed
 1e-07 1 1 0
1  235 0 0 0.056
0

0101000
+282 0 -288 0 *
Wi

0101100
-281 0 -280 0 +380 0 +287 0 -279 0 *
Fa
0  1e-07 111 0

0111000
+278 0 *
Ve
1e-07
0.328 -0.272 -0.02
0 0

0101101
*
Ve
1.50000000062063e-07
0.328 -0.272 0.229
0 0

0101101
*
Ed
 1e-07 1 1 0
1  236 0 0 0.249
0

0101000
+276 0 -275 0 *
Ed
 1.5e-07 1 1 0
1  237 0 0.0689543819864397 0.118603148335665
0

0101000
+362 0 -275 0 *
Ed
 1e-07 1 1 0
1  238 0 0 0.056
0

0101000
-276 0 +379 0 *
Wi

0101100
-274 0 +273 0 +361 0 +378 0 -272 0 *
Fa
0  1e-07 112 0

0101000
+271 0 *
Ed
 1e-07 1 1 0
1  239 0 0 0.056
0

0101000
-276 0 +283 0 *
Wi

0101100
-377 0 -272 0 +269 0 +280 0 *
Fa
0  1e-07 113 0

0111000
+268 0 *
Ve
1e-07
0.272 -0.272 0.27
0 0

0101101
*
Ed
 1e-07 1 1 0
1  240 0 0.028 0.056
0

0101000
+386 0 -266 0 *
Ed
 1e-07 1 1 0
1  241 0 0.249 0.29
0

0101000
+447 0 -266 0 *
Wi

0101100
-374 0 -265 0 +264 0 *
Fa
0  1e-07 114 0

0101000
+263 0 *
Ed
 1.5e-07 1 1 0
1  242 0 -0.119868421052631 -0.0628684210526315
0

0101000
+371 0 -356 0 *
Wi

0101100
+366 0 -354 0 +261 0 +370 0 *
Fa
0  1e-07 115 0

0101000
+260 0 *
Ve
1.50000000055511e-07
0.3 -0.272 0.27
0 0

0101101
*
Ed
 1.5e-07 1 1 0
1  243 0 -0.15246098859248 -0.102812222243255
0

0101000
+258 0 -447 0 *
Ed
 1e-07 1 1 0
1  244 0 0.056 0.228
0

0101000
+258 0 -371 0 *
Wi

0101100
+257 0 -256 0 +369 0 +360 0 *
Fa
0  1e-07 116 0

0101000
+255 0 *
Ve
1.50000000177722e-07
0.3 0.1 0.27
0 0

0101101
*
Ed
 1e-07 1 1 0
1  245 0 0.428 0.628
0

0101000
+498 0 -253 0 *
Ed
 1.5e-07 1 1 0
1  246 0 0.245614035087719 0.302614035087719
0

0101000
+351 0 -253 0 *
Wi

0101100
-252 0 +251 0 +350 0 +365 0 *
Fa
0  1e-07 117 0

0101000
+250 0 *
Ve
1.5e-07
0.328 -0.128 0.229
0 0

0101101
*
Ed
 1.5e-07 1 1 0
1  247 0 -0.133622807017544 -0.0766228070175441
0

0101000
+248 0 -440 0 *
Ed
 1e-07 1 1 0
1  248 0 0.056 0.2
0

0101000
+275 0 -248 0 *
Wi

0101100
+273 0 -359 0 +247 0 +246 0 *
Fa
0  1e-07 118 0

0101000
+245 0 *
Ed
 1e-07 1 1 0
1  249 0 0.256 0.4
0

0101000
+356 0 -351 0 *
Ed
 1e-07 1 1 0
1  250 0 0.228 0.428
0

0101000
+440 0 -349 0 *
Wi

0101100
+355 0 -243 0 +348 0 +242 0 *
Fa
0  1e-07 119 0

0101000
+241 0 *
Ve
1.50000000127192e-07
0.272 0.128 0.229
0 0

0101101
*
Ed
 1.5e-07 1 1 0
1  251 0 0.0137456140350876 0.0707456140350876
0

0101000
+239 0 -349 0 *
Ed
 1e-07 1 1 0
1  252 0 0.456 0.6
0

0101000
+296 0 -239 0 *
Wi

0101100
-347 0 +238 0 +237 0 +294 0 *
Fa
0  1e-07 120 0

0101000
+236 0 *
Ed
 1e-07 1 1 0
1  253 0 0 0.028
0

0101000
+344 0 -336 0 *
Wi

0101100
-343 0 -234 0 -335 0 *
Fa
0  1e-07 121 0

0101000
+233 0 *
Ve
1e-07
-0.272 0.328 0.27
0 0

0101101
*
Ed
 1e-07 1 1 0
1  254 0 0.028 0.056
0

0101000
+336 0 -231 0 *
Ed
 1e-07 1 1 0
1  255 0 0 0.056
0

0101000
+231 0 -317 0 *
Wi

0101100
+234 0 +230 0 +229 0 -314 0 +291 0 +342 0 *
Fa
0  1e-07 122 0

0111000
+228 0 *
Ed
 1e-07 1 1 0
1  256 0 0.228 0.428
0

0101000
+423 0 -331 0 *
Wi

0101100
+339 0 -226 0 +329 0 +302 0 *
Fa
0  1e-07 123 0

0101000
+225 0 *
Ed
 1.5e-07 1 1 0
1  257 0 0.0621969129762308 0.111845679325456
0

0101000
+326 0 -336 0 *
Ed
 1.5e-07 1 1 0
1  258 0 0.0766228070175441 0.133622807017544
0

0101000
+423 0 -307 0 *
Wi

0101100
+223 0 -305 0 +222 0 +334 0 *
Fa
0  1e-07 124 0

0101000
+221 0 *
Ed
 1.5e-07 1 1 0
1  259 0 -0.267245614035088 -0.210245614035088
0

0101000
+296 0 -498 0 *
Ed
 1.5e-07 1 1 0
1  260 0 -0.0707456140350876 -0.0137456140350876
0

0101000
+331 0 -298 0 *
Wi

0101100
+219 0 -295 0 +218 0 +330 0 *
Fa
0  1e-07 125 0

0101000
+217 0 *
Ed
 1e-07 1 1 0
1  261 0 0.249 0.29
0

0101000
+326 0 -231 0 *
Wi

0101100
-323 0 -310 0 -316 0 -229 0 -215 0 *
Fa
0  1e-07 126 0

0111000
+214 0 *
Ve
1e-07
-0.1 0.328 0.188
0 0

0101101
*
Ed
 1e-07 1 1 0
1  262 0 0 0.0496487663492256
0

0101000
+212 2 -307 2 *
Ed
 1e-07 1 1 0
1  263 0 0.628 0.656
0

0101000
+484 0 -212 0 *
Wi

0101100
+306 0 +211 1 +210 0 *
Fa
0  1e-07 127 0

0101000
+209 0 *
Ve
1.50000000083267e-07
-0.072 0.328 0.229
0 0

0101101
*
Ed
 1.5e-07 1 1 0
1  264 0 0.167 0.224
0

0101000
+484 0 -207 0 *
Ve
1.50000000083267e-07
0.072 0.328 0.229
0 0

0101101
*
Ed
 1.5e-07 1 1 0
1  265 0 -0.0845000000000001 -0.0275000000000002
0

0101000
+205 0 -394 0 *
Ed
 1e-07 1 1 0
1  266 0 0.256 0.4
0

0101000
+207 0 -205 0 *
Wi

0101100
+206 0 -301 0 +204 0 +203 0 *
Fa
0  1e-07 128 0

0101000
+202 0 *
Ve
1.50000000159444e-07
0.272 0.272 0.229
0 0

0101101
*
Ed
 1e-07 1 1 0
1  267 0 0.456 0.6
0

0101000
+298 0 -200 0 *
Ve
1.50000000055511e-07
0.272 0.3 0.188
0 0

0101101
*
Ed
 1.5e-07 1 1 0
1  268 0 -0.127636605417867 -0.0779878390686417
0

0101000
+200 0 -198 0 *
Ed
 1e-07 1 1 0
1  269 0 0.428 0.6
0

0101000
+394 0 -198 0 *
Wi

0101100
+297 0 -199 0 -197 0 +196 0 *
Fa
0  1e-07 129 0

0101000
+195 0 *
Ve
1e-07
0.328 -0.272 0.27
0 0

0101101
*
Ed
 1e-07 1 1 0
1  270 0 0 0.056
0

0101000
+282 0 -193 0 *
Ed
 1e-07 1 1 0
1  271 0 0.028 0.056
0

0101000
+258 0 -193 0 *
Ed
 1e-07 1 1 0
1  272 0 0 0.028
0

0101000
+266 0 -258 0 *
Wi

0101100
-286 0 -279 0 +192 0 -191 0 -190 0 -265 0 *
Fa
0  1e-07 130 0

0111000
+189 0 *
Ed
 1e-07 1 1 0
1  273 0 0.249 0.29
0

0101000
+275 0 -193 0 *
Wi

0101100
-281 0 +269 0 +274 0 +187 0 -192 0 *
Fa
0  1e-07 131 0

0111000
+186 0 *
Wi

0101100
+257 0 +190 0 +264 0 *
Fa
0  1e-07 132 0

0101000
+184 0 *
Ed
 1e-07 1 1 0
1  274 0 0.228 0.428
0

0101000
+371 0 -253 0 *
Wi

0101100
+261 0 -182 0 +251 0 +243 0 *
Fa
0  1e-07 133 0

0101000
+181 0 *
Ed
 1.5e-07 1 1 0
1  275 0 0.0621969129762308 0.111845679325456
0

0101000
+275 0 -258 0 *
Ed
 1.5e-07 1 1 0
1  276 0 0.0766228070175441 0.133622807017544
0

0101000
+371 0 -248 0 *
Wi

0101100
+179 0 -246 0 +178 0 +256 0 *
Fa
0  1e-07 134 0

0101000
+177 0 *
Ed
 1.5e-07 1 1 0
1  277 0 -0.0707456140350876 -0.0137456140350876
0

0101000
+253 0 -239 0 *
Wi

0101100
+219 0 -237 0 +175 0 +252 0 *
Fa
0  1e-07 135 0

0101000
+174 0 *
Ve
1e-07
0.328 -0.1 0.188
0 0

0101101
*
Ed
 1e-07 1 1 0
1  278 0 0 0.0496487663492256
0

0101000
+172 4 -248 4 *
Ed
 1e-07 1 1 0
1  279 0 0.628 0.656
0

0101000
+440 0 -172 0 *
Wi

0101100
+247 0 +171 3 +170 0 *
Fa
0  1e-07 136 0

0101000
+169 0 *
Ve
1.50000000083267e-07
0.328 -0.072 0.229
0 0

0101101
*
Ed
 1.5e-07 1 1 0
1  280 0 0.167 0.224
0

0101000
+440 0 -167 0 *
Ve
1.50000000083267e-07
0.328 0.072 0.229
0 0

0101101
*
Ed
 1.5e-07 1 1 0
1  281 0 -0.0845000000000001 -0.0275000000000002
0

0101000
+165 0 -349 0 *
Ed
 1e-07 1 1 0
1  282 0 0.256 0.4
0

0101000
+167 0 -165 0 *
Wi

0101100
+166 0 -242 0 +164 0 +163 0 *
Fa
0  1e-07 137 0

0101000
+162 0 *
Ed
 1e-07 1 1 0
1  283 0 0.456 0.6
0

0101000
+239 0 -200 0 *
Ve
1.50000000055511e-07
0.3 0.272 0.188
0 0

0101101
*
Ed
 1.5e-07 1 1 0
1  284 0 -0.127636605417867 -0.0779878390686417
0

0101000
+200 0 -159 0 *
Ed
 1e-07 1 1 0
1  285 0 0.428 0.6
0

0101000
+349 0 -159 0 *
Wi

0101100
+238 0 -160 0 -158 0 +157 0 *
Fa
0  1e-07 138 0

0101000
+156 0 *
Ed
 1.5e-07 1 1 0
1  286 0 -0.267245614035088 -0.210245614035088
0

0101000
+207 0 -423 0 *
Ed
 1.5e-07 1 1 0
1  287 0 0.0275000000000003 0.0845000000000001
0

0101000
+331 0 -205 0 *
Wi

0101100
+154 0 -203 0 +153 0 +226 0 *
Fa
0  1e-07 139 0

0101000
+152 0 *
Wi

0101100
-223 0 -230 0 +215 0 *
Fa
0  1e-07 140 0

0101000
+150 0 *
Ve
1e-07
-0.1 0.328 0.27
0 0

0101101
*
Ed
 1e-07 1 1 0
1  288 0 0.628 0.656
0

0101000
+423 0 -148 0 *
Ed
 1e-07 1 1 0
1  289 0 0 0.0496487663492256
0

0101000
+307 2 -148 2 *
Wi

0101100
-147 0 +146 1 +222 0 *
Fa
0  1e-07 141 0

0101000
+145 0 *
Ve
1.50000000124127e-07
0.272 0.3 0.27
0 0

0101101
*
Ed
 1e-07 1 1 0
1  290 0 0.428 0.6
0

0101000
+331 0 -143 0 *
Ed
 1.5e-07 1 1 0
1  291 0 -0.15246098859248 -0.102812222243255
0

0101000
+143 0 -200 0 *
Wi

0101100
-142 0 -141 0 +199 0 +218 0 *
Fa
0  1e-07 142 0

0101000
+140 0 *
Ed
 1e-07 1 1 0
1  292 0 0 0.0496487663492256
0

0101000
+148 2 -207 2 *
Ed
 1e-07 1 1 0
1  293 0 0 0.0496487663492256
0

0101000
+207 2 -212 2 *
Wi

0101100
+211 1 +146 1 +138 1 +137 1 *
Fa
0  1e-07 143 0

0101000
+136 0 *
Wi

0101100
-210 0 +137 1 +206 0 *
Fa
0  1e-07 144 0

0101000
+134 0 *
Ve
1e-07
0.1 0.328 0.188
0 0

0101101
*
Ed
 1e-07 1 1 0
1  294 0 0 0.0496487663492256
0

0101000
+132 6 -205 6 *
Ed
 1e-07 1 1 0
1  295 0 0.628 0.656
0

0101000
+394 0 -132 0 *
Wi

0101100
+204 0 +131 5 +130 0 *
Fa
0  1e-07 145 0

0101000
+129 0 *
Ve
1e-07
0.272 0.272 -0.02
0 0

0101101
*
Ed
 1e-07 1 1 0
1  296 0 0 0.249
0

0101000
+127 0 -200 0 *
Ve
1.50000000230555e-07
0.272 0.328 0.229
0 0

0101101
*
Ed
 1.5e-07 1 1 0
1  297 0 0.0689543819864397 0.118603148335665
0

0101000
+198 0 -125 0 *
Ve
1e-07
0.272 0.328 -0.02
0 0

0101101
*
Ed
 1e-07 1 1 0
1  298 0 0 0.249
0

0101000
+123 0 -125 0 *
Ed
 1e-07 1 1 0
1  299 0 0 0.056
0

0101000
-123 0 +127 0 *
Wi

0101100
-126 0 -197 0 -124 0 +122 0 +121 0 *
Fa
0  1e-07 146 0

0101000
+120 0 *
Ve
1.50000000083267e-07
0.128 0.328 0.229
0 0

0101101
*
Ed
 1e-07 1 1 0
1  300 0 0.456 0.6
0

0101000
+118 0 -125 0 *
Ed
 1.5e-07 1 1 0
1  301 0 0.216122807017544 0.273122807017544
0

0101000
+394 0 -118 0 *
Wi

0101100
-196 0 -124 0 +117 0 +116 0 *
Fa
0  1e-07 147 0

0101000
+115 0 *
Ed
 1.5e-07 1 1 0
1  302 0 -0.267245614035088 -0.210245614035088
0

0101000
+167 0 -371 0 *
Ed
 1.5e-07 1 1 0
1  303 0 0.0275000000000003 0.0845000000000001
0

0101000
+253 0 -165 0 *
Wi

0101100
+113 0 -163 0 +112 0 +182 0 *
Fa
0  1e-07 148 0

0101000
+111 0 *
Wi

0101100
-187 0 +191 0 +179 0 *
Fa
0  1e-07 149 0

0101000
+109 0 *
Ve
1e-07
0.328 -0.1 0.27
0 0

0101101
*
Ed
 1e-07 1 1 0
1  304 0 0.628 0.656
0

0101000
+371 0 -107 0 *
Ed
 1e-07 1 1 0
1  305 0 0 0.0496487663492256
0

0101000
+248 4 -107 4 *
Wi

0101100
-106 0 +105 3 +178 0 *
Fa
0  1e-07 150 0

0101000
+104 0 *
Ve
1.50000000124127e-07
0.3 0.272 0.27
0 0

0101101
*
Ed
 1e-07 1 1 0
1  306 0 0.428 0.6
0

0101000
+253 0 -102 0 *
Ed
 1.5e-07 1 1 0
1  307 0 -0.15246098859248 -0.102812222243255
0

0101000
+102 0 -200 0 *
Wi

0101100
-101 0 -100 0 +160 0 +175 0 *
Fa
0  1e-07 151 0

0101000
+99 0 *
Ed
 1e-07 1 1 0
1  308 0 0 0.0496487663492256
0

0101000
+107 4 -167 4 *
Ed
 1e-07 1 1 0
1  309 0 0 0.0496487663492256
0

0101000
+167 4 -172 4 *
Wi

0101100
+171 3 +105 3 +97 3 +96 3 *
Fa
0  1e-07 152 0

0101000
+95 0 *
Wi

0101100
-170 0 +96 3 +166 0 *
Fa
0  1e-07 153 0

0101000
+93 0 *
Ve
1e-07
0.328 0.1 0.188
0 0

0101101
*
Ed
 1e-07 1 1 0
1  310 0 0 0.0496487663492256
0

0101000
+91 8 -165 8 *
Ed
 1e-07 1 1 0
1  311 0 0.628 0.656
0

0101000
+349 0 -91 0 *
Wi

0101100
+164 0 +90 7 +89 0 *
Fa
0  1e-07 154 0

0101000
+88 0 *
Ve
1e-07
0.328 0.272 -0.02
0 0

0101101
*
Ve
1.50000000230555e-07
0.328 0.272 0.229
0 0

0101101
*
Ed
 1e-07 1 1 0
1  312 0 0 0.249
0

0101000
+86 0 -85 0 *
Ed
 1.5e-07 1 1 0
1  313 0 0.0689543819864397 0.118603148335665
0

0101000
+159 0 -85 0 *
Ed
 1e-07 1 1 0
1  314 0 0 0.056
0

0101000
-86 0 +127 0 *
Wi

0101100
-84 0 +83 0 +158 0 +126 0 -82 0 *
Fa
0  1e-07 155 0

0101000
+81 0 *
Ve
1.50000000083267e-07
0.328 0.128 0.229
0 0

0101101
*
Ed
 1e-07 1 1 0
1  315 0 0.456 0.6
0

0101000
+79 0 -85 0 *
Ed
 1.5e-07 1 1 0
1  316 0 0.216122807017544 0.273122807017544
0

0101000
+349 0 -79 0 *
Wi

0101100
-157 0 -83 0 +78 0 +77 0 *
Fa
0  1e-07 156 0

0101000
+76 0 *
Wi

0101100
+154 0 +138 1 +147 0 *
Fa
0  1e-07 157 0

0101000
+74 0 *
Ve
1e-07
0.1 0.328 0.27
0 0

0101101
*
Ed
 1e-07 1 1 0
1  317 0 0.628 0.656
0

0101000
+331 0 -72 0 *
Ed
 1e-07 1 1 0
1  318 0 0 0.0496487663492256
0

0101000
+205 6 -72 6 *
Wi

0101100
-71 0 +70 5 +153 0 *
Fa
0  1e-07 158 0

0101000
+69 0 *
Ed
 1.5e-07 1 1 0
1  319 0 -0.316368421052632 -0.259368421052632
0

0101000
+118 0 -331 0 *
Ed
 1.5e-07 1 1 0
1  320 0 0.0621969129762308 0.111845679325456
0

0101000
+125 0 -143 0 *
Wi

0101100
+67 0 -117 0 -66 0 +142 0 *
Fa
0  1e-07 159 0

0101000
+65 0 *
Ve
1e-07
0.272 0.272 0.27
0 0

0101101
*
Ed
 1e-07 1 1 0
1  321 0 0.249 0.29
0

0101000
+200 0 -63 0 *
Ed
 1e-07 1 1 0
1  322 0 0 0.028
0

0101000
+63 0 -143 0 *
Wi

0101100
-62 0 -61 0 -141 0 *
Fa
0  1e-07 160 0

0101000
+60 0 *
Ed
 1e-07 1 1 0
1  323 0 0 0.0496487663492256
0

0101000
+72 6 -118 6 *
Ed
 1e-07 1 1 0
1  324 0 0 0.0496487663492256
0

0101000
+118 6 -132 6 *
Wi

0101100
+131 5 +70 5 +58 5 +57 5 *
Fa
0  1e-07 161 0

0101000
+56 0 *
Wi

0101100
-130 0 +57 5 +116 0 *
Fa
0  1e-07 162 0

0101000
+54 0 *
Ve
1e-07
0.328 0.328 -0.02
0 0

0101101
*
Ed
 1e-07 1 1 0
1  325 0 0 0.056
0

0101000
-52 0 +123 0 *
Ve
1e-07
0.272 0.328 0.27
0 0

0101101
*
Ed
 1e-07 1 1 0
1  326 0 0.249 0.29
0

0101000
+125 0 -50 0 *
Ve
1e-07
0.328 0.328 0.27
0 0

0101101
*
Ed
 1e-07 1 1 0
1  327 0 0 0.056
0

0101000
+50 0 -48 0 *
Ed
 1e-07 1 1 0
1  328 0 0 0.29
0

0101000
+48 0 -52 0 *
Wi

0101100
-51 0 +122 0 +49 0 +47 0 +46 0 *
Fa
0  1e-07 163 0

0111000
+45 0 *
Ed
 1e-07 1 1 0
1  329 0 0 0.056
0

0101000
-52 0 +86 0 *
Wi

0101100
-121 0 -51 0 +43 0 +82 0 *
Fa
0  1e-07 164 0

0111000
+42 0 *
Wi

0101100
+113 0 +97 3 +106 0 *
Fa
0  1e-07 165 0

0101000
+40 0 *
Ve
1e-07
0.328 0.1 0.27
0 0

0101101
*
Ed
 1e-07 1 1 0
1  330 0 0.628 0.656
0

0101000
+253 0 -38 0 *
Ed
 1e-07 1 1 0
1  331 0 0 0.0496487663492256
0

0101000
+165 8 -38 8 *
Wi

0101100
-37 0 +36 7 +112 0 *
Fa
0  1e-07 166 0

0101000
+35 0 *
Ed
 1.5e-07 1 1 0
1  332 0 -0.316368421052632 -0.259368421052632
0

0101000
+79 0 -253 0 *
Ed
 1.5e-07 1 1 0
1  333 0 0.0621969129762308 0.111845679325456
0

0101000
+85 0 -102 0 *
Wi

0101100
+33 0 -78 0 -32 0 +101 0 *
Fa
0  1e-07 167 0

0101000
+31 0 *
Ed
 1e-07 1 1 0
1  334 0 0 0.028
0

0101000
+63 0 -102 0 *
Wi

0101100
+100 0 +29 0 +62 0 *
Fa
0  1e-07 168 0

0101000
+28 0 *
Ed
 1e-07 1 1 0
1  335 0 0 0.0496487663492256
0

0101000
+38 8 -79 8 *
Ed
 1e-07 1 1 0
1  336 0 0 0.0496487663492256
0

0101000
+79 8 -91 8 *
Wi

0101100
+90 7 +36 7 +26 7 +25 7 *
Fa
0  1e-07 169 0

0101000
+24 0 *
Wi

0101100
-89 0 +25 7 +77 0 *
Fa
0  1e-07 170 0

0101000
+22 0 *
Ve
1e-07
0.328 0.272 0.27
0 0

0101101
*
Ed
 1e-07 1 1 0
1  337 0 0 0.056
0

0101000
+48 0 -20 0 *
Ed
 1e-07 1 1 0
1  338 0 0.249 0.29
0

0101000
+85 0 -20 0 *
Wi

0101100
-84 0 +43 0 -46 0 +19 0 -18 0 *
Fa
0  1e-07 171 0

0111000
+17 0 *
Wi

0101100
+67 0 +58 5 +71 0 *
Fa
0  1e-07 172 0

0101000
+15 0 *
Ed
 1e-07 1 1 0
1  339 0 0.028 0.056
0

0101000
+143 0 -50 0 *
Wi

0101100
-66 0 -13 0 +49 0 *
Fa
0  1e-07 173 0

0101000
+12 0 *
Ed
 1e-07 1 1 0
1  340 0 0.028 0.056
0

0101000
+102 0 -20 0 *
Wi

0101100
-61 0 +29 0 +10 0 -19 0 -47 0 -13 0 *
Fa
0  1e-07 174 0

0111000
+9 0 *
Wi

0101100
+33 0 +26 7 +37 0 *
Fa
0  1e-07 175 0

0101000
+7 0 *
Wi

0101100
-18 0 +10 0 +32 0 *
Fa
0  1e-07 176 0

0101000
+5 0 *
Sh

0101100
-832 0 -823 0 +814 0 -811 0 +806 0 -799 0 -794 0 +787 0 +782 0 +775 0 
-768 0 -764 0 +759 0 +752 0 -747 0 -743 0 +739 0 +732 0 +730 0 +725 0 
+718 0 +715 0 +710 0 +705 0 +702 0 +700 0 -695 0 -690 0 -687 0 -684 0 
-677 0 +675 0 +671 0 -664 0 -657 0 +654 0 -649 0 -646 0 +639 0 -635 0 
+630 0 +623 0 -618 0 -613 0 +609 0 -602 0 -599 0 +594 0 +589 0 -584 0 
+581 0 +576 0 -572 0 +567 0 +564 0 -560 0 +553 0 +546 0 +541 0 +536 0 
+533 0 -528 0 -523 0 -520 0 -517 0 +514 0 -507 0 -503 0 +499 0 +494 0 
-487 0 -480 0 +473 0 +470 0 -465 0 -462 0 +455 0 -451 0 -448 0 +443 0 
+436 0 -429 0 -424 0 -419 0 +415 0 -408 0 +402 0 -397 0 -390 0 -387 0 
+382 0 -375 0 +372 0 +367 0 -363 0 -357 0 +352 0 +345 0 -340 0 -337 0 
+332 0 -327 0 +320 0 -311 0 -308 0 +303 0 +299 0 -292 0 -289 0 -284 0 
-277 0 +270 0 -267 0 -262 0 +259 0 -254 0 +249 0 -244 0 -240 0 +235 0 
+232 0 +227 0 +224 0 +220 0 -216 0 +213 0 -208 0 +201 0 +194 0 +188 0 
+185 0 +183 0 -180 0 -176 0 +173 0 +168 0 -161 0 -155 0 +151 0 +149 0 
-144 0 +139 0 +135 0 -133 0 -128 0 -119 0 +114 0 -110 0 +108 0 +103 0 
-98 0 -94 0 +92 0 +87 0 -80 0 -75 0 -73 0 -68 0 +64 0 -59 0 
+55 0 -53 0 +44 0 -41 0 +39 0 +34 0 -30 0 -27 0 -23 0 +21 0 
+16 0 -14 0 -11 0 +8 0 +6 0 -4 0 *
So

0100000
+3 0 *
Co

1100000
+2 0 *

+1 0 